:020000040800F2
:10000000C8980424A1040008313E0108F12E01081B
:10001000293E0108C93A0008E9A5010800000000CE
:10002000000000000000000000000000614B01081B
:10003000494700080000000071420108C14B010857
:10004000BB040008BB040008BB040008BB04000894
:10005000BB040008BB040008BB040008BB04000884
:10006000BB040008BB040008BB040008193C0008DE
:10007000293C0008393C0008493C0008593C00086C
:10008000693C0008793C0008BB0400087947000877
:1000900089470008BB040008BB040008BB04000833
:1000A000BB040008BB040008BB040008BB04000834
:1000B000BB040008BB040008194E0108BB0400087B
:1000C000BB040008BB040008BB040008BB04000814
:1000D00059490108696A0108BB040008BB0400080B
:1000E00051470008BB04000800000000BB040008E2
:1000F000BB040008BB040008BB040008893C0008DE
:10010000BB040008BB040008BB040008BB040008D3
:10011000BB040008E1560108BB040008BB0400084A
:10012000993C0008A93C0008B93C0008BB04000841
:10013000BB040008BB040008BB040008BB040008A3
:1001400000000000000000000000000000000000AF
:10015000BB040008BB040008BB040008BB04000883
:10016000BB040008BB040008B93E0108A93E010811
:10017000BB040008C93E0108BB04000800000000E1
:10018000BB040008BB040008F1560108BB040008CA
:10019000BB040008BB04000869490108BB0400084F
:1001A000BB040008BB040008BB04000800000000FA
:1001B000BB040008BB040008BB040008BB04000823
:1001C000BB040008BB0400080000000000000000A1
:1001D0000000000000000000BB0400080000000058
:1001E000000000000000000000000000000000000F
:1001F0000000000000000000BB040008BB04000871
:10020000BB040008BB04000800000000BB04000899
:10021000BB040008BB040008BB040008BB040008C2
:10022000BB04000800000000BB0400080000000040
:10023000BB040008BB04000800000000BB04000869
:10024000BB040008BB040008BB040008BB04000892
:10025000BB040008BB040008BB040008BB04000882
:10026000BB040008BB040008BB040008BB04000872
:10027000BB040008BB040008BB0400080000000029
:10028000BB040008BB040008BB040008BB04000852
:1002900000000000BB040008BB04000800000000D0
:1002A00000000000BB040008BB040008BB040008F9
:1002B000596A0108BB040008BB04000899470008FC
:1002C000BB040008BB040008BB04000800F002F8EF
:1002D00000F0D7F814A696E8000CB244B344DA450F
:1002E00001D100F0CEF8BAE80F000FA696E8300072
:1002F000A5EB040504EB0607AAEB0704A7F1010729
:100300004FEA15154FEA3414A4F10104AC4201D3AD
:1003100000F0B7F813F0010F18BFFB1A43F0010308
:1003200000F001F8DBE718474C5D04007C5D040039
:100330000A444FF0000C10F8013B13F0070408BF0B
:1003400010F8014B1D1108BF10F8015B641E05D0A9
:1003500010F8016B641E01F8016BF9D113F0080F5E
:100360001EBF10F8014BAD1C0C1B09D16D1E58BFF0
:1003700001F801CBFAD505E014F8016B01F8016B27
:100380006D1EF9D59142D6D370470000704700002A
:100390000023002400250026103A28BF78C1FBD88E
:1003A000520728BF30C148BF0B6070476E2900F06C
:1003B0008384702900F0C785662904F016A5652995
:1003C00004F013A5672904F010A5612904F00FA516
:1003D00003681B0A28BF41F08001692900F03084BE
:1003E000642900F02D84752900F02A846F2900F01B
:1003F0005585782900F09385E92900F0EF84E429F8
:1004000000F0EC84F52900F0E984EF2900F0528532
:10041000F82900F092850368DB0928BF41F08001CC
:10042000632901F08586732901F08A86E32901F0AA
:10043000A786F32901F0AC86002070471FB544F071
:1004400094FC9DE8030001F001FA02F04BFC04006B
:100450000020002144F01EFC401C606000200021B0
:1004600044F002FCE06002F0FDFB02F0E9FA00F06B
:10047000B1FA1FBD10B5002002F0C2FB02F049FB2B
:1004800010BD02F001FC1146FFF7D8FF40F05CF808
:1004900002F0D2FD03B4FFF7EDFF03BC3FF07CF99F
:1004A0000948804709480047FEE7FEE7FEE7FEE708
:1004B000FEE7FEE7FEE7FEE7FEE7FEE70448054944
:1004C000054A064B70470000D94C0108CD020008D0
:1004D000C8580024C8980424C8580424C8580424C0
:1004E000704753EA020C00F069802DE9F04B4FF0A1
:1004F0000006002B1FBFB3FA83F503FA05F424FAB4
:1005000005F65E4012BF1643B2FA82F502FA05F410
:10051000C5F120051EBF22FA05FC44EA0C04203573
:1005200056EA044C4FEA144418BF641C4FF000080C
:100530004FF00009904271EB030C39D3002919BF29
:10054000B1FA81F701FA07F6B0FA80F700FA07F678
:10055000C7F120071EBF20FA07FC46EA0C06203729
:10056000B6FBF4FCA7EB0507103F07F01F0BCBF120
:1005700020062CFA06F60CFA0BFB44BFB346002605
:10058000202FA4BF5E464FF0000B5BEA060C08BFAD
:100590004FF0010B19EB0B0948EB0608ABFB027C93
:1005A00006FB02CC0BFB03CCC01B71EB0C01C1E7BB
:1005B0000B46024641464846BDE8F08B13B508435A
:1005C00018BF4FF0FF300146AFF30080BDE81C407C
:1005D000704700000FB41CB50C0007AA009007D0AC
:1005E0004142A14202D32044401E01E04FF0FF30BF
:1005F000074B7B4469460190069800F076FB00218A
:10060000002C01D0009A11701CBC5DF814FB000096
:100610001B0700007CB51D4616460C00009007D055
:100620004142A14202D32044401E01E04FF0FF307E
:10063000064B7B442A4669460190304600F055FB44
:10064000002C02D0009A002111707CBDDB06000056
:100650000FB400B58DB010A9099000910B904FF028
:10066000FF300A9000200C90064878440690064817
:1006700078446A4607900F9909A800F0FBFE0DB078
:100680005DF814FB270E00003F0E00000B460146EC
:10069000184601F091B830B505460B462A4613F8C6
:1006A000014B12F8010B08B1A042F8D01CB1002890
:1006B00002D06D1CF1E7284630BD40EA0103024636
:1006C00030B59B0710D14FF0013400E008C208C9D3
:1006D0001D1B9D4315EAC41FF8D013F0FF0102F85B
:1006E000011B0DD01B0AF8E711F8013B002B02F8A3
:1006F000013B05D011F8013B002B02F8013BF3D17F
:1007000030BD10B5431C02E010F8011B71B1810728
:10071000FAD14FF0013202C88C1A8C4314EAC2118C
:10072000F9D0C01A0A0603D0C01E10BDC01A10BDF1
:100730000A0401D0801E10BD0902FCD0401E10BD6D
:10074000032A40F2308010F0030C00F0158011F8FD
:10075000013BBCF1020F624498BF11F801CB00F8D5
:10076000013B38BF11F8013BA2F1040298BF00F829
:1007700001CB38BF00F8013B11F0030300F06780A4
:10078000083AC0F0088051F8043B083A51F804CB0D
:10079000A0E80810F5E7121D5CBF51F8043B40F8D3
:1007A000043BAFF30080D20724BF11F8013B11F8DE
:1007B00001CB48BF11F8012B24BF00F8013B00F822
:1007C00001CB48BF00F8012B7047431A28BF9A425B
:1007D0007FF6B6AF10441144032A40F2268010F091
:1007E000030F1EBF11F8013D521E00F8013D10F02D
:1007F000030F7FF4F6AF11F0030300F06D80083AA9
:10080000C0F00B8051F8043D083A51F804CD40F88F
:10081000043D40F804CDFFF7F3BF121D5CBF51F853
:10082000043D40F8043DAFF30080D20724BF11F827
:10083000013D11F801CD48BF11F8012C24BF00F88B
:10084000013D00F801CD48BF00F8012C704710B5FC
:10085000203AC0F00B80B1E81850A0E81850B1E879
:100860001850A0E81850203ABFF4F5AF5FEA027CB8
:1008700024BFB1E81850A0E8185044BF18C918C0E8
:10088000BDE810405FEA827C24BF51F8043B40F889
:10089000043B08BF7047D20728BF31F8023B48BF6E
:1008A00011F8012B28BF20F8023B48BF00F8012BAC
:1008B0007047431A28BF9A427FF6C9AF10441144CB
:1008C00010F0030F1EBF11F8013D521E00F8013D4C
:1008D00010F0030F7FF4F6AF103AC0F00A8010B5A5
:1008E00031E9185020E91850103ABFF4F9AFBDE8CB
:1008F0001040530724BF31E9081020E9081044BF15
:1009000051F8043D40F8043D12F0030F08BF704752
:10091000D20728BF31F8023D48BF11F8012C28BF8B
:1009200020F8023D48BF00F8012C704702F0FF0399
:1009300043EA032242EA024200F024B84FF00002E8
:100940000429C0F0128010F0030C00F01B80CCF1E1
:10095000040CBCF1020F18BF00F8012BA8BF20F84F
:10096000022BA1EB0C0100F00DB85FEAC17C24BFA3
:1009700000F8012B00F8012B48BF00F8012B70474D
:100980004FF0000200B5134694469646203922BF28
:10099000A0E80C50A0E80C50B1F12001BFF4F7AF73
:1009A000090728BFA0E80C5048BF0CC05DF804EB55
:1009B000890028BF40F8042B08BF704748BF20F8C3
:1009C000022B11F0804F18BF00F8012B70477047C1
:1009D0007047704708487CB57844009007487844D1
:1009E000009C0546019004E02046016808448047C9
:1009F000241DAC42F8D17CBD0458040046580400C4
:100A0000704770B5064600F0FDFE056806F10B0064
:100A100020F00704B4429CBF002070BD2B466A68DA
:100A2000BAB11068A04210D304F1080188423CBF5B
:100A30005068586007D35168101941601168091B4C
:100A4000016058601460101D70BD13465268002A82
:100A5000E7D12146284600F0E5FE0028DED170BD32
:100A600070B50446051F00F0CDFE0068002C14BFD1
:100A7000446870BD002C18BFAC423CBF204664687F
:100A8000F8D301680A18AA4218BF456003D12A6842
:100A900005461144016028684119A1421CBF6C60E1
:100AA00070BD6168696021680844286070BD2DE9E7
:100AB000F04791460C46804600F0A4FE076860426D
:100AC00034EA000001D1042C02D20520BDE8F087F1
:100AD000601E40F0070609F10B0020F007054D45A8
:100AE00039D93B467A6882B31468101D404206EA41
:100AF000000C644525D9A4EB0C00854221D8BCF13B
:100B0000000F0BD0104601686244A1EB0C0111608C
:100B100041685160C0F800C058600346116805F193
:100B20000800814205D35019491B016015605860C7
:100B3000034652F8040F58600020C8F80020BDE8B2
:100B4000F08713465268002ACED12946384600F075
:100B500069FE0028C5D10620BDE8F08710B500F079
:100B600059FE006810BD10B5044600F053FE046045
:100B700010BD0B460146184601F0E6BA70B50446B2
:100B800085690068C10601D5302600E02026C0072F
:100B900007D070BDD4E9012130469047206A401C3F
:100BA00020626D1EF6D570BD70B50446856900786B
:100BB000C00707D170BDD4E9012120209047206AE9
:100BC000401C20626D1EF6D570BD09684A0501D52E
:100BD00040B27047C905FCD500B2704709684A05A4
:100BE00001D5C0B27047C905FCD580B2704770B559
:100BF0000C460546012A05D02878800600D5EA690A
:100C0000002302E0012305E05B1C934202D2E05C7A
:100C10000028F9D1A869E618C01AA861286A184402
:100C200028622846FFF7AAFF04E0D5E9012114F85D
:100C3000010B9047B442F8D32846FFF7B5FF70BDCB
:100C40002DE9F0410646002410687529314616A5A5
:100C500010D0FFF7BAFF002802DA404213A507E0E0
:100C600031688A0701D512A502E0490704D511A50C
:100C7000012401E0FFF7B2FF00210A2206F1240758
:100C800009E0B0FBF2FCB0FBF2F302FB1C003030D9
:100C900078541846491C0028F3D123462A4630468A
:100CA000BDE8F04100F055BE000000002D0000003E
:100CB0002B0000002000000011680268006A530544
:100CC00001D508700AE0D30501D5088006E01306B7
:100CD00003D5C217C1E9000200E008600120704797
:100CE00001694A1C02610878704700B58FB0CDE9F0
:100CF00001310021059105497944CDE903101146E0
:100D0000684600F02BF90FB000BD0000E5FFFFFFC3
:100D1000D1E900239A4202D2531C0B601070704735
:100D20002DE9FF5F15468A460446DFF8AC80F8449B
:100D30000027D8E900103E46CDE9001010E03AF84F
:100D400016106A4602A801F037FF411C07D021782F
:100D5000890603D5E269391891420DD80744761CFB
:100D60002078800602D5E069B84205DDAE42E6DBB8
:100D70003AF816000028E2D1A069C01BA061204605
:100D8000FFF7FCFED8E90010CDE90010002017E0C5
:100D90003AF818106A4602A801F00EFFB0F1FF3FC2
:100DA00081460BD000250DF1080B05E0D4E90121A7
:100DB0001BF8050090476D1C4D45F7D308F1010065
:100DC000B0428046E4DB206A384420622046FFF7C8
:100DD000EBFEBDE8FF9F0000464204002DE9F04114
:100DE0008046D21D22F007020025D2E90002F52933
:100DF00015A614D0011E72F1000106DA0023D0EB13
:100E0000030063EB020211A608E0D8F800108B077C
:100E100001D50FA602E0490701D50EA6012511460E
:100E2000002408F1240704E000F045FD30323A5573
:100E3000641C50EA0102F7D12B4632462146404657
:100E4000BDE8F04100F085BD000000002D0000006D
:100E50002B0000002000000030B4002100F1240429
:100E600008E002F00705D208303542EA4372DB0899
:100E70006554491C52EA0305F3D10468002310A20B
:100E8000250708D504F020040C4304D0C4690123CD
:100E90000CA2641EC46130BC00F05BBD10B50446FA
:100EA00021461068FFF79AFE02462046BDE8104032
:100EB0000023D1E7D21D22F00701D1E90023CBE7BF
:100EC0000000000030000000F0B40D460188090564
:100ED00002D5214C7C4402E01F4C7C440E3400219E
:100EE00000F1240608E002F00F071209E75D42EA6C
:100EF00003721B097754491C52EA0307F3D10278A5
:100F00000023120704D5702D06D009B10223113435
:100F10002246F0BC00F01DBD01231034F8E770B587
:100F200004460D4621461068FFF758FE0246294642
:100F30002046BDE870400023C6E7D21D22F007031B
:100F4000D3E90023C0E70368126843F0200303607D
:100F50000823C3610023B7E7A84004002DE9F05F30
:100F6000894604464FF0000ADFF874B1FB44C0F82C
:100F700020A02046E1688847002874D0252806D0A4
:100F8000D4E901219047206A401C2062F1E7002645
:100F90005F462046E16888472028054607DB312D5B
:100FA00005D2781910F8200C08B10643F1E7B00714
:100FB00001D526F00406C4F81CA00027C4F818A028
:100FC0002A2D09D0284643F0C0FD38B304EB87082A
:100FD000303DC8F8185019E059F8041B204604EBBE
:100FE00087029161E1688847012F054618D1E069C1
:100FF000002820DA26F020061DE0D8F8180000EBC3
:10100000800005EB40003038C8F818002046E16841
:101010008847054643F099FD0028EED1012F0AD0FC
:101020002E2D08D12046E16888477F1C0546022FF7
:1010300046F02006C4DBA069002803DA404246F0EF
:101040000106A061F00701D026F010066C2D0BD030
:10105000682D09D04C2D39D06A2D35D0742D35D05E
:101060007A2D33D016E038E0E1682F4620468847D5
:10107000B842054609D16C2F26D04FF48060E16854
:10108000064320468847054604E06C2F1AD04FF4EB
:10109000807006430DB3A5F14100192802D8203510
:1010A00046F400664A462946204626604E46FFF72B
:1010B0007DF980B101280BD0F61D26F0070000F164
:1010C000080956E74020E4E78020D8E70020D6E76B
:1010D00006F104094DE7284652E7206ABDE8F09F73
:1010E000384004002DE9FF4F1C4691464FF0FF3574
:1010F00081B000218A468846D4E90167A169029837
:101100006D1C8847216A834688470028F6D1BBF1C9
:10111000FF3F0CD0002F26F4C0661ADD700615D5EF
:10112000BBF12B0F0AD0BBF12D0F0FD104E04FF014
:10113000FF3005B0BDE8F08F46F48066A1690298E3
:101140006D1C88477F1E8346002F02DDBBF1300FE8
:1011500003D0B9F1000F2AD025E0A1696D1C0298D7
:101160007F1E46F400768847002F834605DDBBF1DD
:10117000780F06D0BBF1580F03D0B9F1000F10D093
:1011800011E0B9F1000F02D0B9F1100F0BD1A16934
:101190006D1C02987F1E26F4007688478346102037
:1011A00000E0082081464FEAE970009017E00A202D
:1011B000F8E74346AAFB0928DDF800C07F1E03FBC1
:1011C000098046F4007605F101050AFB0C0112EBDB
:1011D0000B0A029841EBEB78A16988478346002F00
:1011E00006DD4946584600F0D7FF5FEA000BE0D520
:1011F000E16902988847B00502D46FF0010098E7D2
:10120000F00718D1700610D55146700505D500239A
:10121000D1EB030163EB080200E042462068031DA6
:1012200023600068C0E9001205E02068011D21600C
:101230000068C0E900A828467BE72DE9FF5F1D464E
:101240004FF0FF3B91464FF000085F46D5E901465D
:10125000A96901987F1C8847296A82468847002827
:10126000F6D1BAF1FF3F0CD0002E24F4C06419DD92
:10127000600614D5BAF12B0F09D0BAF12D0F0ED19B
:1012800003E0584604B0BDE8F09F44F48064A969C7
:1012900001987F1C8847761E8246002E02DDBAF137
:1012A000300F03D0B9F1000F26D032E0A969761EC5
:1012B00001987F1C44F400748847002E824605DDA7
:1012C000BAF1780F06D0BAF1580F03D0B9F1000F78
:1012D00010D01EE0B9F1000F02D0B9F1100F18D1F3
:1012E000A969761E01987F1C24F400748847824601
:1012F000102002E0082000E00A20814609E0A969E8
:1013000008FB0908761E01987F1C44F40074884786
:101310008246002E05DD4946504600F03DFF00287C
:10132000EDDAE96901988847A00502D46FF0010061
:10133000A8E7E00725D1600613D5600502D5C8F1FE
:10134000000000E0404629680A1D2A60096822055D
:1013500001D5087015E0220701D5088011E008606A
:101360000FE02868011D29600068210502D580F87A
:10137000008006E0210702D5A0F8008001E0C0F857
:10138000008038467EE72DE9FF5F4FF00008994660
:10139000144646469169D2E901A7DDF838B00198B4
:1013A0008847054659EA0B0005D009E0A169019874
:1013B000761C88470546216A284688470028F5D1CB
:1013C000681C03D05FEACA7005D015E04FF0FF300B
:1013D00004B0BDE8F09F2068011D2160D0F80080B6
:1013E0000AE05FEACA7001D108F8015BA169761CC6
:1013F00001987F1E88470546002F1ADD681C18D00B
:10140000B9F1000F0DD0E81705EBD060421120F0C4
:101410001F0059F822102A1A012090400142E0D101
:1014200007E0BBF1000FDCD12846216A884700287D
:10143000D7D0E16901988847BBF1000F07D1002E92
:1014400005DD5FEACA7002D1002188F80010A068AB
:10145000B84203DDBBF1000F03D017B16FF00100FC
:10146000B6E73046B4E70000026811441378016023
:1014700018467047D160054979445161044979445F
:10148000116200211161114600F094BEEDFFFFFFD3
:10149000BF040000426842B1016811F8013B23B16A
:1014A000521EC0E90012184670470121C160881E13
:1014B000704742685AB1C368016843B983688B4278
:1014C00005D0491E521CC0E90012002070474FF0A1
:1014D000FF3070472DE9FF4F4FF000089A46144641
:1014E000C146464683B0D2E901B7CDF80080CDF8B9
:1014F0000480916904988847109905465AEA0100CA
:1015000005D009E0A1690498761C88470546216A40
:10151000284688470028F5D1681C03D05FEACB70C5
:1015200005D02AE04FF0FF3007B0BDE8F08F20680B
:10153000011D2160D0F800801FE002A86A46E9B2D0
:1015400001F01AFB411C07D0801C09D04FF00009A4
:101550005FEACB7007D00AE0E169049888473EE073
:101560004FF0010904E0BDF8081028F8021B7F1EA7
:10157000A1690498761C88470546002F1ADD681C6F
:1015800018D0BAF1000F0DD0E81705EBD06042116A
:1015900020F01F005AF822102A1A01209040014220
:1015A000CBD107E010980028C7D12846216A884788
:1015B0000028C2D0E16904988847B9F1000F0ED124
:1015C000109830B9002E04DD5FEACB7001D1A8F885
:1015D0000000A068B84202DD109818B117B16FF092
:1015E0000100A1E730469FE72DE9FF4F4FF00008CB
:1015F0009B461446454683B0D2E90196CDF800805B
:10160000CDF804809169DDF848A004988847074622
:101610005BEA0A0005D009E0A16904986D1C8847BF
:101620000746216A384688470028F5D1781C03D040
:101630005FEAC97005D01BE04FF0FF3007B0BDE88E
:10164000F08F2068011D2160D0F8008010E05FEA73
:10165000C97007D16A464046B9B201F0ADFA411CE3
:1016600031D08044A1696D1C0498761E88470746D6
:10167000002E14DD781C12D0BBF1000007D03B46D1
:10168000DDE9101201F0CCF90028E0D107E0BAF151
:10169000000FDCD13846216A88470028D7D0E1699D
:1016A00004988847BAF1000F06D1002D04DD5FEAE7
:1016B000C97001D188F80000A068B04203DDBAF11A
:1016C000000F03D016B16FF00100B7E72846B5E769
:1016D0002DE9FF5F9B46144600273D469169D2E9FC
:1016E0000196DDF840A00198884780465BEA0A0031
:1016F00005D009E0A16901986D1C88478046216AE0
:10170000404688470028F5D1B8F1FF3F03D05FEA93
:10171000C97005D014E04FF0FF3004B0BDE8F09F71
:101720002068011D216007680AE05FEAC97001D1E5
:1017300027F8028BA1696D1C0198761E88478046A8
:10174000002E15DDB8F1FF3F12D0BBF1000007D02D
:101750004346DDE90E1201F063F90028E5D107E008
:10176000BAF1000FE1D14046216A88470028DCD059
:10177000E16901988847BAF1000F05D1002D03DD1A
:101780005FEAC97000D13880A068B04203DDBAF1C9
:10179000000F03D016B16FF00100BEE72846BCE78A
:1017A00010B5002001F064FAFEF764FEBDE81040B9
:1017B00001203DF0F1BF00002DE9F041074615463C
:1017C0000E461020FFF71DF9040013D06760C4E92E
:1017D00002650948AFF3008000F018F80168216045
:1017E00006490460002008600348AFF30080002031
:1017F000BDE8F0810120FBE7140000241000002464
:101800000020704700487047CC0300240048704710
:10181000FC03002400487047C4030024704770474D
:101820007047704738B504460A4600206946AFF352
:101830000080002808BF38BD02460099204601F00C
:1018400055FA012038BD012001F023BCF8B5AFF3F3
:101850000080054600200C460C2000BF0646A81953
:10186000A0420DD9324669460020AFF30080070040
:1018700008BF01F00EFC0098A04218BF0546C4192D
:10188000FFF7C0FF05600746F01D20F0070046196E
:10189000284600F00AF8B44208BFF8BDA21B314642
:1018A0003868BDE8F84001F021BA002101604160CC
:1018B00070470C20704730B5B0F10A0271F1000397
:1018C0004FEA900E4EEA817EB0EB0E0061EB910183
:1018D0004FEA101E4EEA017E10EB0E0041EB111193
:1018E0004FEA102E4EEA016E10EB0E0041EB112173
:1018F0004FEA104E4EEA014E10EB0E0041EB114143
:10190000401841F100014FEAD00040EA41704FEA2F
:10191000D1014FEA810444EA907410EB800544EB56
:1019200001046D1944EB0404521BA3414FF0000362
:1019300048BF0A3200D530BD401C41F1000130BD26
:1019400010B5044601F0C6F90068005D00F0010022
:1019500010BD2DE9F0470D4699469246044600F128
:1019600024080168880604D5E06921F0100121608F
:1019700000E00120A84201DD471B00E00027A1692B
:101980007A1902EB0900081AA0612078C00602D477
:101990002046FFF7F3F8002608E0D4E901211AF801
:1019A00006009047206A401C761C20624E45F4DBFE
:1019B0002078C0060AD52046FFF7E0F806E0D4E913
:1019C000012130209047206A401C2062381EA7F178
:1019D0000107F4DC07E0D4E9012118F8050090477D
:1019E000206A401C2062281EA5F10105F3DC204678
:1019F000FFF7DAF82078000602D50220BDE8F0876C
:101A00000120FBE72DE9FF4F0C461E464FF0FF3744
:101A10008BB0D2E90001DDF860800A908A46C1F3FC
:101A20000A5505B93D46002108464FF00000BAF1BD
:101A3000000F00F4400005DA00EB80004FF4400195
:101A400001EA50004FEA9059B9F1010F00DDB946A3
:101A50000A9850EA4A000ED044F61050A5F2FF351D
:101A600045432F14B8F1000F1ED07542291E1EDD0C
:101A7000C9F100021CE0B8F1010F4FF0000001D0E5
:101A8000302103E0F24305E02154401CB042FBDB6F
:101A900030460022002121540B99C1F80880C1E989
:101AA00000200FB0BDE8F08FBD1B6D1CDEE74A467D
:101AB00000DA694206A801F087F906AB93E807004F
:101AC00003AB83E8070050460A9941F039FA8DE8E4
:101AD0000700A0F500501F3800900398002D0ADD84
:101AE00042F21F014A460844002303A903906846B6
:101AF00041F0E4FC09E0A0F500504A461F380023FD
:101B000003A90390684641F003FD8DE80700000437
:101B1000000C03D04FF0FF30410800E01046B8F150
:101B2000000F03D00022009215461EE0751E05D45A
:101B3000FFF7C1FE303262556D1EF9D5B346012262
:101B4000084302D000227F1C04E02078302801D115
:101B500000227F1E002A099784D01DE0112D07DA8C
:101B6000FFF7A9FE303262556D1C50EA0102F5D133
:101B7000084302D00098C8B10EE00021681E05E0BD
:101B8000235C625C63542254401E491C8142F7DB93
:101B9000AB46A81B401E0990002004F80B000B98D0
:101BA000099AC0F80880C0E9002B7AE711264FF0A7
:101BB000000857E72DE9F04F88460446D21D22F071
:101BC000070191B0D1E90001CDE90A0141F0FEFD24
:101BD00002460B98C00F01D02D2007E02068810736
:101BE00001D52B2002E0202101EAC000032A099040
:101BF00001D0072A05DB03464146204601F0A4F840
:101C00000BE12078800601D5E06900E00620B8F1FC
:101C1000650F814606D0B8F1660F18D0B8F1670F8E
:101C200070D131E00020B9F1110F009001DB1123D8
:101C300001E009F101030AAA01A90CA8FFF7E2FEDD
:101C4000DDE90C70002609F10105834647E001201B
:101C50004B4600904FF000470AAA01A90CA8FFF7D5
:101C6000D1FEDDE90DB00C995D46002610B909F1F1
:101C700001000D18B9EB050003D4C0F1FF3609F1DE
:101C80000105A5EB09002BE0B9F1010F01DA4FF0D6
:101C900001090020B9F1110F0090484601DD112320
:101CA00000E003460AAA01A90CA8FFF7ABFEDDE994
:101CB0000C704D4600268346207800070AD4AB45B9
:101CC00000DA5D4601A8012D04DD411911F8011C5F
:101CD000302907D04F4502DA17F1040F04DA01204A
:101CE00082460FE06D1EEEE7002F02DCED1B3E4446
:101CF00003E0781CA84200DD7D1CB81B00F1010A3E
:101D00004FF000472078000703D4AA4501DB4FF0CD
:101D1000FF3A0021B7F1004F0DF143088DF8431051
:101D200024D002202B23002F01DA7F422D230A2109
:101D3000021EA0F1010000DC5FB197FBF1FC97FBF4
:101D4000F1F201FB1C7C17460CF1300C08F801CDB8
:101D5000EEE7A8F1010003702188090501D54521AE
:101D600000E06521A0F1010800F8011C09980FA905
:101D7000A1EB0807FF1D00B10120411901EBEA703A
:101D8000A1693844081A401EA0612078C00602D418
:101D90002046FEF7F3FE099828B1D4E901219047C7
:101DA000206A401C20622078C00622D52046FEF71B
:101DB000E5FE1EE0002E04DBB34502DD01A8805DD8
:101DC00000E03020D4E901219047206A401C2062C5
:101DD000761CAAF101005FEA000A0AD100F082FF36
:101DE000C0680168405CD4E901219047206A401C2A
:101DF0002062281EA5F10105DCDC07E0D4E9012101
:101E000018F8010B9047206A401C2062381EA7F189
:101E10000107F3DC2046FEF7C7FE032011B041E6C0
:101E20002DE9F04F04460D46D21D22F0070089B07F
:101E3000D0E900974846394641F0C8FC0246F80F01
:101E400001D02D2307E02068810701D52B2302E074
:101E5000202101EAC0038DF820300BB1012000E001
:101E60000020032A824601D0072A04DB29462046A7
:101E700000F06AFF3FE12078800601D40D2500E0E4
:101E8000E569C7F30A560D2D49DA00214FEA175BC1
:101E900008464FF00000002F00F4400007DA00EB86
:101EA00080004FF4400100EBD07001EA6000811522
:101EB000012901DD4FF0FF3100224FEA850CBCF112
:101EC000180F06D31346ACF118004FF08052C240F1
:101ED00003E04FF4801323FA0CF30CF10C0CBCF16B
:101EE000200F04D3ACF1200C09FA0CF001E007FA42
:101EF0000CF000294FF0004801DD18B90FE00ED1B9
:101F000040450CD319EB02095F4121B9404502D18C
:101F10009F4329EA0209BBEB175F00D0761C20889B
:101F2000000502D57B48784402E07A4878441938A5
:101F300008AA302302F80A30037C0AF10101002EBE
:101F40000AF1020A53546A4602DC4FF0300101E004
:101F50004FF031014FF001088DF8001002D0A6F2C9
:101F6000FF3603E059EA470100D06B4E002D02DC3A
:101F70002178090704D54FF002082E218DF80110B1
:101F8000C44600210BE0C7F303433F01C35C491C77
:101F90006D1E02F80830052908F1010801DA002D4C
:101FA000F1DC00210CE000EB1973491C1B786D1E5D
:101FB000082902F808304FEA091908F1010801DA86
:101FC000002DF0DC21688B0602D516E0A8F101088F
:101FD000E04505DD02EB080313F8013C302BF5D09A
:101FE000B8F1000F09DD02EB080313F8013C2E2BBA
:101FF00003D1090701D4A8F10108002D05DD3E2118
:1020000002F808106D1E08F10108407C002E02F84D
:10201000080008F1010804DA2D20764202F80800D1
:1020200002E02B2002F808000A214FF47A70864261
:1020300008F101080BDB96FBF0F3303302F80830AF
:1020400096FBF0F308F1010800FB136601E0642E33
:102050000CDB642096FBF0F3303302F8083096FB7B
:10206000F0F308F1010800FB136601E00A2E06DB1D
:1020700096FBF1F0303002F8080008F1010896FBF9
:10208000F1F001FB1060303002F80800A16908F19E
:10209000010808EB050202EB0A00081AA06120788B
:1020A000C00602D42046FEF769FD216A08AE01EBA6
:1020B0000A00206204E0D4E9012116F8010B9047E0
:1020C000BAF1010AF7D22078C00602D52046FEF701
:1020D00055FD6E4609E016F8010B3E280FD0D4E9F5
:1020E00001219047206A401C2062B8F10108F2D219
:1020F0002046FEF759FD09B00320BDE8F08F206AA5
:102100002844206203E0D4E90121302090476D1E6D
:10211000EBD3F8E7D130040002FCFFFF10B54369B0
:1021200013B1AFF3008001E0FEF761FD012010BDA7
:10213000127800F124010A7000224A700122EDE7B2
:1021400011684FF0FF32E9E7074B70B50D467B444D
:10215000FEF7CBFD0446284600F0A8FE10B14FF074
:10216000FF3070BD204670BDAFE3030010B543697A
:1021700013B1AFF3008001E0FEF7D2FD012010BDE6
:10218000128800F1240182840022C2840122EDE73A
:1021900011684FF0FF32E9E73A2800D2303820F0DA
:1021A0002002412A01D3A2F13700884201D34FF027
:1021B000FF3070472DE9F34F4FF0000A0C465646AA
:1021C0008DB001200C9001F10C000B9062690B980E
:1021D00001219047051E2DD0252D2CD0216A88473E
:1021E000C0B162690B9801219047216A8847002895
:1021F000F7D16269411E0B98904700E0761CA169F7
:102200000D988847216A88470028F7D1E1690D9821
:102210008847DBE7A1690D988847A842074601D1A6
:10222000761CD3E7E1690D9888477F1C02D1BAF18B
:10223000000F6FD06BE162690B9800273D4639466D
:1022400090472A2804D162690B9801219047012503
:10225000DFF8D08262690B9801219047A0F130012C
:102260000A290AD24745E5DC07EB870100EB410765
:10227000303FDFD445F01005ECE7E90601D46FF0FC
:1022800000476C280AD04C2814D0682815D06A283A
:102290000DD074281CD07A281AD01DE062690B98E2
:1022A000012190476C2802D045F0040514E045F068
:1022B00002050DE045F020050AE062690B98012156
:1022C0009047682802D045F0080505E045F4006510
:1022D00062690B9801219047C4E9015765283DD0F8
:1022E00019DC58287AD00CDC452837D004DC2528A6
:1022F00026D041289ED131E046282FD0472899D1B9
:102300002CE05B2877D0612828D063287CD0642813
:1023100023D15AE0F6E06F2848D008DC66281DD0AB
:1023200067281BD0692821D06E2816D127E0702895
:1023300045D0732868D0752847D078280DD14DE056
:10234000A1690D988847252805463FF469AFE169E2
:102350000D9888476D1C3FF46AAFD8E00D9923466D
:102360006A466FF0010042F0A4FDC5E045F0400070
:1023700023464FF000026060A80736D43EE0E8072D
:102380007FF447AF2068011D21600068290501D551
:1023900006701BE7290701D5068017E7A90703D5B3
:1023A000F117C0E9006111E706600FE745F0400052
:1023B00023464FF008026060A80716D41EE040F6DE
:1023C0000E0125EA0100606016E045F0400023465A
:1023D0004FF00A026060A80707D40FE045F0400004
:1023E0006060A80708D5234610220D996FF0010000
:1023F000FEF778FE80E007E0102223460D996FF08B
:102400000100FEF71AFF77E04FF0000963284F46FE
:10241000C8464B46CB4602D05B2806D038E0E806DB
:1024200001D40120A060012732E06269D4F80CB029
:102430000B98012190475E2807D14FF001094946CA
:102440006269D4F80CB00B989047216939B9002122
:102450000A4603AB43F82120491C0829FADBD8B30C
:10246000216949B308F1010862690B98012190477D
:102470005D28F4D1B9F1000F09D0002003A951F86B
:102480002020D24341F82020401C0828F7DB03AB72
:102490002069002820794FEA40701ED05B46224612
:1024A000CDF80080CDE901970D9900286FF001006B
:1024B00020DAFFF70DF91FE0C11703AA00EBD16185
:1024C0004B1121F01F0102EB8302411A1368012016
:1024D000884003431360C7E719E00D99224600289E
:1024E0006FF00100009702DAFEF7F4FF04E0FEF758
:1024F0004AFF01E0FFF778F800280ADA401C06D10D
:102500000C9820B14FF0FF300FB0BDE8F08F50466F
:10251000FAE7E90701D10AF1010A064400200C900C
:1025200054E60000CCCCCC0C2DE9FF4F06468BB016
:102530000878FF2806D0491C2D2805D000244FF02C
:10254000000908E000200CE00124F8E709EB89030A
:10255000491C00EB43090878FF28F7D114B1C9F1F1
:1025600000008146107800252C46AA4629462D28D1
:1025700001D02B2804D1521C2D2813D000208246D4
:102580008B461078FF280FD04FF0000C0A21521C08
:10259000A5FB017804FB018105FB0C11C5194BEB70
:1025A0000104EEE70120EAE7002108464FF00000B1
:1025B000BAF1000F02D000EB80004008C0F3815751
:1025C000012F01DD4FF0FF370E9955EA040009EBAA
:1025D00001080BD04FF0020918F5FA7F16DA4FEA1E
:1025E000CA70002F706008DD012007E04FEACA7052
:1025F000C6E900B00FB0BDE8F08F00203060FFF7F3
:1026000009F9C0F800901821084616E0B8F5FA7FDD
:1026100018DD002F02DAF748784401E0F6487844E4
:10262000D0E90010C6E9001040EACA707060FFF7F8
:10263000F1F8C0F80090142108460FB0BDE8F04F43
:1026400042F0D0BB002108464FF00000B8F1000175
:10265000099002DAC7F1000200E03A4601DAC8F157
:10266000000106A800F0B0FB06AB93E8070003AB3F
:1026700083E8070044F23E005BEA040100905846FC
:1026800004D144F21E012C465D460091210C090440
:10269000014306D10099240444EA15442D0410395D
:1026A000009104F07F41014306D10099240244EADD
:1026B00015642D020839009104F07041014306D1E0
:1026C0000099240144EA15742D01091F009104F0BA
:1026D0004041014306D10099A40044EA9574AD003D
:1026E000891E009104F00041084304D100986D193F
:1026F0006441401E00904FF001033A466846B8F12D
:10270000000FCDE9014503A902DD40F016FF01E00D
:1027100040F0E9FEBAF1000F04460D4601D084F006
:102720000044002108464FF00000099940F2FF776D
:10273000484010F00C0F07D124F00040284303D08C
:10274000C4F30A50B84212D1FFF764F8C0F8009001
:10275000C4F30A50B8420AD1A8487844D0E900101E
:10276000C6E9001004F000410843706042E7C6E982
:1027700000543FE72DE9FF4F1F464FF0000A4FF08E
:10278000FF38454691B0D7E90146CDF83CA000F0AE
:10279000A9FAC0680168405C1090B96912986D1C74
:1027A0008847396A814688470028F6D1B9F1FF3F4A
:1027B0000AD0002E24F4D06411DDB9F12B0F08D01B
:1027C000B9F12D0F0BD102E0404615B013E744F4E8
:1027D0008064B96912986D1C8847761E8146600531
:1027E00004A901D52D2000E02B20002E01F1010BC2
:1027F0000DF130088DF810003FDDB9F1690F08D0F8
:10280000B9F1490F05D0B9F16E0F02D0B9F14E0FF1
:102810001CD13B4601A8009580E85002DDE9121268
:102820006FF0020042F049FBC11CCED10EE0B96945
:1028300012986D1C884781461398761E44F40074E4
:1028400005600F98401C002E0F9016DDB9F1300F77
:10285000EDD0B9F1780F02D0B9F1580F0DD10F9822
:1028600001280AD13B46CDE90054DDE91212001FD0
:10287000029642F020FBC11CA7D1109989453ED198
:1028800044F0800406E01399681CAAF1010A44F49C
:1028900000740860B9696D1C1298761E884730284C
:1028A0008146F0D02BE01099894505D1200603D44C
:1028B000761E44F0800418E0484642F046F908B31A
:1028C000761E0DF123029345A9F1300044F4007403
:1028D00006D20BF8010B200607D5AAF1010003E090
:1028E000200602D40AF101008246A00502D5139900
:1028F000681C0860B96912986D1C88478146002ED3
:10290000D1DC53E0002E51DDB9F1650F02D0B9F1F1
:10291000450F4BD1A00549D5B9696D1C1298761E9B
:1029200024F440748847002E81460CDD2B2804D007
:10293000B9F12D0F07D144F48074B96912986D1C58
:102940008847761E8146E00501D52D2100E02B2128
:1029500008F8011BCDF8008021E0761E0DF1390149
:10296000884544F400740CD2A9F1300010F0FF0047
:1029700088F8000002D10099884509D908F10108BA
:1029800006E0E00501D51E4801E042F20F708246E4
:10299000B96912986D1C8847814613980560002E0E
:1029A00004DD484642F0D1F80028D6D1F9691298E2
:1029B0008847FF2053468BF8000088F8000000206D
:1029C0000A900B9004AA0CA90AA8FFF7ADFDA00578
:1029D00002D46FF00100F8E614F0240F12D0E007E3
:1029E0001CD13868DDE90A12031D3B600068C0E9AC
:1029F000001213E0903A0400823A040046390400C1
:102A0000F1D8FFFF0AA9684641F098FFE00705D119
:102A10003868009A011D3960006802602846D4E6D3
:102A200010B508E030F8024B9C4204D10AB10020F6
:102A300010BD012010BD491EF4D2104610BD00008B
:102A400010B542485421FDF79BFF41485421FDF742
:102A500097FF40485421FDF793FF3F493B483C4ACC
:102A60003F4B08603D490A603A491960531C0365B1
:102A7000481C1065012008653B48344A39A1784458
:102A800000F03CFA20B9384878440A3800F0FAFAE5
:102A900037482F4A35A1784400F030FA20B934483D
:102AA00078440A3800F0EEFA32482A4A2FA17844D6
:102AB00000F024FA20B92F4878440A3800F0E2FAEE
:102AC00040232248DC000021224600F0F3F920B127
:102AD00025487844543800F0D5FA1D482246402352
:102AE000002100F0E7F920B121487844543800F083
:102AF000C9FA184822461023002100F0DBF900280B
:102B000006D01C487844BDE81040563800F0BABAE8
:102B100010BD104870B5006D20F001040B4800F0A6
:102B200065FA0B4800F062FA0A4800F05FFA09E023
:102B3000206D20F00105204600F058FA2046FDF7F0
:102B40008FFF2C46002CF3D170BD0000C80200247A
:102B50001C03002470030024040000240800002447
:102B60000C000024720000008C2504007700000097
:102B70007825040064250400F8B516460C46054681
:102B800000F0A8F8036893F80101012804D0185D4B
:102B900078B101202C80F8BDD3F8030132462146DC
:102BA00003F20313C71868460023B8470099298029
:102BB000F8BD4FF0FF30F8BD2DE9F04116460C4648
:102BC000054600F087F8036893F80101012807D053
:102BD000FF2C12D8185D80B101202C70BDE8F08167
:102BE000D3F807013246214603F20713C7182846D7
:102BF000BC46BDE8F041002360474FF0FF30EDE7F1
:102C00002DE9F84306461548AFF30080FEF7FEFDB8
:102C1000134F8146E8464D4616E026B1E068B042C3
:102C200001D0254610E0206828600C48C7F80080D5
:102C3000AFF30080D4E9010188470848AFF3008072
:102C40003968414500D04D462C68002CE5D1002064
:102C500038600248AFF30080BDE8F8831400002418
:102C6000100000240148FEF7CBBD00001400002432
:102C700010B500F0EFF9BDE8104000F0E6B9000033
:102C800000487047C40300247546FFF7F9FFAE46BD
:102C900005006946534620F00700854618B020B568
:102CA000FDF70CFCBDE820404FF000064FF0000798
:102CB0004FF000084FF0000BAC46ACE8C009ACE8A0
:102CC000C009ACE8C009ACE8C00921F007018D4695
:102CD0007047000010B500F005F8001D10BD00BFE2
:102CE000B51F040000487047E40300240346406811
:102CF0008C46002818BF88423CBF03464068F8D382
:102D000018681844884207D00CF1030020F007002F
:102D1000001D411A521A0146081D0A60FDF7A0BEA7
:102D2000B2F120030AD5C2F1200301FA02F120FA20
:102D300003F341EA030100FA02F0704700FA03F1DD
:102D40004FF00000704700002DE9F0411F46044697
:102D500003260168072A01F4006004DB08B116A508
:102D600005E016A503E008B115A500E015A521F0C2
:102D700010002060A069C01EA0610FB1401EA061BC
:102D80002046FDF7FBFE4FB1D4E9012138469047BC
:102D9000206A401C2062C01C206206E0206AFAE71C
:102DA000D4E9012115F8010B9047761EF8D2204690
:102DB000FDF7FAFEBDE8F0814E414E006E616E00F7
:102DC000494E4600696E66002DE9F0478146164679
:102DD0008AB0354878440DC88DE80D0032487844F3
:102DE000801C03AC0DC884E80D0041F69B300844FC
:102DF000372190FBF1F290FBF1F5A5F1800501FB85
:102E000012041B3C02D56442012000E00020DFF8E0
:102E100098A080460027FA44AAF1BE0A0EE0E00717
:102E20000AD03246684607EB470101230AEB8101CD
:102E300040F06EFB8DE8070064107F1C002CEED183
:102E4000194F7F44AE3F19E0E80715D007EB041097
:102E50000DF1180A90E80E008AE80E00C068F042F2
:102E600001D1981908903246012306A903A840F021
:102E70004FFB03AB83E807006D10641C002DE3D10A
:102E80004FF0010332466946B8F1000F03A802D0A3
:102E900040F014FB01E040F03BFBC9E90001C9F838
:102EA00008200AB0BDE8F087C0220400007B00F0D3
:102EB0008000704770B5C468A50713D0650211D4AF
:102EC000B2F5807F09D0B2F5007F06D0B2F5806FF1
:102ED00008D1012300F1240106E05D1E6FF07F465A
:102EE000B54201D3012070BD0161C361416024F48A
:102EF00070611143C160002070BD00002DE9F041F8
:102F00000C461646070047D0104600F06FF82078B0
:102F1000611C61280AD0722802D077283CD102E0D7
:102F20000125002405E00225042402E0082448F2DB
:102F3000020511F8010B2B2806D0622809D011F8E0
:102F4000010C74280AD00BE045F0030544F002049C
:102F5000EFE745F0040544F00104EAE744F010040B
:102F60003846214600F0B8FC411C15D000213161E3
:102F700071604FF40071F560F1617061200704D554
:102F800030460222002100F0E9FA306D40F00100E5
:102F900030653046BDE8F0810020FBE72DE9F041C7
:102FA0000D460646104C206DC10704D0410804D0E0
:102FB00020F00104F7E722460EE05420FDF721FD42
:102FC00007000ED0206D47F0010108435421206511
:102FD0003846FDF7D5FC3A4629463046BDE8F04173
:102FE0008CE70020D6E70000C80200242DE9F04756
:102FF00004464FF0FF380026C568D4E90497A807B7
:1030000018D0204600F066FB384600F053F8002840
:1030100000DA4646280502D54846FDF721FD4C2139
:103020002046FDF7ADFC206D20F001002065304604
:10303000BDE8F0874046FBE710B50446AFF30080DB
:103040002046BDE81040FDF725BA002801D03CF02D
:10305000A3BB704710B5002102A000F07FFB012048
:1030600010BD0000534947414252543A2041626E1C
:103070006F726D616C207465726D696E6174696FD9
:103080006E00000010B500F083FBBDE81040FFF7B4
:10309000DCBF10B500F096FBBDE81040FFF7D5BFD0
:1030A0000EB5CDE90001FDF72CFB02906946012029
:1030B000ABBE0EBD08B5694600900220ABBE08BD90
:1030C0001FB58DE8070069460520ABBE04B010BDF2
:1030D0001FB58DE80F0069460620ABBEF6E708B5C0
:1030E000694600900920ABBE08BD1CB5CDE90001C2
:1030F00069460A20ABBE1CBD704708B56946009002
:103100000C20ABBE08BD00002DE9FF4F1F464FF05D
:103110003C0987B04FF00042DDE9141001F10108CD
:10312000DDF858A002EA4050039000200590834645
:10313000054604460490B969461E08988847AAF1D6
:10314000010A0290BAF1000F3BDD02982E2815D03B
:103150001021FFF721F800282EDB4FF0010B059915
:10316000014317D0B9F1000F0BDB4A46C117FFF737
:10317000D7FD05430C43A9F1040905E001200490A3
:103180000BE008B145F0010501200590049820B935
:10319000361D02E0049800B1361FB969089808F19D
:1031A00001088847BBF1000FAAF1010A0290C9D0BB
:1031B0000999C1F80080C5E70298702808D0502806
:1031C00006D0F96908988847BBF1000F14D04FE08A
:1031D000002002900120BBF1000F049009D0B969D2
:1031E000089808F101088847AAF10109B9F1000F10
:1031F00007DCF969089888476FF001000BB0BDE85B
:10320000F08F2B2804D02D280CD14FF0FF300490E4
:10321000B969089808F101088847A9F10109B9F1CD
:10322000000FE6DD411CE4D00A21FEF7B5FF0028BF
:10323000DFDB029908F1010801EB810100EB41009D
:103240000290B969089888470A21FEF7A5FF099AF4
:10325000A9F10109B9F1000FC2F8008001DD0028D1
:10326000E7DAF969089888470499029800FB016633
:1032700055EA040004D004F04041090002D006E001
:10328000039898E0A40044EA9574AD00B61E04F0DB
:103290000041080002D16D196441761E159810F0A6
:1032A000240F03D04FF00B095C4803E04FF02809CE
:1032B0006FF07D008246564507DAAAEB0601894485
:1032C000B9F1410F01DD4FF0410901200021A9F1C1
:1032D0000102FFF725FD024628400B462140084326
:1032E00001D0012100E00021501E029143F1FF3185
:1032F00028402140084301D0012000E0002002992D
:10330000834651EA0B014FD0002108464FF00000E0
:10331000039900F4400039B100EB80004FF4400104
:1033200000EBD07001EA60008015012802DD4FF04B
:10333000FF3000E013D0401C36D0029860B3BBF1E0
:10334000000F0CD14A4601200021FFF7E9FC28407C
:103350002140084301D0012000E00020E0B101201D
:103360004A460021FFF7DCFC034640190A4661414A
:103370002D1A8C4111D3B9F1400F09DD159810F0C9
:10338000240F02D0AAF1340603E0AAF1170600E0E8
:10339000761C00254FF0004406E05B1E42F1FF3230
:1033A00020EA030521EA0204CAF10100B04206DA6C
:1033B0001B49039808430190002000900EE0039AF7
:1033C000C4F3D321E80A0A43164940EA44500A43A9
:1033D0003146CDE90002684641F064FB159810F0D3
:1033E000240F0BD01598C00715D13868DDE90012FD
:1033F000031D3B600068C0E900120CE002A86946AA
:1034000041F09CFA1598C00705D13868029A011D51
:103410003960006802604046F0E6000002FCFFFFF1
:103420000000F07F0000F03F2DE9FF4F92461D465F
:1034300085B04FF00041DDE9124BDDE914727F1ECB
:1034400001EA4B50414940F0FF4940EA01080021A0
:1034500022F020004928049102D04E2828D04CE0C8
:103460003BA0012607C88DE80700A9690698641CDF
:1034700088477F1E014606D41DF8060018B121F0CA
:10348000200181420BD0E96906988847032E34D089
:10349000082E32D06FF0010009B0BDE8F08F761C25
:1034A000032E01D0082EE0D1601CCAF80000DCE732
:1034B000A9690698641C88477F1E2AD420F0200042
:1034C000412826D1A9690698641C88477F1E20D40C
:1034D00020F020004E281CD1A9690698641C88475A
:1034E0007F1E48F4002849F48009CAF8004001D43E
:1034F000282806D0E969069888475FEACB7012D081
:1035000022E0A9690698641C88477F1E01D4002820
:1035100003DAE96906988847BCE72928F1D1641CD9
:10352000CAF80040E9E71BF0240F07D02868049987
:10353000031D2B600068C0E9001805E02868021D23
:103540002A600068C0F800902046A5E70000F07FE0
:10355000494E46494E495459000000002DE9F041BA
:10356000044616460D464769007B80072ED0384634
:10357000FFF7B5FD50BB3EB3012E02D0022E25D180
:1035800004E0204600F086F905441DE03846FFF7C8
:10359000B4FDE168002841F01001E16005DA204641
:1035A00000F058F80120BDE8F081C9030BD562682E
:1035B000E16A914200D81146A26911442269891A30
:1035C000814200DD08460544002D01DA0220EAE7C9
:1035D000E16A6068E268814206D29103E06203D545
:1035E00022F4003141F01002A6690027AE4213DC3C
:1035F000E16A814201D90B4600E0034603EB060C69
:103600002369ACEB030CAC4506DD814201D98C4645
:1036100000E084469C4505D1A760276042F0200069
:10362000A5620DE0AD1BE669AE1B8142A66000D924
:103630000846C01A281A20605819606022F020003D
:1036400003490840E060002084F84870ABE70000C0
:10365000BFCFD7FFC16821F4001141F08001C160E4
:1036600000218160016070472DE9F74F15460C4637
:103670004FF0FF3B3848D768D2F814A0074209D072
:103680005046A969FFF731FD002819DB3248C043D5
:103690000740EF604FF000496FF000484C4501D300
:1036A000464600E0264600993B4650463246FFF724
:1036B00007FDA96920F00042B21A1144A96128B19E
:1036C0002846FFF7C7FF5846BDE8FE8FA41BE5D18B
:1036D0000020F9E770B504460569C06A6168884250
:1036E00000D80846E16821F42011E160C90312D531
:1036F000A84208D02246411B2846FFF7B5FF10B16B
:103700004FF0FF3070BD0020E562C4E90150E06871
:1037100020F48030E060002070BD10B50446C06821
:1037200020F02000E060A16AA06988420DD0204608
:10373000FFF7D0FFE06820F4405040F01000E06058
:10374000A06AA0612069E062606044F24001E06824
:103750008843E06010BD00001000020070B505460F
:103760000C460A2000E06D1C3CF01AF835B12878B0
:103770000028F8D102E0641C3CF012F814B1207863
:103780000028F8D1BDE870400A203CF009B80000DC
:1037900010B5014602A0FFF7E1FF012010BD0000B7
:1037A00053494752545245443A2052656469726500
:1037B00063743A2063616E2774206F70656E3A20DF
:1037C0000000000010B5012805D0002103A0FFF77C
:1037D000C5FF012010BD09A1F8E700005349475279
:1037E000544D454D3A204F7574206F6620686561D1
:1037F00070206D656D6F7279000000003A20486599
:103800006170206D656D6F727920636F7272757073
:10381000746564000000000030B44FF0013C50F8C3
:10382000042BCCFA52F451F8043BD51A20D1FCB940
:1038300050F8042BCCFA52F451F8043BD51A17D1A6
:10384000B4B950F8042BCCFA52F451F8043BD51A11
:103850000ED16CB950F8042BCCFA52F451F8043B59
:10386000D51A05D1002CDAD030BC4FF000007047DB
:1038700029BAB1FA81F111F01801D1F12000844088
:10388000F2D1CA40CB4012F0FF0213F0FF0330BC6C
:10389000D01A704710B50146C268900703D0900651
:1038A00007D5886A0AE0FDF7B5FF01210160881E8F
:1038B00010BD8B69486818440B69C01A91F84830EC
:1038C0001BB191F84910401A10BD1103FCD5002816
:1038D000FADD401E10BD000082B001900091002072
:1038E00002B070470000000080B584B003900398D8
:1038F000006842F20001C4F20201884209D0FFE7E9
:103900000398006842F20011C4F20201884209D112
:10391000FFE742F20830C4F20200006810F4403FB2
:1039200009D129E046F20830C5F60200006810F41B
:10393000403F21D0FFE70BF0EFF902900398406879
:103940000190B0F5803F0AD0FFE70198B0F5003F45
:1039500005D0FFE70198B0F5403F07D00AE0039893
:10396000C1880298B0FBF1F0029004E00298800850
:10397000029000E0FFE75FE04FF40020002109F033
:10398000D7F90290039840680090B0F5802F32D0AC
:10399000FFE70098B0F5002F2DD0FFE70098B0F5B5
:1039A000402F28D0FFE70098B0F5801F23D0FFE715
:1039B0000098B0F5A01F1ED0FFE70098B0F5C01F1B
:1039C00019D0FFE70098B0F5E01F1FD0FFE700987F
:1039D000B0F5001F1ED0FFE70098B0F5101F1DD0F6
:1039E000FFE70098B0F5201F1CD0FFE70098B0F566
:1039F000301F1BD01EE0039841686FF0010000EA01
:103A000051410298B0FBF1F0029014E002980009D5
:103A1000029010E00298400902900CE002988009A0
:103A2000029008E00298C009029004E00298000A9F
:103A3000029000E0FFE7FFE702984008029002983A
:103A400045F61061C0F25F01884209D8FFE703988C
:103A50000068806820F440700399096888602EE04F
:103A600002984BF62041C0F2BE0188420AD8FFE717
:103A7000039800688068012161F3092003990968AF
:103A800088601BE0029847F64001C0F27D11884231
:103A90000AD8FFE7039800688068022161F30920D3
:103AA00003990968886008E003980068806840F41A
:103AB0004070039909688860FFE7FFE7FFE704B0FB
:103AC00080BD000000000000FFE7FEE700000000EE
:103AD00084B08DF80F000291ADF806209DF80F001C
:103AE0000146009123281DD80099DFE801F0121348
:103AF0001415161B1B1B1B1B1B1B1B1B1B1B1B1B28
:103B00001B1B1B1B1B1B1B1B1B1B1B1B1B1B17180C
:103B1000191A08E007E006E005E004E003E002E02F
:103B200001E000E0FFE7002004B070470000000063
:103B3000002070470000000080B582B043F6B470EA
:103B4000C2F20040009040F64C21C2F20041002237
:103B5000019213F039FB009840F64C01C2F200418B
:103B600013F012FB019802B080BD000000000000BD
:103B700080B584B00390029103980299096816F009
:103B800023FB039943F6B470C2F20040019013F096
:103B9000FBFA019813F09CFA002004B080BD0000ED
:103BA00083B0029001918DF8032000208DF802006F
:103BB0009DF9020003B0704780B586B00490ADF85F
:103BC0000E1000208DF80D0043F6B470C2F20040D4
:103BD000D0F8BC0202900298D0F8140220B1FFE79E
:103BE00001208DF8170013E00499BDF80E2043F66C
:103BF000B470C2F20040019013F0E6FA019813F09D
:103C0000EFFB8DF80D009DF80D008DF81700FFE714
:103C10009DF8170006B080BD80B544F2E830C2F2CE
:103C2000004003F0E9FA80BD80B544F2D840C2F20A
:103C3000004003F0E1FA80BD80B544F25050C2F27A
:103C4000004003F0D9FA80BD80B544F27030C2F272
:103C5000004003F0D1FA80BD80B544F26040C2F26A
:103C6000004003F0C9FA80BD80B544F23070C2F262
:103C7000004003F0C1FA80BD80B544F2B860C2F2E2
:103C8000004003F0B9FA80BD80B544F2C850C2F2DA
:103C9000004003F0B1FA80BD80B544F24060C2F24A
:103CA000004003F0A9FA80BD80B544F2A870C2F2CA
:103CB000004003F0A1FA80BD80B544F62000C2F2B6
:103CC000004003F099FA80BD83B002900298016829
:103CD00001201022C4F202029142009000F0A38061
:103CE000FFE70298016801202822C4F202029142F3
:103CF000009000F09880FFE70298016801204022C0
:103D0000C4F202029142009000F08D80FFE7029819
:103D1000016801205822C4F202029142009000F092
:103D20008280FFE70298016801207022C4F202023B
:103D30009142009077D0FFE7029801680120882225
:103D4000C4F20202914200906DD0FFE70298016830
:103D50000120A022C4F202029142009063D0FFE74A
:103D6000029801680120B822C4F202029142009038
:103D700059D0FFE702980168012040F21042C4F2D6
:103D80000202914200904ED0FFE7029801680120A4
:103D900040F22842C4F202029142009043D0FFE771
:103DA00002980168012040F24042C4F202029142AE
:103DB000009038D0FFE702980168012040F2584295
:103DC000C4F20202914200902DD0FFE702980168F0
:103DD000012040F27042C4F202029142009022D0CF
:103DE000FFE702980168012040F28842C4F2020213
:103DF0009142009017D0FFE702980168012040F23D
:103E0000A042C4F20202914200900CD0FFE7029857
:103E100000684FF64831CBF6FD710844B0FA80F0E7
:103E200040090090FFE70098C00740B3FFE7029801
:103E3000007810384AF6AB21CAF6AA21A0FB01107F
:103E400000090190019800F0070145F21C10C0F62E
:103E50000400405C0299C8650198042807D3FFE775
:103E600002990868042262F30900886506E0029955
:103E7000086840F2FF3290438865FFE705E0029949
:103E8000086820F0FF008865FFE70298806D03B0A6
:103E9000704700000000000084B0039003980068A1
:103EA000019003980168012045F20842C5F602021C
:103EB000914200904ED0FFE703980168012045F23F
:103EC0001C42C5F602029142009043D0FFE70398DE
:103ED0000168012045F23042C5F60202914200908D
:103EE00038D0FFE703980168012045F24442C5F647
:103EF0000202914200902DD0FFE703980168012053
:103F000045F25842C5F602029142009022D0FFE7E6
:103F100003980168012045F26C42C5F60202914205
:103F2000009017D0FFE703980168012045F2804216
:103F3000C5F60202914200900CD0FFE7039800689A
:103F40004AF66C31CAF2FD710844B0FA80F04009BB
:103F50000090FFE70098C00710B3FFE703980078D0
:103F600008384CF6CD41CCF6CC41A0FB011000093D
:103F70000290029945F60000C5F6020000EB8100B0
:103F800003990866039945F68000C5F60200486665
:103F9000029800F01F01012088400399886635E0EF
:103FA0000398007810384AF6AB21CAF6AA21A0FB84
:103FB000011000090290019840F2B841C4F20201D8
:103FC00088420CD8FFE7019840F21041C4F2020188
:103FD000884204D3FFE7029808300290FFE7029975
:103FE00040F60000C4F2020000EB8100039908666D
:103FF000039940F68000C4F202004866029800F07F
:104000001F010120884003998866FFE704B07047CC
:1040100083B002900298007901900198002800F086
:104020008A80FFE70198082800F28580FFE7029860
:104030000168012045F20842C5F602029142009053
:104040004ED0FFE702980168012045F21C42C5F6F8
:1040500002029142009043D0FFE7029801680120DC
:1040600045F23042C5F602029142009038D0FFE797
:1040700002980168012045F24442C5F602029142CD
:1040800000902DD0FFE702980168012045F25842C8
:10409000C5F602029142009022D0FFE70298016823
:1040A000012045F26C42C5F602029142009017D001
:1040B000FFE702980168012045F28042C5F602023E
:1040C000914200900CD0FFE7029800684AF66C31EC
:1040D000CAF2FD710844B0FA80F040090090FFE791
:1040E0000098C00780B1FFE7019945F6FC00C5F6CE
:1040F000020000EB81000299C866029945F6401063
:10410000C5F6020008670FE0019940F6FC00C4F212
:10411000020000EB81000299C866029940F6401047
:10412000C4F202000867FFE70198411E01208840A1
:1041300002994867FFE703B07047000000000000E5
:1041400085B0049000208DF80F000498806918BB9A
:10415000FFE70498806A029003281BD80299DFE8E1
:1041600001F0020D0218049890F82F00C00720B14A
:10417000FFE701208DF80F00FFE70CE00498C06A0C
:10418000B0F1C07F04D1FFE701208DF80F00FFE7F9
:1041900001E000E0FFE747E004988069B0F5005FC8
:1041A00026D1FFE70498806A019003281ED8019960
:1041B000DFE801F00206021101208DF80F0016E081
:1041C000049890F82F00C00720B1FFE701208DF878
:1041D0000F00FFE70BE00498C06AB0F1C07F04D184
:1041E000FFE701208DF80F00FFE700E0FFE71AE08E
:1041F0000498806A0090032804D3FFE700980328FE
:1042000004D00EE001208DF80F000BE0049890F828
:104210002F00C00720B1FFE701208DF80F00FFE756
:1042200000E0FFE7FFE7FFE79DF80F0005B07047EC
:1042300089B008900791069205930898806D0490C4
:104240000898806D03900898016801201022C4F23C
:1042500002029142029000F00381FFE70898016892
:1042600001202822C4F202029142029000F0F8805C
:10427000FFE70898016801204022C4F2020291423F
:10428000029000F0ED80FFE70898016801205822B5
:10429000C4F202029142029000F0E280FFE7089827
:1042A000016801207022C4F202029142029000F0E3
:1042B000D780FFE70898016801208822C4F2020233
:1042C0009142029000F0CC80FFE70898016801203D
:1042D000A022C4F202029142029000F0C180FFE7E6
:1042E000089801680120B822C4F2020291420290AB
:1042F00000F0B680FFE708980168012040F2104204
:10430000C4F202029142029000F0AA80FFE70898EE
:104310000168012040F22842C4F202029142029058
:1043200000F09E80FFE708980168012040F24042BB
:10433000C4F202029142029000F09280FFE70898D6
:104340000168012040F25842C4F2020291420290F8
:1043500000F08680FFE708980168012040F2704273
:10436000C4F20202914202907AD0FFE708980168F5
:10437000012040F28842C4F20202914202906FD0C2
:10438000FFE708980168012040F2A042C4F202024F
:104390009142029064D0FFE708980168012040F242
:1043A000B842C4F202029142029059D0FFE7089845
:1043B0000168012045F20842C5F6020291420290CE
:1043C0004ED0FFE708980168012045F21C42C5F66F
:1043D00002029142029043D0FFE708980168012051
:1043E00045F23042C5F602029142029038D0FFE712
:1043F00008980168012045F24442C5F60202914244
:1044000002902DD0FFE708980168012045F258423C
:10441000C5F602029142029022D0FFE70898016897
:10442000012045F26C42C5F602029142029017D07B
:10443000FFE708980168012045F28042C5F60202B4
:10444000914202900CD0FFE7089800684AF66C3160
:10445000CAF2FD710844B0FA80F040090290FFE70B
:104460000298C00770B1FFE70898416E806E4860FF
:104470000898C06E28B1FFE70898016F406F486048
:10448000FFE7FFE70898016801201022C4F202024A
:104490009142019000F0A380FFE708980168012095
:1044A0002822C4F202029142019000F09880FFE7B6
:1044B0000898016801204022C4F202029142019052
:1044C00000F08D80FFE70898016801205822C4F2AF
:1044D00002029142019000F08280FFE70898016893
:1044E00001207022C4F202029142019077D0FFE7CE
:1044F0000898016801208822C4F2020291420190CA
:104500006DD0FFE7089801680120A022C4F20202E2
:104510009142019063D0FFE7089801680120B8221A
:10452000C4F202029142019059D0FFE70898016855
:10453000012040F21042C4F20202914201904ED09A
:10454000FFE708980168012040F22842C4F2020205
:104550009142019043D0FFE708980168012040F2A2
:104560004042C4F202029142019038D0FFE708981D
:104570000168012040F25842C4F2020291420190C7
:104580002DD0FFE708980168012040F27042C4F284
:1045900002029142019022D0FFE7089801680120B1
:1045A00040F28842C4F202029142019017D0FFE724
:1045B00008980168012040F2A042C4F20202914230
:1045C00001900CD0FFE7089800684FF64831CBF611
:1045D000FD710844B0FA80F040090190FFE70198AE
:1045E000C00750B3FFE70898C06D00F01F013F20DF
:1045F00088400499886008980168086820F4802041
:1046000008600598089909684860089880684028FB
:1046100009D1FFE706980899096888600798089902
:104620000968C86008E007980899096888600698D2
:1046300008990968C860FFE782E0089801680120CE
:1046400045F20842C5F60202914200904ED0FFE7C3
:1046500008980168012045F21C42C5F60202914209
:10466000009043D0FFE708980168012045F23042EE
:10467000C5F602029142009038D0FFE70898016821
:10468000012045F24442C5F60202914200902DD02D
:10469000FFE708980168012045F25842C5F602027A
:1046A0009142009022D0FFE708980168012045F26E
:1046B0006C42C5F602029142009017D0FFE70898BD
:1046C0000168012045F28042C5F602029142009045
:1046D0000CD0FFE7089800684AF66C31CAF2FD7109
:1046E0000844B0FA80F040090090FFE70098C00746
:1046F00020B3FFE70898C06D00F01F01012088403B
:104700000399486005980899096848600898806886
:10471000402809D1FFE7069808990968886007983A
:1047200008990968C86008E00798089909688860CE
:10473000069808990968C860FFE700E0FFE7FFE70F
:1047400009B0704700000000704700000000000042
:1047500080B54FF4806006F053F94FF4805006F0B6
:104760004FF980BD0000000081B0EFF3108072B6F9
:104770000090FFE7FEE7000080B544F69800C2F223
:10478000004005F01DFA80BD80B544F63810C2F235
:10479000004005F015FA80BD80B544F6D810C2F28D
:1047A000004005F00DFA80BD84B002900298406B85
:1047B000009002980068D0F884004FF6FC7188439E
:1047C000009940EA810002990968C1F884000298C2
:1047D0000068D0F8840020F47F00029A1168926B80
:1047E00040EA0240C1F884000298816B00980844B6
:1047F000009002980068D0F888006FF38F0000994D
:1048000040EA810002990968C1F8880002980068AE
:10481000D0F8880020F4FE00029A1168D26B40EABA
:104820000240C1F888000298C16B009800EB41007B
:10483000009002980068D0F8A0006FF38F000099F4
:1048400040EA810002990968C1F8A0000298006856
:10485000D0F8A00020F4FE00029A1168126C40EA21
:104860000240C1F8A0000299086C496C009A00FB54
:104870000120009002980068D0F8B0006FF38F001C
:10488000009940EA810002990968C1F8B0000298D5
:104890000068D0F8B00020F4FE00029A1168926C13
:1048A00040EA0240C1F8B0000299886CC96C009AD5
:1048B00000FB0120009002980068D0F8AC006FF374
:1048C0008F00009940EA810002990968C1F8AC00A4
:1048D0000299086D496D009A00FB01200090029832
:1048E0000068D0F8F0006FF38F00009940EA810073
:1048F00002990968C1F8F00002980068D0F8F00049
:1049000020F47C10029A1168926D40EA0240C1F8CE
:10491000F0000298816D009800EB41000090029831
:104920000068D0F8C0006FF38F00009940EA810062
:1049300002990968C1F8C00002980068D0F8C00068
:1049400020F47C10029A1168D26D40EA0240C1F84E
:10495000C00002980068D0F8C00020F07C50029A95
:104960001168126E40EA0260C1F8C00002994A6BF9
:104970004AF60040C4F2000000EB8200C8660299CB
:104980008A6BC86E00EB820008670299CA6B086FD9
:1049900000EBC200486702990A6C4B6C486F5A439F
:1049A00000EB8200886702998A6CCB6C886F5A434F
:1049B00000EB8200C86702990A6D4B6DC86F5A43BD
:1049C00000EB8200C1F8800002998A6DD1F8800066
:1049D00000EBC200C1F884000299CA6D8B6ED1F859
:1049E00084005A4300EB8200C1F8880002990A6EE5
:1049F0008B6ED1F888005A4300EB8200C1F890001A
:104A00000298D0F890004DF2FD31C4F200018842C6
:104A10000FD3FFE70299D1F89C0040F02000C1F8C5
:104A20009C000299032081F8980001208DF80F0066
:104A300017E00298C06E0190FFE701980299D1F843
:104A40009010884208D2FFE7019900200860FFE734
:104A5000019804300190F0E7FFE700208DF80F0087
:104A6000FFE79DF80F0004B0704700000000000051
:104A700088B007900691059204930698406848B95B
:104A8000FFE70698016882680069104340EA8140A8
:104A9000039009E0069801688268006910430843A2
:104AA00040F080400390FFE70698D0F820C0C1682E
:104AB00042698369C06940EA0C601843104340EAC8
:104AC000014002900798826ED0F884000499514307
:104AD00000EB81000190039801990860019804306F
:104AE000019002980199086001980430019000201B
:104AF0000090FFE700980699CA6845F20C11C0F6CD
:104B00000401895C88420DD2FFE70598009940585E
:104B100001990860019804300190FFE70098043083
:104B20000090E7E708B0704780B584B04EF600000B
:104B3000C1F6F170006803904EF60400C1F6F17002
:104B4000006802904EF60800C1F6F170006801900E
:104B50000199039808440390039888B1FFE70398EC
:104B600040F2F801C2F200410091023108220EF039
:104B7000C3F900990298123104220EF0BDF9FFE743
:104B800004B080BD0000000080B5AAB02890279135
:104B900000208DF89B002798006808B1FFE7FFE729
:104BA000FFE7289890F85C00012804D1FFE7022075
:104BB0008DF8A7002DE12899012081F85C00FFE71E
:104BC000FFE70020219022902898006842F200011F
:104BD000C4F20201884206D1FFE742F20010C4F29B
:104BE0000200099002E000200990FFE7099878B9D7
:104BF000FFE72899086E40F020000866FFE7289933
:104C0000002081F85C00FFE701208DF8A70000E19B
:104C100009980EF015FA0890289800680EF010FA1E
:104C2000002840F0E280FFE70898002840F0DD808F
:104C3000FFE728980168012042F20002C4F2020254
:104C4000914207900CD0FFE7289800684DF600715C
:104C5000CBF6FD710844B0FA80F040090790FFE7F9
:104C60000798C10746F20030C5F6020000291CBFB4
:104C700042F20030C4F20200259027980068002814
:104C80005ED0FFE72598806820F440402799496866
:104C900008432599886028980168012042F20002A3
:104CA000C4F20202914206900CD0FFE728980068F7
:104CB0004DF60071CBF6FD710844B0FA80F0400962
:104CC0000690FFE70698C10746F20030C5F60200DD
:104CD00000291CBF42F20030C4F2020042F200314F
:104CE000C4F20201884212D1FFE742F20000C4F28E
:104CF00002000EF08DF9049042F20010C4F202009E
:104D00000EF086F9014604980843059007E046F244
:104D10000000C5F602000EF07BF90590FFE705984C
:104D200068B9FFE72598806840F61F718843279A85
:104D3000116892681143084325998860FFE753E0A2
:104D40002599886820F440408860289801680120EF
:104D500042F20002C4F20202914203900CD0FFE73B
:104D6000289800684DF60071CBF6FD710844B0FA42
:104D700080F040090390FFE70398C10746F2003036
:104D8000C5F6020000291CBF42F20030C4F2020046
:104D900042F20031C4F20201884212D1FFE742F22E
:104DA0000000C4F202000EF033F9019042F200104C
:104DB000C4F202000EF02CF901460198084302905B
:104DC00007E046F20000C5F602000EF021F902905D
:104DD000FFE7029838B9FFE72599886840F61F7207
:104DE00090438860FFE7FFE708E02899086E40F0ED
:104DF0002000086601208DF89B00FFE7FFE7289957
:104E0000002081F85C00FFE79DF89B008DF8A7006B
:104E1000FFE79DF8A7002AB080BD00000000000059
:104E200080B5CEB03A90399100208DF8E3003590EE
:104E30003A9890F84400012801D1FFE70BE03A9836
:104E4000006846F20001C5F60201884201D1FFE781
:104E500000E0FFE7FFE73998C0680021C4F2FF7166
:104E6000884201D0FFE71EE03A98006842F2000154
:104E7000C4F20201884201D1FFE7FFE73A980068D7
:104E800042F20011C4F20201884201D1FFE7FFE7BC
:104E90003A98006846F20001C5F60201884201D145
:104EA000FFE7FFE7FFE7FFE73A9890F85C0001288B
:104EB00005D1FFE702208DF8EF0000F043BE3A99DC
:104EC000012081F85C00FFE7FFE73A9800680EF0E8
:104ED000AFF8002840F02286FFE73998C078000636
:104EE000002837D4FFE73A98006846F20001C5F67B
:104EF000020188422DD0FFE739980068000330B9DD
:104F0000FFE739980068C0F38460329015E0399863
:104F1000006890FAA0F04C904C9820B9FFE7202050
:104F20008DF8370105E04C98B0FA80F08DF8370124
:104F3000FFE79DF837013290FFE7329800F01F013C
:104F4000012000FA01F23A980168C8691043C8616B
:104F5000FFE7FFE73A98006839990A6849680EF058
:104F600077F83A9800680EF063F834903A98006841
:104F70000EF036F833903498002840F05A82FFE75C
:104F80003398002840F05582FFE73A980068399A34
:104F9000116892680EF0B4F83A98006846F2000181
:104FA000C5F6020188420BD1FFE7399840693A996A
:104FB0000968C96801F0180189088840379038E00D
:104FC00041F20000C5F60040006800F07040B0F10A
:104FD000805F0BD1FFE7399840693A990968C96841
:104FE00001F01C014908884031901FE03A980068A0
:104FF000C068C00600280BD4FFE7399840693A9989
:105000000968C96801F01C014908884030900AE02D
:10501000399840693A990968C96801F0100149084E
:1050200088403090FFE730983190FFE73198379013
:10503000FFE739980069042841D0FFE73A980068F3
:1050400039990A680969379B0EF0E2F83A980068C6
:1050500046F20001C5F60201884215D1FFE73A98F1
:105060000068399A1169D2690EF022F93A980068FD
:10507000399A116992F82020013AB2FA82F2520963
:1050800052060EF0F5F819E03A980068399A11695D
:1050900092F82120013AB2FA82F25209D2070EF0B8
:1050A00027F93A980068399A1169127E013AB2FAE2
:1050B00082F25209D2020EF097F8FFE7B8E13A986F
:1050C000006846F20001C5F60201884240F06681A0
:1050D000FFE73A98006800210DF072FF000348B91D
:1050E000FFE73A98006800210DF06AFFC0F3846082
:1050F0002F9018E03A98006800210DF061FF90FAB7
:10510000A0F04A904A9820B9FFE720208DF82F019F
:1051100005E04A98B0FA80F08DF82F01FFE79DF87E
:105120002F012F90FFE72F982E90399800680003E9
:1051300030B9FFE739980068C0F384602D9015E01E
:105140003998006890FAA0F04890489820B9FFE795
:1051500020208DF8270105E04898B0FA80F08DF8FE
:105160002701FFE79DF827012D90FFE72E982D9945
:10517000884207D1FFE73A980068002211460EF0F6
:10518000D7F8FFE73A98006801210DF019FF0003F6
:1051900048B9FFE73A98006801210DF011FFC0F30C
:1051A00084602C9018E03A98006801210DF008FF07
:1051B00090FAA0F04690469820B9FFE720208DF89D
:1051C0001F0105E04698B0FA80F08DF81F01FFE757
:1051D0009DF81F012C90FFE72C982B9039980068C0
:1051E000000330B9FFE739980068C0F384602A9063
:1051F00015E03998006890FAA0F04490449820B9DE
:10520000FFE720208DF8170105E04498B0FA80F000
:105210008DF81701FFE79DF817012A90FFE72B98FB
:105220002A99884207D1FFE73A98006801210022B5
:105230000EF07EF8FFE73A98006802210DF0C0FEFC
:10524000000348B9FFE73A98006802210DF0B8FE64
:10525000C0F38460299018E03A98006802210DF0AC
:10526000AFFE90FAA0F04290429820B9FFE72020CC
:105270008DF80F0105E04298B0FA80F08DF80F012B
:10528000FFE79DF80F012990FFE7299828903998AA
:105290000068000330B9FFE739980068C0F3846004
:1052A000279015E03998006890FAA0F04090409857
:1052B00020B9FFE720208DF8070105E04098B0FAFB
:1052C00080F08DF80701FFE79DF807012790FFE7C1
:1052D00028982799884207D1FFE73A980068022169
:1052E00000220EF025F8FFE73A98006803210DF040
:1052F00067FE000348B9FFE73A98006803210DF004
:105300005FFEC0F38460269018E03A98006803219D
:105310000DF056FE90FAA0F03E903E9820B9FFE7BF
:1053200020208DF8FF0005E03E98B0FA80F08DF85F
:10533000FF00FFE79DF8FF002690FFE726982590E5
:1053400039980068000330B9FFE739980068C0F366
:105350008460249015E03998006890FAA0F03C90A1
:105360003C9820B9FFE720208DF8F70005E03C9835
:10537000B0FA80F08DF8F700FFE79DF8F700249071
:10538000FFE725982499884207D1FFE73A980068FB
:10539000032100220DF0CCFFFFE748E03A980068B7
:1053A000006E00F0F84039990968B0EB816F07D1C1
:1053B000FFE73A980168086E20F000400866FFE7B2
:1053C0003A980068406E00F0F84039990968B0EBEF
:1053D000816F07D1FFE73A980168486E20F00040DE
:1053E0004866FFE73A980068806E00F0F840399907
:1053F0000968B0EB816F07D1FFE73A980168886EC2
:1054000020F000408866FFE73A980068C06E00F020
:10541000F84039990968B0EB816F07D1FFE73A98F6
:105420000168C86E20F00040C866FFE7FFE7FFE7AD
:10543000FFE73A9800680DF0E3FD002840F06D8327
:10544000FFE73A980068399A1168D2680DF074FE47
:105450003998C0680021C4F2FF71884240F0F98198
:10546000FFE73A980068239042F20001C4F202017B
:10547000884240F0A480FFE7399800680221C0F21A
:105480003041884203D1FFE70120229094E039980F
:1054900000680421C0F66001884205D1FFE7402082
:1054A000C1F62010219084E0399800680821C0F6E8
:1054B0009041884205D1FFE78020C1F650502090EE
:1054C00074E0399800681021C1F2C001884206D109
:1054D000FFE740F20010C2F280101F9063E039989D
:1054E00000682021C1F2F041884206D1FFE740F276
:1054F0000020C2F2B0501E9052E03998006840F28D
:105500000041C2F60021884206D1FFE740F60000C4
:10551000C2F630601D9040E03998006840F6000106
:10552000C2F63061884206D1FFE741F20000C3F2C3
:1055300060201C902EE03998006841F20001C3F20F
:105540006021884206D1FFE742F20000C3F290607A
:105550001B901CE0399800680021C4F22131884278
:1055600005D1FFE70020C4F252701A900CE0399880
:1055700001680022C4F684320020914204BF00205A
:10558000C4F6B8701A90FFE71A981B90FFE71B98B3
:105590001C90FFE71C981D90FFE71D981E90FFE7E9
:1055A0001E981F90FFE71F982090FFE720982190FA
:1055B000FFE721982290FFE72298199044E13A985A
:1055C000006842F20011C4F20201884240F0948067
:1055D000FFE7399800680221C0F23041884203D1C8
:1055E000FFE70120189084E0399800680421C0F694
:1055F0006001884205D1FFE74020C1F620101790D6
:1056000074E0399800680821C0F69041884205D1BD
:10561000FFE78020C1F65050169064E0399800688A
:105620001021C1F2C001884206D1FFE740F200100C
:10563000C2F28010159053E0399800682021C1F221
:10564000F041884206D1FFE740F20020C2F2B0509C
:10565000149042E03998006840F20041C2F60021FF
:10566000884206D1FFE740F60000C2F63060139092
:1056700030E03998006840F60001C2F63061884297
:1056800006D1FFE741F20000C3F2602012901EE055
:105690003998006841F20001C3F26021884206D1C6
:1056A000FFE742F20000C3F2906011900CE03998DD
:1056B00001680022C4F684320020914204BF002019
:1056C000C4F6B8701190FFE711981290FFE7129896
:1056D0001390FFE713981490FFE714981590FFE7D5
:1056E00015981690FFE716981790FFE717981890EF
:1056F000FFE718981090A4E03A98006846F200017D
:10570000C5F60201884240F09680FFE739980068AC
:105710000221C0F23041884203D1FFE701200F90FF
:1057200086E0399800680421C0F66001884205D1FE
:10573000FFE74020C1F620100E9076E0399800680F
:105740000821C0F69041884205D1FFE78020C1F6CC
:1057500050500D9066E0399800681021C1F2C001E8
:10576000884206D1FFE740F20010C2F280100C9090
:1057700055E0399800682021C1F2F041884206D1F5
:10578000FFE740F20020C2F2B0500B9044E039989D
:10579000006840F20041C2F60021884206D1FFE7CE
:1057A00040F60000C2F630600A9032E03998006896
:1057B00040F60001C2F63061884206D1FFE741F2AF
:1057C0000000C3F26020099020E03998006842F29E
:1057D0000001C3F29061884206D1FFE744F2000065
:1057E000C3F6C02008900EE03998016844F2000228
:1057F000C3F6C0220020914204BF48F20000C3F665
:10580000F0600890FFE708980990FFE709980A9070
:10581000FFE70A980B90FFE70B980C90FFE70C98B6
:105820000D90FFE70D980E90FFE70E980F90FFE7A1
:105830000F98079002E000200790FFE7079810906C
:10584000FFE710981990FFE7239819990DF020FCB5
:10585000FFE73998C0780006002840F15D81FFE736
:105860003A980168012042F20002C4F20202914219
:1058700006900CD0FFE73A9800684DF60071CBF621
:10588000FD710844B0FA80F040090690FFE70698E1
:10589000C10746F20030C5F6020000291CBF42F2E3
:1058A0000030C4F202000DF083FB36903A98016894
:1058B0004FF0010042F20002C4F202029142059050
:1058C0000CD0FFE73A9800684DF60071CBF6FD71F9
:1058D0000844B0FA80F040090590FFE70598C10739
:1058E00046F20030C5F6020000291CBF42F200302B
:1058F000C4F2020042F20031C4F20201884212D125
:10590000FFE742F20000C4F202000DF079FB0390C1
:1059100042F20010C4F202000DF072FB014603983F
:105920000843049007E046F20000C5F602000DF0BF
:1059300067FB0490FFE70498002840F0E380FFE74E
:10594000399800680021CCF25271884255D1FFE7A6
:105950009DF8DA00000600284FD4FFE73A98006867
:1059600046F20001C5F60201884245D1FFE73A98A8
:105970000168012042F20002C4F202029142029048
:105980000CD0FFE73A9800684DF60071CBF6FD7138
:105990000844B0FA80F040090290FFE70298C1077E
:1059A00046F20030C5F6020000291CBF42F200306A
:1059B000C4F20200369941F400010DF005FC40F2FA
:1059C0003C00C2F2004000684FEA901042F663517A
:1059D000C0F23E51A0FB01104FEA90114FF00200BF
:1059E00000EB41003590FFE7359820B1FFE735988F
:1059F00001383590F8E7FFE783E039980068002127
:105A0000CCF22131884238D1FFE79DF8DB00C00796
:105A100098BBFFE73A98006846F20001C5F602011C
:105A2000884229D1FFE73A980168012042F200023A
:105A3000C4F20202914201900CD0FFE73A9800684C
:105A40004DF60071CBF6FD710844B0FA80F04009C4
:105A50000190FFE70198C10746F20030C5F6020049
:105A600000291CBF42F20030C4F20200369941F016
:105A700080710DF0A9FBFFE742E039980068002132
:105A8000CCF68431884239D1FFE79DF8DA00400630
:105A9000002833D4FFE73A98006846F20001C5F6C3
:105AA0000201884229D1FFE73A980168012042F2B9
:105AB0000002C4F20202914200900CD0FFE73A9833
:105AC00000684DF60071CBF6FD710844B0FA80F025
:105AD00040090090FFE70098C10746F20030C5F684
:105AE000020000291CBF42F20030C4F202003699C5
:105AF00041F480010DF068FBFFE700E0FFE7FFE7FE
:105B0000FFE708E03A99086E40F02000086601209F
:105B10008DF8E300FFE7FFE7FFE708E03A99086E3A
:105B200040F02000086601208DF8E300FFE7FFE762
:105B30003A99002081F85C00FFE79DF8E3008DF8BA
:105B4000EF00FFE79DF8EF004EB080BD00000000C1
:105B500010B590B00E9000208DF837000A900E9886
:105B600020B9FFE701208DF83F006EE20E98006932
:105B700040B1FFE70E9890F82000012801D1FFE71F
:105B8000FFE7FFE70E98006E50B9FFE70E9800F0B0
:105B900063FA0E99002048660E9981F85C00FFE7D1
:105BA0000E9800680DF024FA28B1FFE70E980068FF
:105BB0000DF0E2F9FFE70E9800680DF031FAE8B950
:105BC000FFE70E9800680DF0E3F940F23C00C2F2E6
:105BD00000400068800942F66351C0F23E51A0FBCC
:105BE0000101012000EB91100A90FFE70A9820B113
:105BF000FFE70A9801380A90F8E7FFE70E98006877
:105C00000DF00EFA70B9FFE70E99086E40F0100023
:105C100008660E99486E40F00100486601208DF834
:105C20003700FFE70E9800680DF002FA0B900E980F
:105C3000006EC006002800F1FA81FFE70B980028EB
:105C400040F0F581FFE70E98006E40F0020020F46E
:105C500080700E9908660E9800680DF0D1F9002842
:105C600070D1FFE70E980168012042F20002C4F2F1
:105C70000202914207900CD0FFE70E9800684DF6A3
:105C80000071CBF6FD710844B0FA80F0400907902E
:105C9000FFE70798C10746F20030C5F60200002969
:105CA0001CBF42F20030C4F2020042F20031C4F2E2
:105CB0000201884212D1FFE742F20000C4F2020062
:105CC0000DF09EF9059042F20010C4F202000DF0B2
:105CD00097F9014605980843069007E046F2000050
:105CE000C5F602000DF08CF90690FFE7069840BB60
:105CF000FFE70E980168012042F20002C4F202029E
:105D0000914204900CD0FFE70E9800684DF60071A8
:105D1000CBF6FD710844B0FA80F040090490FFE72B
:105D20000498C10746F20030C5F6020000291CBFE6
:105D300042F20030C4F202000E9949680DF034FAC4
:105D4000FFE7FFE70E98006846F20001C5F6020182
:105D500088423AD1FFE70E9A517ED06B40EA41313A
:105D60009068D26811430391082803D1FFE700200F
:105D700002901DE00E9880680C2803D1FFE70420F4
:105D8000019012E00E9880681C2803D1FFE70820DC
:105D9000009007E00E9881680020182908BF1C2099
:105DA0000090FFE700980190FFE701980290FFE75D
:105DB0000398029901F00C0140EA41000E9991F814
:105DC000201040EA01400C900CE00E994A7EC86B0E
:105DD00040EA42308A68104391F8201040EA0140BE
:105DE0000C90FFE70E9890F8200001280BD1FFE7F8
:105DF0000E98416A0020CFF6FE7000EB41410C98EE
:105E000008430C90FFE70E98806A50B1FFE70E99A7
:105E1000886AC96A00F4787001430C9808430C90B2
:105E2000FFE70E98006846F20001C5F602018842BD
:105E300018D1FFE70E980068C06844F20701CFF65A
:105E4000F07108400C9908430E990968C8600E98D3
:105E50000068006920F040600E9A1168526B104390
:105E600008610DE00E980068C0684CF20301CFF69F
:105E7000F07108400C9908430E990968C860FFE763
:105E80000E9800680DF0D4F809900E9800680DF097
:105E9000A7F808900998002840F0A880FFE7089824
:105EA000002840F0A380FFE70E98006846F200014A
:105EB000C5F60201884209D1FFE70E99087E91F8E4
:105EC0003810800340EA41000C9006E00E98017EF5
:105ED000006B40EA81300C90FFE70E980068C068C4
:105EE00044F2030188430C9908430E990968C8607D
:105EF0000E9890F84400012859D1FFE70E980068E9
:105F000046F20001C5F60201884201D1FFE700E038
:105F1000FFE70E98806A20B1FFE70E98C06A08B9C3
:105F2000FFE7FFE70E98006846F20001C5F60201A0
:105F300088421BD1FFE70E98006800694FF61E01EA
:105F4000CFF6004100EA01020E9B1968986CD3F865
:105F50004CE0D3F850C040EA0E0040EA0C005B6D04
:105F60001843104340F0010008611FE00E980068DC
:105F700000694FF61E01CFF6004100EA01020E9BB8
:105F800019689C6CD3F84CE0D3F850C00020CFF6D1
:105F9000FF7000EB044040EA0E0040EA0C005B6D2D
:105FA0001843104340F001000861FFE706E00E9837
:105FB0000168086920F001000861FFE70E98006899
:105FC000006920F070400E9A1168126C104308614D
:105FD0000E98006846F20001C5F60201884204D01E
:105FE000FFE70E98FDF780FCFFE7FFE70E980069DA
:105FF00001280CD1FFE70E980068006B20F00F001D
:106000000E9A1168D269013A1043086306E00E98AF
:106010000168086B20F00F000863FFE70E98006E20
:1060200040F0010020F002000E99086608E00E9989
:10603000086E40F01000086601208DF83700FFE779
:106040009DF837008DF83F00FFE79DF83F0010B046
:1060500010BD00000000000080B58CB00B90002047
:106060000A9009900890079006900B98006842F2F9
:106070000001C4F2020188425AD1FFE7FFE744F26F
:10608000D840C5F60200016841F0200101600068B7
:1060900000F0200005900598FFE7FFE744F2E0409C
:1060A000C5F60200016841F004010160006800F0DB
:1060B000040004900498FFE7102006900320079046
:1060C00000200190089040F60000C5F6020006A9E5
:1060D00004F0B2FC019944F27030C2F20040029028
:1060E0005822C4F202020260092242608160C1604B
:1060F0004FF4806202614FF4006242614FF400523B
:1061000082614FF48072C2610162416202F054F90F
:1061100018B1FFE7FEF728FBFFE7FFE70B9844F213
:106120007031C2F2004181650B988863FFE744E05B
:106130000B98006846F20001C5F6020188423BD187
:10614000FFE7FFE744F2E040C5F60200016841F0D6
:1061500080710160006800F0807003900398FFE791
:1061600044F2E830C2F2004000901021C4F2020173
:1061700001607321416000218160C1604FF4806241
:1061800002614FF4006242614FF400528261C161CA
:106190000162416202F010F918B1FFE7FEF7E4FA7C
:1061A000FFE7FFE70B9844F2E831C2F20041816556
:1061B0000B988863FFE7FFE7FFE70CB080BD0000A6
:1061C00080B58AB0089004F023FE0490089828B99E
:1061D000FFE701208DF8270000F0AABC089890F88E
:1061E000350002280ED0FFE7089980204865FFE7B8
:1061F0000899002081F83400FFE701208DF827007E
:1062000000F096BC0898016801201022C4F2020236
:106210009142039000F0A380FFE7089801680120F5
:106220002822C4F202029142039000F09880FFE716
:106230000898016801204022C4F2020291420390B2
:1062400000F08D80FFE70898016801205822C4F211
:1062500002029142039000F08280FFE708980168F3
:1062600001207022C4F202029142039077D0FFE72E
:106270000898016801208822C4F20202914203902A
:106280006DD0FFE7089801680120A022C4F2020245
:106290009142039063D0FFE7089801680120B8227B
:1062A000C4F202029142039059D0FFE708980168B6
:1062B000012040F21042C4F20202914203904ED0FB
:1062C000FFE708980168012040F22842C4F2020268
:1062D0009142039043D0FFE708980168012040F203
:1062E0004042C4F202029142039038D0FFE708987E
:1062F0000168012040F25842C4F202029142039028
:106300002DD0FFE708980168012040F27042C4F2E6
:1063100002029142039022D0FFE708980168012011
:1063200040F28842C4F202029142039017D0FFE784
:1063300008980168012040F2A042C4F20202914292
:1063400003900CD0FFE7089800684FF64831CBF671
:10635000FD710844B0FA80F040090390FFE703980C
:10636000C00780B1FFE708980168086820F01E00A8
:10637000086008980168486920F080004861089822
:106380000068059009E008980168086820F00E0090
:106390000860089800680590FFE7089801680120E8
:1063A0001022C4F202029142029000F00381FFE742
:1063B0000898016801202822C4F20202914202904A
:1063C00000F0F880FFE70898016801204022C4F23D
:1063D00002029142029000F0ED80FFE70898016808
:1063E00001205822C4F202029142029000F0E280A1
:1063F000FFE70898016801207022C4F2020291426E
:10640000029000F0D780FFE70898016801208822F9
:10641000C4F202029142029000F0CC80FFE708989B
:1064200001680120A022C4F202029142029000F011
:10643000C180FFE7089801680120B822C4F2020277
:106440009142029000F0B680FFE7089801680120B1
:1064500040F21042C4F202029142029000F0AA807F
:10646000FFE708980168012040F22842C4F20202C6
:106470009142029000F09E80FFE708980168012099
:1064800040F24042C4F202029142029000F0928037
:10649000FFE708980168012040F25842C4F2020266
:1064A0009142029000F08680FFE708980168012081
:1064B00040F27042C4F20202914202907AD0FFE7A9
:1064C00008980168012040F28842C4F20202914219
:1064D00002906FD0FFE708980168012040F2A042C7
:1064E000C4F202029142029064D0FFE7089801686A
:1064F000012040F2B842C4F202029142029059D007
:10650000FFE708980168012045F20842C5F602023B
:10651000914202904ED0FFE708980168012045F2B1
:106520001C42C5F602029142029043D0FFE7089850
:106530000168012045F23042C5F602029142029004
:1065400038D0FFE708980168012045F24442C5F6BB
:106550000202914202902DD0FFE7089801680120C5
:1065600045F25842C5F602029142029022D0FFE75E
:1065700008980168012045F26C42C5F6020291427A
:10658000029017D0FFE708980168012045F2804289
:10659000C5F60202914202900CD0FFE7089800680D
:1065A0004AF66C31CAF2FD710844B0FA80F0400935
:1065B0000290FFE70298C00738B1FFE70898016E24
:1065C000086820F480700860FFE7089800681021D0
:1065D000C4F20201884200F08180FFE70898006859
:1065E0002821C4F20201884278D0FFE708980068A9
:1065F0004021C4F20201884270D0FFE70898006889
:106600005821C4F20201884268D0FFE70898006868
:106610007021C4F20201884260D0FFE70898006848
:106620008821C4F20201884258D0FFE70898006828
:10663000A021C4F20201884250D0FFE70898006808
:10664000B821C4F20201884248D0FFE708980068E8
:1066500040F21041C4F2020188423FD0FFE708989F
:10666000006840F22841C4F20201884236D0FFE7B8
:106670000898006840F24041C4F2020188422DD0DF
:10668000FFE70898006840F25841C4F202018842CE
:1066900024D0FFE70898006840F27041C4F202017C
:1066A00088421BD0FFE70898006840F28841C4F296
:1066B0000201884212D0FFE70898006840F2A0412A
:1066C000C4F20201884209D0FFE70898006840F24E
:1066D000B841C4F20201884207D1FFE70898016877
:1066E000086820F00100086006E008980168086862
:1066F00020F001000860FFE7FFE705980068C00789
:10670000C8B1FFE704F084FB0499401A062811D3AE
:10671000FFE70899202048650899032081F8350093
:10672000FFE70899002081F83400FFE701208DF889
:106730002700FDE1E1E70898016801201022C4F27A
:1067400002029142019000F0A380FFE708980168DF
:1067500001202822C4F202029142019000F09880A8
:10676000FFE70898016801204022C4F2020291422A
:10677000019000F08D80FFE7089801680120582201
:10678000C4F202029142019000F08280FFE7089873
:10679000016801207022C4F202029142019077D078
:1067A000FFE70898016801208822C4F202029142A2
:1067B00001906DD0FFE7089801680120A022C4F283
:1067C00002029142019063D0FFE70898016801201E
:1067D000B822C4F202029142019059D0FFE7089812
:1067E0000168012040F21042C4F20202914201907D
:1067F0004ED0FFE708980168012040F22842C4F219
:1068000002029142019043D0FFE7089801680120FD
:1068100040F24042C4F202029142019038D0FFE7B8
:1068200008980168012040F25842C4F202029142E5
:1068300001902DD0FFE708980168012040F27042D6
:10684000C4F202029142019022D0FFE70898016849
:10685000012040F28842C4F202029142019017D016
:10686000FFE708980168012040F2A042C4F202024A
:10687000914201900CD0FFE7089800684FF648312C
:10688000CBF6FD710844B0FA80F040090190FFE7B3
:106890000198C00760B1FFE70898806D07900898DD
:1068A000C06D00F01F013F208840079988600BE011
:1068B0000898806D06900898C06D00F01F010120B7
:1068C000884006994860FFE7089801680120102277
:1068D000C4F202029142009000F00381FFE70898A1
:1068E000016801202822C4F202029142009000F0C7
:1068F000F880FFE70898016801204022C4F20202F4
:106900009142009000F0ED80FFE7089801680120B7
:106910005822C4F202029142009000F0E280FFE7A8
:106920000898016801207022C4F20202914200908E
:1069300000F0D780FFE70898016801208822C4F2A0
:1069400002029142009000F0CC80FFE708980168B5
:106950000120A022C4F202029142009000F0C18006
:10696000FFE7089801680120B822C4F202029142B0
:10697000009000F0B680FFE708980168012040F21F
:106980001042C4F202029142009000F0AA80FFE798
:1069900008980168012040F22842C4F202029142A4
:1069A000009000F09E80FFE708980168012040F207
:1069B0004042C4F202029142009000F09280FFE750
:1069C00008980168012040F25842C4F20202914244
:1069D000009000F08680FFE708980168012040F2EF
:1069E0007042C4F20202914200907AD0FFE7089808
:1069F0000168012040F28842C4F2020291420090F4
:106A00006FD0FFE708980168012040F2A042C4F26D
:106A100002029142009064D0FFE7089801680120CB
:106A200040F2B842C4F202029142009059D0FFE70E
:106A300008980168012045F20842C5F60202914219
:106A400000904ED0FFE708980168012045F21C42F3
:106A5000C5F602029142009043D0FFE70898016812
:106A6000012045F23042C5F602029142009038D032
:106A7000FFE708980168012045F24442C5F602028A
:106A8000914200902DD0FFE708980168012045F25F
:106A90005842C5F602029142009022D0FFE70898C2
:106AA0000168012045F26C42C5F602029142009055
:106AB00017D0FFE708980168012045F28042C5F62B
:106AC0000202914200900CD0FFE7089800684AF655
:106AD0006C31CAF2FD710844B0FA80F040090090B0
:106AE000FFE70098C007A0B1FFE70898416E806EED
:106AF00048600898C06E58B1FFE70898C16E0868F2
:106B000020F4807008600898016F406F4860FFE7CC
:106B1000FFE70899012081F83500FFE70899002078
:106B200081F83400FFE7FFE700208DF82700FFE73A
:106B30009DF827000AB080BD80B586B00490049807
:106B400020B9FFE701208DF8170046E3049890F87C
:106B50003500022807D0FFE704998020486501200E
:106B60008DF8170039E30498016801201022C4F25F
:106B700002029142029000F0A380FFE704980168AE
:106B800001202822C4F202029142029000F0988073
:106B9000FFE70498016801204022C4F202029142FA
:106BA000029000F08D80FFE70498016801205822D0
:106BB000C4F202029142029000F08280FFE7049842
:106BC000016801207022C4F202029142029077D043
:106BD000FFE70498016801208822C4F20202914272
:106BE00002906DD0FFE7049801680120A022C4F252
:106BF00002029142029063D0FFE7049801680120ED
:106C0000B822C4F202029142029059D0FFE70498E0
:106C10000168012040F21042C4F202029142029047
:106C20004ED0FFE704980168012040F22842C4F2E8
:106C300002029142029043D0FFE7049801680120CC
:106C400040F24042C4F202029142029038D0FFE783
:106C500004980168012040F25842C4F202029142B5
:106C600002902DD0FFE704980168012040F27042A5
:106C7000C4F202029142029022D0FFE70498016818
:106C8000012040F28842C4F202029142029017D0E1
:106C9000FFE704980168012040F2A042C4F202021A
:106CA000914202900CD0FFE7049800684FF64831FB
:106CB000CBF6FD710844B0FA80F040090290FFE77E
:106CC0000298C007002800F09D80FFE70499042087
:106CD00081F83500049800681021C4F2020188424E
:106CE00000F08180FFE7049800682821C4F20201C7
:106CF000884278D0FFE7049800684021C4F202017E
:106D0000884270D0FFE7049800685821C4F202015D
:106D1000884268D0FFE7049800687021C4F202013D
:106D2000884260D0FFE7049800688821C4F202011D
:106D3000884258D0FFE704980068A021C4F20201FD
:106D4000884250D0FFE704980068B821C4F20201DD
:106D5000884248D0FFE70498006840F21041C4F22E
:106D6000020188423FD0FFE70498006840F22841C2
:106D7000C4F20201884236D0FFE70498006840F26E
:106D80004041C4F2020188422DD0FFE70498006818
:106D900040F25841C4F20201884224D0FFE704982F
:106DA000006840F27041C4F2020188421BD0FFE744
:106DB0000498006840F28841C4F20201884212D06F
:106DC000FFE70498006840F2A041C4F20201884243
:106DD00009D0FFE70498006840F2B841C4F202010C
:106DE000884207D1FFE704980168086820F0010095
:106DF000086006E004980168086820F00100086057
:106E0000FFE7E5E104980168086820F00E000860DB
:106E1000049800681021C4F20201884200F08180C9
:106E2000FFE7049800682821C4F20201884278D064
:106E3000FFE7049800684021C4F20201884270D044
:106E4000FFE7049800685821C4F20201884268D024
:106E5000FFE7049800687021C4F20201884260D004
:106E6000FFE7049800688821C4F20201884258D0E4
:106E7000FFE704980068A021C4F20201884250D0C4
:106E8000FFE704980068B821C4F20201884248D0A4
:106E9000FFE70498006840F21041C4F20201884202
:106EA0003FD0FFE70498006840F22841C4F2020195
:106EB000884236D0FFE70498006840F24041C4F2AF
:106EC000020188422DD0FFE70498006840F2584143
:106ED000C4F20201884224D0FFE70498006840F21F
:106EE0007041C4F2020188421BD0FFE70498006899
:106EF00040F28841C4F20201884212D0FFE70498B0
:106F0000006840F2A041C4F20201884209D0FFE7C4
:106F10000498006840F2B841C4F20201884207D1E7
:106F2000FFE704980168086820F00100086006E0A7
:106F300004980168086820F001000860FFE70498E1
:106F4000016801201022C4F202029142019000F077
:106F50000381FFE70498016801202822C4F202029D
:106F60009142019000F0F880FFE704980168012049
:106F70004022C4F202029142019000F0ED80FFE74E
:106F80000498016801205822C4F202029142019043
:106F900000F0E280FFE70498016801207022C4F24B
:106FA00002029142019000F0D780FFE70498016847
:106FB00001208822C4F202029142019000F0CC80AC
:106FC000FFE7049801680120A022C4F20202914266
:106FD000019000F0C180FFE7049801680120B82209
:106FE000C4F202029142019000F0B680FFE70498DB
:106FF0000168012040F21042C4F202029142019065
:1070000000F0AA80FFE704980168012040F22842BE
:10701000C4F202029142019000F09E80FFE70498C2
:107020000168012040F24042C4F202029142019004
:1070300000F09280FFE704980168012040F2584276
:10704000C4F202029142019000F08680FFE70498AA
:107050000168012040F27042C4F2020291420190A4
:107060007AD0FFE704980168012040F28842C4F218
:107070000202914201906FD0FFE70498016801205D
:1070800040F2A042C4F202029142019064D0FFE7B4
:1070900004980168012040F2B842C4F20202914211
:1070A000019059D0FFE704980168012045F2084299
:1070B000C5F60202914201904ED0FFE704980168A4
:1070C000012045F21C42C5F602029142019043D0D4
:1070D000FFE704980168012045F23042C5F602023C
:1070E0009142019038D0FFE704980168012045F2F1
:1070F0004442C5F60202914201902DD0FFE7049868
:107100000168012045F25842C5F602029142019001
:1071100022D0FFE704980168012045F26C42C5F6D1
:1071200002029142019017D0FFE704980168012004
:1071300045F28042C5F60202914201900CD0FFE771
:10714000049800684AF66C31CAF2FD710844B0FA3E
:1071500080F040090190FFE70198C00728B3FFE7DE
:107160000498016E086820F4807008600498806DAF
:1071700003900498C06D00F01F010120884003991E
:1071800048600498416E806E48600498C06E58B1A3
:10719000FFE70498C16E086820F4807008600498C6
:1071A000016F406F4860FFE7FFE70499012081F815
:1071B0003500FFE70499002081F83400FFE70498C8
:1071C000006D20B1FFE70498016D8847FFE7FFE7F6
:1071D000FFE700208DF81700FFE79DF8170006B0C5
:1071E00080BD00000000000081B000900098406D5C
:1071F00001B070470000000080B590B00F900020F3
:107200000B9040F23C00C2F20040006848F2B51119
:10721000C1F64E31A0FB0110800A0A900F98806DD4
:1072200009900F98806D0890099800680E90089852
:1072300000680D900F98016801201022C4F202022C
:107240009142079000F0A380FFE70F9801680120AA
:107250002822C4F202029142079000F09880FFE7D2
:107260000F98016801204022C4F202029142079067
:1072700000F08D80FFE70F98016801205822C4F2CA
:1072800002029142079000F08280FFE70F980168A8
:1072900001207022C4F202029142079077D0FFE7EA
:1072A0000F98016801208822C4F2020291420790DF
:1072B0006DD0FFE70F9801680120A022C4F20202FE
:1072C0009142079063D0FFE70F9801680120B82230
:1072D000C4F202029142079059D0FFE70F9801686B
:1072E000012040F21042C4F20202914207904ED0B7
:1072F000FFE70F980168012040F22842C4F2020221
:107300009142079043D0FFE70F980168012040F2B7
:107310004042C4F202029142079038D0FFE70F9832
:107320000168012040F25842C4F2020291420790E3
:107330002DD0FFE70F980168012040F27042C4F29F
:1073400002029142079022D0FFE70F9801680120C6
:1073500040F28842C4F202029142079017D0FFE740
:107360000F980168012040F2A042C4F2020291424B
:1073700007900CD0FFE70F9800684FF64831CBF626
:10738000FD710844B0FA80F040090790FFE70798C4
:10739000C007002800F01385FFE70E980F99C96D0C
:1073A00001F01F01C8400007002840F1B080FFE74E
:1073B0000F9800681021C4F20201884200F0818019
:1073C000FFE70F9800682821C4F20201884278D0B4
:1073D000FFE70F9800684021C4F20201884270D094
:1073E000FFE70F9800685821C4F20201884268D074
:1073F000FFE70F9800687021C4F20201884260D054
:10740000FFE70F9800688821C4F20201884258D033
:10741000FFE70F980068A021C4F20201884250D013
:10742000FFE70F980068B821C4F20201884248D0F3
:10743000FFE70F98006840F21041C4F20201884251
:107440003FD0FFE70F98006840F22841C4F20201E4
:10745000884236D0FFE70F98006840F24041C4F2FE
:10746000020188422DD0FFE70F98006840F2584192
:10747000C4F20201884224D0FFE70F98006840F26E
:107480007041C4F2020188421BD0FFE70F980068E8
:1074900040F28841C4F20201884212D0FFE70F98FF
:1074A000006840F2A041C4F20201884209D0FFE71F
:1074B0000F98006840F2B841C4F20201884207D137
:1074C000FFE70F980068006800F00400069006E0EF
:1074D0000F980068006800F008000690FFE7069823
:1074E000A0B1FFE70F980168086820F00400086069
:1074F0000F98C06D00F01F0108208840099988602E
:107500000F99486D40F001004865FFE7FFE70E98CE
:107510000F99C96D01F01F01C840C007002800F095
:10752000A980FFE70F9800681021C4F20201884289
:1075300000F08180FFE70F9800682821C4F2020163
:10754000884278D0FFE70F9800684021C4F202011A
:10755000884270D0FFE70F9800685821C4F20201FA
:10756000884268D0FFE70F9800687021C4F20201DA
:10757000884260D0FFE70F9800688821C4F20201BA
:10758000884258D0FFE70F980068A021C4F202019A
:10759000884250D0FFE70F980068B821C4F202017A
:1075A000884248D0FFE70F98006840F21041C4F2CB
:1075B000020188423FD0FFE70F98006840F228415F
:1075C000C4F20201884236D0FFE70F98006840F20B
:1075D0004041C4F2020188422DD0FFE70F980068B5
:1075E00040F25841C4F20201884224D0FFE70F98CC
:1075F000006840F27041C4F2020188421BD0FFE7EC
:107600000F98006840F28841C4F20201884212D00B
:10761000FFE70F98006840F2A041C4F202018842DF
:1076200009D0FFE70F98006840F2B841C4F20201A8
:10763000884207D1FFE70F980068406900F080009A
:10764000059005E00F980068006800200590FFE7AE
:10765000059870B1FFE70F98C06D00F01F01012081
:107660008840099988600F99486D40F0020048658C
:10767000FFE7FFE70E980F99C96D01F01F01C840A1
:107680004007002840F1A980FFE70F98006810210B
:10769000C4F20201884200F08180FFE70F98006881
:1076A0002821C4F20201884278D0FFE70F980068D1
:1076B0004021C4F20201884270D0FFE70F980068B1
:1076C0005821C4F20201884268D0FFE70F98006891
:1076D0007021C4F20201884260D0FFE70F98006871
:1076E0008821C4F20201884258D0FFE70F98006851
:1076F000A021C4F20201884250D0FFE70F98006831
:10770000B821C4F20201884248D0FFE70F98006810
:1077100040F21041C4F2020188423FD0FFE70F98C7
:10772000006840F22841C4F20201884236D0FFE7E7
:107730000F98006840F24041C4F2020188422DD007
:10774000FFE70F98006840F25841C4F202018842F6
:1077500024D0FFE70F98006840F27041C4F20201A4
:1077600088421BD0FFE70F98006840F28841C4F2BE
:107770000201884212D0FFE70F98006840F2A04152
:10778000C4F20201884209D0FFE70F98006840F276
:10779000B841C4F20201884207D1FFE70F980068A0
:1077A000006800F00200049005E00F98006800688F
:1077B00000200490FFE7049870B1FFE70F98C06DB8
:1077C00000F01F0104208840099988600F99486DD6
:1077D00040F004004865FFE7FFE70E980F99C96D78
:1077E00001F01F01C840C006002840F1DE80FFE71D
:1077F0000F9800681021C4F20201884200F08180D5
:10780000FFE70F9800682821C4F20201884278D06F
:10781000FFE70F9800684021C4F20201884270D04F
:10782000FFE70F9800685821C4F20201884268D02F
:10783000FFE70F9800687021C4F20201884260D00F
:10784000FFE70F9800688821C4F20201884258D0EF
:10785000FFE70F980068A021C4F20201884250D0CF
:10786000FFE70F980068B821C4F20201884248D0AF
:10787000FFE70F98006840F21041C4F2020188420D
:107880003FD0FFE70F98006840F22841C4F20201A0
:10789000884236D0FFE70F98006840F24041C4F2BA
:1078A000020188422DD0FFE70F98006840F258414E
:1078B000C4F20201884224D0FFE70F98006840F22A
:1078C0007041C4F2020188421BD0FFE70F980068A4
:1078D00040F28841C4F20201884212D0FFE70F98BB
:1078E000006840F2A041C4F20201884209D0FFE7DB
:1078F0000F98006840F2B841C4F20201884207D1F3
:10790000FFE70F980068006800F00800039006E0A9
:107910000F980068006800F004000390FFE70398E8
:10792000002841D0FFE70F98C06D00F01F01102024
:107930008840099988600F98006800684003002813
:107940001AD5FFE70F98006800680003002809D4E3
:10795000FFE70F98006C20B1FFE70F98016C884794
:10796000FFE708E00F98806C20B1FFE70F98816C6B
:107970008847FFE7FFE716E00F9800680068C0053A
:10798000002807D4FFE70F980168086820F0080076
:107990000860FFE70F98006C20B1FFE70F98016CBB
:1079A0008847FFE7FFE7FFE7FFE70E980F99C96DEC
:1079B00001F01F01C8408006002840F12681FFE742
:1079C0000F9800681021C4F20201884200F0818003
:1079D000FFE70F9800682821C4F20201884278D09E
:1079E000FFE70F9800684021C4F20201884270D07E
:1079F000FFE70F9800685821C4F20201884268D05E
:107A0000FFE70F9800687021C4F20201884260D03D
:107A1000FFE70F9800688821C4F20201884258D01D
:107A2000FFE70F980068A021C4F20201884250D0FD
:107A3000FFE70F980068B821C4F20201884248D0DD
:107A4000FFE70F98006840F21041C4F2020188423B
:107A50003FD0FFE70F98006840F22841C4F20201CE
:107A6000884236D0FFE70F98006840F24041C4F2E8
:107A7000020188422DD0FFE70F98006840F258417C
:107A8000C4F20201884224D0FFE70F98006840F258
:107A90007041C4F2020188421BD0FFE70F980068D2
:107AA00040F28841C4F20201884212D0FFE70F98E9
:107AB000006840F2A041C4F20201884209D0FFE709
:107AC0000F98006840F2B841C4F20201884207D121
:107AD000FFE70F980068006800F01000029006E0D1
:107AE0000F980068006800F002000290FFE702981B
:107AF000002800F08980FFE70F98C06D00F01F019B
:107B000020208840099988600F9890F83500042853
:107B100037D1FFE70F980168086820F01600086069
:107B20000F980168486920F0800048610F98006C48
:107B300020B9FFE70F98806C38B1FFE70F98016814
:107B4000086820F008000860FFE70F98C06D00F09B
:107B50001F013F208840099988600F99012081F812
:107B60003500FFE70F99002081F83400FFE70F98F8
:107B7000006D20B1FFE70F98016D8847FFE700F027
:107B800019BC0F9800680068400300281AD5FFE769
:107B90000F98006800680003002809D4FFE70F98D9
:107BA000406C20B1FFE70F98416C8847FFE708E081
:107BB0000F98C06B20B1FFE70F98C16B8847FFE7B4
:107BC000FFE720E00F9800680068C005002811D486
:107BD000FFE70F980168086820F0100008600F990F
:107BE000012081F83500FFE70F99002081F834006B
:107BF000FFE7FFE70F98C06B20B1FFE70F98C16B5D
:107C00008847FFE7FFE7FFE7FFE70F98406D002891
:107C100000F0D480FFE70F98406DC007002800F007
:107C2000C480FFE70F99042081F835000F980068A1
:107C30001021C4F20201884200F08180FFE70F9812
:107C400000682821C4F20201884278D0FFE70F982B
:107C500000684021C4F20201884270D0FFE70F980B
:107C600000685821C4F20201884268D0FFE70F98EB
:107C700000687021C4F20201884260D0FFE70F98CB
:107C800000688821C4F20201884258D0FFE70F98AB
:107C90000068A021C4F20201884250D0FFE70F988B
:107CA0000068B821C4F20201884248D0FFE70F986B
:107CB000006840F21041C4F2020188423FD0FFE761
:107CC0000F98006840F22841C4F20201884236D081
:107CD000FFE70F98006840F24041C4F20201884279
:107CE0002DD0FFE70F98006840F25841C4F202011E
:107CF000884224D0FFE70F98006840F27041C4F238
:107D0000020188421BD0FFE70F98006840F28841CB
:107D1000C4F20201884212D0FFE70F98006840F2D7
:107D2000A041C4F20201884209D0FFE70F98006821
:107D300040F2B841C4F20201884207D1FFE70F9830
:107D40000168086820F00100086006E00F980168EB
:107D5000086820F001000860FFE7FFE70B9801309A
:107D60000B900A99884201D9FFE707E0FFE70F98D7
:107D700000680068C0070028F0D1FFE70F9800688E
:107D80000068C00728B1FFE70F99032081F835008C
:107D900004E00F99012081F83500FFE7FFE70F9914
:107DA000002081F83400FFE7FFE70F98C06C20B196
:107DB000FFE70F98C16C8847FFE7FFE7FAE20F98EB
:107DC0000168012045F20842C5F602029142019085
:107DD0004ED0FFE70F980168012045F21C42C5F61E
:107DE00002029142019043D0FFE70F980168012001
:107DF00045F23042C5F602029142019038D0FFE7C9
:107E00000F980168012045F24442C5F602029142F2
:107E100001902DD0FFE70F980168012045F25842EC
:107E2000C5F602029142019022D0FFE70F98016847
:107E3000012045F26C42C5F602029142019017D032
:107E4000FFE70F980168012045F28042C5F6020263
:107E5000914201900CD0FFE70F9800684AF66C3110
:107E6000CAF2FD710844B0FA80F040090190FFE7C2
:107E70000198C007002800F09B82FFE70F98006878
:107E800000680C900D980F99C96D01F01F01C84052
:107E90004007002840F1D780FFE79DF830004007F9
:107EA000002840F1D080FFE70F98C06D00F01F015F
:107EB00004208840089948609DF831000006002899
:107EC00018D5FFE79DF83200C00748B9FFE70F98C3
:107ED000806C20B1FFE70F98816C8847FFE708E0CE
:107EE0000F98006C20B1FFE70F98016C8847FFE7FF
:107EF000FFE7A7E09DF830008006002800F1998098
:107F0000FFE70F9800681021C4F20201884200F0D8
:107F10008180FFE70F9800682821C4F2020188429F
:107F200078D0FFE70F9800684021C4F20201884230
:107F300070D0FFE70F9800685821C4F20201884210
:107F400068D0FFE70F9800687021C4F202018842F0
:107F500060D0FFE70F9800688821C4F202018842D0
:107F600058D0FFE70F980068A021C4F202018842B0
:107F700050D0FFE70F980068B821C4F20201884290
:107F800048D0FFE70F98006840F21041C4F20201A8
:107F900088423FD0FFE70F98006840F22841C4F2C2
:107FA0000201884236D0FFE70F98006840F2404156
:107FB000C4F2020188422DD0FFE70F98006840F21A
:107FC0005841C4F20201884224D0FFE70F980068AC
:107FD00040F27041C4F2020188421BD0FFE70F98C3
:107FE000006840F28841C4F20201884212D0FFE7E3
:107FF0000F98006840F2A041C4F20201884209D003
:10800000FFE70F98006840F2B841C4F202018842CD
:1080100007D1FFE70F980168086820F008000860A2
:1080200006E00F980168086820F004000860FFE788
:10803000FFE70F98006C20B1FFE70F98016C8847AD
:10804000FFE7FFE7B3E10D980F99C96D01F01F013C
:10805000C8408007002840F1E180FFE79DF830002C
:108060008007002840F1DA80FFE70F98C06D00F02C
:108070001F0102208840089948609DF831000006E1
:10808000002818D5FFE79DF83200C00748B9FFE780
:108090000F98406C20B1FFE70F98416C8847FFE7CD
:1080A00008E00F98C06B20B1FFE70F98C16B8847BD
:1080B000FFE7FFE7B1E09DF830008006002800F1FF
:1080C000A380FFE70F9800681021C4F202018842E4
:1080D00000F08180FFE70F9800682821C4F20201B8
:1080E000884278D0FFE70F9800684021C4F202016F
:1080F000884270D0FFE70F9800685821C4F202014F
:10810000884268D0FFE70F9800687021C4F202012E
:10811000884260D0FFE70F9800688821C4F202010E
:10812000884258D0FFE70F980068A021C4F20201EE
:10813000884250D0FFE70F980068B821C4F20201CE
:10814000884248D0FFE70F98006840F21041C4F21F
:10815000020188423FD0FFE70F98006840F22841B3
:10816000C4F20201884236D0FFE70F98006840F25F
:108170004041C4F2020188422DD0FFE70F98006809
:1081800040F25841C4F20201884224D0FFE70F9820
:10819000006840F27041C4F2020188421BD0FFE740
:1081A0000F98006840F28841C4F20201884212D060
:1081B000FFE70F98006840F2A041C4F20201884234
:1081C00009D0FFE70F98006840F2B841C4F20201FD
:1081D000884207D1FFE70F980168086820F0140073
:1081E000086006E00F980168086820F00A0008603F
:1081F000FFE70F99012081F83500FFE70F99002074
:1082000081F83400FFE7FFE70F98C06B20B1FFE76C
:108210000F98C16B8847FFE7FFE7C7E00D980F99FC
:10822000C96D01F01F01C8400007002840F1BC8063
:10823000FFE79DF830000007002840F1B580FFE718
:108240000F9800681021C4F20201884200F081807A
:10825000FFE70F9800682821C4F20201884278D015
:10826000FFE70F9800684021C4F20201884270D0F5
:10827000FFE70F9800685821C4F20201884268D0D5
:10828000FFE70F9800687021C4F20201884260D0B5
:10829000FFE70F9800688821C4F20201884258D095
:1082A000FFE70F980068A021C4F20201884250D075
:1082B000FFE70F980068B821C4F20201884248D055
:1082C000FFE70F98006840F21041C4F202018842B3
:1082D0003FD0FFE70F98006840F22841C4F2020146
:1082E000884236D0FFE70F98006840F24041C4F260
:1082F000020188422DD0FFE70F98006840F25841F4
:10830000C4F20201884224D0FFE70F98006840F2CF
:108310007041C4F2020188421BD0FFE70F98006849
:1083200040F28841C4F20201884212D0FFE70F9860
:10833000006840F2A041C4F20201884209D0FFE780
:108340000F98006840F2B841C4F20201884207D198
:10835000FFE70F980168086820F01C00086006E03D
:108360000F980168086820F00E000860FFE70F987A
:10837000C06D00F01F01012000FA01F1089A516060
:108380000F9948650F9981F83500FFE70F99002094
:1083900081F83400FFE70F98C06C20B1FFE70F9819
:1083A000C16C8847FFE700E0FFE7FFE7FFE700E079
:1083B000FFE7FFE710B080BD10B58EB00C9002F063
:1083C00027FD0A900C9828B9FFE701208DF83700A7
:1083D00000F09EBC0C98016801201022C4F2020239
:1083E0009142079000F0A380FFE70C9801680120FC
:1083F0002822C4F202029142079000F09880FFE721
:108400000C98016801204022C4F2020291420790B8
:1084100000F08D80FFE70C98016801205822C4F21B
:1084200002029142079000F08280FFE70C980168F9
:1084300001207022C4F202029142079077D0FFE738
:108440000C98016801208822C4F202029142079030
:108450006DD0FFE70C9801680120A022C4F202024F
:108460009142079063D0FFE70C9801680120B82281
:10847000C4F202029142079059D0FFE70C980168BC
:10848000012040F21042C4F20202914207904ED005
:10849000FFE70C980168012040F22842C4F2020272
:1084A0009142079043D0FFE70C980168012040F209
:1084B0004042C4F202029142079038D0FFE70C9884
:1084C0000168012040F25842C4F202029142079032
:1084D0002DD0FFE70C980168012040F27042C4F2F1
:1084E00002029142079022D0FFE70C980168012018
:1084F00040F28842C4F202029142079017D0FFE78F
:108500000C980168012040F2A042C4F2020291429C
:1085100007900CD0FFE70C9800684FF64831CBF677
:10852000FD710844B0FA80F040090790FFE7079812
:10853000C007002800F07881FFE70C98406A08B176
:10854000FFE7FFE70C99022081F83500FFE70C995F
:10855000002081F83400FFE70C9800681021C4F275
:108560000201884200F08180FFE70C980068282112
:10857000C4F20201884278D0FFE70C9800684021DD
:10858000C4F20201884270D0FFE70C9800685821BD
:10859000C4F20201884268D0FFE70C98006870219D
:1085A000C4F20201884260D0FFE70C98006888217D
:1085B000C4F20201884258D0FFE70C980068A0215D
:1085C000C4F20201884250D0FFE70C980068B8213D
:1085D000C4F20201884248D0FFE70C98006840F2DC
:1085E0001041C4F2020188423FD0FFE70C980068B6
:1085F00040F22841C4F20201884236D0FFE70C98CD
:10860000006840F24041C4F2020188422DD0FFE7E9
:108610000C98006840F25841C4F20201884224D00C
:10862000FFE70C98006840F27041C4F202018842F2
:108630001BD0FFE70C98006840F28841C4F20201A9
:10864000884212D0FFE70C98006840F2A041C4F2C3
:108650000201884209D0FFE70C98006840F2B84157
:10866000C4F20201884207D1FFE70C98016808684C
:1086700020F00100086006E00C980168086820F00E
:1086800001000860FFE7FFE70C9800680068C0077A
:1086900098B1FFE702F0BCFB0A99401A06280BD3F9
:1086A000FFE70C99202048650C99032081F83500DC
:1086B00001208DF837002BE3E6E70C98006800688E
:1086C0000B900B9848F23F01CFF6106108400B90D9
:1086D0000C998868D1F80CC00B694A6940EA0C0013
:1086E000184310438A691043CA691043096A014359
:1086F0000B9808430B900C98406A042808D1FFE7B8
:108700000C99C86A096B01430B9808430B90FFE76B
:108710000C984068292807D3FFE70C98416801208E
:108720002F29069036D3FFE70C9840683F2807D3DF
:10873000FFE70C9841680120432906902AD3FFE700
:108740000C984068472807D3FFE70C984168012040
:10875000492906901ED3FFE70C9840684F2807D39D
:10876000FFE70C98416801205329069012D3FFE7D8
:108770000C98416800207429059008D3FFE70C98F5
:1087800041680020782938BF01200590FFE705984F
:108790000690FFE70698C00728B1FFE70B9840F462
:1087A00080100B90FFE70B980C99096808600C98F3
:1087B000006840690B900B9820F007000B900C9814
:1087C000416A0B9808430B900C98406A04281AD110
:1087D000FFE70C98816A0B9808430B900C98C06ACD
:1087E00080B1FFE70C98FBF7ABFC50B1FFE70C99A9
:1087F000402048650C99012081F835008DF837003C
:1088000086E2FFE7FFE70B980C99096848610C982E
:10881000FBF75AFA09900C98C06D00F01F013F2039
:1088200088400999886026E10C980168012045F28A
:108830000842C5F60202914204904ED0FFE70C9820
:108840000168012045F21C42C5F6020291420490E3
:1088500043D0FFE70C980168012045F23042C5F68D
:1088600002029142049038D0FFE70C980168012081
:1088700045F24442C5F60202914204902DD0FFE732
:108880000C980168012045F25842C5F60202914257
:10889000049022D0FFE70C980168012045F26C4259
:1088A000C5F602029142049017D0FFE70C980168C8
:1088B000012045F28042C5F60202914204900CD09C
:1088C000FFE70C9800684AF66C31CAF2FD71084463
:1088D000B0FA80F040090490FFE70498C007002830
:1088E00000F0BD80FFE70C980168012045F20842C6
:1088F000C5F60202914203904ED0FFE70C98016842
:10890000012045F21C42C5F602029142039043D079
:10891000FFE70C980168012045F23042C5F60202DB
:108920009142039038D0FFE70C980168012045F28E
:108930004442C5F60202914203902DD0FFE70C9805
:108940000168012045F25842C5F6020291420390A7
:1089500022D0FFE70C980168012045F26C42C5F671
:1089600002029142039017D0FFE70C9801680120A2
:1089700045F28042C5F60202914203900CD0FFE717
:108980000C9800684AF66C31CAF2FD710844B0FADE
:1089900080F040090390FFE70398C00708B1FFE7A4
:1089A000FFE70C99022081F83500FFE70C990020C1
:1089B00081F83400FFE70C98006800680B900B9872
:1089C0006FF310100B900C988068402803D1FFE7DC
:1089D0001020029008E00C9880688038B0FA80F08F
:1089E000400980030290FFE702980C99CA680B695E
:1089F000D1F814C0D1F818E0CC694EEA040E4CEA64
:108A00000E0C43EA0C031A4340EAD200096A40EA1A
:108A100011110B9808430B900B980C99096808608A
:108A20000C9908684AF6F832CAF2FD7210444CF606
:108A3000CD42CCF6CC42A0FB02026FF0030000EA6C
:108A40009200C8650C98FBF73FF908900C98C06D30
:108A500000F01F0101208840089948600AE00C9945
:108A6000402048650C99032081F8350001208DF8DD
:108A700037004DE1FFE70C98016801201022C4F295
:108A800002029142019000F00381FFE70C98016817
:108A900001202822C4F202029142019000F0F880E5
:108AA000FFE70C98016801204022C4F202029142C3
:108AB000019000F0ED80FFE70C980168012058223A
:108AC000C4F202029142019000F0E280FFE70C98AC
:108AD000016801207022C4F202029142019000F06C
:108AE000D780FFE70C98016801208822C4F20202B7
:108AF0009142019000F0CC80FFE70C9801680120C2
:108B0000A022C4F202029142019000F0C180FFE76E
:108B10000C9801680120B822C4F20202914201902F
:108B200000F0B680FFE70C980168012040F2104287
:108B3000C4F202029142019000F0AA80FFE70C9873
:108B40000168012040F22842C4F2020291420190E1
:108B500000F09E80FFE70C980168012040F240423F
:108B6000C4F202029142019000F09280FFE70C985B
:108B70000168012040F25842C4F202029142019081
:108B800000F08680FFE70C980168012040F27042F7
:108B9000C4F20202914201907AD0FFE70C9801687A
:108BA000012040F28842C4F20202914201906FD04B
:108BB000FFE70C980168012040F2A042C4F20202D3
:108BC0009142019064D0FFE70C980168012040F2C7
:108BD000B842C4F202029142019059D0FFE70C98CA
:108BE0000168012045F20842C5F602029142019057
:108BF0004ED0FFE70C980168012045F21C42C5F6F3
:108C000002029142019043D0FFE70C9801680120D5
:108C100045F23042C5F602029142019038D0FFE79A
:108C20000C980168012045F24442C5F602029142C7
:108C300001902DD0FFE70C980168012045F25842C1
:108C4000C5F602029142019022D0FFE70C9801681C
:108C5000012045F26C42C5F602029142019017D004
:108C6000FFE70C980168012045F28042C5F6020238
:108C7000914201900CD0FFE70C9800684AF66C31E5
:108C8000CAF2FD710844B0FA80F040090190FFE794
:108C90000198C00790B3FFE70C98FBF7FDF80C981C
:108CA0008068802804D1FFE70C9900204860FFE726
:108CB0000C990879096E08600C98416E806E4860C6
:108CC0000C98406888B1FFE70C98406808280CD8D9
:108CD000FFE70C98FBF79CF90C98C16E0020086028
:108CE0000C98016F406F486007E00C990020C8663F
:108CF0000C9908670C994867FFE7FFE70C9900207B
:108D000048650C9A012182F835108DF83700FFE78D
:108D10009DF837000EB010BD80B588B00690059163
:108D20000492039300208DF80B00069820B9FFE70A
:108D300001208DF81F006CE3FFE7069890F83400DF
:108D4000012804D1FFE702208DF81F0061E3069996
:108D5000012081F83400FFE7FFE7069890F835001E
:108D6000012840F04383FFE70699022081F835008F
:108D7000069900204865069800681021C4F2020197
:108D8000884200F08180FFE7069800682821C4F23D
:108D90000201884278D0FFE7069800684021C4F2BB
:108DA0000201884270D0FFE7069800685821C4F29B
:108DB0000201884268D0FFE7069800687021C4F27B
:108DC0000201884260D0FFE7069800688821C4F25B
:108DD0000201884258D0FFE706980068A021C4F23B
:108DE0000201884250D0FFE706980068B821C4F21B
:108DF0000201884248D0FFE70698006840F210411F
:108E0000C4F2020188423FD0FFE70698006840F2B2
:108E10002841C4F20201884236D0FFE70698006874
:108E200040F24041C4F2020188422DD0FFE706988B
:108E3000006840F25841C4F20201884224D0FFE7A2
:108E40000698006840F27041C4F2020188421BD0CB
:108E5000FFE70698006840F28841C4F202018842A8
:108E600012D0FFE70698006840F2A041C4F2020168
:108E7000884209D0FFE70698006840F2B841C4F282
:108E80000201884207D1FFE706980168086820F0D0
:108E90000100086006E006980168086820F00100FB
:108EA0000860FFE706980599049A039BFBF7C0F951
:108EB0000698016801201022C4F20202914201903A
:108EC00000F0A380FFE70698016801202822C4F281
:108ED00002029142019000F09880FFE70698016835
:108EE00001204022C4F202029142019000F08D80E4
:108EF000FFE70698016801205822C4F2020291425D
:108F0000019000F08280FFE706980168012070223E
:108F1000C4F202029142019077D0FFE706980168FF
:108F200001208822C4F20202914201906DD0FFE735
:108F3000069801680120A022C4F202029142019029
:108F400063D0FFE7069801680120B822C4F202024C
:108F50009142019059D0FFE706980168012040F244
:108F60001042C4F20202914201904ED0FFE70698EF
:108F70000168012040F22842C4F2020291420190AD
:108F800043D0FFE706980168012040F24042C4F256
:108F900002029142019038D0FFE706980168012053
:108FA00040F25842C4F20202914201902DD0FFE7F4
:108FB00006980168012040F27042C4F20202914218
:108FC000019022D0FFE706980168012040F2884214
:108FD000C4F202029142019017D0FFE7069801689F
:108FE000012040F2A042C4F20202914201900CD052
:108FF000FFE7069800684FF64831CBF6FD7108444C
:10900000B0FA80F040090190FFE70198C007A8B1CD
:10901000FFE70698006800680B2161F34400069999
:10902000096808600698006C38B1FFE70698016887
:10903000086840F008000860FFE714E00698006840
:109040000068052161F343000699096808600698E5
:10905000006C38B1FFE706980168086840F004002A
:109060000860FFE7FFE70698016801201022C4F2BC
:1090700002029142009000F00381FFE70698016828
:1090800001202822C4F202029142009000F0F880F0
:10909000FFE70698016801204022C4F202029142D3
:1090A000009000F0ED80FFE706980168012058224B
:1090B000C4F202029142009000F0E280FFE70698BD
:1090C000016801207022C4F202029142009000F077
:1090D000D780FFE70698016801208822C4F20202C7
:1090E0009142009000F0CC80FFE7069801680120D3
:1090F000A022C4F202029142009000F0C180FFE77A
:10910000069801680120B822C4F202029142009040
:1091100000F0B680FFE706980168012040F2104297
:10912000C4F202029142009000F0AA80FFE7069884
:109130000168012040F22842C4F2020291420090EC
:1091400000F09E80FFE706980168012040F240424F
:10915000C4F202029142009000F09280FFE706986C
:109160000168012040F25842C4F20202914200908C
:1091700000F08680FFE706980168012040F2704207
:10918000C4F20202914200907AD0FFE7069801688B
:10919000012040F28842C4F20202914200906FD056
:1091A000FFE706980168012040F2A042C4F20202E3
:1091B0009142009064D0FFE706980168012040F2D8
:1091C000B842C4F202029142009059D0FFE70698DB
:1091D0000168012045F20842C5F602029142009062
:1091E0004ED0FFE706980168012045F21C42C5F603
:1091F00002029142009043D0FFE7069801680120E7
:1092000045F23042C5F602029142009038D0FFE7A5
:1092100006980168012045F24442C5F602029142D7
:1092200000902DD0FFE706980168012045F25842D2
:10923000C5F602029142009022D0FFE7069801682D
:10924000012045F26C42C5F602029142009017D00F
:10925000FFE706980168012045F28042C5F6020248
:10926000914200900CD0FFE7069800684AF66C31F6
:10927000CAF2FD710844B0FA80F040090090FFE79F
:109280000098C007D0B1FFE70698006E0068C003E1
:10929000002807D5FFE70698016E086840F4807043
:1092A0000860FFE70698C06E38B1FFE70698C16E08
:1092B000086840F480700860FFE7FFE706980068E0
:1092C0001021C4F20201884200F08180FFE7069875
:1092D00000682821C4F20201884278D0FFE706988E
:1092E00000684021C4F20201884270D0FFE706986E
:1092F00000685821C4F20201884268D0FFE706984E
:1093000000687021C4F20201884260D0FFE706982D
:1093100000688821C4F20201884258D0FFE706980D
:109320000068A021C4F20201884250D0FFE70698ED
:109330000068B821C4F20201884248D0FFE70698CD
:10934000006840F21041C4F2020188423FD0FFE7BA
:109350000698006840F22841C4F20201884236D0E3
:10936000FFE70698006840F24041C4F202018842DB
:109370002DD0FFE70698006840F25841C4F2020180
:10938000884224D0FFE70698006840F27041C4F29A
:10939000020188421BD0FFE70698006840F288412E
:1093A000C4F20201884212D0FFE70698006840F23A
:1093B000A041C4F20201884209D0FFE70698006884
:1093C00040F2B841C4F20201884207D1FFE7069893
:1093D0000168086840F00100086006E0069801682E
:1093E000086840F001000860FFE70DE006994FF4BF
:1093F00000604865FFE70699002081F83400FFE728
:1094000001208DF80B00FFE79DF80B008DF81F0081
:10941000FFE79DF81F0008B080BD000000000000BD
:1094200080B584B0039001F0F3FC029003980190A2
:109430000198013048B1FFE740F2BC20C2F2004081
:109440000178019808440190FFE7FFE701F0E0FC94
:109450000299401A0199884201D2FFE7F6E704B069
:1094600080BD00000000000085B0039002910192D1
:10947000039890F898008DF803009DF803000128E8
:1094800005D0FFE79DF8030002285DD1FFE70298B1
:1094900003990968896D084207D1FFE703980168BD
:1094A000C86D40F00100C86515E00298039909688D
:1094B000896D08400299884207D1FFE70398016847
:1094C000C86D40F00200C86504E0039801680320FD
:1094D000C865FFE7FFE79DF809008007002809D568
:1094E000FFE7019A03980168D1F8E0001043C1F842
:1094F000E000FFE79DF809004007002809D5FFE7D5
:10950000019A03980168D1F8E4001043C1F8E4001F
:10951000FFE7FFE702984FF6FF71C3F6CF7100EA4D
:10952000010203980168486D10434865029A4AF6A3
:109530001401C4F20001086840EA92700860FFE775
:1095400000208DF813000AE00399D1F89C0040F048
:109550000200C1F89C0001208DF81300FFE79DF880
:10956000130005B07047000080B586B004900391E9
:1095700002920398406808B9FFE700E0FFE704980B
:1095800090F89800022845D1FFE704980068D0F8C9
:10959000C00010F07C5F0BD1FFE70499D1F89C006C
:1095A00040F02000C1F89C0001208DF817003CE03D
:1095B00004980068D0F8C400800200280BD5FFE7AB
:1095C0000499D1F89C0040F40070C1F89C0001207F
:1095D0008DF8170029E004980068D0F8C400C0F3A3
:1095E0000440019004980399029A019BFBF740FA0A
:1095F0000199012000FA01F1049A1268C2F8D01012
:10960000019988400499C1F89400FFE700208DF883
:1096100017000AE00499D1F89C0040F00800C1F856
:109620009C0001208DF81700FFE79DF8170006B099
:1096300080BD00000000000082B00190009102B0E7
:10964000704700000000000084B002900191009279
:10965000019808B9FFE700E0FFE7029890F898004A
:10966000012836D1FFE7019870B9FFE7029800683A
:10967000D0F8F00020F07C50009940EA0160029997
:109680000968C1F8F00020E0019801280ED1FFE739
:1096900002980068D0F8A00020F0FE40009940EA4F
:1096A000016002990968C1F8A0000DE00298006805
:1096B000D0F8B00020F0FE40009940EA0160029925
:1096C0000968C1F8B000FFE7FFE700208DF80F0040
:1096D0000AE00299D1F89C0040F00400C1F89C0017
:1096E00001208DF80F00FFE79DF80F0004B07047D0
:1096F00087B005900491059890F898008DF80300C4
:109700009DF80300012805D0FFE79DF8030002281B
:109710006AD1FFE70498C068072801D1FFE7FFE797
:109720000498006878BBFFE70498C068072801D058
:10973000FFE7FFE70498C06807280CD1FFE7049A09
:1097400010699169D269000440EA0220084340F0A0
:10975000605003900CE004998868CB680A694969F5
:10976000800740EAC36040EA024008430390FFE7F5
:109770000598C06E0499496800EB81000190039838
:10978000019908602CE00498C068072801D0FFE721
:10979000FFE70498C168006940EA417003900498AB
:1097A000C068072804D1FFE704988069029006E0AA
:1097B00004988168406940EA81700290FFE705984B
:1097C000006F0499496800EBC1000190039801996A
:1097D0000860019804300190029801990860FFE741
:1097E00000208DF81B000AE00599D1F89C0040F09C
:1097F0000200C1F89C0001208DF81B00FFE79DF8D6
:109800001B0007B07047000085B0DDF814C003905E
:10981000029101920093039890F89800012812D1C8
:10982000FFE702980001019940EA8100009940EAAF
:1098300041000599084303990968C1F88000002098
:109840008DF813000AE00399D1F89C0040F0040061
:10985000C1F89C0001208DF81300FFE79DF813006C
:1098600005B070470000000080B584B0039041F659
:109870003410C2F20040009003A92BF0D5FE01463F
:10988000009802912BF0C0FE019002A801A935F0CA
:10989000D7F840B1FFE702A823F0D6F84068039953
:1098A0001FF066FBFFE704B080BD00000000000071
:1098B00082B00190009102B07047000000000000EB
:1098C0008AB00890079106920593002001900898AD
:1098D00090F898008DF803009DF80300022840F0EE
:1098E0005C81FFE70798402851D1FFE7089800689E
:1098F000D0F8A00010F4FE0F0BD1FFE70899D1F8C3
:109900009C0040F02000C1F89C0001208DF8270049
:109910004EE108980068D0F8A400400658B9FFE767
:109920000899D1F89C0040F48070C1F89C00012097
:109930008DF827003CE108980068D0F8A40000F0FA
:1099400080710120B0EB116F0DD1FFE7089800681E
:10995000D0F8A0100120B0EBD17F03D1FFE70120A8
:109960000190FFE7FFE708980068D0F8A40000F432
:109970007C51019800EB112001900898426C406FD7
:109980000199514300EB81000490FFE770E00798D4
:10999000412851D1FFE708980068D0F8B00010F4D2
:1099A000FE0F0BD1FFE70899D1F89C0040F0200092
:1099B000C1F89C0001208DF82700F9E008980068A4
:1099C000D0F8B400400658B9FFE70899D1F89C00D8
:1099D00040F48070C1F89C0001208DF82700E7E07A
:1099E00008980068D0F8B40000F080710120B0EB56
:1099F000116F0DD1FFE708980068D0F8B010012072
:109A0000B0EBD17F03D1FFE701200190FFE7FFE733
:109A100008980068D0F8B40000F47C51019800EB7D
:109A2000112001900898C26C806F0199514300EB9E
:109A300081000490FFE71AE007980899096D8842B1
:109A40000BD3FFE70899D1F89C0040F02000C1F843
:109A50009C0001208DF82700AAE00898426DC06F95
:109A60000799514300EB81000490FFE7FFE7FFE710
:109A70000498006800F080400699486006984068A5
:109A800038B9FFE704980068C0F38A400699086077
:109A900006E00498006820F0604006990860FFE73F
:109AA0000498006800F000500699886004980068E7
:109AB00000F000400699086104980430049004986E
:109AC00000880699C86104980068C0F303400699AD
:109AD000C8600498006800F48010069948610498F2
:109AE000006800F400100699886104980068C0F3CB
:109AF00006600699086204980068C00F06994862DB
:109B00000498043004900498039000200290FFE72A
:109B100002980699CA6845F20C11C0F60401895CE6
:109B200088420AD2FFE70398029A805C059988541C
:109B3000FFE7029801300290EAE70798402806D133
:109B4000FFE7019808990968C1F8A80021E0079883
:109B5000412806D1FFE7019808990968C1F8B800C3
:109B600016E007981F2808D8FFE7079901208840CA
:109B700008990968C1F8980009E0079800F01F01EA
:109B80000120884008990968C1F89C00FFE7FFE7B9
:109B9000FFE700208DF827000AE00899D1F89C0023
:109BA00040F00800C1F89C0001208DF82700FFE775
:109BB0009DF827000AB0704781B0009001B070474F
:109BC00080B594B013904AF61000C4F2000000680B
:109BD000800712904AF61400C4F20000016812983F
:109BE00000EA8170129013980068006D00F47040D4
:109BF000119013980068416D1198084011901398C6
:109C00000068006D00F00F00109013980068416D1F
:109C100010980840109013980068006D00F0F00054
:109C20000F9013980068416D0F9808400F9013989B
:109C30000068006D00F071500E9013980068416D3F
:109C40000E9808400E9013980068006D00F0607048
:109C50000D9013980068416D0D9808400D90139871
:109C60000068406D039013980068006D01909DF8A6
:109C70000D00C007B8B1FFE79DF80500C00788B127
:109C8000FFE7FFE7139801684FF4807008654AF614
:109C90001001C4F2000100200860FFE71398FFF7ED
:109CA0008BFFFFE7FFE79DF80D0000F004010020A7
:109CB000B0EB910F28D0FFE79DF8050000F00401FC
:109CC0000020B0EB910F1ED0FFE713980068D0F88A
:109CD000DC000B9013980068D0F8E4100B98084053
:109CE0000B90FFE7139801684FF4806008654AF60F
:109CF0001001C4F2000100200860FFE713980B99DF
:109D000000F05AFEFFE7FFE71298B8B1FFE7FFE760
:109D100012984FF6FF71C3F6CF7108401399096886
:109D200008651298800F4AF61001C4F2000108601D
:109D3000FFE713981299FFF77FFCFFE71198B8B17E
:109D4000FFE7FFE711984FF6FF71C3F6CF710840A8
:109D50001399096808651198800F4AF61001C4F23A
:109D600000010860FFE71398119900F035FEFFE746
:109D70001098B8B1FFE7FFE710984FF6FF71C3F6F0
:109D8000CF7108401399096808651098800F4AF64A
:109D90001001C4F200010860FFE71398109900F069
:109DA000F3FCFFE70F98B8B1FFE7FFE70F984FF616
:109DB000FF71C3F6CF7108401399096808650F98C1
:109DC000800F4AF61001C4F200010860FFE7139803
:109DD0000F9900F001FDFFE79DF80D0000F008016C
:109DE0000020B0EBD10F1BD0FFE79DF8050000F07D
:109DF00008010020B0EBD10F11D0FFE7FFE7139867
:109E000001684FF4006008654AF61001C4F20001D1
:109E100000200860FFE7139800F0E6FDFFE7FFE78A
:109E20009DF80D0000F002010020B0EB510F28D08A
:109E3000FFE79DF8050000F002010020B0EB510F94
:109E40001ED0FFE713980068D0F8D8000C90139844
:109E50000068D0F8E0100C9808400C90FFE71398C9
:109E600001684FF4007008654AF61001C4F2000161
:109E700000200860FFE713980C9900F0A5FDFFE7AC
:109E8000FFE79DF80E0000F008010020B0EBD10FB5
:109E90001BD0FFE79DF8060000F008010020B0EBA2
:109EA000D10F11D0FFE7FFE7139801684FF40020AE
:109EB00008654AF61001C4F2000100200860FFE7BF
:109EC000139800F05DFCFFE7FFE79DF80E00C00768
:109ED000B8B1FFE79DF80600C00788B1FFE7FFE7CC
:109EE000139801684FF4803008654AF61001C4F2F7
:109EF000000100200860FFE7139800F059FDFFE71C
:109F0000FFE79DF80E0000F004010020B0EB910F78
:109F10001BD0FFE79DF8060000F004010020B0EB25
:109F2000910F11D0FFE7FFE7139801684FF48020ED
:109F300008654AF61001C4F2000100200860FFE73E
:109F4000139800F031FDFFE7FFE79DF80E0000F0E9
:109F500002010020B0EB510F1FD0FFE79DF8060073
:109F600000F002010020B0EB510F15D0FFE7FFE732
:109F7000139801684FF4003008654AF61001C4F2E6
:109F8000000100200860FFE71399D1F89C0040F021
:109F90008000C1F89C00FFE7FFE70D98B8B1FFE72C
:109FA000FFE70D984FF6FF71C3F6CF710840139984
:109FB000096808650D98800F4AF61001C4F2000187
:109FC0000860FFE713980D99FFF772FCFFE70E9802
:109FD000D0B1FFE7FFE70E984FF6FF71C3F6CF71E0
:109FE00008401399096808650E98800F4AF6100119
:109FF000C4F200010860FFE70E9A1399D1F89C00A3
:10A000001043C1F89C00FFE7139800684AF2000172
:10A01000C4F20001884240F0B980FFE7139840681D
:10A0200080688007002800F0B080FFE71398406840
:10A03000006A00F00F000A9013984068416A0A987D
:10A0400008400A9013984068006A00F030000990B8
:10A0500013984068416A099808400990139840682D
:10A06000006A00F4C070089013984068416A08982C
:10A070000840089013984068006A00F4FC4007907C
:10A0800013984068416A0798084007901398406801
:10A09000006A00F4F020069013984068416A069820
:10A0A0000840069013984068406A029013984068F0
:10A0B000006A00900A9848B1FFE70A981399496826
:10A0C000086213980A9900F057FCFFE7099848B115
:10A0D000FFE709981399496808621398099900F0F5
:10A0E0005BFCFFE79DF8080000F040010020B0EBAA
:10A0F000911F1FD0FFE79DF8000000F040010020F5
:10A10000B0EB911F15D0FFE713984068C06B000CAF
:10A11000059013984068C06B00F03F0004901398BE
:10A1200041684020086213980599049A00F02CFCBD
:10A13000FFE7FFE7089848B1FFE7089813994968D7
:10A1400008621398089900F00FFCFFE7079860B1C8
:10A15000FFE70798139949680862079A1399D1F89D
:10A160009C001043C1F89C00FFE7069860B1FFE730
:10A170000698139949680862069A1399D1F89C00C9
:10A180001043C1F89C00FFE7FFE7FFE71398D0F802
:10A190009C0020B1FFE71398FFF766FBFFE714B0C0
:10A1A00080BD00000000000080B598B0169045F218
:10A1B000B001C0F6040101A84C22F6F748FB16983E
:10A1C00020B9FFE701208DF85F00D9E116980068FB
:10A1D0004AF20001C4F20001884206D1FFE7169955
:10A1E000086800F580704860FFE716988068B0F551
:10A1F000407F01D1FFE7FFE71698006C08B1FFE749
:10A20000FFE71698806C08B1FFE7FFE71698006D2E
:10A2100008B1FFE7FFE71698006E08B1FFE7FFE718
:10A220001699C86D096E084408B1FFE7FFE7169854
:10A2300090F8980040B9FFE71699002081F899003E
:10A24000169800F0A1F9FFE716980168886920F0D8
:10A250001000886100F0DCFD1590FFE7169800689B
:10A2600080690007002817D5FFE700F0D1FD159998
:10A27000401A0B280FD3FFE71699D1F89C0040F045
:10A280000100C1F89C001699032081F89800012074
:10A290008DF85F0074E1E1E716980168886940F085
:10A2A0000100886100F0B4FD1590FFE71698006882
:10A2B0008069C007B8B9FFE700F0AAFD1599401AF8
:10A2C0000B280FD3FFE71699D1F89C0040F001004E
:10A2D000C1F89C001699032081F8980001208DF8A0
:10A2E0005F004DE1E2E716980168886940F00200DE
:10A2F00088611698007C012807D1FFE7169801684D
:10A30000886920F04000886106E016980168886935
:10A3100040F040008861FFE71698407C012807D193
:10A32000FFE716980168886940F48040886106E07C
:10A3300016980168886920F480408861FFE71698C4
:10A34000807C012807D1FFE716980168886920F40E
:10A350008050886106E016980168886940F4805052
:10A360008861FFE716980068806920F44070169AAB
:10A37000116892681043886116980168886920F016
:10A38000A400886116980168086920F0100008612F
:10A390001698C068012807D1FFE7169801688869F8
:10A3A00040F0040088612BE01698C06830B3FFE7E6
:10A3B0001698C068022819D0FFE7169801688869C6
:10A3C00040F08000886116980168086940F010002C
:10A3D00008611698C068032807D1FFE7169801683E
:10A3E000886940F020008861FFE706E01698016860
:10A3F000886940F020008861FFE700E0FFE7FFE7A1
:10A40000169A116853699069D2F81CE0A0F1010C0A
:10A410006FF0FF0000EB0E2040EA4C60126A013A38
:10A4200010430022CFF6FF7202EB03421043C861D3
:10A4300016988068B0F5407F1CD1FFE7169A116826
:10A44000536A906AD2F82CE001386FF0FF0C0CEBE5
:10A450000E2C40EA0C00D2F830C06FF00F0202EB75
:10A460000C1210430022CFF6FF7202EB034210439E
:10A47000C860FFE71698006E48B1FFE716980168BC
:10A48000426ED1F8C0001043C1F8C000FFE7169932
:10A49000C86D096E084480B1FFE716980068D0F8CF
:10A4A000C80020F00700169A1168936E01AA52F8AE
:10A4B00023201043C1F8C800FFE71698006C80B154
:10A4C000FFE716980068D0F8BC0020F00700169A45
:10A4D0001168536C01AA52F823201043C1F8BC0044
:10A4E000FFE71698806C88B1FFE716980068D0F8EF
:10A4F000BC0020F07000169A1168D36C01AA52F8C3
:10A50000232040EA0210C1F8BC00FFE71698006D56
:10A5100088B1FFE716980068D0F8BC0020F4E0602E
:10A52000169A1168536D01AA52F8232040EA0220BE
:10A53000C1F8BC00FFE7169800684AF20001C4F2B7
:10A540000001884207D1FFE716984168886820F02B
:10A5500003008860FFE716990020C1F8940016995F
:10A56000C1F89C001699012081F898001698FAF716
:10A570001BF98DF853009DF853008DF85F00FFE73D
:10A580009DF85F0018B080BD80B594B01390002096
:10A590001290119010900F900E90139800684AF24C
:10A5A0000001C4F20001884245D1FFE740F2244097
:10A5B000C2F200400168013101600068012810D139
:10A5C000FFE7FFE744F2EC40C5F60200016841F402
:10A5D00080710160006800F480700D900D98FFE7B5
:10A5E000FFE7FFE744F2E040C5F60200016841F0F2
:10A5F00008010160006800F008000C900C98FFE76B
:10A6000003200E9002200F900020069010901190D1
:10A610000920129040F60040C5F602000EA900F095
:10A620000BFA069A13200790052100F0EDFC07981D
:10A6300000F0DEFC9FE0139800684AF20041C4F28B
:10A640000001884245D1FFE740F22440C2F20040B9
:10A650000168013101600068012810D1FFE7FFE7C0
:10A6600044F2EC40C5F60200016841F480710160DB
:10A67000006800F480700B900B98FFE7FFE7FFE79E
:10A6800044F2E040C5F60200016841F002010160B9
:10A69000006800F002000A900A98FFE760200E9020
:10A6A00002200F9000200490109011900920129029
:10A6B00040F20040C5F602000EA900F0BDF9049A70
:10A6C00014200590052100F09FFC059800F090FCF7
:10A6D00050E0139800684DF20041C4F20001884236
:10A6E00047D1FFE740F22440C2F200400168013147
:10A6F00001600068012810D1FFE7FFE744F2EC4059
:10A70000C5F60200016841F480710160006800F440
:10A71000807009900998FFE7FFE7FFE744F2E04007
:10A72000C5F60200016841F008010160006800F010
:10A73000080008900898FFE74FF440500E90022060
:10A740000F9000200290109011900520019012901F
:10A7500040F60040C5F602000EA900F06DF901991F
:10A76000029A9F20039000F04FFC039800F040FCF9
:10A77000FFE7FFE7FFE714B080BD00000000000026
:10A7800081B0009001B0704780B586B0059004910B
:10A79000049801281DD1FFE741F63410C2F20040B1
:10A7A000019005A92AF040FF0146019803912AF083
:10A7B0002BFF029003A802A934F042F940B1FFE751
:10A7C00003A822F041F9406805991EF039FBFFE724
:10A7D000FFE706B080BD000080B586B0059004910B
:10A7E000049810281DD1FFE741F63410C2F2004052
:10A7F000019005A92AF018FF0146019803912AF05B
:10A8000003FF029003A802A934F01AF940B1FFE750
:10A8100003A822F019F9406805991EF011FBFFE723
:10A82000FFE706B080BD000082B00090009890F86D
:10A830009800012811D1FFE70099022081F89800C3
:10A8400000980168886920F0010088610099002063
:10A85000C1F89C008DF807000AE00099D1F89C002F
:10A8600040F00400C1F89C0001208DF80700FFE7CC
:10A870009DF8070002B0704783B00190002000905F
:10A88000019890F8980002285CD1FFE701980168D0
:10A89000886940F001008861FFE7019800688069DD
:10A8A000C007B8B9FFE7009833280FD3FFE7019935
:10A8B000D1F89C0040F00100C1F89C0001990320F0
:10A8C00081F8980001208DF80B0046E000980130D7
:10A8D0000090E2E70020009001980168886920F06C
:10A8E00010008861FFE70198006880690007002870
:10A8F00017D5FFE7009833280FD3FFE70199D1F868
:10A900009C0040F00100C1F89C000199032081F8EF
:10A91000980001208DF80B001FE000980130009096
:10A92000E1E701980168886940F0020088610199B7
:10A930000020C1F89400019A012182F898108DF846
:10A940000B000AE00199D1F89C0040F00800C1F822
:10A950009C0001208DF80B00FFE79DF80B0003B071
:10A96000704700000000000082B00190009102B02A
:10A97000704700000000000082B00190009102B01A
:10A98000704700000000000083B002900191009227
:10A9900003B070470000000082B00190009102B047
:10A9A000704700000000000081B0009001B07047C7
:10A9B00081B0009001B0704782B00190009102B068
:10A9C000704700000000000082B00190009102B0CA
:10A9D000704700000000000082B00190009102B0BA
:10A9E000704700000000000081B0009001B0704787
:10A9F00081B0ADF8020001B0704700000000000017
:10AA000080B582B0ADF806008820C5F60000006869
:10AA1000BDF8061008420BD0FFE7BDF806008821FC
:10AA2000C5F600010860BDF80600FFF7E1FFFFE78B
:10AA300002B080BD000000008FB00E900D9100208C
:10AA40000C908020C5F600000990FFE70D98006883
:10AA50000C99C840002800F0C181FFE70D980068FC
:10AA60000C9A0121914008400B900B98002800F0AF
:10AA7000B181FFE70D98406800F00300012807D07E
:10AA8000FFE70D98406800F0030002282FD1FFE790
:10AA90000E9880680A900C984100032000FA01F19A
:10AAA0000A9888430A900D98C0680C99490000FAEA
:10AAB00001F10A9808430A900A980E9988600E9846
:10AAC00040680A900C99012000FA01F10A98884325
:10AAD0000A900D984068C0F300100C9900FA01F13B
:10AAE0000A9808430A900A980E994860FFE70D9863
:10AAF000406800F00300032818D0FFE70E98C068F4
:10AB00000A900C984100032000FA01F10A9888434A
:10AB10000A900D9880680C99490000FA01F10A9892
:10AB200008430A900A980E99C860FFE70D9840689C
:10AB300000F00300022826D1FFE70E980C996FF071
:10AB4000030202EA51010844006A0A900C9800F0DE
:10AB5000070081000F2000FA01F10A9888430A904B
:10AB60000D9800690C9901F00701890000FA01F1C4
:10AB70000A9808430A900A980E990C9B02EA53021D
:10AB800011440862FFE70E9800680A900C98410093
:10AB9000032000FA01F10A9888430A900D98406852
:10ABA00000F003000C99490000FA01F10A980843EB
:10ABB0000A900A980E9908600D98807980070028FD
:10ABC00000F00781FFE7FFE744F2F440C5F602001A
:10ABD000016841F002010160006800F00200089085
:10ABE0000898FFE70C9820F0030040F20841C5F6F2
:10ABF000000140580A900C9800F0030081000F20DB
:10AC000000FA01F10A9888430A900E980021C5F6CF
:10AC10000201884203D1FFE7002007906CE00E9804
:10AC200040F20041C5F60201884203D1FFE701204E
:10AC300006905EE00E9840F60001C5F602018842DB
:10AC400003D1FFE70220059050E00E9840F6004146
:10AC5000C5F60201884203D1FFE70320049042E0D9
:10AC60000E9841F20001C5F60201884203D1FFE7C8
:10AC70000420039034E00E9841F20041C5F6020131
:10AC8000884203D1FFE70520029026E00E9841F6A6
:10AC90000001C5F60201884203D1FFE706200190BA
:10ACA00018E00E9841F60041C5F60201884203D132
:10ACB000FFE7072000900AE00E9942F20042C5F635
:10ACC00002020A20914208BF09200090FFE7009885
:10ACD0000190FFE701980290FFE702980390FFE7D9
:10ACE00003980490FFE704980590FFE70598069005
:10ACF000FFE706980790FFE707980C9901F003011A
:10AD0000890000FA01F10A9808430A900A980C9900
:10AD100021F0030140F20842C5F6000288504FF0CE
:10AD2000B04000680A900B990A9888430A900D98E1
:10AD30008079C006002805D5FFE70B990A980843DB
:10AD40000A90FFE70A984FF0B04108600420C5F66A
:10AD5000000000680A900B990A9888430A900D98A1
:10AD600080798006002805D5FFE70B990A980843EB
:10AD70000A90FFE70A980421C5F6000108600998C7
:10AD800040680A900B990A9888430A900D98807938
:10AD90008007002805D5FFE70B990A9808430A9019
:10ADA000FFE70A9809994860099800680A900B998A
:10ADB0000A9888430A900D988079C00728B1FFE768
:10ADC0000B990A9808430A90FFE70A9809990860C6
:10ADD000FFE7FFE70C9801300C9037E60FB07047A3
:10ADE00082B00190ADF802108DF801209DF80100AD
:10ADF00028B1FFE7BDF802000199886105E0BDF8C0
:10AE00000200000401998861FFE702B0704700006A
:10AE100045F29470C2F200400068704700000000E4
:10AE200081B00090009801684AF6AA2008600020CE
:10AE300001B070470000000040F2BC20C2F20040A8
:10AE4000027845F29471C2F200410868104408602B
:10AE5000704700000000000080B582B0032000F0C1
:10AE6000EBF803F0ADFF44F21842C5F60202116898
:10AE7000C1F3032345F2FC01C0F60401CB5C03F0EF
:10AE80001F03D84000900098126802F00F02895CFE
:10AE900001F01F01C84040F24001C2F200410860C9
:10AEA000009840F23C01C2F2004108600F2000F01F
:10AEB00013F820B1FFE701208DF8070005E000F04E
:10AEC0007BF800208DF80700FFE79DF8070002B02F
:10AED00080BD00000000000080B590B00E900E987C
:10AEE0000F2810D8FFE70E991E200090002200F0D6
:10AEF0008BF8009800F07CF80E9840F2C021C2F266
:10AF00000041086003E001208DF83F004EE0FFE7BC
:10AF100044F2E840C5F60200016841F00401016016
:10AF2000006800F0040001900198FFE706A802A95C
:10AF300003F0AEFE0B980490049820B9FFE703F0ED
:10AF400017FF059004E003F013FF40000590FFE7B2
:10AF500005984DF68361C4F21B31A0FB01014FF04F
:10AF6000FF3000EB9140039045F21410C2F2004014
:10AF700040F60001C4F20001016040F2E731C16017
:10AF80000399416000210161816006F041F848B9F0
:10AF9000FFE745F21410C2F2004006F091F88DF878
:10AFA0003F0003E001208DF83F00FFE79DF83F00E0
:10AFB00010B080BD0000000080B582B0FFE744F211
:10AFC000F440C5F60200016841F00201016000682A
:10AFD00000F0020001900198FFE76FF001000F21DF
:10AFE000002200F011F802B080BD00000000000057
:10AFF00080B582B0ADF80600BDF9060033F0FCFF65
:10B0000002B080BD0000000080B586B0ADF816002B
:10B010000491039234F008F80290BDF916000190F3
:10B0200002980499039A08F007FF0146019834F04A
:10B0300003F806B080BD000080B582B00190019891
:10B0400034F01EF802B080BD82B001900198006813
:10B05000009001990120C1F8D8040199002081F8DD
:10B06000CC04009A916941F000619161009A516DA0
:10B070000323C1F200031943516502B07047000079
:10B0800082B001908DF8031002B0704700000000FC
:10B0900082B00190ADF80210BDF802000199096874
:10B0A0004862002002B0704784B003908DF80B1006
:10B0B000ADF8082003980068406A00909DF80B00E6
:10B0C00048B9FFE7BDF80810009840EA014003992D
:10B0D0000968886233E003980068816A009800EB91
:10B0E0001140009000208DF80700FFE79DF8070051
:10B0F0009DF80B100139884213D2FFE703980068CE
:10B100009DF8071000EB8100D0F80411009800EBC7
:10B1100011400090FFE79DF8070001308DF807000F
:10B12000E4E7BDF80810009840EA01400399096877
:10B130009DF80B2001EB8201C1F80001FFE7002020
:10B1400004B070470000000080B582B00190019803
:10B15000D0F8E0040DF02CF802B080BD0000000033
:10B1600080B582B001908DF80310019AD2F8E00406
:10B170009DF8031001EBC10302EB8302126A0CF08D
:10B1800073FE02B080BD000080B582B001908DF8E2
:10B190000310019AD2F8E0049DF8031001EBC103FB
:10B1A00002EB8302D2F860220CF026FF02B080BDD1
:10B1B00080B582B001900198D0F8E0040DF000F85D
:10B1C00002B080BD0000000080B584B003908DF80F
:10B1D0000B109DF80B00000600280CD5FFE7039824
:10B1E0009DF80B1001F00F0101EBC10100EB810094
:10B1F000143001900CE003989DF80B1001F00F0142
:10B2000001EBC10100EB810000F515700190FFE733
:10B210000398006801990EF0BBFD8DF80A009DF8B7
:10B220000A0004B080BD000080B584B002908DF8A3
:10B2300007109DF80700000600280FD5FFE70298C9
:10B240009DF8071001F00F0101EBC10100EB810037
:10B25000143000900099012048700FE002989DF88A
:10B26000071001F00F0101EBC10100EB810000F5B7
:10B2700015700090009900204870FFE79DF80700C6
:10B2800000F00F0000990870FFE7029890F894040E
:10B29000012804D1FFE702208DF80F0014E0029985
:10B2A000012081F89404FFE7FFE702980068009905
:10B2B0000EF05EF8FFE70299002081F89404FFE7A2
:10B2C00000208DF80F00FFE79DF80F0004B080BD4F
:10B2D00080B584B002908DF807109DF8070000F04B
:10B2E0000F0002990979884204D9FFE701208DF8FF
:10B2F0000F004DE09DF80700000600280FD5FFE77E
:10B3000002989DF8071001F00F0101EBC10100EB5D
:10B310008100143000900099012048700FE00298DD
:10B320009DF8071001F00F0101EBC10100EB810056
:10B3300000F515700090009900204870FFE7009913
:10B34000002088709DF8070000F00F000099087039
:10B35000FFE7029890F89404012804D1FFE7022047
:10B360008DF80F0014E00299012081F89404FFE7A2
:10B37000FFE70298006800990EF06AFAFFE7029969
:10B38000002081F89404FFE700208DF80F00FFE70C
:10B390009DF80F0004B080BD82B001908DF80310BD
:10B3A00001989DF8031001F00F0101EBC10100EBC2
:10B3B0008100D0F8680202B0704700000000000071
:10B3C00080B586B004908DF80F10ADF80C208DF884
:10B3D0000B3000208DF80A009DF80F0000060028B1
:10B3E0000FD5FFE704989DF80F1001F00F0101EB56
:10B3F000C10100EB810014300190019901204870D7
:10B400000FE004989DF80F1001F00F0101EBC1014E
:10B4100000EB810000F51570019001990020487043
:10B42000FFE79DF80F0000F00F0001990870BDF8CC
:10B430000C006FF3DF20019988609DF80B000199E3
:10B4400008710198407820B1FFE701990878488396
:10B45000FFE79DF80B00022804D1FFE701990020C7
:10B460004871FFE7FFE7049890F89404012804D19D
:10B47000FFE702208DF8170015E00499012081F8FC
:10B480009404FFE7FFE70498006801990DF034FE8B
:10B49000FFE70499002081F89404FFE79DF80A0073
:10B4A0008DF81700FFE79DF8170006B080BD00007B
:10B4B00080B586B005908DF813100392029305981D
:10B4C0009DF8131001F00F0101EBC10100EB8100A9
:10B4D00000F51570019003980199C86002980199D0
:10B4E0000861019900204861019948709DF8130096
:10B4F00000F00F000199087005988079012804D1A7
:10B50000FFE703980199C861FFE7059A1068019960
:10B5100092790EF041FA002006B080BD00000000D4
:10B5200080B584B002908DF807109DF8070000F0F8
:10B530000F0002990979884204D9FFE701208DF8AC
:10B540000F0058E09DF80700000600280FD5FFE720
:10B5500002989DF8071001F00F0101EBC10100EB0B
:10B560008100143000900099012048700DE002988D
:10B570009DF8071001EBC10100EB810000F515708B
:10B580000090009900204870FFE700990120887022
:10B590009DF8070000F00F0000990870FFE702987F
:10B5A00090F89404012804D1FFE702208DF80F00E1
:10B5B00021E00299012081F89404FFE7FFE7029857
:10B5C000006800990EF094F99DF80700000740B953
:10B5D000FFE7029A1068917902F29C420EF0E8F8B7
:10B5E000FFE7FFE70299002081F89404FFE70020BD
:10B5F0008DF80F00FFE79DF80F0004B080BD00003C
:10B6000080B586B005908DF81310039202930598CB
:10B610009DF8131001F00F0101EBC10100EB810057
:10B620001430019003980199C8600298019908614B
:10B630000199002048610199012048709DF813008C
:10B6400000F00F000199087005988079012804D155
:10B65000FFE703980199C861FFE7059A106801990F
:10B6600092790EF099F9002006B080BD000000002C
:10B6700080B58CB00B900B9800680A900A980990DE
:10B680000B9800680EF0C4FC002840F03484FFE7FB
:10B690000B9800680EF02CFD10B9FFE700F02BBCF2
:10B6A0000998D0F80808C0F30D200B99C1F8D4040C
:10B6B0000B9800680EF01CFD8007002807D5FFE7F7
:10B6C0000B980168486900F002004861FFE70B9899
:10B6D00000680EF00DFDC006002862D5FFE70B984C
:10B6E0000168886920F0100088610A98006A029059
:10B6F0000B98029901F00F0101EBC10100EB8100F1
:10B7000000F515700890029800F4F0110220B0EBDB
:10B71000514F23D1FFE7BDF8080047F6F07108420A
:10B720001BD0FFE70A980899C968029AC2F30A1267
:10B730000EF0EEFC029847F6F07100EA0103089A59
:10B74000D06800EB1310D060029800EA010208995B
:10B75000486900EB12104861FFE71BE0029800F413
:10B76000F0110620B0EB514F12D1FFE70A980B9968
:10B7700001F29C4108220EF0CBFC029847F6F071D2
:10B7800000EA01020899486900EB1210486100E0E4
:10B79000FFE7FFE70B980168886940F010008861B7
:10B7A000FFE70B9800680EF0A3FC0003002840F1AF
:10B7B000A680FFE7002004900B9800680EF044FC80
:10B7C0000690FFE70698002800F09880FFE79DF8B4
:10B7D0001800C007002800F08A80FFE70B98006877
:10B7E0009DF810100EF06CFC05909DF81400C00739
:10B7F00060B1FFE70998049900EB41110120C1F8FD
:10B80000080B0B98049908F0AFFBFFE79DF81400B4
:10B81000000700280CD5FFE70998049900EB4111B7
:10B820000820C1F8080B0B98049908F055FBFFE7B6
:10B830009DF81400C006002808D5FFE70998049970
:10B8400000EB41111020C1F8080BFFE79DF8140030
:10B85000800700282DD5FFE70A98406900060028D8
:10B8600008D5FFE70999D1F8040840F48060C1F8D1
:10B870000408FFE70B98049901EBC10100EB81007C
:10B8800000F5157008900898C078012809D1FFE7E5
:10B8900008990020C8700B989DF8101000F040FB2C
:10B8A000FFE70998049900EB41110220C1F8080B49
:10B8B000FFE79DF814008006002808D5FFE70998E7
:10B8C000049900EB41112020C1F8080BFFE79DF817
:10B8D00015008006002809D5FFE70998049900EBB8
:10B8E00041114FF40050C1F8080BFFE7FFE704983F
:10B8F0000130049006984008069063E7FFE70B9834
:10B9000000680EF0F5FB4003002840F1C680FFE719
:10B910000B9800680EF084FB069000200490FFE76F
:10B920000698002800F0B880FFE79DF81800C007CF
:10B93000002800F0AA80FFE70B9800689DF810101F
:10B940000EF096FB05909DF81400C00700283ED02D
:10B95000FFE7049800F00F01012000FA01F10391C4
:10B96000039B099AD2F834189943C2F834180999FC
:10B97000049A01EB4211C1F808090B98807901285B
:10B980001FD1FFE70B98049901EBC10100EB810186
:10B99000CA69086A10440862049888B9FFE70B98DE
:10B9A000049901EBC10100EB8100406A40B9FFE757
:10B9B0000B99086801F29C4201210DF0F9FEFFE7A6
:10B9C000FFE70B989DF81010FFF7CAFBFFE79DF803
:10B9D00014000007002808D5FFE70998049900EB38
:10B9E00041110820C1F80809FFE79DF81400C006BE
:10B9F000002808D5FFE70998049900EB41111020B1
:10BA0000C1F80809FFE79DF814004006002808D592
:10BA1000FFE70998049900EB41114020C1F808099B
:10BA2000FFE79DF814008007002822D5FFE70A9859
:10BA300004990EF085FA0B98049901EBC10100EB13
:10BA40008100143008900898C078012809D1FFE7D8
:10BA500008990020C8700B989DF8101000F050FA5B
:10BA6000FFE70998049900EB41110220C1F8080989
:10BA7000FFE79DF814000006002805D5FFE70B98A6
:10BA8000049908F055FBFFE7FFE7049801300490A4
:10BA900006984008069043E7FFE70B9800680EF011
:10BAA00027FBC00F00B3FFE70999D1F8040820F085
:10BAB0000100C1F804080B9890F8CC04012808D1C3
:10BAC000FFE70B98002180F8CC140B98FFF7D8FA09
:10BAD00003E00B9800F0DCFBFFE70B980168486976
:10BAE00000F000404861FFE70B9800680EF000FB93
:10BAF0000005002811D5FFE70998D0F80808C0070D
:10BB000020B1FFE70B9800F09BFCFFE70B98016862
:10BB1000486900F400604861FFE70B9800680EF088
:10BB2000E7FA0001002820D5FFE70B980168486973
:10BB300000F0006048610B9890F8CC0480B9FFE7F2
:10BB40000B98012180F8CC140B980068406DC0F36D
:10BB500083000B9AC2F8D0040B98FFF791FA03E028
:10BB60000B9800F06DFCFFE7FFE70B9800680EF004
:10BB7000BFFAC004002840F18680FFE70999D1F898
:10BB8000040820F00100C1F804080B980068102197
:10BB90000EF0D6F900200790FFE707980B99097976
:10BBA000884231D2FFE70998079900EB41114FF61F
:10BBB0007F30C1F808090999079A01EB4212D2F8BF
:10BBC000001921F40011C2F800190999079A01EB34
:10BBD0004211C1F8080B0998079900EB4111D1F8FF
:10BBE000000B20F40010C1F8000B0998079900EB36
:10BBF0004111D1F8000B40F00060C1F8000BFFE7E5
:10BC0000079801300790C8E70999D1F81C0840F05F
:10BC10000110C1F81C080B98C07B78B1FFE70999A7
:10BC2000D1F8840840F00B00C1F884080999D1F8D4
:10BC3000440840F00B00C1F844080FE00999D1F81E
:10BC4000140842F22B021043C1F814080999D1F8E4
:10BC5000100840F00B00C1F81008FFE70999D1F86F
:10BC6000000820F4FE60C1F800080B9A1068917972
:10BC700002F29C420DF09CFD0B980168486900F4AB
:10BC800080504861FFE70B9800680EF031FA80049D
:10BC900000281FD5FFE70B9800680DF09DFA0B9860
:10BCA00000680EF08DF90B99C8710B98006801902F
:10BCB00003F032F8014601980B9AD2790EF070FB2E
:10BCC0000B9800F0B9FA0B980168486900F400502D
:10BCD0004861FFE70B9800680EF00AFA0007002899
:10BCE0000AD5FFE70B9800F0DFFA0B980168486966
:10BCF00000F008004861FFE70B9800680EF0F8F9C3
:10BD00000006002825D5FFE70A99886920F0800001
:10BD1000886101200490FFE704980B990979884213
:10BD200016D2FFE70B98049901EBC10100EB8100EB
:10BD300090F85702012806D1FFE70B989DF81010E4
:10BD4000FFF742FAFFE7FFE7049801300490E3E7CA
:10BD5000FFE70B9800680EF0CBF9C00200283CD535
:10BD6000FFE701200490FFE704980B9909798842C6
:10BD70002CD2FFE70998049900EB4110D0F8000994
:10BD800002900B98049901EBC10100EB8100007E49
:10BD9000012816D1FFE79DF80B000006002810D5FA
:10BDA000FFE70B98049901EBC10100EB8101012031
:10BDB000C8750B989DF8101041F08001FFF704FA48
:10BDC000FFE7FFE7049801300490CDE70B98016886
:10BDD000486900F480104861FFE70B9800680EF096
:10BDE00087F98002002856D5FFE701200490FFE77D
:10BDF00004980B990979884246D2FFE7099804997B
:10BE000000EB4110D0F8000B02900B98049901EB65
:10BE1000C10100EB810090F8580201282FD1FFE703
:10BE20009DF80B000006002829D5FFE7029800F4D2
:10BE300080310B98D0F8D40400F00100B0EB114F22
:10BE40001DD1FFE70B98049901EBC10100EB8101C3
:10BE5000012081F857020A99886940F080008861C2
:10BE60000A9840690006002808D4FFE70999D1F82C
:10BE7000040840F40070C1F8040805E0FFE7FFE79C
:10BE8000049801300490B3E70B980168486900F406
:10BE900000104861FFE70B9800680EF029F9400098
:10BEA00000280AD5FFE70B98FFF74EF90B980168B9
:10BEB000486900F080404861FFE70B9800680EF089
:10BEC00017F94007002815D5FFE70B980068406870
:10BED00002909DF808004007002804D5FFE70B9862
:10BEE000FFF766F9FFE7029A0B980168486810436C
:10BEF0004860FFE7FFE70CB080BD000000000000D5
:10BF000080B582B001908DF803100198D0F8E0045C
:10BF10009DF803100CF0F8F902B080BD000000009D
:10BF200080B582B001908DF803100198D0F8E0043C
:10BF30009DF803100CF020FA02B080BD0000000054
:10BF400080B58CB00A900A9820B9FFE701208DF8DF
:10BF50002F000EE10A9890F8950440B9FFE70A997E
:10BF6000002081F894040A9800F00AF9FFE70A9982
:10BF7000032081F895040A9800680DF00DFC0A9BD7
:10BF80001868197C8DF8201059689A68DB68079347
:10BF9000069205910599069A079BDDF820C0EE46AA
:10BFA000CEF800C00DF030F940B1FFE70A99022049
:10BFB00081F8950401208DF82F00DAE00A980068D6
:10BFC00000210EF04DF940B1FFE70A99022081F8F7
:10BFD000950401208DF82F00CBE000208DF827007C
:10BFE000FFE79DF827000A990979884241DAFFE7BF
:10BFF0000A989DF8271001EBC10100EB8101012097
:10C0000048759DF827000A9900EBC00201EB8201F8
:10C0100008759DF827000A9900EBC00201EB820128
:10C02000C8850A989DF8271001EBC10100EB81013A
:10C03000002008760A999DF8272002EBC20201EB46
:10C040008201C8610A999DF8272002EBC20201EB28
:10C05000820108620A999DF8272002EBC20201EBD7
:10C0600082014862FFE79DF8270001308DF8270024
:10C07000B7E700208DF82700FFE79DF827000A9911
:10C08000097988423EDAFFE70A989DF8271001EB0C
:10C09000C10100EB8101002081F855029DF82710B5
:10C0A0000A9A01EBC10302EB830282F854120A9947
:10C0B0009DF8272002EBC20201EB820181F85802B1
:10C0C0000A999DF8272002EBC20201EB8201C1F818
:10C0D0005C020A999DF8272002EBC20201EB820163
:10C0E000C1F860020A999DF8272002EBC20201EB19
:10C0F0008201C1F86402FFE79DF8270001308DF846
:10C100002700BAE70A9B1868197C8DF81010596847
:10C110009A68DB680393029201910199029A039B4A
:10C12000DDF810C0EE46CEF800C00DF0EDF940B1DC
:10C13000FFE70A99022081F8950401208DF82F006D
:10C1400017E00A99002048740A99012081F89504A3
:10C150000A98007B012804D1FFE70A98FEF774FFD4
:10C16000FFE70A9800680DF0B7F900208DF82F005E
:10C17000FFE79DF82F000CB080BD0000000000001C
:10C1800080B5B6B0359006A8B821F4F7F9FB35981C
:10C1900000680021C4F2040188424BD1FFE700206F
:10C1A00007904FF4802106910221109110221192E4
:10C1B00012910422139214914FF44061159116903C
:10C1C00017904FF40010279006A801F01DFB18B13E
:10C1D000FFE7F8F7C9FAFFE700F0A6F9FFE744F236
:10C1E000D840C5F60200016841F0007101600068A6
:10C1F00000F0007005900598FFE74A2001900022AA
:10C2000003921146FEF700FF0198FEF7F1FE039A34
:10C210004B2002901146FEF7F7FE0298FEF7E8FE6B
:10C22000039A4D2004900521FEF7EEFE0498FEF7D8
:10C23000DFFEFFE736B080BD80B582B001900120FF
:10C240008DF803000198C07920B9FFE700208DF830
:10C2500003000CE00198C079022804D1FFE7012017
:10C260008DF8030002E0F8F77FFAFFE7FFE7019897
:10C27000D0F8E0049DF803100CF086F90198D0F88E
:10C28000E0040CF0FDF802B080BD000000000000EA
:10C2900080B582B001900198D0F8E0040CF040F92C
:10C2A00002B080BD0000000080B582B0019001980E
:10C2B000D0F8E0040CF048F902B080BD00000000A6
:10C2C00080B584B002908DF80710FFE7029890F8CF
:10C2D0009404012804D1FFE702208DF80F0019E033
:10C2E0000299012081F89404FFE7FFE79DF8070019
:10C2F00002994874029800689DF807100EF020F823
:10C30000FFE70299002081F89404FFE700208DF8F0
:10C310000F00FFE79DF80F0004B080BD0000000093
:10C3200080B582B001900199D1F8E00401F29C41FE
:10C330000CF056F902B080BD80B584B0029002982E
:10C3400000680190FFE7029890F89404012804D156
:10C35000FFE702208DF80F0028E00299012081F804
:10C360009404FFE7FFE70198C068400600280BD55A
:10C37000FFE70298407B012806D1FFE70199886B0F
:10C3800040F480308863FFE7029800680DF090FD6C
:10C39000029800680DF088F8FFE70299002081F804
:10C3A0009404FFE700208DF80F00FFE79DF80F00D1
:10C3B00004B080BD0000000080B584B002900298F7
:10C3C00000680190FFE7029890F89404012804D1D6
:10C3D000FFE702208DF80F002DE00299012081F87F
:10C3E0009404FFE7FFE7029800680DF0D5F9029882
:10C3F00000680DF071F80298006810210DF0A0FDA2
:10C400000198C068400600280BD5FFE70298407BE2
:10C41000012806D1FFE70199886B20F480308863FA
:10C42000FFE7FFE70299002081F89404FFE700206E
:10C430008DF80F00FFE79DF80F0004B080BD0000ED
:10C4400080B582B001900198D0F8E0040CF06CF94E
:10C4500001980168D1F8000E40F00100C1F8000E0B
:10C460000198C07A48B1FFE74EF61051CEF20001B4
:10C47000086840F006000860FFE702B080BD0000D9
:10C4800080B584B0029044F60C00C5F60200006846
:10C4900000F004010020B0EB910F13D1FFE744F648
:10C4A0000C00C5F60200006800F0070002998842FF
:10C4B00004D0FFE701208DF80F002EE000208DF85A
:10C4C0000F002AE044F60C01C5F60201086820F0CE
:10C4D0000700029A10430860FEF79AFC0190FFE7FC
:10C4E00044F60400C5F60200006800F40051002084
:10C4F000B0EB513F0DD1FFE7FEF78AFC0199401ADE
:10C50000B0F57A7F04D9FFE701208DF80F0004E031
:10C51000E6E700208DF80F00FFE79DF80F0004B05C
:10C5200080BD00000000000044F60C01C5F60201C9
:10C53000086840F08070086070470000000000004C
:10C5400080B502F0E9FB44F22041C5F6020109681A
:10C55000C1F3021245F2FC01C0F60401895C01F04E
:10C560001F01C84080BD000088B0079044F22840F9
:10C57000C5F60200016801F0030106910068C0F3EE
:10C580000510059044F22C40C5F60200006800F04A
:10C5900001000490049844F23441C5F60201096890
:10C5A00089B2C908484300EE100AB8EE400A8DED82
:10C5B000020A0598002800F01181FFE70698009014
:10C5C00048B1FFE70098012865D0FFE700980228EE
:10C5D00000F08380A3E044F20040C5F6020000684A
:10C5E00000F020010020B0EB511F31D0FFE744F2F2
:10C5F0000040C5F602000068C0F3C10149F2000026
:10C60000C0F2D030C84003909DED030AB8EE400A56
:10C610009DED051AB8EE411A80EE010A44F2304051
:10C62000C5F6020000686FF35F2001EE100AB8EE55
:10C63000411A9DED022A9FED6F3A02EE031AB7EE02
:10C64000002A31EE021A20EE010A8DED010A21E0E6
:10C650009DED050AB8EE401A9FED680A80EE010ACA
:10C6600044F23040C5F6020000686FF35F2001EE2F
:10C67000100AB8EE411A9DED022A9FED5E3A02EED5
:10C68000031AB7EE002A31EE021A20EE010A8DEDF0
:10C69000010AFFE765E09DED050AB8EE401A9FED3F
:10C6A000560A80EE010A44F23040C5F602000068E6
:10C6B0006FF35F2001EE100AB8EE411A9DED022AD9
:10C6C0009FED4C3A02EE031AB7EE002A31EE021A41
:10C6D00020EE010A8DED010A43E09DED050AB8EE5A
:10C6E000401A9FED430A80EE010A44F23040C5F63D
:10C6F000020000686FF35F2001EE100AB8EE411AE5
:10C700009DED022A9FED3B3A02EE031AB7EE002A96
:10C7100031EE021A20EE010A8DED010A21E09DEDB5
:10C72000050AB8EE401A9FED350A80EE010A44F280
:10C730003040C5F6020000686FF35F2001EE100A7A
:10C74000B8EE411A9DED022A9FED2A3A02EE031A35
:10C75000B7EE002A31EE021A20EE010A8DED010A31
:10C76000FFE79DED010A44F23040C5F60200016882
:10C7700089B2490A01EE101AB8EE411AB7EE002A42
:10C7800031EE021A80EE010A0799BCEEC00A81ED73
:10C79000000A9DED010A0168C1F3064101EE101A7D
:10C7A000B8EE411A31EE021A80EE010A0799BCEE8A
:10C7B000C00A81ED010A9DED010A0068C0F3066020
:10C7C00001EE100AB8EE411A31EE021A80EE010AAB
:10C7D0000798BCEEC00A80ED020A07E00799002026
:10C7E00008600799486007998860FFE708B07047BC
:10C7F000001BB74B000000390024744A0024744C1D
:10C8000088B0079044F22840C5F60200016801F0A4
:10C81000030106910068C0F30530059044F22C40F6
:10C82000C5F602000068C0F300100490049844F2BA
:10C830003C41C5F60201096889B2C908484300EEC7
:10C84000100AB8EE400A8DED020A0598002800F0A3
:10C850001181FFE70698009048B1FFE70098012892
:10C8600065D0FFE70098022800F08380A3E044F23F
:10C870000040C5F60200006800F020010020B0EB87
:10C88000511F31D0FFE744F20040C5F602000068B6
:10C89000C0F3C10149F20000C0F2D030C84003909B
:10C8A0009DED030AB8EE400A9DED051AB8EE411A57
:10C8B00080EE010A44F23840C5F6020000686FF3CA
:10C8C0005F2001EE100AB8EE411A9DED022A9FED9D
:10C8D0006F3A02EE031AB7EE002A31EE021A20EE8A
:10C8E000010A8DED010A21E09DED050AB8EE401A1E
:10C8F0009FED680A80EE010A44F23840C5F6020056
:10C9000000686FF35F2001EE100AB8EE411A9DED4A
:10C91000022A9FED5E3A02EE031AB7EE002A31EECC
:10C92000021A20EE010A8DED010AFFE765E09DED98
:10C93000050AB8EE401A9FED560A80EE010A44F24D
:10C940003840C5F6020000686FF35F2001EE100A60
:10C95000B8EE411A9DED022A9FED4C3A02EE031A01
:10C96000B7EE002A31EE021A20EE010A8DED010A1F
:10C9700043E09DED050AB8EE401A9FED430A80EEB4
:10C98000010A44F23840C5F6020000686FF35F20E8
:10C9900001EE100AB8EE411A9DED022A9FED3B3AD6
:10C9A00002EE031AB7EE002A31EE021A20EE010A57
:10C9B0008DED010A21E09DED050AB8EE401A9FEDCC
:10C9C000340A80EE010A44F23840C5F602000068DD
:10C9D0006FF35F2001EE100AB8EE411A9DED022AB6
:10C9E0009FED2A3A02EE031AB7EE002A31EE021A40
:10C9F00020EE010A8DED010AFFE79DED010A44F2E8
:10CA00003840C5F60200016889B2490A01EE101AE1
:10CA1000B8EE411AB7EE002A31EE021A80EE010A92
:10CA20000799BCEEC00A81ED000A9DED010A01687C
:10CA3000C1F3064101EE101AB8EE411A31EE021AA6
:10CA400080EE010A0799BCEEC00A81ED010A9DED56
:10CA5000010A0068C0F3066001EE100AB8EE411A40
:10CA600031EE021A80EE010A0798BCEEC00A80ED92
:10CA7000020A07E0079900200860079948600799B3
:10CA80008860FFE708B07047001BB74B0000003913
:10CA90000024744A0024744C88B0079044F2284063
:10CAA000C5F60200016801F0030106910068C0F3B9
:10CAB0000550059044F22C40C5F602000068C0F312
:10CAC00000200490049844F24441C5F6020109682C
:10CAD00089B2C908484300EE100AB8EE400A8DED4D
:10CAE000020A0598002800F01181FFE706980090DF
:10CAF00048B1FFE70098012865D0FFE700980228B9
:10CB000000F08380A3E044F20040C5F60200006814
:10CB100000F020010020B0EB511F31D0FFE744F2BC
:10CB20000040C5F602000068C0F3C10149F20000F0
:10CB3000C0F2D030C84003909DED030AB8EE400A21
:10CB40009DED051AB8EE411A80EE010A44F240400C
:10CB5000C5F6020000686FF35F2001EE100AB8EE20
:10CB6000411A9DED022A9FED6F3A02EE031AB7EECD
:10CB7000002A31EE021A20EE010A8DED010A21E0B1
:10CB80009DED050AB8EE401A9FED680A80EE010A95
:10CB900044F24040C5F6020000686FF35F2001EEEA
:10CBA000100AB8EE411A9DED022A9FED5E3A02EEA0
:10CBB000031AB7EE002A31EE021A20EE010A8DEDBB
:10CBC000010AFFE765E09DED050AB8EE401A9FED0A
:10CBD000560A80EE010A44F24040C5F602000068A1
:10CBE0006FF35F2001EE100AB8EE411A9DED022AA4
:10CBF0009FED4C3A02EE031AB7EE002A31EE021A0C
:10CC000020EE010A8DED010A43E09DED050AB8EE24
:10CC1000401A9FED430A80EE010A44F24040C5F6F7
:10CC2000020000686FF35F2001EE100AB8EE411AAF
:10CC30009DED022A9FED3B3A02EE031AB7EE002A61
:10CC400031EE021A20EE010A8DED010A21E09DED80
:10CC5000050AB8EE401A9FED340A80EE010A44F24C
:10CC60004040C5F6020000686FF35F2001EE100A35
:10CC7000B8EE411A9DED022A9FED2A3A02EE031A00
:10CC8000B7EE002A31EE021A20EE010A8DED010AFC
:10CC9000FFE79DED010A44F24040C5F6020001683D
:10CCA00089B2490A01EE101AB8EE411AB7EE002A0D
:10CCB00031EE021A80EE010A0799BCEEC00A81ED3E
:10CCC000000A9DED010A0168C1F3064101EE101A48
:10CCD000B8EE411A31EE021A80EE010A0799BCEE55
:10CCE000C00A81ED010A9DED010A0068C0F30660EB
:10CCF00001EE100AB8EE411A31EE021A80EE010A76
:10CD00000798BCEEC00A80ED020A07E007990020F0
:10CD100008600799486007998860FFE708B0704786
:10CD2000001BB74B000000390024744A0024744CE7
:10CD300080B598B0179116901698179980F4807066
:10CD40000843002840F0A880FFE744F25040C5F6B1
:10CD50000200006800F007000B900B980890042870
:10CD600000F295800899DFE801F00316298C3C0059
:10CD700044F20040C5F6020000688001002806D594
:10CD8000FFE713A8FFF7F0FB14980C9002E00020D7
:10CD90000C90FFE77EE044F20040C5F60200006818
:10CDA0000001002806D5FFE710A8FFF729FD10981D
:10CDB0000C9002E000200C90FFE76BE044F2004092
:10CDC000C5F6020000688000002806D5FFE70DA820
:10CDD000FFF762FE0D980C9002E000200C90FFE738
:10CDE00058E044F24C40C5F60200006800F04050A4
:10CDF0000A9044F20040C5F602000068400700288F
:10CE000011D5FFE70A9870B9FFE744F20040C5F674
:10CE100002000068C0F3C10149F20000C0F2D03046
:10CE2000C8400C902CE044F20040C5F602000068B7
:10CE3000C00500280BD5FFE70A98B0F1805F06D146
:10CE4000FFE740F60010C0F23D000C9017E044F2FE
:10CE50000040C5F602000068800300280BD5FFE7FC
:10CE60000A98B0F1005F06D1FFE743F20060C0F21C
:10CE70006E100C9002E000200C90FFE7FFE7FFE748
:10CE800008E048F20000C0F2BB000C9002E0002075
:10CE90000C90FFE700F0B2BC1698179980F4806000
:10CEA0000843002840F0B580FFE744F25840C5F63B
:10CEB0000200006800F460000B900B980790A8B186
:10CEC000FFE70798B0F5001F23D0FFE70798B0F5FC
:10CED000800F31D0FFE70798B0F5C00F00F08F80CA
:10CEE000FFE70798B0F5000F39D08EE044F200401C
:10CEF000C5F6020000688001002806D5FFE713A8E8
:10CF0000FFF732FB14980C9002E000200C90FFE732
:10CF10007EE044F20040C5F60200006800010028EF
:10CF200006D5FFE710A8FFF76BFC10980C9002E005
:10CF300000200C90FFE76BE044F20040C5F60200D1
:10CF400000688000002806D5FFE70DA8FFF7A4FDC4
:10CF50000D980C9002E000200C90FFE758E044F29E
:10CF60004C40C5F60200006800F040500A9044F2C0
:10CF70000040C5F6020000684007002811D5FFE711
:10CF80000A9870B9FFE744F20040C5F60200006855
:10CF9000C0F3C10149F20000C0F2D030C8400C908B
:10CFA0002CE044F20040C5F602000068C0050028ED
:10CFB0000BD5FFE70A98B0F1805F06D1FFE740F696
:10CFC0000010C0F23D000C9017E044F20040C5F69E
:10CFD00002000068800300280BD5FFE70A98B0F133
:10CFE000005F06D1FFE743F20060C0F26E100C90C4
:10CFF00002E000200C90FFE7FFE7FFE708E048F2BF
:10D000000000C0F2BB000C9002E000200C90FFE793
:10D01000F3E31698179980F400600843002840F065
:10D02000B580FFE744F25840C5F60200006800F002
:10D03000E0600B900B980690A8B1FFE70698B0F15E
:10D04000807F23D0FFE70698B0F1007F31D0FFE763
:10D050000698B0F1407F00F08F80FFE70698B0F1AE
:10D06000806F39D08EE044F20040C5F602000068BF
:10D070008001002806D5FFE713A8FFF775FA14987A
:10D080000C9002E000200C90FFE77EE044F20040AC
:10D09000C5F6020000680001002806D5FFE710A8C9
:10D0A000FFF7AEFB10980C9002E000200C90FFE719
:10D0B0006BE044F20040C5F60200006880000028E2
:10D0C00006D5FFE70DA8FFF7E7FC0D980C9002E0EE
:10D0D00000200C90FFE758E044F24C40C5F60200F7
:10D0E000006800F040500A9044F20040C5F602008B
:10D0F00000684007002811D5FFE70A9870B9FFE7DC
:10D1000044F20040C5F602000068C0F3C10149F2D4
:10D110000000C0F2D030C8400C902CE044F2004037
:10D12000C5F602000068C00500280BD5FFE70A9885
:10D13000B0F1805F06D1FFE740F60010C0F23D007D
:10D140000C9017E044F20040C5F60200006880032E
:10D1500000280BD5FFE70A98B0F1005F06D1FFE782
:10D1600043F20060C0F26E100C9002E000200C90C0
:10D17000FFE7FFE7FFE708E048F20000C0F2BB006E
:10D180000C9002E000200C90FFE735E31698179909
:10D1900080F480500843002840F0B580FFE744F257
:10D1A0005040C5F60200006800F4E040099009987C
:10D1B0000590A8B1FFE70598B0F5805F23D0FFE7A1
:10D1C0000598B0F5005F31D0FFE70598B0F5405FF6
:10D1D00000F08F80FFE70598B0F5804F39D08EE0E2
:10D1E00044F20040C5F6020000688001002806D520
:10D1F000FFE713A8FFF7B8F914980C9002E000209D
:10D200000C90FFE77EE044F20040C5F602000068A3
:10D210000001002806D5FFE710A8FFF7F1FA1098E3
:10D220000C9002E000200C90FFE76BE044F200401D
:10D23000C5F6020000688000002806D5FFE70DA8AB
:10D24000FFF72AFC0D980C9002E000200C90FFE7FD
:10D2500058E044F24C40C5F60200006800F040502F
:10D260000A9044F20040C5F602000068400700281A
:10D2700011D5FFE70A9870B9FFE744F20040C5F600
:10D2800002000068C0F3C10149F20000C0F2D030D2
:10D29000C8400C902CE044F20040C5F60200006843
:10D2A000C00500280BD5FFE70A98B0F1805F06D1D2
:10D2B000FFE740F60010C0F23D000C9017E044F28A
:10D2C0000040C5F602000068800300280BD5FFE788
:10D2D0000A98B0F1005F06D1FFE743F20060C0F2A8
:10D2E0006E100C9002E000200C90FFE7FFE7FFE7D4
:10D2F00008E048F20000C0F2BB000C9002E0002001
:10D300000C90FFE777E21698179980F400500843D5
:10D31000002840F09580FFE744F25040C5F6020037
:10D32000006800F4E020099009980490C8B1FFE774
:10D330000498B0F5803F18D0FFE70498B0F5003F9F
:10D3400026D0FFE70498B0F5403F34D0FFE70498BB
:10D35000B0F5802F4AD0FFE70498B0F5A02F58D041
:10D360006AE001F005FD0C9069E044F20040C5F66A
:10D37000020000680001002806D5FFE710A8FFF7AB
:10D380003FFA11980C9002E000200C90FFE756E065
:10D3900044F20040C5F6020000688000002806D56F
:10D3A000FFE70DA8FFF778FB0E980C9002E0002035
:10D3B0000C90FFE743E044F20040C5F6020000682D
:10D3C000400700280ED5FFE744F20040C5F60200F2
:10D3D0000068C0F3C10149F20000C0F2D030C8407B
:10D3E0000C9002E000200C90FFE728E044F200409F
:10D3F000C5F602000068C005002806D5FFE740F624
:10D400000010C0F23D000C9002E000200C90FFE7FD
:10D4100015E044F20040C5F60200006880030028D1
:10D4200006D5FFE743F20060C0F26E100C9002E0F8
:10D4300000200C90FFE702E000200C90FFE7D9E10C
:10D440001698179980F400200843002840F0918036
:10D45000FFE744F25840C5F60200006800F440308F
:10D4600009900998039050B1FFE70398B0F5803F09
:10D4700018D0FFE70398B0F5003F26D075E044F2DE
:10D480000040C5F6020000680001002806D5FFE74D
:10D4900010A8FFF7B5F910980C9002E000200C904E
:10D4A000FFE765E044F20040C5F602000068800036
:10D4B000002806D5FFE70DA8FFF7EEFA0F980C90AD
:10D4C00002E000200C90FFE752E044F24C40C5F629
:10D4D0000200006800F040500A9044F20040C5F697
:10D4E000020000684007002811D5FFE70A9870B9CC
:10D4F000FFE744F20040C5F602000068C0F3C10136
:10D5000049F20000C0F2D030C8400C902CE044F248
:10D510000040C5F602000068C00500280BD5FFE7F3
:10D520000A98B0F1805F06D1FFE740F60010C0F224
:10D530003D000C9017E044F20040C5F60200006880
:10D54000800300280BD5FFE70A98B0F1005F06D1F1
:10D55000FFE743F20060C0F26E100C9002E0002082
:10D560000C90FFE7FFE7FFE702E000200C90FFE7E9
:10D570003FE11698179980F480300843D8BBFFE745
:10D5800044F24C40C5F60200006800F48030099077
:10D590000998029028B1FFE70298B0F5803F13D0B8
:10D5A00025E044F20040C5F6020000688001002832
:10D5B00006D5FFE713A8FEF7D7FF14980C9002E0FA
:10D5C00000200C90FFE715E044F20040C5F6020091
:10D5D00000680001002806D5FFE710A8FFF710F942
:10D5E00012980C9002E000200C90FFE702E000206F
:10D5F0000C90FFE7FCE01698179980F480400843F0
:10D60000002840F09580FFE744F25840C5F602003C
:10D61000006800F0E040099009980190C8B1FFE768
:10D620000198B0F1805F18D0FFE70198B0F1005F7A
:10D6300026D0FFE70198B0F1405F34D0FFE70198B2
:10D64000B0F1804F4AD0FFE70198B0F1A04F58D019
:10D650006AE0FEF775FF0C9069E044F20040C5F601
:10D66000020000680001002806D5FFE710A8FFF7B8
:10D67000C7F811980C9002E000200C90FFE756E0EC
:10D6800044F20040C5F6020000688000002806D57C
:10D69000FFE70DA8FFF700FA0E980C9002E00020BB
:10D6A0000C90FFE743E044F20040C5F6020000683A
:10D6B000400700280ED5FFE744F20040C5F60200FF
:10D6C0000068C0F3C10149F20000C0F2D030C84088
:10D6D0000C9002E000200C90FFE728E044F20040AC
:10D6E000C5F602000068C005002806D5FFE740F631
:10D6F0000010C0F23D000C9002E000200C90FFE70B
:10D7000015E044F20040C5F60200006880030028DE
:10D7100006D5FFE743F20060C0F26E100C9002E005
:10D7200000200C90FFE702E000200C90FFE75EE095
:10D730001698179980F400400843002853D1FFE75A
:10D7400044F25040C5F60200006800F040500990D5
:10D750000998009050B1FFE70098B0F1805F18D0B1
:10D76000FFE70098B0F1005F26D038E044F20040B7
:10D77000C5F6020000688003002806D5FFE743F2E3
:10D780000060C0F26E100C9002E000200C90FFE7E9
:10D7900028E044F20040C5F602000068800100283D
:10D7A00006D5FFE713A8FEF7DFFE14980C9002E001
:10D7B00000200C90FFE715E044F20040C5F602009F
:10D7C00000680001002806D5FFE710A8FFF718F849
:10D7D00011980C9002E000200C90FFE702E000207E
:10D7E0000C90FFE702E000200C90FFE7FFE7FFE767
:10D7F000FFE7FFE7FFE7FFE7FFE7FFE70C9818B059
:10D8000080BD00000000000080B59AB01890002094
:10D810008DF857008DF856001898C078000700283A
:10D8200048D5FFE71898406E149078B1FFE7149838
:10D83000B0F5801F13D0FFE71498B0F5001F16D085
:10D84000FFE71498B0F5401F19D019E044F22C41BD
:10D85000C5F60201086840F40030086014E018982A
:10D860000830022106F06CFD8DF857000CE0189886
:10D870002830022106F04CFE8DF8570004E003E04A
:10D8800001208DF85700FFE79DF8570060B9FFE7CA
:10D8900044F25041C5F60201086820F44010189A7D
:10D8A000526E1043086004E09DF857008DF8560052
:10D8B000FFE7FFE718984078C007002840D0FFE74F
:10D8C0001898806D1390042820D81399DFE801F090
:10D8D000030C141C1D0044F22C41C5F6020108681B
:10D8E00040F40030086015E018980830002106F078
:10D8F00027FD8DF857000DE018982830002106F01C
:10D9000007FE8DF8570005E004E003E001208DF8E4
:10D910005700FFE79DF8570060B9FFE744F2504118
:10D92000C5F60201086820F00700189A926D1043AE
:10D93000086004E09DF857008DF85600FFE7FFE708
:10D94000189840784007002856D5FFE71898D0F877
:10D95000A4001290C8B1FFE71298B0F5001F1DD0C7
:10D96000FFE71298B0F5800F20D0FFE71298B0F5CE
:10D97000C00F23D0FFE71298B0F5000F1FD0FFE7CC
:10D980001298B0F5200F1BD01BE044F22C41C5F6D5
:10D990000201086840F40030086016E0189808306A
:10D9A000002106F0CDFC8DF857000EE018982830C5
:10D9B000002106F0ADFD8DF8570006E005E004E01B
:10D9C00003E001208DF85700FFE79DF8570068B984
:10D9D000FFE744F25841C5F60201086820F46000F0
:10D9E000189AD2F8A4201043086004E09DF857006C
:10D9F0008DF85600FFE7FFE71898407800070028E9
:10DA000056D5FFE71898D0F8A8001190C8B1FFE7E5
:10DA10001198B0F1807F1DD0FFE71198B0F1007F21
:10DA200020D0FFE71198B0F1407F23D0FFE7119895
:10DA3000B0F1806F1FD0FFE71198B0F1A06F1BD03D
:10DA40001BE044F22C41C5F60201086840F40030A6
:10DA5000086016E018980830002106F071FC8DF877
:10DA600057000EE018982830002106F051FD8DF87F
:10DA7000570006E005E004E003E001208DF85700C0
:10DA8000FFE79DF8570068B9FFE744F25841C5F633
:10DA90000201086820F0E060189AD2F8A82010432C
:10DAA000086004E09DF857008DF85600FFE7FFE797
:10DAB0001898C078800700283ED5FFE71898C06CFA
:10DAC0001090F0B1FFE71098102808D0FFE71098E9
:10DAD00020280DD0FFE71098302811D012E044F232
:10DAE0002C41C5F60201086840F4003008600DE0E2
:10DAF00018980830022106F023FC8DF8570005E045
:10DB000004E003E001208DF85700FFE79DF857007F
:10DB100060B9FFE744F24C41C5F60201086820F005
:10DB20003000189AD26C1043086004E09DF857004A
:10DB30008DF85600FFE7FFE718984078C0060028E8
:10DB40004ED5FFE71898C06D0F90A0B1FFE70F9872
:10DB5000B0F5805F18D0FFE70F98B0F5005F1BD0DD
:10DB6000FFE70F98B0F5405F1ED0FFE70F98B0F5C4
:10DB7000804F1AD01AE044F22C41C5F60201086821
:10DB800040F40030086015E018980830002106F0D5
:10DB9000D7FB8DF857000DE018982830002106F0CB
:10DBA000B7FC8DF8570005E004E003E001208DF894
:10DBB0005700FFE79DF8570060B9FFE744F2504176
:10DBC000C5F60201086820F4E040189AD26D1043AF
:10DBD000086004E09DF857008DF85600FFE7FFE766
:10DBE00018984078800600284CD5FFE71898006EFA
:10DBF0000E90C8B1FFE70E98B0F5803F15D0FFE753
:10DC00000E98B0F5003F18D0FFE70E98B0F5403FF2
:10DC10001BD0FFE70E98B0F5802F17D0FFE70E98C6
:10DC2000B0F5A02F13D013E016E0189808300121AA
:10DC300006F086FB8DF857000EE018982830012179
:10DC400006F066FC8DF8570006E005E004E003E00E
:10DC500001208DF85700FFE79DF8570060B9FFE7F6
:10DC600044F25041C5F60201086820F4E020189AF9
:10DC7000126E1043086004E09DF857008DF85600BE
:10DC8000FFE7FFE718984078400600284ED5FFE7E9
:10DC90001898D0F8AC000D90C8B1FFE70D98B0F11E
:10DCA000805F15D0FFE70D98B0F1005F18D0FFE757
:10DCB0000D98B0F1405F1BD0FFE70D98B0F1804F99
:10DCC00017D0FFE70D98B0F1A04F13D013E016E086
:10DCD00018980830012106F033FB8DF857000EE04C
:10DCE00018982830012106F013FC8DF8570006E043
:10DCF00005E004E003E001208DF85700FFE79DF800
:10DD0000570068B9FFE744F25841C5F602010868B8
:10DD100020F0E040189AD2F8AC201043086004E0EC
:10DD20009DF857008DF85600FFE7FFE718984078F8
:10DD3000000600283BD5FFE71898C06E0C90D8B1BC
:10DD4000FFE70C98B0F1805F05D0FFE70C98B0F1C9
:10DD5000005F09D011E044F22C41C5F602010868C9
:10DD600040F4003008600CE018980830012106F0FB
:10DD7000E7FA8DF8570004E003E001208DF8570022
:10DD8000FFE79DF8570060B9FFE744F25041C5F640
:10DD90000201086820F04050189AD26E10430860C3
:10DDA00004E09DF857008DF85600FFE7FFE718984C
:10DDB000C078C007002837D0FFE71898806C0B9018
:10DDC000032817D80B99DFE801F014020B1344F273
:10DDD0002C41C5F60201086840F4003008600DE0EF
:10DDE00018980830022106F0ABFA8DF8570005E0CC
:10DDF00004E003E001208DF85700FFE79DF857008D
:10DE000060B9FFE744F24C41C5F60201086820F012
:10DE10000300189A926C1043086004E09DF85700C4
:10DE20008DF85600FFE7FFE7189880784006002835
:10DE300040F1B480FFE744F60001C5F6020108682E
:10DE400040F480700860FCF7E3FF1690FFE744F6AB
:10DE50000000C5F602000068C00500280CD4FFE7EA
:10DE6000FCF7D6FF1699401A652804D3FFE7032074
:10DE70008DF8570000E0EAE79DF85700002840F0D1
:10DE80008780FFE744F27040C5F60200006800F4A6
:10DE900040701899D1F8B01001F44071884213D045
:10DEA000FFE744F27041C5F60201086820F44070B3
:10DEB0001790086840F480300860086820F48030CB
:10DEC000086017980860FFE71898D0F8B000B0F520
:10DED000807F1FD1FFE7FCF79BFF1690FFE744F21E
:10DEE0007040C5F60200006800F002010020B0EBAF
:10DEF000510F0ED1FFE7FCF78BFF1699401A41F244
:10DF00008931884204D3FFE703208DF8570000E0F1
:10DF1000E5E7FFE79DF85700A0BBFFE7FFE718988C
:10DF2000D0F8B00000F44070B0F5407F13D1FFE7A7
:10DF300044F21041C5F60201086820F47C50189A9A
:10DF4000D2F8B0204FF6F043C0F6FF731A4040EA13
:10DF50001210086008E044F21041C5F6020108689A
:10DF600020F47C500860FFE71898D0F8B0206FF3D9
:10DF70001F3244F27041C5F6020108681043086080
:10DF8000FFE704E09DF857008DF85600FFE704E036
:10DF90009DF857008DF85600FFE7FFE718980068D6
:10DFA000C007002800F04C80FFE71898806F0A90A7
:10DFB00028282BD80A99DFE801F0152929292929D1
:10DFC000292916292929292929291E2929292929DF
:10DFD00029292629292929292929272929292929B6
:10DFE0002929280016E018980830012106F0A8F920
:10DFF0008DF857000EE018982830012106F088FAB5
:10E000008DF8570006E005E004E003E001208DF8FC
:10E010005700FFE79DF8570060B9FFE744F254410D
:10E02000C5F60201086820F03800189A926F104374
:10E03000086004E09DF857008DF85600FFE7FFE701
:10E04000189800788007002839D5FFE71898406FA6
:10E050000990052819D80999DFE801F003040C1488
:10E06000151616E018980830012106F069F98DF8A8
:10E0700057000EE018982830012106F049FA8DF873
:10E08000570006E005E004E003E001208DF85700AA
:10E09000FFE79DF8570060B9FFE744F25441C5F629
:10E0A0000201086820F00700189A526F10430860B8
:10E0B00004E09DF857008DF85600FFE7FFE7189839
:10E0C0000078400700283BD5FFE71898D0F890006B
:10E0D0000890052819D80899DFE801F003040C140A
:10E0E000151616E018980830012106F029F98DF868
:10E0F00057000EE018982830012106F009FA8DF833
:10E10000570006E005E004E003E001208DF8570029
:10E11000FFE79DF8570068B9FFE744F25841C5F69C
:10E120000201086820F00700189AD2F890201043E6
:10E13000086004E09DF857008DF85600FFE7FFE700
:10E1400018980078800600284ED5FFE71898D0F878
:10E150008C000790C8B1FFE70798B0F1805F15D039
:10E16000FFE70798B0F1005F18D0FFE70798B0F11C
:10E17000405F1BD0FFE70798B0F1804F17D0FFE753
:10E180000798B0F1A04F13D013E016E018980830AC
:10E19000002106F0D5F88DF857000EE018982830C9
:10E1A000022106F0B5F98DF8570006E005E004E01D
:10E1B00003E001208DF85700FFE79DF8570068B98C
:10E1C000FFE744F25441C5F60201086820F0E04040
:10E1D000189AD2F88C201043086004E09DF857008C
:10E1E0008DF85600FFE7FFE71898007840060028F2
:10E1F0004ED5FFE71898D0F898000690C8B1FFE711
:10E200000698B0F5806F15D0FFE70698B0F5006F5F
:10E2100018D0FFE70698B0F5406F1BD0FFE70698CF
:10E22000B0F5805F17D0FFE70698B0F5A05F13D078
:10E2300013E016E018980830002106F081F88DF8F8
:10E2400057000EE018982830022106F061F98DF889
:10E25000570006E005E004E003E001208DF85700D8
:10E26000FFE79DF8570068B9FFE744F25841C5F64B
:10E270000201086820F4E050189AD2F89820104360
:10E28000086004E09DF857008DF85600FFE7FFE7AF
:10E2900018980078000600284ED5FFE71898D0F8A7
:10E2A0009C000590C8B1FFE70598B0F5005F15D058
:10E2B000FFE70598B0F5804F18D0FFE70598B0F557
:10E2C000C04F1BD0FFE70598B0F5004F17D0FFE710
:10E2D0000598B0F5204F13D013E016E018980830D9
:10E2E000002106F02DF88DF857000EE01898283020
:10E2F000022106F00DF98DF8570006E005E004E074
:10E3000003E001208DF85700FFE79DF8570068B93A
:10E31000FFE744F25841C5F60201086820F4604066
:10E32000189AD2F89C201043086004E09DF857002A
:10E330008DF85600FFE7FFE71898007800070028DF
:10E3400020D5FFE71898D0F88000B0F5805F0CD199
:10E35000FFE718982830022106F0DAF820B1FFE72D
:10E3600001208DF85600FFE7FFE744F25441C5F65F
:10E370000201086820F44050189AD2F88020104317
:10E380000860FFE718980078C006002820D5FFE74E
:10E390001898D0F89400B0F5807F0CD1FFE718985A
:10E3A0002830022106F0B4F820B1FFE701208DF8F3
:10E3B0005600FFE7FFE744F25841C5F6020108683E
:10E3C00020F44070189AD2F8942010430860FFE7B8
:10E3D00018988078000700283CD5FFE71898D0F8F7
:10E3E000A000049050B1FFE70498B0F5803F0DD035
:10E3F000FFE70498B0F5003F10D010E018980830FF
:10E40000002105F09DFF8DF857000CE0189828308A
:10E41000022106F07DF88DF8570004E003E00120AA
:10E420008DF85700FFE79DF8570068B9FFE744F201
:10E430005841C5F60201086820F44030189AD2F815
:10E44000A0201043086004E09DF857008DF85600A6
:10E45000FFE7FFE718988078400700283FD5FFE7DF
:10E460001898D0F884000390B0F5801F0AD0FFE719
:10E470000398B0F5001F0ED0FFE70398B0F5401FDA
:10E4800011D011E044F22C41C5F60201086840F4B5
:10E49000003008600CE018982830012106F038F8A8
:10E4A0008DF8570004E003E001208DF85700FFE7E6
:10E4B0009DF8570068B9FFE744F25441C5F60201E0
:10E4C000086820F44010189AD2F88420104308609D
:10E4D00004E09DF857008DF85600FFE7FFE7189815
:10E4E0008078C007A8B3FFE71898006D029028B1A4
:10E4F000FFE70298B0F5803F09D010E044F22C41CC
:10E50000C5F60201086840F4003008600BE0189876
:10E510000830022105F014FF8DF8570003E00120B8
:10E520008DF85700FFE79DF8570060B9FFE744F208
:10E530004C41C5F60201086820F48030189A126D2B
:10E540001043086004E09DF857008DF85600FFE77F
:10E55000FFE71898C078800600280CD5FFE71898C8
:10E560002830022105F0D4FF20B1FFE701208DF80B
:10E570005600FFE7FFE718988078800700283AD513
:10E58000FFE71898C06F0190D0B1FFE70198B0F590
:10E59000807F0AD0FFE70198B0F5007F0ED0FFE73B
:10E5A0000198B0F5407F0AD00BE044F22C41C5F64B
:10E5B0000201086840F40030086006E005E004E06D
:10E5C00003E001208DF85700FFE79DF8570060B980
:10E5D000FFE744F25441C5F60201086820F4407098
:10E5E000189AD26F1043086004E09DF857008DF828
:10E5F0005600FFE7FFE718988078C00600280CD582
:10E60000FFE744F25041C5F60201086820F00040DF
:10E61000189A126F10430860FFE7189880788006F8
:10E6200000280CD5FFE744F25041C5F60201086806
:10E6300020F08070189A926E10430860FFE71898D7
:10E64000C0784006002811D5FFE7FFE744F21041EB
:10E65000C5F60201086820F4004008601898D0F858
:10E66000B420086810430860FFE7FFE71898C078F7
:10E67000000600280CD5FFE744F24C41C5F6020124
:10E68000086820F04050189A526D10430860FFE768
:10E6900018988078000600280DD5FFE744F2544111
:10E6A000C5F60201086820F44000189AD2F88820C4
:10E6B00010430860FFE718980079C00790B1FFE7A2
:10E6C00018980830002105F03BFE8DF857009DF8A2
:10E6D000570008B9FFE704E09DF857008DF8560091
:10E6E000FFE7FFE7189800798007002812D5FFE7B9
:10E6F00018980830012105F023FE8DF857009DF889
:10E70000570008B9FFE704E09DF857008DF8560060
:10E71000FFE7FFE7189800794007002812D5FFE7C8
:10E7200018980830022105F00BFE8DF857009DF86F
:10E73000570008B9FFE704E09DF857008DF8560030
:10E74000FFE7FFE7189800790007002812D5FFE7D8
:10E7500018982830002105F0DBFE8DF857009DF851
:10E76000570008B9FFE704E09DF857008DF8560000
:10E77000FFE7FFE718980079C006002812D5FFE7E9
:10E7800018982830012105F0C3FE8DF857009DF838
:10E79000570008B9FFE704E09DF857008DF85600D0
:10E7A000FFE7FFE7189800798006002812D5FFE7F9
:10E7B00018982830022105F0ABFE8DF857009DF81F
:10E7C000570008B9FFE704E09DF857008DF85600A0
:10E7D000FFE7FFE79DF8560020B9FFE700208DF81E
:10E7E000670003E001208DF86700FFE79DF86700F0
:10E7F0001AB080BD0000000080B586B0049003917F
:10E80000049820B9FFE701208DF817003CE2039837
:10E8100042F20001C5F20021096801F00F018842AF
:10E8200016D9FFE742F20000C5F20020016821F08E
:10E830000F01039A11430160006800F00F00039973
:10E84000884204D0FFE701208DF817001CE2FFE7A3
:10E85000049800784007002819D5FFE7049800695C
:10E8600044F21841C5F60201096801F070018842BE
:10E870000CD9FFE744F21841C5F60201086820F000
:10E880007000049A126910430860FFE7FFE70498DC
:10E8900000780007002819D5FFE70498406944F282
:10E8A0001C41C5F60201096801F0700188420CD9CB
:10E8B000FFE744F21C41C5F60201086820F0700031
:10E8C000049A526910430860FFE7FFE70498007854
:10E8D000C006002819D5FFE70498806944F21C415E
:10E8E000C5F60201096801F4E06188420CD9FFE72E
:10E8F00044F21C41C5F60201086820F4E060049A65
:10E90000926910430860FFE7FFE7049800788006EB
:10E91000002819D5FFE70498C06944F22041C5F6E4
:10E920000201096801F0700188420CD9FFE744F246
:10E930002041C5F60201086820F07000049AD269EF
:10E9400010430860FFE7FFE704980078800700287D
:10E9500019D5FFE70498C06844F21841C5F60201D2
:10E96000096801F00F0188420CD9FFE744F2184111
:10E97000C5F60201086820F00F00049AD26810431F
:10E980000860FFE7FFE704980078C007002800F060
:10E990008C80FFE744F21841C5F60201086820F4B4
:10E9A0007060049A926810430860049840680228D6
:10E9B00011D1FFE744F20040C5F60200006800F400
:10E9C00000310020B0EB514F04D1FFE701208DF85A
:10E9D000170059E13EE004984068032811D1FFE791
:10E9E00044F20040C5F60200006800F0007100200B
:10E9F000B0EB516F04D1FFE701208DF8170043E120
:10EA000027E004984068012811D1FFE744F2004054
:10EA1000C5F60200006800F480710020B0EB112FF1
:10EA200004D1FFE701208DF817002DE110E044F23A
:10EA30000040C5F60200006800F004010020B0EBC1
:10EA4000910F04D1FFE701208DF817001CE1FFE7CB
:10EA5000FFE7FFE744F21041C5F60201086820F025
:10EA60000700049A526810430860FCF7D1F901903E
:10EA7000FFE744F21040C5F60200006800F03800DD
:10EA800004994968B0EBC10F0ED0FFE7FCF7C0F95D
:10EA90000199401A41F28931884204D3FFE70320EB
:10EAA0008DF81700F0E0E4E7FFE7049800788007AE
:10EAB000002819D5FFE70498C06844F21841C5F64C
:10EAC0000201096801F00F0188420CD2FFE744F20D
:10EAD0001841C5F60201086820F00F00049AD268B8
:10EAE00010430860FFE7FFE7039842F20001C5F218
:10EAF0000021096801F00F01884216D2FFE742F2B7
:10EB00000000C5F20020016821F00F01039A1143B3
:10EB10000160006800F00F000399884204D0FFE70D
:10EB200001208DF81700AFE0FFE704980078400758
:10EB3000002819D5FFE70498006944F21841C5F68A
:10EB40000201096801F0700188420CD2FFE744F22B
:10EB50001841C5F60201086820F07000049A126995
:10EB600010430860FFE7FFE70498007800070028DB
:10EB700019D5FFE70498406944F21C41C5F602012B
:10EB8000096801F0700188420CD2FFE744F21C4191
:10EB9000C5F60201086820F07000049A526910431B
:10EBA0000860FFE7FFE704980078C006002819D541
:10EBB000FFE70498806944F21C41C5F60201096828
:10EBC00001F4E06188420CD2FFE744F21C41C5F633
:10EBD0000201086820F4E060049A9269104308601A
:10EBE000FFE7FFE7049800788006002819D5FFE7C3
:10EBF0000498C06944F22041C5F60201096801F099
:10EC0000700188420CD2FFE744F22041C5F60201B0
:10EC1000086820F07000049AD26910430860FFE78A
:10EC2000FFE700F0CDF844F21842C5F60202116881
:10EC3000C1F3032345F2FC01C0F60401CB5C03F0F1
:10EC40001F03D84000900098126802F00F02895C00
:10EC500001F01F01C84040F24001C2F200410860CB
:10EC6000009840F23C01C2F20041086040F2C0202E
:10EC7000C2F200400068FCF72FF98DF80B009DF8F8
:10EC80000B008DF81700FFE79DF8170006B080BD58
:10EC900082B00190009101993F20086044F2104039
:10ECA000C5F60200006800F007000199486044F2D0
:10ECB0001840C5F60200016801F47061019A916084
:10ECC000016801F00F01019AD160006800F0700046
:10ECD0000199086144F21C40C5F60200016801F088
:10ECE0007001019A5161006800F4E0600199886147
:10ECF00044F22040C5F60200006800F0700001995F
:10ED0000C86142F20000C5F20020006800F00F0068
:10ED10000099086002B0704780B582B000F050F8EA
:10ED200044F21842C5F602021168C1F3032345F20A
:10ED3000FC01C0F60401CB5C03F01F03D840019036
:10ED40000198126802F00F02895C01F01F0120FA9D
:10ED500001F140F24000C2F200400160019940F22E
:10ED60003C02C2F200421160006802B080BD0000A7
:10ED700080B5FFF7D1FF44F21C41C5F602010968D6
:10ED8000C1F3021245F2FC01C0F60401895C01F0F6
:10ED90001F01C84080BD000080B5FFF7BDFF44F2F1
:10EDA0001C41C5F602010968C1F3022245F2FC01CB
:10EDB000C0F60401895C01F01F01C84080BD00005D
:10EDC0008AB044F21040C5F60200006800F0380036
:10EDD00001460191182800F25F810199DFE811F0E6
:10EDE00019005C015C015C015C015C015C015C017F
:10EDF0003A005C015C015C015C015C015C015C014E
:10EE000040005C015C015C015C015C015C015C0137
:10EE1000460044F20040C5F60200006800F0200100
:10EE20000020B0EB511F0ED0FFE744F20040C5F6C2
:10EE300002000068C0F3C10149F20000C0F2D03006
:10EE4000C840029005E049F20000C0F2D0300290C4
:10EE5000FFE727E140F60010C0F23D00029021E1FB
:10EE600043F20060C0F26E1002901BE144F22840B1
:10EE7000C5F60200016801F0030108910068C0F3C3
:10EE80000510079044F22C40C5F60200006800F01F
:10EE900001000690069844F23441C5F60201096863
:10EEA00089B2C908484300EE100AB8EE400A8DED59
:10EEB000040A0798002800F0EB80FFE7089800900C
:10EEC00048B1FFE70098012865D0FFE700980228C5
:10EED00000F08380A3E044F20040C5F60200006821
:10EEE00000F020010020B0EB511F31D0FFE744F2C9
:10EEF0000040C5F602000068C0F3C10149F20000FD
:10EF0000C0F2D030C84005909DED050AB8EE400A29
:10EF10009DED071AB8EE411A80EE010A44F2304026
:10EF2000C5F6020000686FF35F2001EE100AB8EE2C
:10EF3000411A9DED042A9FED5E3A02EE031AB7EEE8
:10EF4000002A31EE021A20EE010A8DED030A21E0BB
:10EF50009DED070AB8EE401A9FED570A80EE010AB0
:10EF600044F23040C5F6020000686FF35F2001EE06
:10EF7000100AB8EE411A9DED042A9FED4D3A02EEBB
:10EF8000031AB7EE002A31EE021A20EE010A8DEDC7
:10EF9000030AFFE765E09DED070AB8EE401A9FED12
:10EFA000450A80EE010A44F23040C5F602000068CE
:10EFB0006FF35F2001EE100AB8EE411A9DED042AAE
:10EFC0009FED3B3A02EE031AB7EE002A31EE021A29
:10EFD00020EE010A8DED030A43E09DED070AB8EE2D
:10EFE000401A9FED320A80EE010A44F23040C5F625
:10EFF000020000686FF35F2001EE100AB8EE411ABC
:10F000009DED042A9FED2A3A02EE031AB7EE002A7C
:10F0100031EE021A20EE010A8DED030A21E09DED8A
:10F02000070AB8EE401A9FED230A80EE010A44F267
:10F030003040C5F6020000686FF35F2001EE100A51
:10F04000B8EE411A9DED042A9FED193A02EE031A1B
:10F05000B7EE002A31EE021A20EE010A8DED030A06
:10F06000FFE744F23040C5F60200006881B201209B
:10F0700000EB512009909DED030A9DED091AB8EEB1
:10F08000411A80EE010ABCEEC00A8DED020A02E0D0
:10F0900000200290FFE705E040F60010C0F23D00BE
:10F0A0000290FFE702980AB0704700BF001BB74B01
:10F0B000000000390024744A0024744C0000000051
:10F0C00080B58CB00A900A9828B9FFE701208DF826
:10F0D0002F0000F001BD0A980078C007002800F05A
:10F0E000B980FFE744F21040C5F60200006800F066
:10F0F0003800069044F22840C5F6020000680590EA
:10F10000069810280AD0FFE7069818281CD1FFE7B8
:10F11000059800F00300022816D1FFE744F20040F2
:10F12000C5F60200006800F400310020B0EB514F3A
:10F1300009D0FFE70A98406828B9FFE701208DF859
:10F140002F0000F0C9BC84E0FFE70A984068B0F5E2
:10F15000803F09D1FFE744F20041C5F6020108688B
:10F1600040F48030086032E00A98406868B9FFE7F0
:10F1700044F20041C5F60201086820F480300860BE
:10F18000086820F48020086020E00A984068B0F504
:10F19000A02F0DD1FFE744F20041C5F60201086837
:10F1A00040F480200860086840F4803008600CE07B
:10F1B00044F20041C5F60201086820F4803008607E
:10F1C000086820F480200860FFE7FFE7FFE7FFE71B
:10F1D0000A984068F0B1FFE7FBF71AFE0990FFE7D5
:10F1E00044F20040C5F60200006800F4003100203F
:10F1F000B0EB514F0DD1FFE7FBF70AFE0999401A1A
:10F20000652805D3FFE703208DF82F0000F064BCCC
:10F21000E6E71DE0FBF7FCFD0990FFE744F2004044
:10F22000C5F60200006800F400310020B0EB514F39
:10F230000DD0FFE7FBF7ECFD0999401A652805D3CF
:10F24000FFE703208DF82F0000F046BCE6E7FFE75C
:10F25000FFE7FFE70A9800788007002840F1C580A3
:10F26000FFE744F21040C5F60200006800F03800E5
:10F27000049044F22840C5F6020000680390049808
:10F2800050B1FFE70498182850D1FFE79DF80C0013
:10F29000800700284AD1FFE744F20040C5F602008B
:10F2A000006800F004010020B0EB910F09D0FFE7E7
:10F2B0000A98C06828B9FFE701208DF82F0000F0F8
:10F2C0000BBC44F20041C5F60201086820F01900A9
:10F2D0000A9AD26810430860FBF79AFD0990FFE78D
:10F2E00044F20040C5F60200006800F0040100206E
:10F2F000B0EB910F0CD1FFE7FBF78AFD0999401A9B
:10F30000032804D3FFE703208DF82F00E4E3E7E7A9
:10F3100044F20441C5F60201086820F0FE400A9A52
:10F32000126940EA02600860FFE75DE00A98C06881
:10F33000A0B3FFE744F20041C5F60201086820F0DF
:10F3400019000A9AD26810430860FBF761FD099022
:10F35000FFE744F20040C5F60200006800F0040137
:10F360000020B0EB910F0CD1FFE7FBF751FD09999D
:10F37000401A032804D3FFE703208DF82F00ABE3E6
:10F38000E7E744F20441C5F60201086820F0FE40B8
:10F390000A9A126940EA0260086024E044F20041DF
:10F3A000C5F60201086820F001000860FBF730FD97
:10F3B0000990FFE744F20040C5F60200006800F043
:10F3C00004010020B0EB910F0CD0FFE7FBF720FD0C
:10F3D0000999401A032804D3FFE703208DF82F0072
:10F3E0007AE3E7E7FFE7FFE7FFE70A980078C00660
:10F3F000002840F1A080FFE744F21040C5F602006B
:10F40000006800F03800029044F22840C5F602007F
:10F4100000680190029808280AD0FFE7029818288F
:10F420002BD1FFE7019800F00300012825D1FFE769
:10F4300044F20040C5F60200006800F4807100202C
:10F44000B0EB112F09D0FFE70A98C069802804D0DB
:10F45000FFE701208DF82F003EE3FFE744F20C4167
:10F46000C5F60201086820F07C500A9A126A40EA48
:10F4700002600860FFE7FFE75CE00A98C06998B3A4
:10F48000FFE744F20041C5F60201086840F0800041
:10F490000860FBF7BDFC0990FFE744F20040C5F6A9
:10F4A0000200006800F480710020B0EB112F0CD135
:10F4B000FFE7FBF7ADFC0999401A032804D3FFE7E7
:10F4C00003208DF82F0007E3E7E7FFE744F20C4144
:10F4D000C5F60201086820F07C500A9A126A40EAD8
:10F4E00002600860FFE724E044F20041C5F6020133
:10F4F000086820F080000860FBF78AFC0990FFE7AD
:10F5000044F20040C5F60200006800F4807100205B
:10F51000B0EB112F0CD0FFE7FBF77AFC0999401AEA
:10F52000032804D3FFE703208DF82F00D4E2E7E798
:10F53000FFE7FFE7FFE70A980078000700284FD5AC
:10F54000FFE70A98406928B3FFE744F27441C5F623
:10F550000201086840F001000860FBF759FC0990BF
:10F56000FFE744F27440C5F60200006800F00201B3
:10F570000020B0EB510F0CD1FFE7FBF749FC0999D4
:10F58000401A032804D3FFE703208DF82F00A3E2DD
:10F59000E7E724E044F27441C5F60201086820F070
:10F5A00001000860FBF734FC0990FFE744F2744067
:10F5B000C5F60200006800F002010020B0EB510F18
:10F5C0000CD0FFE7FBF724FC0999401A032804D369
:10F5D000FFE703208DF82F007EE2E7E7FFE7FFE774
:10F5E0000A980078800600284FD5FFE70A988069BE
:10F5F00028B3FFE744F20041C5F60201086840F471
:10F6000080500860FBF704FC0990FFE744F20040DB
:10F61000C5F60200006800F400510020B0EB513F35
:10F620000CD1FFE7FBF7F4FB0999401A032804D338
:10F63000FFE703208DF82F004EE2E7E724E044F2D5
:10F640000041C5F60201086820F480500860FBF70D
:10F65000DFFB0990FFE744F20040C5F602000068B6
:10F6600000F400510020B0EB513F0CD0FFE7FBF756
:10F67000CFFB0999401A032804D3FFE703208DF834
:10F680002F0029E2E7E7FFE7FFE70A980078400745
:10F69000002840F1A780FFE744F60001C5F602010B
:10F6A000086840F480700860FBF7B2FB0990FFE740
:10F6B00044F60000C5F602000068C00500280CD41E
:10F6C000FFE7FBF7A5FB0999401A652804D3FFE77C
:10F6D00003208DF82F00FFE1EAE7FFE70A98806832
:10F6E000012809D1FFE744F27041C5F6020108681C
:10F6F00040F00100086031E00A98806868B9FFE7CF
:10F7000044F27041C5F60201086820F0010008606B
:10F71000086820F0040008601FE00A988068052847
:10F720000DD1FFE744F27041C5F60201086840F0D0
:10F7300004000860086840F0010008600CE044F232
:10F740007041C5F60201086820F0010008600868F1
:10F7500020F004000860FFE7FFE7FFE7FFE70A98F3
:10F760008068F8B1FFE7FBF753FB0990FFE744F22D
:10F770007040C5F60200006800F002010020B0EB06
:10F78000510F0ED1FFE7FBF743FB0999401A41F2F5
:10F790008931884204D3FFE703208DF82F009BE1D5
:10F7A000E5E71EE0FBF734FB0990FFE744F2704009
:10F7B000C5F60200006800F002010020B0EB510F16
:10F7C0000ED0FFE7FBF724FB0999401A41F289317B
:10F7D000884204D3FFE703208DF82F007CE1E5E7A2
:10F7E000FFE7FFE70A98406A002800F07181FFE711
:10F7F00044F21040C5F60200006800F038001828F6
:10F8000000F0E080FFE70A98406A022840F0B480E8
:10F81000FFE744F20041C5F60201086820F080705D
:10F820000860FBF7F5FA0990FFE744F20040C5F6DF
:10F830000200006800F000710020B0EB516F0CD0A6
:10F84000FFE7FBF7E5FA0999401A032804D3FFE71D
:10F8500003208DF82F003FE1E7E7FFE744F228415E
:10F86000C5F60201086840F2F33290430A9B9A6A97
:10F87000DB6A42EA0312104308600A99086BD1F868
:10F8800034C08B6BCA6B01386FF35F204FF6006199
:10F89000CFF6FF7101EB4C2189B208440021CFF66D
:10F8A000FF7101EB034101F4FE0108444FF07F4179
:10F8B00001EB026101F0FE41084444F23041C5F61B
:10F8C00002010860FFE744F22C41C5F602010091F5
:10F8D000086820F00100086044F23442C5F60202D4
:10F8E00010684FF6F87398430A9B9B6C40EAC3007C
:10F8F0001060086820F00C000A9A126C104308602F
:10F90000086820F002000A9A526C104308600868E8
:10F9100040F480300860086840F4003008600868EF
:10F9200040F480200860086840F00100086044F25C
:10F930000041C5F60201086840F080700860FBF7DE
:10F9400067FA0990FFE744F20040C5F6020000683C
:10F9500000F000710020B0EB516F0CD1FFE7FBF716
:10F9600057FA0999401A032804D3FFE703208DF8BA
:10F970002F00B1E0E7E724E044F20041C5F60201C0
:10F98000086820F080700860FBF742FA0990FFE7F2
:10F9900044F20040C5F60200006800F0007100204B
:10F9A000B0EB516F0CD0FFE7FBF732FA0999401A20
:10F9B000032804D3FFE703208DF82F008CE0E7E74E
:10F9C000FFE784E044F22840C5F602000068089092
:10F9D00044F23040C5F60200006807900A98406A79
:10F9E000012837D0FFE7089800F003000A99896AD8
:10F9F00088422FD1FFE7089800F47C710A98C06A0A
:10FA0000B0EB111F26D1FFE707986FF35F200A992B
:10FA1000096B013988421DD1FFE7BDF81C100A9817
:10FA2000406B0138B0EB512F14D1FFE7079800F479
:10FA3000FE010A98806B0138B0EB114F0AD1FFE745
:10FA4000079800F0FE410A98C06B0138B0EB116FC7
:10FA500004D0FFE701208DF82F003DE044F2344050
:10FA6000C5F60200006880B2C00808900A98806C51
:10FA70000899884229D0FFE744F22C41C5F60201DB
:10FA8000086820F001000860FBF7C2F90990FFE761
:10FA9000FBF7BEF90999401A08B9FFE7F8E744F205
:10FAA0003441C5F6020108684FF6F87290430A9A8D
:10FAB000926C40EAC200086044F22C41C5F6020193
:10FAC000086840F001000860FFE7FFE7FFE7FFE795
:10FAD00000208DF82F00FFE79DF82F000CB080BDAF
:10FAE00081B0009001B0704780B588B0079007984A
:10FAF00000680069069007980068406905900698BC
:10FB000005990840049007980068806803900020D9
:10FB10000290079890F881008DF807000798006818
:10FB2000303000909DF815000007002810D5FFE741
:10FB30009DF81800000700280AD5FFE7079801681C
:10FB4000886940F400608861079800F001FC91E149
:10FB50009DF810004006002815D4FFE79DF810001E
:10FB6000800600280FD4FFE79DF81000400700280A
:10FB700009D5FFE70798416F88470798016F8847C5
:10FB800001200290FFE79DF810004006002811D4E4
:10FB9000FFE79DF81000C00760B1FFE79DF8100077
:10FBA0004007002806D4FFE70798016F8847012027
:10FBB0000290FFE79DF810008006002812D4FFE7AE
:10FBC0009DF81000800700280CD5FFE79DF8100075
:10FBD0004007002806D4FFE70798416F88470120B7
:10FBE0000290FFE7029808B1FFE743E19DF810009B
:10FBF0000007002840F18980FFE7079801688869BD
:10FC000040F00800886107980168886940F010009A
:10FC1000886107980168886940F4006088610798E6
:10FC20000168086920F0080008610798006880688A
:10FC300010F4404F3AD1FFE7FFE70798B0F86A00A9
:10FC400098B3FFE70798C06810280BD3FFE7079821
:10FC50000068006B0799496E08600799486E043088
:10FC600048661BE00798C06808280AD3FFE7009899
:10FC700000880799496E08800799486E02304866E7
:10FC80000BE00798006890F830000799496E0870FB
:10FC90000799486E01304866FFE7FFE70799B1F81A
:10FCA0006A000138A1F86A00C7E7FFE7079804F087
:10FCB00063FE0799012081F881000798D0F884003D
:10FCC00020B1FFE70798FFF70BFFD3E09DF807008F
:10FCD000052804D1FFE7079801F0BAF814E09DF871
:10FCE0000700042804D1FFE7079800F02DFB0AE085
:10FCF0009DF80700032804D1FFE7079801F0A4F856
:10FD000000E0FFE7FFE7FFE7B4E0BDF8100010F404
:10FD1000587F00F0AF80FFE79DF8100040060028F4
:10FD20000ED5FFE70799D1F8840040F00400C1F830
:10FD3000840007980168886940F040008861FFE707
:10FD40009DF81100800700280ED5FFE70799D1F82C
:10FD5000840040F00100C1F88400079801688869B8
:10FD600040F400708861FFE79DF81100C00770B192
:10FD7000FFE70799D1F8840040F00800C1F884003B
:10FD800007980168886940F480708861FFE79DF8F2
:10FD90001000800600280ED5FFE70799D1F88400EF
:10FDA00040F08000C1F8840007980168886940F03D
:10FDB00020008861FFE70798D0F88400002858D019
:10FDC000FFE707980168086820F0010008600798BD
:10FDD0000168086940F26B3290430861039800F4AF
:10FDE0004040B0F5404F3BD1FFE707980168886875
:10FDF00020F4404088600798C06FB0B1FFE70798D3
:10FE0000C16F44F69120C0F6010008650798C06FE5
:10FE1000F6F792FE40B1FFE70799D1F8840040F071
:10FE20004000C1F88400FFE7FFE70798806FB0B19A
:10FE3000FFE70798816F44F69120C0F6010008653E
:10FE40000798806FF6F778FE40B1FFE70799D1F881
:10FE5000840040F04000C1F88400FFE7FFE707E0BE
:10FE60000799012081F881000798FFF739FEFFE725
:10FE7000FFE7FFE708B080BD80B586B00490049826
:10FE800020B9FFE701208DF817003AE10498406A95
:10FE900008B9FFE7FFE7049900208862049800682A
:10FEA00043F20001C4F2010188421BD0FFE704982D
:10FEB000006843F60001C4F20001884212D0FFE757
:10FEC0000498006843F60041C4F20001884209D05A
:10FED000FFE70498C068102804D3FFE701208DF8DD
:10FEE00017000EE1049804F0EBFD029004980068FE
:10FEF00043F20001C4F20101884216D0FFE70498E2
:10FF0000006843F60001C4F2000188420DD0FFE70B
:10FF10000498006843F60041C4F20001884204D00E
:10FF2000FFE7029808281FD8FFE70498006843F20B
:10FF30000001C4F20101884212D0FFE70498006872
:10FF400043F60001C4F20001884209D0FFE704989B
:10FF5000006843F60041C4F20001884208D1FFE77F
:10FF60000298112804D3FFE701208DF81700C8E09C
:10FF7000049890F8810040B9FFE70499002081F8C7
:10FF80008000049800F0C4F8FFE70499022081F88B
:10FF9000810004980168086820F001000860049856
:10FFA0000068806800F4F810039004988069B0F14C
:10FFB000806F1BD1FFE704984068B0F5800F04D133
:10FFC000FFE70498806B50B1FFE70498406868B978
:10FFD000FFE70498806BB0F1805F07D1FFE70498DA
:10FFE0000168086840F480500860FFE70498807951
:10FFF0004006002810D5FFE70498C06807280BD3F7
:020000040801F1
:10000000FFE704980068006820F48070049A116883
:10001000126D1043086006E004980168086820F437
:1000200080700860FFE7049B1968DA68D869D3F824
:1000300028C040EA0C00DDF80CC040EA0C00DB6B85
:10004000184310438860049A0192506B516A084328
:10005000916B0843916908431168D2F804C0936812
:10006000D2F810E040EA0E00D2F814E040EA0E00A8
:10007000D2F820E040EA0E0040EA0C00D2F84CC072
:1000800040EA0C001843936C1843926D1043C8600B
:100090000498406898B9FFE70498006880680121D7
:1000A00061F3CC200499096888600498006880682E
:1000B000022161F34A20049909688860FFE70498E7
:1000C0000168086D20F001000865049880794006F9
:1000D00000280BD5FFE704980068C06820F00040B6
:1000E000049A1168526D1043C860FFE7049900201C
:1000F000C1F88400049A012182F881108DF817005C
:10010000FFE79DF8170006B080BD0000000000006A
:1001100080B5C2B04190002040903F903E903D900D
:100120003C900EA8B821F0F72BFC4198006843F6EC
:100130000001C4F20001884240F0B180FFE7FFE710
:1001400044F2E840C5F60200016841F480410160D4
:10015000006800F480400D900D98FFE7FFE744F23F
:10016000E040C5F60200016841F00401016000684A
:1001700000F004000C900C98FFE7FFE744F2E04029
:10018000C5F60200016841F002010160006800F05C
:1001900002000B900B98FFE706203C900220049091
:1001A0003D90002007903E903F90052005904090A4
:1001B00040F60000C5F602003CA90691FAF73CFCA7
:1001C000049B05980699079A4FF4005CCDF8F0C09F
:1001D0003D933E923F92409040F20040C5F60200AF
:1001E000FAF72AFC079944F26040C2F200400890F6
:1001F0007022C4F202020260272242608160C16064
:100200004FF48062026141618161C1614FF440320B
:1002100002624162F8F7D0F818B1FFE7F4F7A4FAE8
:10022000FFE7FFE7419844F26041C2F20041C16735
:1002300041988863FFE744F2D840C2F2004003903F
:100240002821C4F20201016028214160402181601F
:100250000021C1604FF48062026141618161C1612E
:100260004FF4003202624162F8F7A6F818B1FFE7D6
:10027000F4F77AFAFFE7FFE7419844F2D841C2F277
:100280000041816741988863FFE72420029005219F
:100290000022FAF7B9FE0298FAF7AAFE51E0419857
:1002A000006841F20041C5F60001884248D1FFE7ED
:1002B00000200F904FF480400E904FF0A0403990F6
:1002C0000EA8FDF7A1FA18B1FFE7F4F74DFAFFE722
:1002D000FFE744F2F440C5F60200016841F0200156
:1002E0000160006800F020000A900A98FFE7FFE72D
:1002F00044F2E040C5F60200016841F001010160EE
:10030000006800F0010009900998FFE7A0203C90E8
:1003100002203D90002000903E903F9008204090A9
:100320000020C5F602003CA9FAF786FB009A562089
:1003300001900521FAF768FE0198FAF759FEFFE7E8
:10034000FFE742B080BD000081B0009001B070476F
:1003500081B0009001B0704780B588B006900591DB
:10036000ADF8122003930698006820300290FAF747
:100370004FFD0190069890F88100012804D0FFE716
:1003800002208DF81F00D5E1059820B1FFE7BDF8E8
:10039000120020B9FFE701208DF81F00CAE1FFE736
:1003A000069890F88000012804D1FFE702208DF81C
:1003B0001F00BFE10699012081F88000FFE7FFE7F9
:1003C0000699032081F8810006990020C1F8840075
:1003D0000599069AD165BDF81210069AA2F8601028
:1003E000BDF81210069AA2F862100699486606999E
:1003F000A1F868000699A1F86A000699486706996D
:10040000086706988068B0F5C02F07D1FFE7069807
:100410000168086840F40060086009E00698006818
:10042000C068012161F3524006990968C860FFE77E
:100430000698006840684FF6FF718843BDF81210B7
:10044000084406990968486006980168086840F001
:100450000100086006984068B0F5800F07D1FFE7FB
:1004600006980168086840F400700860FFE7069885
:10047000C068102848D3FFE7FFE70698B0F862008D
:10048000002840D0FFE706980068406980070028F0
:1004900010D5FFE706980168C06D006808620699EC
:1004A000C86D0430C8650699B1F862000138A1F83A
:1004B000620027E0FAF7ACFC0199401A03998842E0
:1004C00004D3FFE70398013018B9FFE70398C0B9D8
:1004D000FFE7069804F050FA0699D1F8840040F43A
:1004E0008070C1F884000699012081F88100FFE73F
:1004F0000699002081F88000FFE703208DF81F0097
:1005000018E1FFE7B9E7E8E00698C068082863D378
:10051000FFE7FFE70698B0F8620000285BD0FFE72E
:10052000069800684069800700282BD5FFE70698E9
:10053000B0F86200022814D3FFE70698C06B80B1C0
:10054000FFE706980168C06D006808620699C86DEB
:100550000430C8650699B1F862000238A1F862005B
:100560000FE00698C06D0088029908800699C86D52
:100570000230C8650699B1F862000138A1F862003E
:10058000FFE727E0FAF744FC0199401A03998842F3
:1005900004D3FFE70398013018B9FFE70398C0B907
:1005A000FFE7069804F0E8F90699D1F8840040F4D2
:1005B0008070C1F884000699012081F88100FFE76E
:1005C0000699002081F88000FFE703208DF81F00C6
:1005D000B0E0FFE79EE77FE0FFE70698B0F8620033
:1005E000002878D0FFE70698006840698007002857
:1005F00048D5FFE70698B0F86200042815D3FFE756
:100600000698C06B412810D3FFE706980168C06DBB
:10061000006808620699C86D0430C8650699B1F88B
:1006200062000438A1F862002BE00698B0F862007E
:10063000022814D3FFE70698C06B80B1FFE7069845
:10064000C06D0088029908800699C86D0230C8659F
:100650000699B1F862000238A1F8620010E006982D
:100660000168C06D007881F820000699C86D0130DE
:10067000C8650699B1F862000138A1F86200FFE789
:10068000FFE727E0FAF7C4FB0199401A0399884273
:1006900004D3FFE70398013018B9FFE70398C0B906
:1006A000FFE7069804F068F90699D1F8840040F451
:1006B0008070C1F884000699012081F88100FFE76D
:1006C0000699002081F88000FFE703208DF81F00C5
:1006D00030E0FFE781E7FFE7FFE70698039B01991A
:1006E0006A4611600821002204F002FA40B1FFE7D7
:1006F0000699D1F8840040F02000C1F88400FFE79B
:10070000069804F039F90699012081F88100FFE785
:100710000699002081F88000FFE70698D0F8840051
:1007200020B1FFE701208DF81F0003E000208DF8C5
:100730001F00FFE79DF81F0008B080BD000000000B
:1007400080B590B0DDF848C00E900D910C92ADF8D8
:100750002E300E98006820300A900E9800683030D5
:1007600009900E98C16B012000EB5110ADF81200FA
:10077000FAF74EFB0890BDF82E00ADF81600BDF854
:100780002E00ADF814000E9890F88100012804D0D6
:10079000FFE702208DF83F0050E30D9838B1FFE7E6
:1007A0000C9820B1FFE7BDF82E0020B9FFE701202B
:1007B0008DF83F0042E3FFE70E9890F88000012893
:1007C00004D1FFE702208DF83F0037E30E990120A6
:1007D00081F88000FFE7FFE70E99052081F881008E
:1007E0000E990020C1F884000C990E9A5166BDF84C
:1007F0002E100E9AA2F86A10BDF82E100E9AA2F8CA
:1008000068100D990E9AD165BDF82E100E9AA2F8B7
:100810006210BDF82E100E9AA2F860100E990867AB
:100820000E9948670E980068C06820F4C0200E99A1
:100830000968C8600E98006843F20001C4F2010123
:10084000884212D0FFE70E98006843F60001C4F218
:100850000001884209D0FFE70E98006843F6004186
:10086000C4F20001884203D1FFE71020079002E0A4
:1008700008200790FFE70E98006840684FF6FF7168
:100880008843BDF82E1008440E99096848600E98F8
:100890000168086840F0010008600E984068B0F5F3
:1008A000800F07D1FFE70E980168086840F40070D8
:1008B0000860FFE70E98C0681028C0F0B580FFE719
:1008C000079880080790FFE7BDF8161001200390F5
:1008D00039B9FFE7BDF81400002818BF01200390C4
:1008E000FFE70398C007002800F09D80FFE70E98FF
:1008F000006840698007002822D5FFE7BDF8160090
:10090000F0B1FFE7BDF81400BDF81610079A1144C6
:10091000884215D2FFE70E980168C06D0068086232
:100920000E99C86D0430C8650E99B1F8620001389F
:10093000A1F862000E98B0F86200ADF81600FFE76B
:100940000E98006840690690BDF81400002869D030
:10095000FFE70E9800684069C007B0B1FFE70E9846
:100960000068006B0E99496E08600E99486E04305D
:1009700048660E99B1F86A000138A1F86A000E982D
:10098000B0F86A00ADF814004BE0BDF81400BDF8F3
:10099000121088421CDAFFE79DF8190000060028B3
:1009A00016D5FFE70E980068006B0E99496E086037
:1009B0000E99486E043048660E99B1F86A00013805
:1009C000A1F86A000E98B0F86A00ADF8140027E0AC
:1009D000FAF71EFA0899401A1299884204D3FFE7E1
:1009E0001298013018B9FFE71298C0B9FFE70E98C6
:1009F00003F0C2FF0E99D1F8840040F48070C1F872
:100A000084000E99012081F88100FFE70E990020F3
:100A100081F88000FFE703208DF83F000EE2FFE73A
:100A2000FFE7FFE750E7DCE10E98C0680828C0F058
:100A3000DE80FFE7079840080790FFE7BDF8161033
:100A40000120029039B9FFE7BDF81400002818BF53
:100A500001200290FFE70298C007002800F0C6803E
:100A6000FFE70E98006840698007002822D5FFE75D
:100A7000BDF81600F0B1FFE7BDF81400BDF8161080
:100A8000079A1144884215D2FFE70E98C06D00887E
:100A90000A9908800E99C86D0230C8650E99B1F8A0
:100AA00062000138A1F862000E98B0F86200ADF85B
:100AB0001600FFE70E98006840690690BDF8140024
:100AC000002800F09280FFE70E9800684069C00798
:100AD000A8B1FFE7099800880E99496E08800E9921
:100AE000486E023048660E99B1F86A000138A1F8E4
:100AF0006A000E98B0F86A00ADF8140074E0BDF812
:100B00001400BDF81210884224DAFFE79DF819009E
:100B1000000600281ED5FFE7099800880E99496E47
:100B200008800E99486E02304866099800880E9930
:100B3000496E08800E99486E023048660E99B1F8E9
:100B40006A000238A1F86A000E98B0F86A00ADF8A1
:100B5000140048E0BDF8140001281BD1FFE79DF800
:100B600019008006002815D5FFE7099800880E991E
:100B7000496E08800E99486E023048660E99B1F8A9
:100B80006A000138A1F86A000E98B0F86A00ADF862
:100B9000140027E0FAF73CF90899401A12998842A4
:100BA00004D3FFE71298013018B9FFE71298C0B9D3
:100BB000FFE70E9803F0E0FE0E99D1F8840040F4B0
:100BC0008070C1F884000E99012081F88100FFE750
:100BD0000E99002081F88000FFE703208DF83F0088
:100BE0002CE1FFE7FFE7FFE7FFE727E7F8E0FFE794
:100BF000BDF816100120019039B9FFE7BDF81400C7
:100C0000002818BF01200190FFE70198C0070028C5
:100C100000F0E580FFE70E98006840698007002833
:100C200023D5FFE7BDF81600F8B1FFE7BDF81400C3
:100C3000BDF81610079A1144884216D2FFE70E98A5
:100C40000168C06D007881F820000E99C86D0130F0
:100C5000C8650E99B1F862000138A1F862000E98DB
:100C6000B0F86200ADF81600FFE70E980068406922
:100C70000690BDF81400002800F0B080FFE70E9841
:100C800000684069C007B8B1FFE70E98006890F8A7
:100C900030000E99496E08700E99486E0130486612
:100CA0000E99B1F86A000138A1F86A000E98B0F800
:100CB0006A00ADF8140090E0BDF81400BDF8121001
:100CC00088423EDAFFE79DF819000006002838D573
:100CD000FFE70E98006890F830000E99496E087092
:100CE0000E99486E013048660E98006890F8300002
:100CF0000E99496E08700E99486E013048660E983C
:100D0000006890F830000E99496E08700E99486E90
:100D1000013048660E98006890F830000E99496ED0
:100D200008700E99486E013048660E99B1F86A0055
:100D30000438A1F86A000E98B0F86A00ADF8140003
:100D40004AE0BDF8140003281DD8FFE79DF81900FC
:100D500010F0600F17D0FFE70E98006890F8300091
:100D60000E99496E08700E99486E013048660E99CA
:100D7000B1F86A000138A1F86A000E98B0F86A006C
:100D8000ADF8140027E0FAF743F80899401A1299D1
:100D9000884204D3FFE71298013018B9FFE7129890
:100DA000C0B9FFE70E9803F0E7FD0E99D1F8840073
:100DB00040F48070C1F884000E99012081F8810010
:100DC000FFE70E99002081F88000FFE703208DF8EF
:100DD0003F0033E0FFE7FFE7FFE7FFE708E7FFE754
:100DE000FFE70E98129B08996A46116008210022BD
:100DF00003F07EFE40B1FFE70E99D1F8840040F089
:100E00002000C1F88400FFE70E9803F0B5FD0E99AD
:100E1000012081F88100FFE70E99002081F8800011
:100E2000FFE70E98D0F8840020B1FFE701208DF88D
:100E30003F0003E000208DF83F00FFE79DF83F00F2
:100E400010B080BD0000000081B0009001B070477C
:100E500081B0009001B0704782B00190009140F2E3
:100E60000441C5F600010868019A9043009A1043B6
:100E7000086002B07047000081B0009001B0704778
:100E800081B0009001B0704781B0009001B0704710
:100E900085B003900291FFE7039890F83C00012889
:100EA00004D1FFE702208DF81300ABE00399012085
:100EB00081F83C00FFE7FFE70399022081F83D003D
:100EC000039800684068019003980068806800906B
:100ED000039800680021C4F20101884209D0FFE7AD
:100EE0000398006840F20041C4F2010188420AD12F
:100EF000FFE7019820F47000019002984168019882
:100F000008430190FFE7019820F0700001900298DB
:100F100001680198084301900198039909684860A5
:100F2000039800680021C4F2010188424ED0FFE717
:100F300003980068B0F1804F48D0FFE7039800683D
:100F400040F20041C4F2000188423FD0FFE703981D
:100F5000006840F60001C4F20001884236D0FFE785
:100F60000398006840F60041C4F2000188422DD089
:100F7000FFE70398006840F20041C4F20101884293
:100F800024D0FFE70398006841F60001C4F2000195
:100F900088421BD0FFE70398006844F20001C4F2C6
:100FA0000101884212D0FFE7039800684EF2000169
:100FB000C4F20001884209D0FFE7039800684EF2AE
:100FC0000041C4F2000188420ED1FFE7009820F0F2
:100FD0008000009002988168009808430090009873
:100FE000039909688860FFE70399012081F83D00B3
:100FF000FFE70399002081F83C00FFE700208DF80F
:101000001300FFE79DF8130005B0704700000000D3
:1010100080B582B00090009820B9FFE701208DF8DC
:10102000070045E0009890F83D0040B9FFE70099BF
:10103000002081F83C00009800F03EF8FFE700999E
:10104000022081F83D00009951F8040B03F0ECFEFA
:101050000099012081F84800FFE70099012081F8FC
:101060003E00009981F83F00009981F84000009906
:1010700081F84100009981F84200009981F843000D
:10108000FFE7FFE70099012081F84400009981F80B
:101090004500009981F84600009981F84700FFE774
:1010A0000099012081F83D0000208DF80700FFE73E
:1010B0009DF8070002B080BD81B0009001B070477C
:1010C00083B00190019890F83D00012804D0FFE71B
:1010D00001208DF80B0083E00199022081F83D008A
:1010E00001980168C86840F00100C8600198006874
:1010F0000021C4F2010188424ED0FFE70198006848
:10110000B0F1804F48D0FFE70198006840F20041FD
:10111000C4F2000188423FD0FFE70198006840F622
:101120000001C4F20001884236D0FFE70198006850
:1011300040F60041C4F2000188422DD0FFE701983B
:10114000006840F20041C4F20101884224D0FFE768
:101150000198006841F60001C4F2000188421BD0EA
:10116000FFE70198006844F20001C4F201018842DF
:1011700012D0FFE7019800684EF20001C4F20001AE
:10118000884209D0FFE7019800684EF20041C4F29E
:101190000001884219D1FFE70198006880680721A3
:1011A000C0F2010108400090009806280CD0FFE72B
:1011B0000098B0F5803F07D0FFE701980168086804
:1011C00040F001000860FFE706E001980168086848
:1011D00040F001000860FFE700208DF80B00FFE7FA
:1011E0009DF80B0003B0704781B0009001B07047CC
:1011F00080B584B0039003980068C068029003989B
:101200000068006901909DF804008007002824D53B
:10121000FFE79DF80800800700281DD5FFE7039829
:1012200001686FF0020008610399012008770398B4
:1012300000688069800720B1FFE70398FFF7D4FFBB
:1012400006E0039800F058F9039800F0BDFAFFE7B4
:10125000039900200877FFE7FFE79DF804004007A7
:10126000002825D5FFE79DF80800400700281ED577
:10127000FFE7039801686FF00400086103990220FA
:10128000087703980068806910F4407F04D0FFE776
:101290000398FFF7A9FF06E0039800F02DF90398E3
:1012A00000F092FAFFE7039900200877FFE7FFE7D5
:1012B0009DF804000007002824D5FFE79DF80800EA
:1012C000000700281DD5FFE7039801686FF00800AC
:1012D000086103990420087703980068C0698007B3
:1012E00020B1FFE70398FFF77FFF06E0039800F0C7
:1012F00003F9039800F068FAFFE7039900200877E4
:10130000FFE7FFE79DF80400C006002825D5FFE7AA
:101310009DF80800C00600281ED5FFE70398016865
:101320006FF010000861039908200877039800689F
:10133000C06910F4407F04D0FFE70398FFF754FF23
:1013400006E0039800F0D8F8039800F03DFAFFE7B4
:10135000039900200877FFE7FFE79DF80400C00726
:1013600078B1FFE79DF80800C00748B1FFE7039890
:1013700001686FF001000861039800F0E9FAFFE7E7
:10138000FFE7019800F08000802806D0FFE79DF875
:1013900005008006002810D5FFE79DF8080000062C
:1013A000002809D5FFE7039801686FF4025008612F
:1013B0000398FFF765FDFFE7FFE79DF80500C0070D
:1013C00080B1FFE79DF808000006002809D5FFE777
:1013D000039801686FF4807008610398FFF74CFD73
:1013E000FFE7FFE79DF804004006002810D5FFE75F
:1013F0009DF808004006002809D5FFE7039801681A
:101400006FF040000861039800F0B6FAFFE7FFE7CD
:101410009DF804008006002810D5FFE79DF808001D
:101420008006002809D5FFE7039801686FF02000C7
:1014300008610398FFF728FDFFE7FFE704B080BDD0
:1014400080B588B007900020069005900490039026
:1014500002900798006840F20041C4F200018842FF
:101460001ED1FFE7FFE744F2E040C5F60200016845
:1014700041F002010160006800F002000190019853
:10148000FFE702200290039000210491059106904D
:1014900040F20040C5F6020002A9F9F7CDFA29E0B2
:1014A0000798006841F60001C4F20001884220D18B
:1014B000FFE7FFE744F2E040C5F60200016841F0B3
:1014C00002010160006800F0020000900098FFE750
:1014D0004FF40040029002200390002104910591F6
:1014E000069040F20040C5F6020002A9F9F7A4FAFE
:1014F000FFE7FFE708B080BD81B0009001B0704702
:1015000080B586B004900391029200208DF8070008
:10151000FFE7049890F83C00012804D1FFE702207F
:101520008DF81700C0E00499012081F83C00FFE726
:10153000FFE702980090142800F2A7800099DFE8E6
:1015400001F00BA4A4A424A4A4A43EA4A4A457A47E
:10155000A4A471A4A4A48A0004980068039903F0C9
:1015600063FD04980168886940F008008861049868
:101570000168886920F00400886103980269049872
:10158000016888691043886183E0049800680399C2
:1015900003F0F2FD04980168886940F400608861F6
:1015A00004980168886920F4806088610398026962
:1015B00004980168886940EA0220886169E004981B
:1015C0000068039903F090FE04980168C86940F030
:1015D0000800C86104980168C86920F00400C86167
:1015E0000398026904980168C8691043C86150E013
:1015F00004980068039903F02FFF04980168C869F4
:1016000040F40060C86104980168C86920F48060F3
:10161000C8610398026904980168C86940EA022019
:10162000C86136E004980068039903F085FF0498C8
:101630000168486D40F00800486504980168486DED
:1016400020F0040048650398026904980168486D19
:10165000104348651DE004980068039903F0D4FF27
:1016600004980168486D40F400604865049801687A
:10167000486D20F480604865039802690498016809
:10168000486D40EA0220486503E001208DF807001C
:10169000FFE7FFE70499002081F83C00FFE79DF891
:1016A00007008DF81700FFE79DF8170006B080BD12
:1016B00080B582B00090009820B9FFE701208DF836
:1016C000070045E0009890F83D0040B9FFE7009919
:1016D000002081F83C00009800F03EF8FFE70099F8
:1016E000022081F83D00009951F8040B03F09CFBA7
:1016F0000099012081F84800FFE70099012081F856
:101700003E00009981F83F00009981F8400000995F
:1017100081F84100009981F84200009981F8430066
:10172000FFE7FFE70099012081F84400009981F864
:101730004500009981F84600009981F84700FFE7CD
:101740000099012081F83D0000208DF80700FFE797
:101750009DF8070002B080BD83B002900298006837
:1017600040F20041C4F20001884210D1FFE7FFE7D8
:1017700044F2E840C5F60200016841F00201016050
:10178000006800F0020001900198FFE719E002985C
:10179000006841F60001C4F20001884210D1FFE761
:1017A000FFE744F2E840C5F60200016841F040015D
:1017B0000160006800F0400000900098FFE7FFE73C
:1017C000FFE703B07047000081B0009001B07047A0
:1017D00080B588B0079006910798006806990022A6
:1017E00003F006FC0798016801200022C4F2010200
:1017F000914205902DD0FFE707980168012040F243
:101800000042C4F201029142059022D0FFE70798FE
:101810000168012044F20002C4F2010291420590E5
:1018200017D0FFE707980168012044F20042C4F294
:101830000102914205900CD0FFE7079800684BF633
:101840000001CBF6FE710844B0FA80F04009059023
:10185000FFE70598C007D8B1FFE7FFE707980068E2
:10186000006A41F21111084210D1FFE707980068A1
:10187000006A40F24441084207D1FFE70798016837
:10188000486C20F400404864FFE7FFE7FFE7FFE70C
:10189000FFE707980068006A41F21111084210D171
:1018A000FFE707980068006A40F24441084207D108
:1018B000FFE707980168086820F001000860FFE76B
:1018C000FFE7FFE7069828B9FFE70799012081F8AD
:1018D0003E0038E00698042806D1FFE7079901206A
:1018E00081F83F0004902CE00698082806D1FFE715
:1018F0000799012081F8400003901FE006980C280A
:1019000006D1FFE70799012081F84100029012E01B
:101910000698102806D1FFE70799012081F84200B8
:10192000019005E00799012081F843000190FFE74D
:1019300001980290FFE702980390FFE70398049054
:10194000FFE70498FFE7002008B080BD000000001A
:1019500080B582B001900198006840F60001C4F2A1
:101960000001884203D1FFE7F9F766FAFFE702B00A
:1019700080BD00000000000081B0009001B0704701
:1019800083B00190FFE7019890F88400012804D10A
:10199000FFE702208DF80B002CE00199012081F86F
:1019A0008400FFE7FFE701992420C1F8880001982F
:1019B00000680068009001980168086820F0010044
:1019C0000860009820F000500090019900204866BF
:1019D000009801990968086001992020C1F88800E1
:1019E000FFE70199002081F88400FFE700208DF8CF
:1019F0000B00FFE79DF80B0003B0704700000000EC
:101A000080B586B004900391ADF80A200498D0F810
:101A10008C00202844D1FFE7039820B1FFE7BDF8F0
:101A20000A0020B9FFE701208DF817003CE0049977
:101A30000120C86604990020086704980399BDF83E
:101A40000A2004F0E9FE8DF809009DF8090010BB9A
:101A5000FFE70498C06E012818D1FFE704980168D9
:101A600010200862FFE7FFE70498006850E8000FC5
:101A700040F010000190FFE701990498026842E8E5
:101A800000100028F0D1FFE7FFE703E001208DF808
:101A90000900FFE7FFE79DF809008DF8170003E054
:101AA00002208DF81700FFE79DF8170006B080BDF3
:101AB00080B586B00590ADF8121041F66C10C2F2F8
:101AC0000040019005A923F0AFFE01460198039163
:101AD00023F09AFE029003A802A92CF0C9FF40B19E
:101AE000FFE703A81AF0C8FF4068059919F0D0FD78
:101AF000FFE706B080BD000081B0009001B07047E4
:101B000080B584B002900191FFE7029890F88400BC
:101B1000012804D1FFE702208DF80F0032E002997E
:101B2000012081F88400FFE7FFE702992420C1F833
:101B300088000298006800680090029801680868B0
:101B400020F00100086002980068806820F0606062
:101B500001990843029909688860029803F0D0FD52
:101B6000009802990968086002992020C1F888004D
:101B7000FFE70299002081F88400FFE700208DF83C
:101B80000F00FFE79DF80F0004B080BD00000000CB
:101B900080B584B002900191FFE7029890F884002C
:101BA000012804D1FFE702208DF80F0032E00299EE
:101BB000012081F88400FFE7FFE702992420C1F8A3
:101BC0008800029800680068009002980168086820
:101BD00020F00100086002980068806820F06040F2
:101BE00001990843029909688860029803F088FD0A
:101BF000009802990968086002992020C1F88800BD
:101C0000FFE70299002081F88400FFE700208DF8AB
:101C10000F00FFE79DF80F0004B080BD000000003A
:101C200081B0009001B0704781B0009001B0704762
:101C300080B588B00690FFE7FFE70698006850E897
:101C4000000F20F4F0700590FFE7059906980268F0
:101C500042E800100028F0D1FFE7FFE7FFE7FFE7C9
:101C60000698006850E8020F4FF6FE71CEF67F71BD
:101C700008400490FFE704990698026842E80210C1
:101C80000028EDD1FFE7FFE70698C06E012814D1C8
:101C9000FFE7FFE7FFE70698006850E8000F20F035
:101CA00010000390FFE703990698026842E80010CD
:101CB0000028F0D1FFE7FFE7FFE70698006880689B
:101CC0000006002833D5FFE7FFE7FFE70698006826
:101CD00050E8020F20F080000290FFE7029906987A
:101CE000026842E802100028F0D1FFE7FFE70698FB
:101CF000C06FD8B1FFE70698C16F0020086506984D
:101D0000C06FF4F75DFA80B1FFE70698C06FF5F792
:101D10006BFA202808D1FFE706991020C1F890003F
:101D200003208DF81F006EE0FFE7FFE7FFE706984E
:101D3000006880684006002837D5FFE7FFE7FFE727
:101D40000698006850E8020F20F040000190FFE77D
:101D500001990698026842E802100028F0D1FFE7D6
:101D6000FFE70698D0F88000F0B1FFE70698D0F8BA
:101D70008010002008650698D0F88000F4F720FA5B
:101D800088B1FFE70698D0F88000F5F72DFA2028F3
:101D900008D1FFE706991020C1F8900003208DF8C4
:101DA0001F0030E0FFE7FFE7FFE706990020A1F8FA
:101DB00056000699A1F85E00069801680F20086297
:101DC0000698406EB0F1005F07D1FFE70698016802
:101DD000886940F010008861FFE70698016888690B
:101DE00040F00800886106992020C1F88800069913
:101DF000C1F88C0006990020C8660699C1F89000C9
:101E00008DF81F00FFE79DF81F0008B080BD00009F
:101E100080B584B0039041F66C10C2F2004000908F
:101E200003A923F001FD01460098029123F0ECFC88
:101E3000019002A801A92CF01BFE40B1FFE702A807
:101E40001AF01AFE4068039919F016FDFFE704B076
:101E500080BD00000000000080B592B01190119884
:101E60000068C06910901198006800680F90119880
:101E7000006880680E90109840F60F0108400D90A1
:101E80000D98E0B9FFE79DF840008006002815D5C1
:101E9000FFE79DF83C008006002806D4FFE79DF888
:101EA0003B00C006002809D5FFE71198406F20B11C
:101EB000FFE71198416F8847FFE74AE3FFE70D9876
:101EC000002800F00C81FFE70E980121C1F200010B
:101ED000084209D1FFE70F9840F22011C0F20041FB
:101EE000084200F0FC80FFE79DF84000C00788B181
:101EF000FFE79DF83D00C00760B1FFE7119801685A
:101F0000012008621199D1F8900040F00100C1F859
:101F10009000FFE79DF840008007002811D5FFE7FB
:101F20009DF83800C00760B1FFE7119801680220F2
:101F300008621199D1F8900040F00400C1F89000B7
:101F4000FFE79DF840004007002811D5FFE79DF806
:101F50003800C00760B1FFE71198016804200862EB
:101F60001199D1F8900040F00200C1F89000FFE70D
:101F70009DF840000007002819D5FFE79DF83C00B8
:101F80008006002807D4FFE70E980121C1F2000166
:101F900008420CD0FFE711980168082008621199E7
:101FA000D1F8900040F00800C1F89000FFE79DF8DC
:101FB00041000007002813D5FFE79DF83F004007C8
:101FC00000280DD5FFE7119801684FF40060086202
:101FD0001199D1F8900040F02000C1F89000FFE77F
:101FE0001198D0F89000002878D0FFE79DF84000C5
:101FF0008006002815D5FFE79DF83C0080060028E4
:1020000006D4FFE79DF83B00C006002809D5FFE78E
:102010001198406F20B1FFE71198416F8847FFE7A3
:10202000FFE71198D0F890000C9011980068806834
:1020300000F04000402806D0FFE79DF8300010F087
:10204000280F42D0FFE7119803F01AFE119800689C
:1020500080684006002833D5FFE7FFE7FFE71198C7
:10206000006850E8020F20F040000B90FFE70B994A
:102070001198026842E802100028F0D1FFE7FFE75C
:102080001198D0F88000B0B1FFE71198D0F8801017
:1020900045F61920C0F6010008651198D0F88000B7
:1020A000F4F74AFD30B1FFE71198D0F88000016DD8
:1020B0008847FFE703E01198FFF7AAFEFFE703E078
:1020C0001198FFF7A5FEFFE707E01198FFF7A0FEC4
:1020D00011990020C1F89000FFE7FFE739E211985D
:1020E000C06E012840F0D681FFE79DF84000C00691
:1020F000002840F1CF81FFE79DF83C00C006002892
:1021000040F1C881FFE7119801681020086211981A
:10211000006880684006002840F15A81FFE7119866
:10212000D0F8800000681021C4F20201884200F05B
:10213000A280FFE71198D0F8800000682821C4F23F
:102140000201884200F09780FFE71198D0F88000E4
:1021500000684021C4F20201884200F08C80FFE751
:102160001198D0F8800000685821C4F2020188421A
:1021700000F08180FFE71198D0F88000006870219E
:10218000C4F20201884276D0FFE71198D0F88000AF
:1021900000688821C4F2020188426CD0FFE71198E0
:1021A000D0F880000068A021C4F20201884262D009
:1021B000FFE71198D0F880000068B821C4F202014E
:1021C000884258D0FFE71198D0F88000006840F2AC
:1021D0001041C4F2020188424DD0FFE71198D0F8B7
:1021E0008000006840F22841C4F20201884242D0D7
:1021F000FFE71198D0F88000006840F24041C4F237
:102200000201884237D0FFE71198D0F880000068BB
:1022100040F25841C4F2020188422CD0FFE71198E5
:10222000D0F88000006840F27041C4F20201884298
:1022300021D0FFE71198D0F88000006840F2884173
:10224000C4F20201884216D0FFE71198D0F880004E
:10225000006840F2A041C4F2020188420BD0FFE7BF
:102260001198D0F88000006840F2B841C4F2020131
:10227000884207D1FFE71198D0F8800000684068D5
:10228000019006E01198D0F8800000684068019045
:10229000FFE70198ADF82A00BDF82A0000287BD09E
:1022A000FFE7BDF82A001199B1F85C10884273DA93
:1022B000FFE7BDF82A001199A1F85E001198D0F847
:1022C0008000C069B0F5807F59D0FFE7FFE7FFE7E6
:1022D0001198006850E8000F20F480700990FFE723
:1022E00009991198026842E800100028F0D1FFE730
:1022F000FFE7FFE7FFE71198006850E8020F20F0C2
:1023000001000890FFE708991198026842E802105E
:102310000028F0D1FFE7FFE7FFE7FFE7119800682B
:1023200050E8020F20F040000790FFE7079911984E
:10233000026842E802100028F0D1FFE7FFE7119998
:102340002020C1F88C0011990020C866FFE7FFE744
:102350001198006850E8000F20F010000690FFE789
:1023600006991198026842E800100028F0D1FFE7B2
:10237000FFE71198D0F88000F3F722FFFFE71199EB
:10238000022008671198B0F85C10B0F85E20891A36
:1023900089B2FFF78DFB1AE0BDF82A001199B1F858
:1023A0005C10884212D1FFE71198D0F88000C06914
:1023B000B0F5807F09D1FFE71199022008671198D5
:1023C000B0F85C10FFF774FBFFE7FFE7FFE7C0E042
:1023D0001199B1F85C00B1F85E10401AADF8160022
:1023E0001198B0F85E00002853D0FFE7BDF8160042
:1023F00000284ED0FFE7FFE7FFE71198006850E89C
:10240000000F20F490700490FFE70499119802687F
:1024100042E800100028F0D1FFE7FFE7FFE7FFE701
:102420001198006850E8020F4FF6FE71CEF6FF716A
:1024300008400390FFE703991198026842E80210F0
:102440000028EDD1FFE7FFE711992020C1F88C00AB
:1024500011990020C86611994867FFE7FFE71198B6
:10246000006850E8000F20F010000290FFE702998A
:102470001198026842E800100028F0D1FFE7FFE75A
:102480001199022008671198BDF81610FFF710FB8C
:10249000FFE75EE09DF84200C00600280FD5FFE789
:1024A0009DF83A004006002809D5FFE71198016819
:1024B0004FF4801008621198FFF7B6FB49E09DF8D1
:1024C00040000006002815D5FFE79DF83C000006F7
:1024D000002806D4FFE79DF83A000006002809D539
:1024E000FFE71198806F20B1FFE71198816F88474F
:1024F000FFE72EE09DF84000400600280AD5FFE7E0
:102500009DF83C004006002804D5FFE7119803F031
:1025100007FC1EE09DF84200000600280AD5FFE7F0
:102520009DF83F004006002804D5FFE71198FFF70B
:1025300077FB0EE09DF84300C00750B1FFE79DF820
:102540003F000006002804D5FFE71198FFF7D4FAF2
:10255000FFE712B080BD000080B582B00090009807
:1025600020B9FFE701208DF8070046E00098806958
:1025700008B1FFE700E0FFE70098D0F8880040B915
:10258000FFE70099002081F88400009800F03CF8F3
:10259000FFE700992420C1F88800009801680868C6
:1025A00020F0010008600098806A20B1FFE70098E1
:1025B00003F0EAF8FFE7009803F006FC012804D1D5
:1025C000FFE701208DF8070017E0009801684868D0
:1025D00020F49040486000980168886820F02A0044
:1025E000886000980168086840F001000860009861
:1025F00003F06EF98DF80700FFE79DF8070002B0C1
:1026000080BD00000000000080B5AEB02D9000201D
:102610002C902B902A90299028902D98006845F2B4
:102620000001C4F20001884240F08780FFE7FFE725
:1026300044F2E840C5F60200016841F480110160EF
:10264000006800F4801027902798FFE7FFE744F226
:10265000E040C5F60200016841F004010160006835
:1026600000F0040026902698FFE7FFE744F2E040E0
:10267000C5F60200016841F008010160006800F041
:10268000080025902598FFE74FF4805028900220FD
:1026900015902990002018902A902B9008201690D1
:1026A0002C9040F60000C5F6020028A91791F8F713
:1026B000C3F9159B16981799189A4FF0040CCDF88A
:1026C000A0C029932A922B922C9040F60040C5F688
:1026D0000200F8F7B1F9189944F25050C2F20040E4
:1026E00019904022C4F202020260412242608160DD
:1026F000C1604FF48062026141618161C161016228
:102700004162F5F759FE18B1FFE7F2F72DF8FFE740
:10271000FFE72D9844F25051C2F20041C0F88010FA
:102720002D988863FFE73520149005210022F8F7E3
:102730006BFC1498F8F75CFC68E22D98006847F68B
:102740000001C4F20001884240F08C80FFE7FFE7FF
:1027500044F2E840C5F60200016841F080410160A2
:10276000006800F0804024902498FFE7FFE744F2DF
:10277000E040C5F60200016841F010010160006808
:1027800000F0100023902398FFE74FF4C0702890CA
:1027900002202990002012902A902B9007202C9044
:1027A00041F20000C5F6020028A9F8F745F9129990
:1027B00044F2C850C2F200401390B822C4F20202A0
:1027C00002604F2242608160C1604FF4806202610A
:1027D00041618161C16101624162F5F7EDFD18B1AE
:1027E000FFE7F1F7C1FFFFE7FFE72D9844F2C8517B
:1027F000C2F20041C0F880102D988863FFE744F2D0
:102800004060C2F20040119040F21041C4F2020157
:10281000016050214160402181600021C1604FF47E
:102820008062026141618161C16101624162F5F7CB
:10283000C3FD18B1FFE7F1F797FFFFE7FFE72D981A
:1028400044F24061C2F20041C1672D988863FFE7FE
:102850005220109005210022F8F7D6FB1098F8F7C7
:10286000C7FBD2E12D98006841F20001C4F20101DA
:10287000884240F08C80FFE7FFE744F2F040C5F665
:102880000200016841F010010160006800F01000D2
:1028900022902298FFE7FFE744F2E040C5F60200ED
:1028A000016841F001010160006800F00100219021
:1028B0002198FFE74FF4C060289002202990002063
:1028C0000E902A902B9007202C900020C5F6020035
:1028D00028A9F8F7B1F80E9944F2A870C2F20040A6
:1028E0000F9040F22842C4F20202026029224260A4
:1028F0008160C1604FF48062026141618161C161A8
:1029000001624162F5F758FD18B1FFE7F1F72CFFBE
:10291000FFE7FFE72D9844F2A871C2F20041C0F82A
:1029200080102D988863FFE744F62000C2F2004033
:102930000D9040F24041C4F2020101602A21416041
:10294000402181600021C1604FF4806202614161D9
:102950008161C16101624162F5F72EFD18B1FFE7A7
:10296000F1F702FFFFE7FFE72D9844F62001C2F2DE
:102970000041C1672D988863FFE725200C90052151
:102980000022F8F741FB0C98F8F732FB3CE12D9858
:10299000006844F20041C4F2000188422FD1FFE7F1
:1029A000FFE744F2E840C5F60200016841F4003157
:1029B0000160006800F4003020902098FFE7FFE7F6
:1029C00044F2E040C5F60200016841F008010160F0
:1029D000006800F008001F901F98FFE77020289003
:1029E0000220299000202A902B9007202C9040F65E
:1029F0000040C5F6020028A9F8F71EF803E12D985B
:102A0000006844F60001C4F20001884255D1FFE796
:102A1000FFE744F2E840C5F60200016841F4802176
:102A20000160006800F480201E901E98FFE7FFE719
:102A300044F2E040C5F60200016841F00201016085
:102A4000006800F002001D901D98FFE7FFE744F2C8
:102A5000E040C5F60200016841F00801016000682D
:102A600000F008001C901C98FFE74FF4804028906D
:102A7000022008902990002009902A902B9007208E
:102A80000A902C9040F20040C5F6020028A90B9154
:102A9000F7F7D2FF089B099A0A980B994FF4407CEC
:102AA000CDF8A0C029932A922B922C9040F600409A
:102AB000C5F60200F7F7C0FFA4E02D98006841F6C4
:102AC0000041C4F20101884240F09B80FFE7FFE72C
:102AD00044F2F040C5F60200016841F08001016057
:102AE000006800F080001B901B98FFE7FFE744F2AE
:102AF000E040C5F60200016841F010010160006885
:102B000000F010001A901A98FFE704202890022184
:102B100003912991002106912A912B912C9041F249
:102B20000000C5F60200049028A90591F7F784FF7C
:102B3000039B04980599069A4FF0080CCDF8A0C0A5
:102B400029932A922B920B222C92F7F775FF069964
:102B500044F23070C2F2004007908822C4F20202B0
:102B600002607722426040228260C1604FF480623E
:102B7000026141618161C16101624162F5F71CFC42
:102B800018B1FFE7F1F7F0FDFFE7FFE72D9844F2FA
:102B90003071C2F20041C1672D988863FFE744F2AB
:102BA000B860C2F200400290A021C4F202010160AC
:102BB0007621416000218160C1604FF48062026132
:102BC00041618161C16101624162F5F7F5FB18B1B4
:102BD000FFE7F1F7C9FDFFE7FFE72D9844F2B86181
:102BE000C2F20041C0F880102D988863FFE79C2056
:102BF000019005210022F8F707FA0198F8F7F8F993
:102C0000FFE7FFE7FFE7FFE7FFE7FFE72EB080BD45
:102C100080B584B0039041F66C10C2F20040009081
:102C200003A922F001FE01460098029122F0ECFD7A
:102C3000019002A801A92BF01BFF40B1FFE702A8F9
:102C400019F01AFF4068039918F022FDFFE704B05D
:102C500080BD00000000000081B0009001B070470E
:102C600080B58AB008900791ADF81A2005930898AE
:102C7000D0F88800202840F08780FFE7079820B12F
:102C8000FFE7BDF81A0020B9FFE701208DF8270003
:102C90007EE008990020C1F8900008992120C1F831
:102CA0008800F8F7B5F80290BDF81A000899A1F865
:102CB0005400BDF81A000899A1F8560008988068D9
:102CC000B0F5805F09D1FFE70898006928B9FFE7F0
:102CD000002004900798039004E0079804900020D7
:102CE0000390FFE7FFE70898B0F8560088B3FFE7C6
:102CF0000898029B05996A4611608021002203F022
:102D000023FE40B1FFE708992020C1F88800032086
:102D10008DF827003CE0049858B9FFE70398008835
:102D20006FF35F2008990968886203980230039066
:102D300008E00498007808990968886204980130CE
:102D40000490FFE70899B1F856000138A1F8560041
:102D5000C9E70898029B05996A4611604021002244
:102D600003F0F2FD40B1FFE708992020C1F8880088
:102D700003208DF827000BE008992020C1F8880077
:102D800000208DF8270003E002208DF82700FFE7E0
:102D90009DF827000AB080BD80B586B004900391ED
:102DA000ADF80A200498D0F88800202870D1FFE7F9
:102DB000039820B1FFE7BDF80A0020B9FFE7012022
:102DC0008DF8170068E0039804990865BDF80A00BB
:102DD0000499A1F85400BDF80A000499A1F856001E
:102DE00004990020C1F8900004992120C1F88800BE
:102DF0000498C06F88B3FFE70498C16F45F6E930C7
:102E0000C0F60100C8630498C16F45F66940C0F67A
:102E1000010008640498C16F45F63920C0F601002E
:102E2000C8640498C16F0020086504980268016DA9
:102E3000C06F2832BDF80A30F5F76EFF60B1FFE7CA
:102E400004991020C1F8900004992020C1F888004E
:102E500001208DF817001FE0FFE70498016840206B
:102E60000862FFE7FFE70498006850E8020F40F0AF
:102E700080000190FFE701990498026842E802107F
:102E80000028F0D1FFE7FFE700208DF8170003E0EE
:102E900002208DF81700FFE79DF8170006B080BDEF
:102EA00080B584B0039041F66C10C2F200400090EF
:102EB00003A922F0B9FC01460098029122F0A4FC7B
:102EC000019002A801A92BF0D3FD40B1FFE702A8B1
:102ED00019F0D2FD4068039918F062FCFFE704B0D6
:102EE00080BD00000000000081B0009001B070477C
:102EF000FFE7FEE70000000083B0029001918DF82B
:102F0000032000208DF802008DF80200FFE79DF8F5
:102F100002009DF80310884229DAFFE70298000FAB
:102F2000092809D8FFE70298000F303001999DF871
:102F3000022001F8120009E00299372000EB11701D
:102F400001999DF8022001F81200FFE702980001A4
:102F5000029001989DF8021000EB4101002048709A
:102F6000FFE79DF8020001308DF80200CFE703B0C3
:102F7000704700000000000081B000900099886850
:102F80004FF6C072C5F6FF721040886001B07047FE
:102F900081B000900098806840F080504FF6C0717A
:102FA000C7F6FF7108400099886001B070470000C3
:102FB00081B000900098806800F0E07001B0704728
:102FC00083B0029001910298019900EB810060307A
:102FD00000900098006800F0F84003B070470000CF
:102FE00081B0009000988068C0F3C00001B07047C5
:102FF00081B0009000988068C0F3407001B07047C5
:1030000081B000900098806800F0010001B0704726
:1030100081B000900098806800F0010001B0704716
:1030200081B0009000988068C0F3007001B07047D4
:1030300081B0009000988068C0F3800001B07047B4
:1030400081B0009000988068C0F3800001B07047A4
:1030500084B00390029101920398029901F44071A7
:1030600000EB91103030009000980068029901F058
:103070001F021F21914088430199C1F3846191404F
:1030800008430099086004B0704700000000000089
:1030900085B002900191029846F20001C5F6020146
:1030A000884229D0FFE70198000328B9FFE701987B
:1030B000C0F38460009014E0019890FAA0F00390AF
:1030C000039820B9FFE720208DF8130005E003984E
:1030D000B0FA80F08DF81300FFE79DF81300009020
:1030E000FFE7009800F01F01012000FA01F20299A9
:1030F000C8691043C861FFE705B0704700000000D1
:1031000084B00390029101920398029901F000713A
:1031100000EBD15014300090009800680299C1F380
:103120000452072191408843019991400843009936
:10313000086004B07047000083B0029001910092D3
:10314000029846F20001C5F60201884215D1FFE758
:103150000298D0F8B00001996FF31F518843009A8C
:1031600002F018034FF6FF72C0F20F02DA4011406E
:1031700008440299C1F8B00014E00298D0F8C000E9
:1031800001996FF31F518843009A02F018034FF61C
:10319000FF72C0F20F02DA40114008440299C1F8F0
:1031A000C000FFE703B0704782B001900091019822
:1031B000806820F47C10009908430199886002B06F
:1031C000704700000000000082B00190009101985B
:1031D000806820F0E070009908430199886002B08F
:1031E000704700000000000083B00290019100923F
:1031F0000298006920F4F0400099019A02F01F0241
:10320000914008430299086103B070470000000034
:1032100085B004900391029201930498039900EB06
:10322000810060300090049846F20001C5F602016A
:1032300088420CD1FFE700980068029800F0F8403F
:103240000199084340F00040009908600CE00098A4
:10325000006800F00040029901F0F841019A114322
:10326000084300990860FFE705B0704700000000C0
:1032700084B0039002910192039846F20001C5F6D2
:10328000020188420FD1FFE70398029900EB810009
:10329000603000900098006820F0007001990843A9
:1032A00000990860FFE704B07047000000000000CC
:1032B00084B0039002910192039846F20001C5F692
:1032C000020188420FD1FFE70398029900EB8100C9
:1032D000603000900098006820F0807001990843E9
:1032E00000990860FFE704B070470000000000008C
:1032F00084B0039002910192039846F20001C5F652
:103300000201884201D1FFE70EE00398029900EB29
:103310008100603000900098006820F00040019922
:10332000084300990860FFE704B070470000000000
:1033300084B00390029101920398029900EB8100FE
:1033400060300090039846F20001C5F60201884201
:1033500009D1FFE70098006820F000400199084378
:103360000099086008E00098006820F0004001998A
:10337000084300990860FFE704B0704700000000B0
:1033800080B58EB0002000900D900C900B9002A89C
:103390002421EDF7F5FA009A44F29020C2F20040A1
:1033A000019042F20001C4F2020101604FF41011D9
:1033B000416082600261042141610276012141760F
:1033C000C16180F820208262C26203230363C2636A
:1033D000026480F844208164F2F7BAFB18B1FFE779
:1033E000F1F7C2F9FFE700200B9044F29020C2F2FF
:1033F00000400BA9F1F7C8FB18B1FFE7F1F7B4F9EA
:10340000FFE71020C1F2C0000290062003900420C4
:10341000049040F2FF7105910690002007908DF80E
:10342000290044F29020C2F2004002A9F1F7F8FC12
:1034300018B1FFE7F1F798F9FFE70EB080BD000083
:1034400080B58CB003A82421EDF79AFA44F200303D
:10345000C2F20040019046F20001C5F6020101608F
:103460004FF4101141600821816000210291C16078
:10347000016104224261017641760122C26180F835
:10348000202042628162C16280F8381041630322C9
:103490000263C163016480F844108164F2F758FB51
:1034A00018B1FFE7F1F760F9FFE70020CCF25270A6
:1034B0000390062004900720059040F2FF700690CC
:1034C00004200790002008900A9044F20030C2F2D5
:1034D000004003A9F1F7A4FC18B1FFE7F1F744F9A4
:1034E000FFE70CB080BD000080B590B0FFE744F26C
:1034F000D840C5F60200016841F001010160006892
:1035000000F001000F900F98FFE7FFE744F2D8406A
:10351000C5F60200016841F002010160006800F098
:1035200002000E900E98FFE70B20019005210B91F1
:1035300000220C92F7F768FD0198F7F759FD0B99F7
:103540000C9A0C200290F7F75FFD0298F7F750FDF8
:103550000B990C9A0D200390F7F756FD0398F7F797
:1035600047FD0B990C9A0E200490F7F74DFD049837
:10357000F7F73EFD0B990C9A0F200590F7F744FDE5
:103580000598F7F735FD0B990C9A10200690F7F780
:103590003BFD0698F7F72CFD0B990C9A112007902C
:1035A000F7F732FD0798F7F723FD0B990C9A2F20B8
:1035B0000890F7F729FD0898F7F71AFD0B990C9A70
:1035C00038200990F7F720FD0998F7F711FD0B99BE
:1035D0000C9A39200A90F7F717FD0A98F7F708FDBB
:1035E0000B990C9A3A200D90F7F70EFD0D98F7F70E
:1035F000FFFC10B080BD000080B582B044F698009A
:10360000C2F2004000904AF20001C4F200010160E1
:10361000002201928260C260027442748274182196
:103620004161012181610223C361036241628162C0
:10363000C162016342638163C26320230364042186
:1036400041648264C164026541658265C265036646
:1036500042668166F6F7A8FD18B1FFE7F1F784F836
:10366000FFE702B080BD000080B582B044F638109C
:10367000C2F2004000904AF20041C4F20001016031
:10368000002201928260C260027442748274182126
:103690004161012181610223C36103624162816250
:1036A000C162016340F2064343638163C263202326
:1036B0000364042141648264C164026541658265DA
:1036C000C265036642668166F6F76EFD18B1FFE7D4
:1036D000F1F74AF8FFE702B080BD000000000000EB
:1036E00080B582B044F6D810C2F2004000904DF28E
:1036F0000041C4F200010160002201928260C260B8
:103700000121017442748274182343618161022390
:10371000C361036241628162C162016340F61203C8
:1037200043638163C2632023036404214164826490
:10373000C164026541658265C26503664266816651
:10374000F6F732FD18B1FFE7F1F70EF8FFE702B028
:1037500080BD00000000000080B594B000201390F0
:103760001290119010900F90FFE744F2E040C5F6E0
:103770000200016841F010010160006800F01000D3
:103780000E900E98FFE7FFE744F2E040C5F6020016
:10379000016841F004010160006800F004000D9030
:1037A0000D98FFE7FFE744F2E040C5F6020001682C
:1037B00041F080010160006800F080000C900C98DE
:1037C000FFE7FFE744F2E040C5F60200016841F080
:1037D00001010160006800F001000B900B98FFE709
:1037E000FFE744F2E040C5F60200016841F0020143
:1037F0000160006800F002000A900A98FFE7FFE706
:1038000044F2E040C5F60200016841F008010160A1
:10381000006800F0080009900998FFE740F60000F2
:10382000C5F6020000904FF4C04100220792F7F75E
:10383000D7FA009848F2090101220292F7F7D0FA6C
:10384000079A0020C5F60200049005210691F7F7BB
:10385000C7FA079A41F20000C5F6020003904FF440
:1038600000710191F7F7BCFA0098029A07994FF49A
:1038700060430F931092119112910FA90591F7F7E0
:10388000DBF80098029B0599079A4FF0090CCDF8D8
:103890003CC01093119203221292F7F7CDF8029BCD
:1038A00004980599DDF818C0079ACDF83CC010932C
:1038B00011921292F7F7C0F8DDF804C0029B03984A
:1038C0000599079ACDF83CC0109311921292F7F720
:1038D000B3F803980599079A4FF4A0530F934FF448
:1038E000881310931192F7F7A7F804980599079A8F
:1038F0004FF400430F9310921192F7F79DF8079938
:103900004FF00060FDF7A8FA07994FF08070FDF7BF
:10391000A3FA0699079A28200890F7F775FB0898EC
:10392000F7F766FB14B080BD80B582B044F66C70CA
:10393000C2F20040009043F60001C4F200010160B1
:103940004FF4800141600021019181600722C26033
:103950004FF0007202614FF0807242614FF080625E
:1039600082614FF04052C261016241628162C16274
:103970004FF0804242638163C163016441648164AA
:10398000C164016541658165FCF776FA18B1FFE70E
:10399000F0F7EAFEFFE702B080BD00000000000083
:1039A00080B582B044F6F470C2F20040009041F25B
:1039B0000041C5F6000101604FF4800141604FF401
:1039C000003181600721C1600021019101614FF048
:1039D000807242614FF0806282614FF08052C2611A
:1039E000016241628162C1624FF080424263816341
:1039F000C163016441648164C1640165416581659D
:103A0000FCF73AFA18B1FFE7F0F7AEFEFFE702B0B5
:103A100080BD00000000000080B58CB00021019145
:103A20000B910A91099108910791069105910491D2
:103A30000391029145F27C00C2F2004041F600027F
:103A4000C4F20002026017224260816040F2CF722D
:103A5000C26001618161FDF72BFE18B1FFE7F0F74D
:103A600083FEFFE7002009900B9045F27C00C2F234
:103A7000004009A9FDF70CFA18B1FFE7F0F774FE52
:103A8000FFE7602002904FF47A70039000200490CA
:103A9000069045F27C00C2F2004002A90422FDF724
:103AA0002FFD18B1FFE7F0F75FFEFFE745F27C005E
:103AB000C2F20040FDF7C4FC0CB080BD0000000065
:103AC00080B58CB0002101910B910A910991089168
:103AD00007910691059104910391029145F2C80066
:103AE000C2F2004040F20042C4F2000202604160B3
:103AF00081604FF6FF72C260016180218161FDF734
:103B0000D7FD18B1FFE7F0F72FFEFFE7002009907F
:103B10000B9045F2C800C2F2004009A9FDF7B8F9C0
:103B200018B1FFE7F0F720FEFFE7602002900020C9
:103B300003900490069045F2C800C2F2004002A92A
:103B40000C22FDF7DDFC18B1FFE7F0F70DFEFFE7F3
:103B500045F2C800C2F20040FDF772FC0CB080BD17
:103B600080B582B045F28820C2F20040019045F253
:103B70000001C4F20001016048F2A061C0F201013D
:103B800041604FF4805181600021C1604FF4806238
:103B90000261042242618161C1610162416281620C
:103BA000FEF7DAFC18B1FFE7F0F7DEFDFFE745F2BC
:103BB0008820C2F200400021FDF7EAFF18B1FFE7BC
:103BC000F0F7D2FDFFE745F28820C2F20040002165
:103BD000FDF796FF18B1FFE7F0F7C6FDFFE745F2E6
:103BE0008820C2F20040FDF7CBFE18B1FFE7F0F7E6
:103BF000BBFDFFE702B080BD80B582B045F21C304E
:103C0000C2F20040009047F60001C4F200010160DA
:103C10004FF4E1314160002101918160C160016197
:103C20000C2242618161C161016241628162FEF7E1
:103C300093FC18B1FFE7F0F797FDFFE745F21C3062
:103C4000C2F200400021FDF7A3FF18B1FFE7F0F733
:103C50008BFDFFE745F21C30C2F200400021FDF76A
:103C60004FFF18B1FFE7F0F77FFDFFE745F21C308B
:103C7000C2F20040FDF784FE18B1FFE7F0F774FDD3
:103C8000FFE702B080BD000080B582B045F2F410BD
:103C9000C2F20040009041F60041C4F2010101600F
:103CA0004FF461214160002101918160C160016197
:103CB0000C2242618161C161016241628162FEF751
:103CC0004BFC18B1FFE7F0F74FFDFFE745F2F410AA
:103CD000C2F200400021FDF75BFF18B1FFE7F0F7EB
:103CE00043FDFFE745F2F410C2F200400021FDF76A
:103CF00007FF18B1FFE7F0F737FDFFE745F2F410D3
:103D0000C2F20040FDF73CFE18B1FFE7F0F72CFDD2
:103D1000FFE702B080BD000080B582B045F26010C0
:103D2000C2F20040009041F20001C4F201010160C2
:103D30004FF4E1314160002101918160C160016176
:103D40000C2242618161C161016241628162FEF7C0
:103D500003FC18B1FFE7F0F707FDFFE745F260103D
:103D6000C2F200400021FDF713FF18B1FFE7F0F7A2
:103D7000FBFCFFE745F26010C2F200400021FDF7B6
:103D8000BFFE18B1FFE7F0F7EFFCFFE745F2601068
:103D9000C2F20040FDF7F4FD18B1FFE7F0F7E4FCD4
:103DA000FFE702B080BD000080B543F6B470C2F2F8
:103DB000004040F21C01C2F20041012203F0DCFF8E
:103DC00018B1FFE7F0F7D0FCFFE743F6B470C2F29A
:103DD000004040F24401C2F2004104F015FD18B168
:103DE000FFE7F0F7C1FCFFE743F6B470C2F2004012
:103DF00040F2E001C2F2004103F0AAF918B1FFE776
:103E0000F0F7B2FCFFE743F6B470C2F2004004F0F2
:103E10008BFE18B1FFE7F0F7A7FCFFE7F8F784FB8C
:103E200080BD000000000000FFE7FEE7000000008A
:103E3000FFE7FEE70000000088B0079006910592BA
:103E4000079800F0070004900498C0F107000528C7
:103E500003D3FFE70420019004E00498C0F10700B9
:103E60000190FFE70198039004980430062803D8D6
:103E7000FFE70020009003E0049803380090FFE77C
:103E80000098029006980399012202FA01F1013983
:103E90000840029B984005999A40013A1140084316
:103EA00008B070470000000080B544F68820C2F2D8
:103EB0000040F7F7DDFB80BD80B544F68820C2F2F4
:103EC0000040F7F7D5FB80BD80B544F68820C2F2EC
:103ED0000040F7F7CDFB80BD80B586B0059004911A
:103EE000059800680390039802900398006C019075
:103EF0000298049900EB4110D0F8080B009001984B
:103F000043F20B01C4F6547188420FD3FFE79DF8CA
:103F100001000006002809D5FFE70298049900EB8C
:103F200041114FF40040C1F8080BFFE70598F8F77E
:103F3000F7F9019843F20B01C4F6547188420DD38E
:103F4000FFE705988079012808D1FFE705990868FF
:103F500001F29C42012105F02BFCFFE7002006B096
:103F600080BD00000000000080B588B00790069179
:103F7000079800680490049803900498006C0290DD
:103F80000398069900EB4110D0F8080B01900798B0
:103F90008079012840F08180FFE79DF80400000748
:103FA000002818D5FFE7029843F20B01C4F65471BC
:103FB00088420FD3FFE79DF805000006002809D5C9
:103FC000FFE70398069900EB41114FF40040C1F858
:103FD000080BFFE760E09DF804008006002808D584
:103FE000FFE70398069900EB41112020C1F8080B68
:103FF00051E09DF8040010F0280F4AD1FFE7029825
:1040000043F20B01C4F6547188420FD3FFE79DF8C9
:1040100005000006002809D5FFE70398069900EB84
:1040200041114FF40040C1F8080B31E007980699A0
:1040300001EBC10100EB810000F5157005900598BA
:10404000006A0399069A01EB4211D1F8101B6FF335
:10405000DF41401A05994861069898B9FFE705982D
:10406000006940B9FFE70799086801F29C42012105
:1040700005F09EFB05E00599C8684A691044C860D0
:10408000FFE7FFE707989DF81810F7F77DF8FFE7BF
:1040900000E0FFE7FFE7FFE747E0029843F20A117D
:1040A000C4F65471884224D1FFE79DF8050000064C
:1040B000002809D5FFE70398069900EB41114FF45A
:1040C0000040C1F8080B13E09DF8040080060028AA
:1040D00008D5FFE70398069900EB41112020C1F8AD
:1040E000080BFFE707989DF81810F7F74DF8FFE762
:1040F0001AE0069890B9FFE70798069901EBC1010D
:1041000000EB8100D0F8640240B9FFE70799086826
:1041100001F29C42002105F04BFBFFE707989DF858
:104120001810F7F731F8FFE7FFE7002008B080BD6F
:1041300080B58CB00A9009910A9800680890089898
:1041400007900A98099901EBC10100EB8100143036
:104150000690069801694069884204D9FFE701206A
:104160008DF82F0079E0069908694969401A059091
:10417000059806998968884204D9FFE706988068FF
:104180000590FFE70598033080080490FFE7079843
:10419000099900EB4110D0F8180981B2049A002067
:1041A000914202900FD3FFE706980269416900200F
:1041B0009142029007D2FFE706980069002818BFD5
:1041C00001200290FFE70298C00770B3FFE706994D
:1041D00008694969401A05900598069989688842D6
:1041E00004D9FFE7069880680590FFE7059803303B
:1041F0008008049008980699C9689DF82420BDF8A5
:104200001430DDF828C09CF806C0EE46CEF800C099
:1042100006F0A6F9059A0699C8681044C860059A80
:104220000699486910444861B1E7069908694969E7
:1042300088420ED8FFE7099800F00F01012088405E
:104240000390039A0799D1F834089043C1F83408D1
:10425000FFE700208DF82F00FFE79DF82F000CB03E
:1042600080BD000000000000000000000000000011
:10427000EFF30980BFF36F8F154B1A681EF0100F14
:1042800008BF20ED108A20E9F04F10602DE90900E9
:104290004FF0500072B680F31188BFF34F8FBFF319
:1042A0006F8F62B62DF000FE4FF0000080F3118892
:1042B000BDE8090019680868B0E8F04F1EF0100F5B
:1042C00008BFB0EC108A80F30988BFF36F8F704786
:1042D000CC5400240000000080B5B0B002A80190CA
:1042E000B821ECF74DFB01980021039149F203023C
:1042F000C0F208220292022204922823059304238A
:10430000069307930892C02209920A910B912022EA
:1043100015924FF4805219924FF000521D920122D3
:104320001F92082220922A91F9F76EFA18B1FFE73E
:10433000F0F71AFAFFE730B080BD0000000000007F
:1043400080B586B00490039100208DF8070044F2F8
:104350002840C5F60200006800F00300032804D1DD
:10436000FFE701208DF81700CBE044F20041C5F6CD
:104370000201086820F080600860F6F749FD0290AD
:10438000FFE744F20040C5F60200006800F000615B
:104390000020B0EBD16F0CD0FFE7F6F739FD0299A2
:1043A000401A032804D3FFE703208DF81700A8E084
:1043B000E7E7FFE744F22841C5F60201086820F468
:1043C0007C30049A126840EA023008600499486818
:1043D000D1F808C0CB680A6901386FF35F204FF647
:1043E0000061CFF6FF7101EB4C2189B20844002136
:1043F000CFF6FF7101EB034101F4FE0108444FF0D9
:104400007F4101EB026101F0FE41084444F2384172
:10441000C5F602010860FFE744F22C41C5F602012F
:104420000091086820F0C000049A526910430860A7
:10443000086820F02000049A926910430860086818
:1044400020F01000086044F23C42C5F602021068F9
:104450004FF6F8739843049BDB6940EAC300106091
:10446000086840F010000860039848B9FFE744F27C
:104470002C41C5F60201086840F40020086016E0EF
:104480000398012809D1FFE744F22C41C5F6020147
:10449000086840F48010086008E044F22C41C5F63A
:1044A0000201086840F400100860FFE7FFE744F2EB
:1044B0000041C5F60201086840F080600860F6F728
:1044C000A7FC0290FFE744F20040C5F60200006836
:1044D00000F000610020B0EBD16F0CD1FFE7F6F7E0
:1044E00097FC0299401A032804D3FFE703208DF8B4
:1044F000170006E0E7E7FFE79DF807008DF81700D3
:10450000FFE79DF8170006B080BD00000000000026
:1045100080B586B00490039100208DF8070044F226
:104520002840C5F60200006800F00300032804D10B
:10453000FFE701208DF81700CBE044F20041C5F6FB
:104540000201086820F080500860F6F761FC0290D4
:10455000FFE744F20040C5F60200006800F0005199
:104560000020B0EB517F0CD0FFE7F6F751FC029929
:10457000401A032804D3FFE703208DF81700A8E0B2
:10458000E7E7FFE744F22841C5F60201086820F09A
:104590007C70049A126840EA0250086004994868E6
:1045A000D1F808C0CB680A6901386FF35F204FF675
:1045B0000061CFF6FF7101EB4C2189B20844002164
:1045C000CFF6FF7101EB034101F4FE0108444FF007
:1045D0007F4101EB026101F0FE41084444F2404199
:1045E000C5F602010860FFE744F22C41C5F602015E
:1045F0000091086820F44060049A526910430860F2
:10460000086820F40070049A9269104308600868F2
:1046100020F48070086044F24442C5F6020210683B
:104620004FF6F8739843049BDB6940EAC3001060BF
:10463000086840F480700860039848B9FFE744F2C6
:104640002C41C5F60201086840F48000086016E0BD
:104650000398012809D1FFE744F22C41C5F6020175
:10466000086840F40000086008E044F22C41C5F6F8
:104670000201086840F080700860FFE7FFE744F23D
:104680000041C5F60201086840F080500860F6F766
:10469000BFFB0290FFE744F20040C5F6020000684D
:1046A00000F000510020B0EB517F0CD1FFE7F6F78E
:1046B000AFFB0299401A032804D3FFE703208DF8CB
:1046C000170006E0E7E7FFE79DF807008DF8170001
:1046D000FFE79DF8170006B080BD00000000000055
:1046E00080B58AB0DDF830C0099008910792069332
:1046F000FFE740F64C40C2F200400290029800787A
:10470000532803D0FFE705F073FFFFE7FFE740F60C
:104710004C40C2F200400490099802282CD8FFE7D0
:10472000EFF311804FF0200181F31188019004987C
:10473000099901EB410100EBC10060300390099839
:1047400078B1FFE7089803990860079803994860D3
:104750000698039988600399002008610399C8604E
:10476000FFE70C9803994861BFF35F8F019880F3CE
:1047700011880020059003E04FF0FF300590FFE71F
:1047800005980AB080BD000080B58AB0DDF830C061
:104790000990089107920693FFE740F64C40C2F259
:1047A0000040029002980078532803D0FFE705F0FC
:1047B0001FFFFFE7FFE740F64C40C2F200400490C5
:1047C000099802282AD8FFE7EFF311804FF0200163
:1047D00081F3118801900498099901EB410100EBE4
:1047E000C10018300390099878B1FFE70898039941
:1047F00008600798039948600698039988600399B0
:10480000002008610399C860FFE70C98039948618C
:10481000019880F311880020059003E04FF0FF30ED
:104820000590FFE705980AB080BD00000000000079
:1048300080B505F0DDFE80BD80B586B005900491A1
:104840000392FFE740F64C40C2F20040019001980D
:104850000078532803D0FFE705F0CAFEFFE7FFE723
:10486000EFF311804FF0200181F31188009005983B
:104870000499039A00F008F80290009880F31188D8
:10488000029806B080BD000080B58AB009900891FA
:10489000079208980490099800EB400140F64C40BC
:1048A000C2F2004000EBC100183003900398406949
:1048B000029040B1FFE70298012819D0FFE7029863
:1048C00002282CD032E0039805F056FF0590059899
:1048D0000799884203D2FFE70020069007E0079877
:1048E000069003980499079A05F0DAFFFFE720E0A5
:1048F000039805F041FF059005980799884203D277
:10490000FFE70598019002E007980190FFE7019802
:10491000069003980499069A05F0C2FF09E00398EF
:104920000499079A05F048FF069002E000200690DF
:10493000FFE706980AB080BD80B584B0039002916D
:104940000298EBF7DEFE019003980299019AFFF7B7
:1049500073FF04B080BD000080B544F66C70C2F2F5
:104960000040FBF7C1F880BD80B544F6F470C2F298
:104970000040FBF7B9F880BD82B001900198006853
:104980004069009001980168886940F008008861DA
:1049900001980168886940F01000886101980168F9
:1049A000086820F00100086001980168086940F279
:1049B0006F329043086101980168886820F4404094
:1049C0008860019890F88100042815D0FFE79DF8D1
:1049D0000000800600280ED5FFE70199D1F8840079
:1049E00040F08000C1F8840001980168886940F0B7
:1049F00020008861FFE7FFE7019890F88100032815
:104A000015D0FFE79DF80000400600280ED5FFE70F
:104A10000199D1F8840040F00400C1F884000198A5
:104A20000168886940F040008861FFE7FFE79DF872
:104A30000100800700280ED5FFE70199D1F8840016
:104A400040F00100C1F8840001980168886940F4D1
:104A500000708861FFE79DF80100C00770B1FFE7B3
:104A60000199D1F8840040F00800C1F88400019851
:104A70000168886940F480708861FFE7019900202F
:104A8000A1F862000199A1F86A0002B07047000025
:104A900080B582B001900198806B00900099002051
:104AA000A1F86A000099A1F862000099012081F83C
:104AB00081000098FBF714F802B080BD00000000F0
:104AC00083B002900298C16B012000EB511001905D
:104AD0000298C0680130009000980730C00800902C
:104AE00000980199484303B070470000000000009F
:104AF00080B586B0DDF820C0049003918DF80B20BE
:104B00000193FFE704980068406903990840401A40
:104B1000B0FA80F040099DF80B10884214D1FFE7ED
:104B2000F6F776F90899401A0199884204D3FFE70D
:104B30000198013018B9FFE7019820B9FFE7032079
:104B40008DF8170004E0DDE700208DF81700FFE77F
:104B50009DF8170006B080BD0000000000000000B6
:104B6000074B19680868B0E8F04F80F30988BFF375
:104B70006F8F4FF0000080F31188704700BF00BFB7
:104B8000CC5400240000000084B0039003980090EF
:104B900000980078ADF80800009801300090009867
:104BA0000078ADF80600BDF80610BDF8080040EA30
:104BB0000120ADF80A00BDF80A0004B070470000FB
:104BC00080B582B04FF0500072B680F31188BFF309
:104BD0006F8FBFF34F8F62B600902DF055FE40B13E
:104BE000FFE74EF60451CEF200014FF0805008600E
:104BF000FFE700200190019880F3118802B080BD8A
:104C000080B59EB00BA84C21EBF7BAFE00200190B6
:104C10000A900990089007900690059004900390E0
:104C20000220F7F72DFCFFE70020029044F6180061
:104C3000C5F60200016821F440410160006800F4FB
:104C4000404002900298FFE7FFE744F61800C5F6DF
:104C50000200006800F40050B0F5005F01D0FFE7EB
:104C6000F3E709200B904FF480300C900121109154
:104C70000220149015900C22169240F213121792F3
:104C8000189119901A9004201B9000201C901D90E0
:104C90000BA8FAF715FA18B1FFE7EFF765FDFFE784
:104CA0003F200390032104910020059008200690E6
:104CB0004020079008904FF4806209920A9003A860
:104CC000F9F79AFD18B1FFE7EFF74EFDFFE71EB0C9
:104CD00080BD0000000000004EF68851CEF20001B9
:104CE000086840F47000086042F20000C5F200203D
:104CF000006800F00F0006280AD8FFE742F2000122
:104D0000C5F200210868072262F303000860FFE78C
:104D100044F20041C5F60201086840F00100086055
:104D200044F21042C5F602020020106008684EF6F8
:104D30007F52CEF6F6221040086042F20000C5F223
:104D40000020006800F00F0008280AD3FFE742F2B5
:104D50000001C5F200210868072262F30300086021
:104D6000FFE744F21841C5F602010020086044F252
:104D70001C41C5F60201086044F22041C5F602015B
:104D8000086044F22842C5F6020240F20021C0F257
:104D90000221116044F22C42C5F602020021C0F249
:104DA000FF11116044F23042C5F6020240F2802148
:104DB000C0F20111116044F23442C5F602021060E3
:104DC00044F23842C5F60202116044F23C42C5F694
:104DD0000202106044F24042C5F60202116044F241
:104DE0004441C5F60201086044F20042C5F60202E1
:104DF000116821F48021116044F26041C5F602017E
:104E0000086044F20001C5F2002143F2D2000860BC
:104E1000704700000000000080B545F21410C2F297
:104E20000040FCF7E5F980BD83B002900191029843
:104E30000068009002980021C4F20101884225D048
:104E4000FFE70298B0F1804F20D0FFE7029840F2D0
:104E50000041C4F20001884218D0FFE7029840F6F2
:104E60000001C4F20001884210D0FFE7029840F62A
:104E70000041C4F20001884208D0FFE7029840F2E6
:104E80000041C4F2010188420AD1FFE7009820F0F6
:104E90007000009001984168009808430090FFE777
:104EA00002980021C4F2010188424DD0FFE7029828
:104EB000B0F1804F48D0FFE7029840F20041C4F2C1
:104EC0000001884240D0FFE7029840F60001C4F29A
:104ED0000001884238D0FFE7029840F60041C4F252
:104EE0000001884230D0FFE7029840F20041C4F24E
:104EF0000101884228D0FFE7029844F20001C4F281
:104F00000101884220D0FFE7029844F20041C4F238
:104F10000101884218D0FFE7029844F60001C4F26C
:104F20000101884210D0FFE702984EF20001C4F25E
:104F30000001884208D0FFE702984EF20041C4F217
:104F4000000188420AD1FFE7009820F440700090E9
:104F50000198C168009808430090FFE7009820F08E
:104F6000800001994969084300900198806802997E
:104F7000C862019800680299886202980021C4F210
:104F80000101884220D0FFE7029840F20041C4F2BC
:104F90000101884218D0FFE7029844F20001C4F2F0
:104FA0000101884210D0FFE7029844F20041C4F2A8
:104FB0000101884208D0FFE7029844F60001C4F2DC
:104FC0000101884205D1FFE7019800690299086351
:104FD000FFE70299086840F0040008600299012088
:104FE000486100980299086003B070470000000013
:104FF00084B0039002910192029800F01F010120F9
:1050000088400090009A0399086A904308620198CA
:10501000029901F01F0100FA01F20399086A104396
:10502000086204B07047000085B0049003910498B2
:10503000006A01900499086A20F00100086204984F
:105040004068009004988069029002984FF68F7132
:10505000CFF6FE7108400290029820F00300029003
:1050600003980168029808430290019820F002001A
:1050700001900398816801980843019004980021E9
:10508000C4F20101884220D0FFE7049840F20041B9
:10509000C4F20101884218D0FFE7049844F20001ED
:1050A000C4F20101884210D0FFE7049844F20041A5
:1050B000C4F20101884208D0FFE7049844F60001D9
:1050C000C4F2010188420ED1FFE7019820F00800E8
:1050D00001900398C168019808430190019820F05D
:1050E00004000190FFE704980021C4F20101884206
:1050F00020D0FFE7049840F20041C4F20101884249
:1051000018D0FFE7049844F20001C4F2010188427C
:1051100010D0FFE7049844F20041C4F20101884234
:1051200008D0FFE7049844F60001C4F20101884268
:1051300013D1FFE7009820F480700090009820F4CD
:10514000007000900398416900980843009003980C
:105150008169009808430090FFE70098049948602F
:1051600002980499886103984068049948630198FB
:105170000499086205B0704785B0049003910498C3
:10518000006A01900499086A20F0100008620498EF
:1051900040680090049880690290029848F6FF7178
:1051A000CFF6FF6108400290029820F44070029010
:1051B00003980168029840EA01200290019820F0CB
:1051C0002000019003988168019840EA0110019045
:1051D00004980021C4F20101884229D0FFE7049815
:1051E00040F20041C4F20101884221D0FFE7049857
:1051F00044F20001C4F20101884203D1FFE700201C
:10520000B0B9FFE7049844F20041C4F201018842BA
:1052100003D1FFE7002058B9FFE7049844F60001E6
:10522000C4F20101884212D1FFE7012078B9FFE7FB
:10523000019820F0800001900398C168019840EA2D
:1052400001100190019820F040000190FFE70498C0
:105250000021C4F20101884220D0FFE7049840F207
:105260000041C4F20101884218D0FFE7049844F2DB
:105270000001C4F20101884210D0FFE7049844F213
:105280000041C4F20101884208D0FFE7049844F6C7
:105290000001C4F20101884215D1FFE7009820F413
:1052A00080600090009820F40060009003984169AD
:1052B000009840EA8100009003988169009840EAD4
:1052C00081000090FFE700980499486002980499D3
:1052D000886103984068049988630198049908627A
:1052E00005B070470000000085B004900391049859
:1052F000006A01900499086A20F48070086204989A
:10530000406800900498C069029002984FF68F712F
:10531000CFF6FE7108400290029820F00300029040
:1053200003980168029808430290019820F40070E5
:10533000019003988168019840EA01200190049847
:105340000021C4F20101884229D0FFE7049840F20D
:105350000041C4F20101884221D0FFE7049844F2E1
:105360000001C4F20101884203D1FFE70020B0B977
:10537000FFE7049844F20041C4F20101884203D1DE
:10538000FFE7002058B9FFE7049844F60001C4F293
:105390000101884212D1FFE7012078B9FFE70198A7
:1053A00020F4006001900398C168019840EA012050
:1053B0000190019820F480600190FFE7049800219B
:1053C000C4F20101884220D0FFE7049840F2004176
:1053D000C4F20101884218D0FFE7049844F20001AA
:1053E000C4F20101884210D0FFE7049844F2004162
:1053F000C4F20101884208D0FFE7049844F6000196
:10540000C4F20101884215D1FFE7009820F48050D2
:105410000090009820F40050009003984169009893
:1054200040EA0110009003988169009840EA011059
:105430000090FFE700980499486002980499C861B9
:10544000039840680499C86301980499086205B0FC
:10545000704700000000000085B00490039104989C
:10546000006A01900499086A20F480500862049848
:10547000406800900498C0690290029848F6FF7155
:10548000CFF6FF6108400290029820F4407002902D
:1054900003980168029840EA01200290019820F4E4
:1054A0000050019003988168019840EA0130019012
:1054B00004980021C4F20101884220D0FFE704983B
:1054C00040F20041C4F20101884218D0FFE704987D
:1054D00044F20001C4F20101884210D0FFE70498B1
:1054E00044F20041C4F20101884208D0FFE7049869
:1054F00044F60001C4F2010188420BD1FFE7009895
:1055000020F48040009003984169009840EA81109F
:105510000090FFE700980499486002980499C861D8
:10552000039840680499086401980499086205B0DA
:10553000704700000000000085B0049003910498BB
:10554000006A01900499086A20F480300862049887
:10555000406800900498406D029002984FF68F7159
:10556000CFF6FE7108400290039801680298084344
:105570000290019820F4003001900398816801980E
:1055800040EA0140019004980021C4F201018842E0
:1055900020D0FFE7049840F20041C4F201018842A4
:1055A00018D0FFE7049844F20001C4F201018842D8
:1055B00010D0FFE7049844F20041C4F20101884290
:1055C00008D0FFE7049844F60001C4F201018842C4
:1055D0000BD1FFE7009820F48030009003984169D8
:1055E000009840EA01200090FFE700980499486085
:1055F0000298049948650398406804998865019861
:105600000499086205B0704785B00490039104982E
:10561000006A01900499086A20F4801008620498D6
:10562000406800900498406D0290029848F6FF711F
:10563000CFF6FF610840029003980168029840EAA3
:1056400001200290019820F40010019003988168D5
:10565000019840EA0150019004980021C4F2010130
:10566000884220D0FFE7049840F20041C4F20101D3
:10567000884218D0FFE7049844F20001C4F2010107
:10568000884210D0FFE7049844F20041C4F20101BF
:10569000884208D0FFE7049844F60001C4F20101F3
:1056A00088420BD1FFE7009820F4802000900398F7
:1056B0004169009840EA81200090FFE70098049932
:1056C0004860029804994865039840680499C86541
:1056D00001980499086205B07047000000000000BE
:1056E00080B545F28820C2F20040FCF7B5FB80BDD2
:1056F00080B545F21C30C2F20040FCF7ADFB80BD26
:1057000082B001900198406E40B9FFE701990120F5
:10571000A1F86A000199A1F8680032E010208DF824
:1057200003008DF80200019800688068C0F34260B1
:105730008DF80100019800688068400F8DF8000026
:105740009DF802009DF8002045F22C13C0F60403DA
:10575000995C484345F22411C0F604018A5CB0FB11
:10576000F2F0019AA2F86A009DF803009DF801206A
:105770009B5C5843895CB0FBF1F00199A1F868008B
:10578000FFE702B07047000081B00090009890F8E9
:105790002800000700280BD5FFE700980068406844
:1057A00020F40040009A1168926B10434860FFE7B4
:1057B000009890F82800C00758B1FFE700980068EB
:1057C000406820F40030009A1168D26A10434860A3
:1057D000FFE7009890F82800800700280BD5FFE726
:1057E00000980068406820F48030009A1168126BBD
:1057F00010434860FFE7009890F828004007002811
:105800000BD5FFE700980068406820F48020009ADC
:105810001168526B10434860FFE7009890F8280029
:10582000C00600280BD5FFE700980068806820F4C8
:105830008050009A1168D26B10438860FFE700988F
:1058400090F82800800600280BD5FFE70098006834
:10585000806820F40050009A1168126C1043886030
:10586000FFE7009890F82800400600281CD5FFE7C5
:1058700000980068406820F48010009A1168526C0B
:10588000104348600098406CB0F5801F0BD1FFE7D3
:1058900000980068406820F4C000009A1168926C7B
:1058A00010434860FFE7FFE7009890F828000006E3
:1058B00000280BD5FFE700980068406820F400201E
:1058C000009A1168D26C10434860FFE701B070473E
:1058D00080B588B0069006990020C1F89000F5F7D1
:1058E00097FA0590069800680068000700282FD5F1
:1058F000FFE70698059B6A466FF07E4111604FF402
:105900000011002201F020F808B3FFE7FFE7FFE7EE
:105910000698006850E8000F20F080000490FFE730
:1059200004990698026842E800100028F0D1FFE7C9
:10593000FFE706992020C1F88800FFE706990020BC
:1059400081F88400FFE703208DF81F005FE0FFE788
:105950000698006800684007002842D5FFE70698CF
:10596000059B6A466FF07E4111604FF48001002272
:1059700000F0EAFFA0B3FFE7FFE7FFE70698006843
:1059800050E8000F20F490700390FFE70399069809
:10599000026842E800100028F0D1FFE7FFE7FFE7C8
:1059A000FFE70698006850E8020F20F0010002901F
:1059B000FFE702990698026842E802100028F0D139
:1059C000FFE7FFE706992020C1F88C00FFE7069962
:1059D000002081F88400FFE703208DF81F0016E007
:1059E000FFE706992020C1F888000699C1F88C00CD
:1059F00006990020C86606990867FFE70699002007
:105A000081F88400FFE700208DF81F00FFE79DF874
:105A10001F0008B080BD000080B582B001900198E1
:105A2000806B009000990020A1F85E000098FCF7C0
:105A3000EFF902B080BD000080B584B003900398F8
:105A4000806B02900298D0F8880001900298D0F8FC
:105A50008C000090029800688068000600280CD531
:105A6000FFE70198212808D1FFE702990020A1F85B
:105A70005600029800F078F9FFE702980068806805
:105A8000400600280CD5FFE70098222808D1FFE740
:105A900002990020A1F85E00029800F0F1F8FFE7FB
:105AA0000299D1F8900040F01000C1F890000298DF
:105AB000FCF7AEF904B080BD80B586B005900598BE
:105AC000806B04900598C069B0F5807F5BD0FFE7DC
:105AD00004990020A1F85E00FFE7FFE70498006842
:105AE00050E8000F20F480700390FFE703990498BA
:105AF000026842E800100028F0D1FFE7FFE7FFE767
:105B0000FFE70498006850E8020F20F001000290BF
:105B1000FFE702990498026842E802100028F0D1D9
:105B2000FFE7FFE7FFE7FFE70498006850E8020F90
:105B300020F040000190FFE701990498026842E8D4
:105B400002100028F0D1FFE7FFE704992020C1F8F8
:105B50008C000498C06E012814D1FFE7FFE7FFE72F
:105B60000498006850E8000F20F010000090FFE754
:105B700000990498026842E800100028F0D1FFE77D
:105B8000FFE7FFE7FFE70499002008670498C06E6D
:105B9000012806D1FFE70498B0F85C10FBF788FFF6
:105BA00003E00498FDF734F8FFE706B080BD00007D
:105BB00080B582B001900198806B0090009901201F
:105BC00008670098C06E012807D1FFE70098B0F879
:105BD0005C104908FBF76CFF03E00098FDF73CF808
:105BE000FFE702B080BD000080B584B00390039849
:105BF000806B02900398C069B0F5807F2BD0FFE7DF
:105C000002990020A1F85600FFE7FFE7029800681C
:105C100050E8020F20F080000190FFE70199029800
:105C2000026842E802100028F0D1FFE7FFE7FFE733
:105C3000FFE70298006850E8000F40F04000009035
:105C4000FFE700990298026842E800100028F0D1AE
:105C5000FFE7FFE703E00298FDF722F9FFE704B052
:105C600080BD00000000000080B582B00190019866
:105C7000806B00900098FDF737F902B080BD0000FE
:105C800084B00390FFE7FFE70398006850E8000F37
:105C900020F490700290FFE702990398026842E8AE
:105CA00000100028F0D1FFE7FFE7FFE7FFE70398C8
:105CB000006850E8020F4FF6FE71CEF6FF71084003
:105CC0000190FFE701990398026842E8021000285A
:105CD000EDD1FFE7FFE70398C06E012814D1FFE77D
:105CE000FFE7FFE70398006850E8000F20F010007E
:105CF0000090FFE700990398026842E8001000282E
:105D0000F0D1FFE7FFE7FFE703992020C1F88C00FF
:105D100003990020C8660399486704B070470000E3
:105D200080B582B00190FFE7FFE70198006850E876
:105D3000000F20F040000090FFE7009901980268F2
:105D400042E800100028F0D1FFE7FFE7019920208A
:105D5000C1F888000199002088670198FDF7A0F834
:105D600002B080BD0000000083B00290FFE7FFE7B3
:105D70000298006850E8000F20F0C0000190FFE793
:105D800001990298026842E800100028F0D1FFE76C
:105D9000FFE7FFE7FFE70298006850E8020F20F4F2
:105DA00000000090FFE700990298026842E80210A4
:105DB0000028F0D1FFE7FFE702992020C1F8880012
:105DC00003B070470000000080B59EB01D90002019
:105DD0008DF867001D98006840F60041C5F6000187
:105DE000884201D1FFE700E0FFE71D9988680B6951
:105DF0004A69C9691843104308431C901D980068FC
:105E0000006846F6F311CCF6FF7108401C99084370
:105E10001D99096808601D980068406820F440508A
:105E20001D9A1168D268104348601D9880691C90C3
:105E30001D98006840F60041C5F60001884206D072
:105E4000FFE71D98016A1C9808431C90FFE71D9806
:105E5000006880684FF2FF41C1F2FF1108401C99B1
:105E600008431D99096888601D980068C06A20F081
:105E70000F001D9A1168526A1043C862FFE71D980F
:105E8000006841F20001C4F20101884240F0418003
:105E9000FFE744F25440C5F60200006800F0380005
:105EA0000146109128282FD81099DFE801F0152D10
:105EB0002D2D2D2D2D2D192D2D2D2D2D2D2D1D2D36
:105EC0002D2D2D2D2D2D212D2D2D2D2D2D2D252D16
:105ED0002D2D2D2D2D2D290001208DF86D0017E081
:105EE00004208DF86D0013E008208DF86D000FE0A0
:105EF00010208DF86D000BE020208DF86D0007E07C
:105F000040208DF86D0003E080208DF86D00FFE7E4
:105F10006CE21D98006844F20041C4F2000188421E
:105F20002ED1FFE744F25440C5F60200006800F0AD
:105F3000070001460F9105281DD80F99DFE801F0F1
:105F400003070B0F131700208DF86D0017E00420D6
:105F50008DF86D0013E008208DF86D000FE0102023
:105F60008DF86D000BE020208DF86D0007E04020DB
:105F70008DF86D0003E080208DF86D00FFE734E2BE
:105F80001D98006844F60001C4F2000188422ED139
:105F9000FFE744F25440C5F60200006800F0070035
:105FA00001460E9105281DD80E99DFE801F0030780
:105FB0000B0F131700208DF86D0017E004208DF8EB
:105FC0006D0013E008208DF86D000FE010208DF8B3
:105FD0006D000BE020208DF86D0007E040208DF86B
:105FE0006D0003E080208DF86D00FFE7FCE11D9857
:105FF000006844F60041C4F2000188422ED1FFE758
:1060000044F25440C5F60200006800F00700014663
:106010000D9105281DD80D99DFE801F003070B0F3E
:10602000131700208DF86D0017E004208DF86D0027
:1060300013E008208DF86D000FE010208DF86D0042
:106040000BE020208DF86D0007E040208DF86D00FA
:1060500003E080208DF86D00FFE7C4E11D98006823
:1060600045F20001C4F2000188422ED1FFE744F25C
:106070005440C5F60200006800F0070001460C918C
:1060800005281DD80C99DFE801F003070B0F131743
:1060900000208DF86D0017E004208DF86D0013E0EE
:1060A00008208DF86D000FE010208DF86D000BE0DA
:1060B00020208DF86D0007E040208DF86D0003E092
:1060C00080208DF86D00FFE78CE11D98006841F29B
:1060D0000041C4F20101884240F04180FFE744F2F0
:1060E0005440C5F60200006800F0380001460B91EC
:1060F00028282FD80B99DFE801F0152D2D2D2D2DF7
:106100002D2D192D2D2D2D2D2D2D1D2D2D2D2D2DE3
:106110002D2D212D2D2D2D2D2D2D252D2D2D2D2DC3
:106120002D2D290001208DF86D0017E004208DF839
:106130006D0013E008208DF86D000FE010208DF841
:106140006D000BE020208DF86D0007E040208DF8F9
:106150006D0003E080208DF86D00FFE741E11D98A0
:10616000006847F60001C4F2000188422ED1FFE723
:1061700044F25440C5F60200006800F007000146F2
:106180000A9105281DD80A99DFE801F003070B0FD3
:10619000131700208DF86D0017E004208DF86D00B6
:1061A00013E008208DF86D000FE010208DF86D00D1
:1061B0000BE020208DF86D0007E040208DF86D0089
:1061C00003E080208DF86D00FFE709E11D9800686D
:1061D00047F60041C4F2000188422ED1FFE744F2A5
:1061E0005440C5F60200006800F00700014609911E
:1061F00005281DD80999DFE801F003070B0F1317D5
:1062000000208DF86D0017E004208DF86D0013E07C
:1062100008208DF86D000FE010208DF86D000BE068
:1062200020208DF86D0007E040208DF86D0003E020
:1062300080208DF86D00FFE7D1E01D98006841F6E1
:106240000001C4F20101884240F04180FFE744F2BE
:106250005440C5F60200006800F03800014608917D
:1062600028282FD80899DFE801F0152D2D2D2D2D88
:106270002D2D192D2D2D2D2D2D2D1D2D2D2D2D2D72
:106280002D2D212D2D2D2D2D2D2D252D2D2D2D2D52
:106290002D2D290001208DF86D0017E004208DF8C8
:1062A0006D0013E008208DF86D000FE010208DF8D0
:1062B0006D000BE020208DF86D0007E040208DF888
:1062C0006D0003E080208DF86D00FFE786E01D98EB
:1062D000006841F60041C4F20101884240F041806B
:1062E000FFE744F25440C5F60200006800F03800B1
:1062F0000146079128282FD80799DFE801F0152DCE
:106300002D2D2D2D2D2D192D2D2D2D2D2D2D1D2DE1
:106310002D2D2D2D2D2D212D2D2D2D2D2D2D252DC1
:106320002D2D2D2D2D2D290001208DF86D0017E02C
:1063300004208DF86D0013E008208DF86D000FE04B
:1063400010208DF86D000BE020208DF86D0007E027
:1063500040208DF86D0003E080208DF86D00FFE790
:106360003BE01D98006840F60041C5F600018842F8
:106370002ED1FFE744F25840C5F60200006800F055
:1063800007000146069105281DD80699DFE801F0AF
:1063900003070B0F131702208DF86D0017E0042080
:1063A0008DF86D0013E008208DF86D000FE01020CF
:1063B0008DF86D000BE020208DF86D0007E0402087
:1063C0008DF86D0003E080208DF86D00FFE703E09D
:1063D00080208DF86D00FFE7FFE7FFE7FFE7FFE7AD
:1063E000FFE7FFE7FFE7FFE7FFE7FFE7FFE71D98AE
:1063F000006840F60041C5F60001884240F0B480D4
:10640000FFE79DF86D0001460591022814D0FFE7D3
:106410000598042814D0FFE70598082816D0FFE750
:106420000598102818D0FFE70598202835D0FFE7F9
:106430000598402837D03AE0F6F782F811903CE012
:1064400015A8F6F7DDF91698119036E012A8F6F7C0
:1064500023FB1398119030E044F20040C5F602008F
:10646000006800F020010020B0EB511F0ED0FFE7C4
:1064700044F20040C5F602000068C0F3C10149F2D1
:106480000000C0F2D030C840119005E049F2000091
:10649000C0F2D0301190FFE70FE040F60010C0F2DC
:1064A0003D00119009E04FF40040119005E00020FC
:1064B000119001208DF86700FFE71198002852D055
:1064C000FFE711981D994A6A45F23411C0F604019C
:1064D00031F81210B0FBF1F0189018981D99496826
:1064E00001EB4101884207D3FFE718981D994968DD
:1064F000B0EB013F04D9FFE701208DF8670031E0E0
:1065000011981D994A6803924A6A45F23411C0F6FF
:10651000040131F81220002304931946E9F7E1FF42
:10652000039A049B090241EA1061000210EB520039
:1065300041F10001E9F7D5FF1A901A98B0F5407FB4
:106540000BD3FFE71A990020B0EB115F05D1FFE7ED
:106550001A981D990968C86003E001208DF867004A
:10656000FFE7FFE7FFE746E11D98C069B0F5004F80
:1065700040F0A880FFE79DF86D0001460291402899
:1065800000F263800299DFE801F021256060296054
:1065900060602F6060606060606035606060606057
:1065A00060606060606060606060566060606060F5
:1065B00060606060606060606060606060606060DB
:1065C000606060606060606060605C00F8F7D0FBF5
:1065D000119040E0F8F7E0FB11903CE015A8F6F7C9
:1065E0000FF91698119036E012A8F6F755FA13989D
:1065F000119030E044F20040C5F60200006800F05F
:1066000020010020B0EB511F0ED0FFE744F2004004
:10661000C5F602000068C0F3C10149F20000C0F2F3
:10662000D030C840119005E049F20000C0F2D030EF
:106630001190FFE70FE040F60010C0F23D0011900E
:1066400009E04FF40040119005E000201190012076
:106650008DF86700FFE7119898B3FFE711981D9A2E
:106660005168536A45F23412C0F6040232F813201E
:10667000B0FBF2F0400000EB5100B0FBF1F01A90DB
:106680001A98102818D3FFE7BDF86A00A0B9FFE7F1
:106690001A9820F00F00ADF86E001A9800F00E0165
:1066A000BDF86E0040EA5100ADF86E00BDF86E0016
:1066B0001D990968C86003E001208DF86700FFE7B5
:1066C000FFE797E09DF86D0001460191402800F238
:1066D00063800199DFE801F0212560602960606036
:1066E0002F60606060606060356060606060606006
:1066F00060606060606060605660606060606060A4
:106700006060606060606060606060606060606089
:1067100060606060606060605C00F8F729FB119069
:1067200040E0F8F739FB11903CE015A8F6F768F85F
:106730001698119036E012A8F6F7AEF9139811905A
:1067400030E044F20040C5F60200006800F020018D
:106750000020B0EB511F0ED0FFE744F20040C5F619
:1067600002000068C0F3C10149F20000C0F2D0305D
:10677000C840119005E049F20000C0F2D0301190FD
:10678000FFE70FE040F60010C0F23D00119009E075
:106790004FF40040119005E00020119001208DF889
:1067A0006700FFE7119820B3FFE711981D9A516821
:1067B000536A45F23412C0F6040232F81320B0FBDB
:1067C000F2F000EB5100B0FBF1F01A901A9810288B
:1067D0000AD3FFE7BDF86A0030B9FFE7BDF86800EB
:1067E0001D990968C86003E001208DF86700FFE784
:1067F000FFE7FFE7FFE71D990120A1F86A001D9957
:10680000A1F868001D99002048671D9988679DF8C8
:1068100067001EB080BD000080B588B0069005916D
:10682000ADF81220059806998865BDF81200069902
:10683000A1F85C0006990020C1F89000069922207A
:10684000C1F88C000698D0F88000B0B3FFE7069836
:10685000D0F8801045F6B920C0F60100C86306984C
:10686000D0F8801045F6B130C0F6010008640698F3
:10687000D0F8801045F63920C0F60100C8640698AB
:10688000D0F880100020086506980168826DD0F865
:1068900080002431BDF81230F2F73EFA60B1FFE714
:1068A00006991020C1F8900006992020C1F88C00AC
:1068B00001208DF81F0042E0FFE706980069A0B1B3
:1068C000FFE7FFE7FFE70698006850E8000F40F495
:1068D00080700390FFE703990698026842E8001071
:1068E0000028F0D1FFE7FFE7FFE7FFE7FFE70698A3
:1068F000006850E8020F40F001000290FFE70299A3
:106900000698026842E802100028F0D1FFE7FFE78E
:10691000FFE7FFE70698006850E8020F40F04000EC
:106920000190FFE701990698026842E802100028EA
:10693000F0D1FFE7FFE700208DF81F00FFE79DF88B
:106940001F0008B080BD000080B586B0DDF820C013
:10695000049003918DF80B200193FFE704980068E1
:10696000C06903990840401AB0FA80F040099DF8C8
:106970000B10884266D1FFE708980130002860D0EC
:10698000FFE7F4F745FA0199401A0899884203D8BD
:10699000FFE7089820B9FFE703208DF8170055E0BE
:1069A0000498006800684007002849D5FFE703986D
:1069B000802845D0FFE70398402841D0FFE704989E
:1069C0000068C06900F008010120B0EBD10F16D1BA
:1069D000FFE7049801680820009008620498FFF718
:1069E0004FF900980499C1F89000FFE7049900203E
:1069F00081F88400FFE701208DF8170026E0049855
:106A00000068C06900F400610120B0EBD12F16D1FD
:106A1000FFE7049801684FF4006008620498FFF7EC
:106A20002FF904992020C1F89000FFE70499002075
:106A300081F88400FFE703208DF8170006E0FFE7E8
:106A4000FFE78BE700208DF81700FFE79DF81700A0
:106A500006B080BD0000000080B545F2F410C2F21F
:106A60000040FBF7F9F980BD80B545F26010C2F235
:106A70000040FBF7F1F980BD80B586B004908DF839
:106A80000F100498D0F8C80201900498D0F8D412DE
:106A900000EB8100D0F8C00220B9FFE703208DF899
:106AA00017005FE00498D0F8D41200EB8100D0F812
:106AB000C002029004989DF80F1001F00F0101EB45
:106AC000810100EB8100806940B3FFE704989DF8E5
:106AD0000F1001F00F0101EB810200EB82008269CF
:106AE000019801EBC10100EB8100C169B2FBF1F03B
:106AF00000FB112090B9FFE704989DF80F1001F0FA
:106B00000F0101EB810100EB8100002383610498F8
:106B10009DF80F101A4601F01FFE1FE00299002099
:106B2000C1F814020498D0F8D41200EB8100D0F818
:106B3000C402006988B1FFE70498D0F8D41200EBD2
:106B40008100D0F8C40203690299D1F8080201F566
:106B500004719DF80F209847FFE7FFE700208DF8AC
:106B60001700FFE79DF8170006B080BD0000000089
:106B700080B584B002908DF807100298D0F8D41236
:106B800000EB8100D0F8C00200900298D0F8D41237
:106B900000EB8100D0F8C00220B9FFE703208DF898
:106BA0000F0019E002989DF8071001F029FB0099E9
:106BB000C1F80C020298D0F8D41200EB8100D0F892
:106BC000C402C2680099D1F8040201F5037190472C
:106BD00000208DF80F00FFE79DF80F0004B080BD86
:106BE00080B586B005908DF81310059840F2190114
:106BF000C2F200410091097801F016F90099059858
:106C0000097801F00F0101EB810100EB8101002007
:106C100003908884059840F21A01C2F20041019164
:106C2000097801F001F9019A03980599127802F0A8
:106C30000F0202EB820201EB8201A1F864010598C8
:106C400040F21801C2F200410291097801F0ECF81B
:106C5000029A03980599137803F00F0303EB83035B
:106C600001EB830188840599127802F00F0202EB90
:106C7000820201EB8201C8840598D0F8D41200EB9F
:106C80008100D0F8C002F0B1FFE70598D0F8D41227
:106C900000EB8100D0F8C402406880470598D0F826
:106CA000D41200EB8100D0F8C00202F019FA059866
:106CB000D0F8D41200EB81010020C1F8C002059980
:106CC000C1F8BC02FFE7002006B080BD0000000054
:106CD00080B584B002900298D0F8D41200EB810005
:106CE000D0F8C0020190019820B9FFE703208DF889
:106CF0000F0025E00298D0F8D41200EB8100D0F804
:106D0000C402C8B1FFE7019890F80002FF2813D031
:106D1000FFE70298D0F8D41200EB8100D0F8C4024B
:106D20008368019991F8000291F80122984701992E
:106D3000FF2081F80002FFE700208DF80F00FFE739
:106D40009DF80F0004B080BD81B0009000990A202A
:106D5000088040F2C000C2F2004001B0704700005D
:106D600080B586B0059040F27C00C2F200400190F0
:106D7000822100F019FE014601980491012100F0E2
:106D800013FE014601980391812100F00DFE02904F
:106D9000049820B1FFE7049910208871FFE7039859
:106DA00020B1FFE7039940208880FFE7029820B1D7
:106DB000FFE7029940208880FFE70599432008807B
:106DC00040F27C00C2F2004006B080BD000000002E
:106DD00080B586B0059040F27C00C2F20040019080
:106DE000822100F0E1FD014601980491012100F0AB
:106DF000DBFD014601980391812100F0D5FD029051
:106E0000049820B1FFE7049910208871FFE70398E8
:106E100028B1FFE703994FF400708880FFE70298DC
:106E200028B1FFE702994FF400708880FFE70599C9
:106E30004320088040F27C00C2F2004006B080BDD2
:106E400080B586B0059040F27C00C2F2004001900F
:106E5000822100F0A9FD014601980491012100F072
:106E6000A3FD014601980391812100F09DFD029050
:106E7000049820B1FFE7049910208871FFE7039878
:106E800020B1FFE7039940208880FFE7029820B1F6
:106E9000FFE7029940208880FFE70599432008809A
:106EA00040F27C00C2F2004006B080BD000000004D
:106EB00080B590B00E908DF837104FF4077002F047
:106EC00013F90C900C9860B9FFE70E98D0F8D41223
:106ED00000EB81010020C1F8C00202208DF83F00C4
:106EE000F0E00C984FF40771E9F74AFD0C980E9901
:106EF000D1F8D42201EB8201C1F8C0020E99D1F879
:106F0000D40201EB8000D0F8C002C1F8BC020E9898
:106F1000007C002840D1FFE70E9840F21901C2F230
:106F2000004107910978022208924FF400730993F7
:106F300001F05AFA0799089A099B0E98097801F00E
:106F40000F0101EB810100EB810101200B9088848E
:106F50000E9840F21A01C2F200410A91097801F03C
:106F600043FA0A9A0B980E99127802F00F0202EB7C
:106F7000820201EB8201A1F864010E9840F218012F
:106F8000C2F20041097801F00F0101EB810100EB31
:106F900081011020C8843EE00E9840F21901C2F22F
:106FA000004102910978022203924023049301F0E8
:106FB0001BFA0299039A049B0E98097801F00F01BD
:106FC00001EB810100EB81010120069088840E987D
:106FD00040F21A01C2F200410591097801F004FA69
:106FE000059A06980E99127802F00F0202EB8202BF
:106FF00001EB8201A1F864010E9840F21801C2F27F
:107000000041097801F00F0101EB810100EB8101E2
:107010001020C884FFE70E9840F21801C2F2004128
:10702000009109780322082301F0DEF900990E98F7
:10703000097801F00F0101EB810100EB81010120D2
:1070400088840C9900200190C1F804020E98D0F8B1
:10705000D41200EB8100D0F8C40200688047019888
:107060000C99C1F814020C99C1F818020C98D0F8C8
:10707000040220B9FFE702208DF83F0022E00E98BD
:10708000007C70B9FFE70E9840F21A01C2F200418D
:1070900009780C9AD2F804224FF4007301F0CCF96D
:1070A0000CE00E9840F21A01C2F2004109780C9AE5
:1070B000D2F80422402301F0BFF9FFE700208DF849
:1070C0003F00FFE79DF83F0010B080BD00000000CA
:1070D00080B584B002900298D0F8D41200EB810001
:1070E000D0F8C00201900298D0F8D41200EB8100D1
:1070F000D0F8C00220B9FFE703208DF80F0022E08E
:107100000298007C70B9FFE7029840F21A01C2F2BF
:1071100000410978019AD2F804224FF4007301F07B
:107120008BF90CE0029840F21A01C2F20041097892
:10713000019AD2F80422402301F07EF9FFE70020F3
:107140008DF80F00FFE79DF80F0004B080BD000030
:1071500083B001900091009820B9FFE703208DF8DB
:107160000B000BE000980199D1F8D42201EB8201C9
:10717000C1F8C40200208DF80B00FFE79DF80B005A
:1071800003B070470000000084B0029001910298A3
:10719000D0F8D41200EB8100D0F8C0020090009823
:1071A00020B9FFE703208DF80F0007E00198009950
:1071B000C1F8040200208DF80F00FFE79DF80F00D2
:1071C00004B070470000000085B003900291019266
:1071D0000398D0F8D41200EB8100D0F8C0020090E0
:1071E000009820B9FFE703208DF813000BE0029808
:1071F0000099C1F8080201980099C1F81002002016
:107200008DF81300FFE79DF8130005B070470000EC
:1072100080B58AB0089007910898D0F8D41200EB96
:107220008100D0F8C002069000208DF81500ADF85E
:1072300012008DF81100069820B9FFE703208DF8A1
:107240002700C7E00798007800F06000014603912E
:1072500000285ED0FFE70398202840F0AE80FFE7CB
:107260000798C088002846D0FFE7079800780006F6
:10727000002823D5FFE70898D0F8D41200EB81004E
:10728000D0F8C4028368079A50780699D288984744
:107290000798C088082803D3FFE70720029003E07F
:1072A0000798C0880290FFE70298ADF8160008988A
:1072B0000699BDF8162000F083F91BE00798407886
:1072C000069981F800020798C0883F2804D8FFE794
:1072D0000798C088019002E040200190FFE70198E4
:1072E000069981F801020898069991F8012200F0A8
:1072F00037F9FFE70CE00898D0F8D41200EB8100D2
:10730000D0F8C40283680799487800229847FFE7BD
:107310005BE007984078014600910B2844D800991B
:10732000DFE801F0064142424242424242421C3200
:10733000089890F89C02032807D1FFE708980DF100
:107340001201022200F03CF907E00898079900F0CA
:10735000F7F803208DF81100FFE72DE0089890F86A
:107360009C02032807D1FFE708980DF115010122BF
:1073700000F026F907E00898079900F0E1F80320EB
:107380008DF81100FFE717E0089890F89C02032899
:1073900008D0FFE70898079900F0D2F803208DF88D
:1073A0001100FFE708E007E00898079900F0C8F827
:1073B00003208DF81100FFE707E00898079900F017
:1073C000BFF803208DF81100FFE79DF811008DF83C
:1073D0002700FFE79DF827000AB080BD00000000ED
:1073E00080B584B002900298D0F8D41200EB8100EE
:1073F000D0F8C002019001208DF80300019820B957
:10740000FFE703208DF80F002AE00198D0F814025E
:1074100008BBFFE701990120C1F814020198D0F8D8
:107420001002029A40F21901C2F200410B7803F0F7
:107430000F0303EB830302EB830290610298097848
:10744000019BD3F80822D3F8103201F085F900200F
:107450008DF80300FFE79DF803008DF80F00FFE7AC
:107460009DF80F0004B080BD80B582B001908DF80A
:10747000031000208DF802000198D0F8B8124A6875
:107480009DF80310904720B1FFE703208DF802001C
:10749000FFE79DF8020002B080BD00000000000080
:1074A00080B582B001900091019890F89C0201385B
:1074B00002280ED8FFE700984088012808D1FFE78E
:1074C00001990020C1F8A402019800F095F8FFE7A7
:1074D00004E00198009900F033F8FFE702B080BDA6
:1074E00082B001908DF80310002002B070470000B8
:1074F00082B001908DF80310002002B070470000A8
:1075000080B584B00390029101920398029A019B86
:107510000021009100F090FF009804B080BD0000B1
:1075200080B584B00390029101920398029A019B66
:107530000021009101F010F9009804B080BD000016
:1075400080B582B0019000910198802101F094F8FB
:107550000198002101F090F802B080BD0000000009
:1075600080B584B003900291019203990320C1F881
:10757000940201980399C1F8580101980399C1F840
:107580005C010398029A019B0021009100F054FFD6
:10759000009804B080BD000080B582B001900199D0
:1075A0000520C1F8940201980023009319461A4659
:1075B00000F042FF009802B080BD00000000000013
:1075C00080B584B003900291019203990220C1F822
:1075D000940201980399886101980399C8610398FE
:1075E000029A019B0021009101F0B6F8009804B0C6
:1075F00080BD00000000000080B582B001900199BC
:107600000420C1F8940201980023009319461A46F9
:1076100001F0A2F8009802B080BD00000000000058
:1076200080B584B0039002910298C088012805D0EB
:10763000FFE703980299FFF783FF21E0039890F892
:107640009C12481E0191022804D3FFE701980328E9
:107650000AD00FE0039900208860039800F1080128
:107660000122FFF7ADFF0AE00398011D0122FFF799
:10767000A7FF04E003980299FFF762FFFFE7FFE727
:1076800004B080BD0000000080B588B0079006916E
:107690000020ADF8160004908DF80F000698C07811
:1076A0000138014602910E2800F241810299DFE87B
:1076B00011F02A00340051003E013E010B0123016C
:1076C0003E013E013E013E013E013E013E010F00F2
:1076D0000798D0F8B402C06950B1FFE70798D0F816
:1076E000B412CA69007C0DF116019047049009E0BC
:1076F00007980699FFF724FF9DF80F0001308DF8D9
:107700000F00FFE71DE10798D0F8B4120A68007C6B
:107710000DF116019047049013E10798007C60B9C1
:10772000FFE70798D0F8B802816A0DF11600884784
:1077300004900499022048700BE00798D0F8B80232
:10774000C16A0DF116008847049004990220487020
:10775000FFE7F6E00698807801460191052800F2DF
:10776000A8800199DFE801F0031E39546F8A079859
:10777000D0F8B402406850B1FFE70798D0F8B412CF
:107780004A68007C0DF116019047049009E00798C3
:107790000699FFF7D5FE9DF80F0001308DF80F0018
:1077A000FFE790E00798D0F8B402806850B1FFE797
:1077B0000798D0F8B4128A68007C0DF11601904742
:1077C000049009E007980699FFF7BAFE9DF80F00AC
:1077D00001308DF80F00FFE775E00798D0F8B4028C
:1077E000C06850B1FFE70798D0F8B412CA68007CAF
:1077F0000DF116019047049009E007980699FFF7EC
:107800009FFE9DF80F0001308DF80F00FFE75AE052
:107810000798D0F8B402006950B1FFE70798D0F894
:10782000B4120A69007C0DF116019047049009E03A
:1078300007980699FFF784FE9DF80F0001308DF838
:107840000F00FFE73FE00798D0F8B402406950B15D
:10785000FFE70798D0F8B4124A69007C0DF11601D1
:107860009047049009E007980699FFF769FE9DF894
:107870000F0001308DF80F00FFE724E00798D0F8E3
:10788000B402806950B1FFE70798D0F8B4128A6952
:10789000007C0DF116019047049009E007980699C5
:1078A000FFF74EFE9DF80F0001308DF80F00FFE747
:1078B00009E007980699FFF743FE9DF80F00013095
:1078C0008DF80F00FFE73CE00798007C48B9FFE720
:1078D0000798D0F8B802416B0DF116008847049064
:1078E00009E007980699FFF72BFE9DF80F0001307D
:1078F0008DF80F00FFE724E00798007C60B9FFE7F0
:107900000798D0F8B802016B0DF116008847049073
:1079100004990720487009E007980699FFF710FEC0
:107920009DF80F0001308DF80F00FFE709E0079880
:107930000699FFF705FE9DF80F0001308DF80F0046
:10794000FFE79DF80F0008B1FFE72AE00698C0881E
:1079500018B3FFE7BDF81600C8B1FFE7BDF8160081
:107960000699C988884204DAFFE7BDF8160000903E
:1079700003E00698C0880090FFE70098ADF8160075
:1079800007980499BDF81620FFF71AFE04E007983F
:107990000699FFF7D5FDFFE703E00798FFF72CFEF8
:1079A000FFE708B080BD000080B586B005908DF877
:1079B00013100598039005980290002001900299F9
:1079C00048880978884227DDFFE702980078ADF8FB
:1079D0000200FFE7BDF802000299498888421ADADE
:1079E000FFE703980DF1020100F036F803900398C9
:1079F000407805280ED1FFE7039801900198807820
:107A00009DF81310884201D1FFE704E000200190A7
:107A1000FFE7FFE7DEE7FFE7019806B080BD000063
:107A200083B0029000208DF8070002980090FFE7D5
:107A30000098007848B1FFE79DF8070001308DF805
:107A40000700009801300090F2E79DF8070003B0AE
:107A5000704700000000000083B00290019102987E
:107A600000900098027801990888104408800298D4
:107A70000099097808440090009803B0704700000E
:107A800080B582B001900091019890F89C02013875
:107A900002281FD8FFE70098C088022805D0FFE71A
:107AA00001980099FFF74CFD19E001990120C86089
:107AB0000198D0F8A40230B1FFE70199C86840F0FE
:107AC0000200C860FFE7019800F10C010222FFF7F5
:107AD00077FD04E001980099FFF732FDFFE702B05F
:107AE00080BD00000000000080B586B005900491C4
:107AF000039200208DF80B00059808B9FFE74FE0CE
:107B0000059801900198FFF78BFF0146022000EBDA
:107B10004100B0F5007F04D9FFE74FF400700090FA
:107B200008E00198FFF77CFF0146022000EB4100CE
:107B30000090FFE700980399088003980078049963
:107B40009DF80B2088549DF80B0001308DF80B0038
:107B500004999DF80B20032088549DF80B000130F8
:107B60008DF80B00FFE701980078C8B1FFE7019896
:107B7000007804999DF80B208854019801300190F9
:107B80009DF80B0001308DF80B0004999DF80B2037
:107B9000002088549DF80B0001308DF80B00E2E7BF
:107BA00006B080BD0000000082B08DF80700002004
:107BB0008DF806009DF8070001460091032814D8AF
:107BC0000099DFE801F002060A0E00208DF8060099
:107BD0000FE003208DF806000BE001208DF8060071
:107BE00007E003208DF8060003E003208DF806006F
:107BF000FFE79DF8060002B070470000000000009B
:107C000080B582B08DF8070000919DF8070060B93B
:107C1000FFE7009A45F69E70C0F6040040F22C4142
:107C2000C2F20041FFF760FF0BE0009A45F69E703C
:107C3000C0F6040040F22C41C2F20041FFF754FFAD
:107C4000FFE740F22C40C2F2004002B080BD0000CD
:107C500082B08DF80700009100991220088040F250
:107C6000CC00C2F2004002B07047000000000000EB
:107C700080B582B08DF8070000919DF8070060B9CB
:107C8000FFE7009A45F69070C0F6040040F22C41E0
:107C9000C2F20041FFF728FF0BE0009A45F6907012
:107CA000C0F6040040F22C41C2F20041FFF71CFF75
:107CB000FFE740F22C40C2F2004002B080BD00005D
:107CC00082B08DF80700009100990420088040F2EE
:107CD000F400C2F2004002B0704700000000000053
:107CE00080B584B08DF80F000291029A45F6A97014
:107CF000C0F6040040F22C41C2F200410191FFF7AE
:107D0000F3FE019804B080BD80B582B08DF8070005
:107D100000919DF8070060B9FFE7009A45F6BC7036
:107D2000C0F6040040F22C41C2F20041FFF7DCFE35
:107D30000BE0009A45F6BC70C0F6040040F22C41FE
:107D4000C2F20041FFF7D0FEFFE740F22C40C2F242
:107D5000004002B080BD000080B582B08DF8070001
:107D6000009100991A200880ECF7DEFE40F2F8003E
:107D7000C2F2004002B080BD80B584B00290019193
:107D80008DF80320029820B9FFE703208DF80F003B
:107D900023E002990020C1F8B8020299C1F8C40298
:107DA0000299C1F8D002019828B1FFE70198029921
:107DB000C1F8B402FFE70299012081F89C029DF806
:107DC000030002990870029800F02AFA8DF8020068
:107DD0009DF802008DF80F00FFE79DF80F0004B03A
:107DE00080BD00000000000080B582B001908DF8D9
:107DF000031000208DF802008DF801000198D0F8E2
:107E0000C8029DF80310F3F763FA8DF802009DF89D
:107E10000200FFF7C9FE8DF801009DF8010002B0D5
:107E200080BD00000000000080B582B001908DF898
:107E3000031000208DF802008DF801000198D0F8A1
:107E4000C8029DF80310F3F7EFF98DF802009DF8D2
:107E50000200FFF7A9FE8DF801009DF8010002B0B5
:107E600080BD00000000000080B588B006908DF84D
:107E7000171004929DF81700002874D1FFE70698A8
:107E8000143003900698D0F8940202285DD1FFE7E1
:107E900003998868C968884212D9FFE703998868FE
:107EA000CA68801A886006980499039A9268FFF756
:107EB00037FB0698002319461A4600F0BDFA43E046
:107EC00003988168C06888421ED1FFE7039948681B
:107ED000C968884218D3FFE7039840680699D1F82B
:107EE0009812884210D2FFE70698002201921146AC
:107EF000FFF716FB019B0698C0F8983206981946C2
:107F00001A4600F099FA1EE0069890F89C020328A1
:107F100011D1FFE70698D0F8B802C06850B1FFE76A
:107F200006990020C1F8D4020698D0F8B812C968A2
:107F30008847FFE7FFE70698802100F09DFB069841
:107F4000FFF72AFBFFE7FFE7FFE7069890F8A0029C
:107F500040B1FFE7069800F093FC0699002081F8F5
:107F6000A002FFE740E006989DF8171041F080015D
:107F7000FFF7B6FA8DF80A009DF80A00FF2832D004
:107F8000FFE79DF80A0070BBFFE7069890F89C0297
:107F9000032827D1FFE706989DF80A1000EB81001F
:107FA000D0F8B8024069E0B1FFE79DF80A000699F1
:107FB000C1F8D40206989DF80A1000EB8101D1F8AF
:107FC000B8124A699DF8171090478DF80B009DF87C
:107FD0000B0028B1FFE79DF80B008DF81F0007E0AC
:107FE000FFE7FFE7FFE7FFE700208DF81F00FFE74F
:107FF0009DF81F0008B080BD80B58AB008908DF84C
:108000001F10069200208DF813009DF81F00002815
:1080100040F08280FFE7089800F5AA700590089864
:10802000D0F89402032876D1FFE705998868C968DB
:1080300088421DD9FFE705998868CA68801A886058
:10804000089802900698039005998868C968884244
:1080500004D2FFE705988068019003E00598C068A6
:108060000190FFE703990298019AFFF749FA51E05E
:10807000089890F8AA0200F01F000146009140B154
:10808000FFE70098012808D0FFE7009802280CD0ED
:1080900013E000208DF8120013E0089890F8AE125B
:1080A000FFF726FA8DF812000BE0089890F8AE1250
:1080B000FFF716FA8DF8120003E000208DF8120089
:1080C000FFE79DF8120008BBFFE7089890F89C02B4
:1080D00003281AD1FFE708989DF8121000EB8100E1
:1080E000D0F8B802006978B1FFE79DF8120008994E
:1080F000C1F8D40208989DF8121000EB8101D1F864
:10810000B81209698847FFE7FFE7FFE70898FFF71C
:1081100073FAFFE7FFE740E008989DF81F1001F0B1
:108120007F01FFF7DDF98DF812009DF81200FF289E
:1081300032D0FFE79DF8120070BBFFE7089890F877
:108140009C0203281ED1FFE708989DF8121000EB4F
:108150008100D0F8B802806998B1FFE79DF812005D
:108160000899C1F8D40208989DF8121000EB81011B
:10817000D1F8B8128A699DF81F1090478DF8130046
:10818000FFE7FFE79DF8130028B1FFE79DF8130014
:108190008DF8270005E0FFE7FFE700208DF82700B6
:1081A000FFE79DF827000AB080BD00000000000036
:1081B00081B00090002001B0704700000000000076
:1081C00080B582B0019000208DF803000199012054
:1081D00081F89C020198D0F8B80268B1FFE70198D5
:1081E000D0F8B8124A680179904720B1FFE7032020
:1081F0008DF80300FFE7FFE79DF8030002B080BDA4
:1082000080B582B001908DF803100198D0F8C802B3
:108210009DF80310F3F7C0F802B080BD0000000025
:1082200080B584B0039003980078012838D1FFE727
:10823000039944F68820C2F200400290C0F8E0148E
:108240000399C1F8C8020021C4F2040101600921A8
:1082500001710222C2710021817142728172C17268
:1082600001738173C1730174F3F76AFE18B1FFE7FC
:10827000ECF77AFAFFE744F68820C2F2004001905A
:108280004FF40071F2F704FF019800218022F2F709
:108290000BFF019801214FF4BA72F2F705FFFFE7D7
:1082A000002004B080BD000084B002908DF807105B
:1082B0000298D0F8C80200909DF807000006002838
:1082C0000DD5FFE700989DF8071001F07F0101EB45
:1082D000C10100EB8100807D8DF80F000DE000985A
:1082E0009DF8071001F07F0101EBC10100EB810057
:1082F00090F856028DF80F00FFE79DF80F0004B0CC
:10830000704700000000000080B584B002908DF836
:1083100007100298D0F8D41200EB8100D0F8B80210
:1083200020B9FFE703208DF80F0020E0029890F8B5
:108330009C02032817D1FFE70298D0F8D41200EB73
:108340008100D0F8B802006A60B1FFE70298D0F867
:10835000D41200EB8101D1F8B8120A6A9DF8071017
:108360009047FFE7FFE700208DF80F00FFE79DF83B
:108370000F0004B080BD000080B584B002908DF87D
:1083800007100298D0F8D41200EB8100D0F8B802A0
:1083900020B9FFE703208DF80F0020E0029890F845
:1083A0009C02032817D1FFE70298D0F8D41200EB03
:1083B0008100D0F8B802406A60B1FFE70298D0F8B7
:1083C000D41200EB8101D1F8B8124A6A9DF8071067
:1083D0009047FFE7FFE700208DF80F00FFE79DF8CB
:1083E0000F0004B080BD000080B584B003908DF80C
:1083F0000B108DF80A20ADF8083000208DF807002A
:108400008DF806000398D0F8C8029DF80B10BDF84F
:1084100008209DF80A30F2F7D3FF8DF807009DF889
:108420000700FFF7C1FB8DF806009DF8060004B0B9
:1084300080BD00000000000080B586B005908DF87A
:1084400013100392029300208DF807008DF80600A8
:108450000598D0F8C8029DF81310039A029BF3F711
:1084600027F88DF807009DF80700FFF79DFB8DF8B2
:1084700006009DF8060006B080BD00000000000068
:1084800080B586B0059000208DF81300059A012173
:1084900082F89C120599C1F89402059948600599E3
:1084A000C1F8A402059981F8A0020598D0F8B80295
:1084B000A0B1FFE70598D0F8B802406868B1FFE7BF
:1084C0000598D0F8B8124A680179904720B1FFE7C3
:1084D00003208DF81300FFE7FFE7FFE70598002270
:1084E0000192402303931146FFF77EFF019A039BFD
:1084F000059901200290A1F864010598C0F8603147
:1085000005988021FFF770FF02990398059A9184DE
:10851000059908629DF8130006B080BD00000000B8
:1085200081B00090009890F89C02042807D1FFE7E2
:10853000009890F89D02009981F89C02FFE70020C6
:1085400001B070470000000080B582B00190019832
:1085500090F89C02032813D1FFE70198D0F8B802E5
:1085600068B1FFE70198D0F8B802C06930B1FFE701
:108570000198D0F8B812C9698847FFE7FFE7FFE71D
:10858000002002B080BD000082B001908DF8031081
:108590009DF8030001990874002002B070470000A4
:1085A00080B582B001908DF8031000208DF8020094
:1085B0008DF801000198D0F8C8029DF80310F3F778
:1085C0007FFE8DF802009DF80200FFF7EDFA8DF8AE
:1085D00001009DF8010002B080BD00000000000015
:1085E00080B584B003900291039800F2AA2002990A
:1085F00000F0D6F803990120C1F894020399B1F86C
:10860000B002C1F89802039890F8AA0200F01F0087
:108610000146009140B1FFE7009801280CD0FFE728
:108620000098022810D017E0039800F2AA2100F069
:1086300083FA8DF8070019E0039800F2AA2100F0F0
:10864000BBFC8DF8070011E0039800F2AA2100F0AE
:10865000DBFA8DF8070009E0039890F8AA1201F000
:10866000800100F009F88DF80700FFE79DF807008A
:1086700004B080BD0000000080B582B001908DF88C
:10868000031000208DF802008DF801000198D0F849
:10869000C8029DF80310F2F743FF8DF802009DF821
:1086A0000200FFF781FA8DF801009DF8010002B089
:1086B00080BD00000000000080B582B00190002065
:1086C0008DF803008DF802000198D0F8C802F3F786
:1086D00033FE8DF803009DF80300FFF765FA8DF86F
:1086E00002009DF8020002B080BD00000000000002
:1086F00080B582B0019000208DF803008DF8020053
:108700000198D0F8C802F3F757FE8DF803009DF8E2
:108710000300FFF749FA8DF802009DF8020002B04D
:1087200080BD00000000000081B00090009890F82B
:108730009C02042807D0FFE7009890F89C0200995B
:1087400081F89D02FFE70099042081F89C02002037
:1087500001B070470000000080B586B005908DF82C
:1087600013100392029300208DF807008DF8060085
:108770000598D0F8C8029DF81310039A029BF2F7EF
:108780003FFF8DF807009DF80700FFF70DFA8DF801
:1087900006009DF8060006B080BD00000000000045
:1087A00080B584B0039002910298019001980078FE
:1087B000039908700198013001900198007803999D
:1087C00048700198013001900198FCF7DDF9039998
:1087D0004880019801300190019801300190019882
:1087E000FCF7D2F903998880019801300190019833
:1087F000013001900198FCF7C7F90399C88004B0D3
:1088000080BD00000000000080B584B0029001919E
:108810000020ADF80200019820B9FFE703208DF891
:108820000F0026E001980299C1F8B8020298D0F82A
:10883000D41200EB8100D0F8B802C06A78B1FFE72B
:108840000298D0F8D41200EB8100D0F8B802C16AC7
:108850000DF1020088470299C1F8D002FFE70299A2
:10886000D1F8D8020130C1F8D80200208DF80F00ED
:10887000FFE79DF80F0004B080BD0000000000007D
:1088800081B00090002001B070470000000000009F
:1088900080B584B00390029102988088B8BBFFE74E
:1088A0000298C08898BBFFE7029840887F282ED89E
:1088B000FFE70298807800F07F008DF807000398AA
:1088C00090F89C02032805D1FFE703980299FEF770
:1088D00037FE1BE09DF80700039981F89E0203987C
:1088E0009DF80710FFF75CFE0398FEF785FE9DF8E4
:1088F000070028B1FFE70399022081F89C0204E0F9
:108900000399012081F89C02FFE7FFE704E0039848
:108910000299FEF715FEFFE704B080BD00000000DD
:1089200080B582B001908DF8031000208DF8020010
:108930000198D0F8B80250B1FFE70198D0F8B8120A
:108940000A689DF8031090478DF80200FFE79DF834
:10895000020002B080BD000080B586B00490039193
:1089600000208DF80B000398817840F22840C2F275
:10897000004001700078022808D3FFE704980399AB
:10898000FEF7DEFD03208DF81700A0E0049890F8B4
:108990009C0201460191022804D0FFE701980328B8
:1089A0002FD07FE040F22840C2F20040007818B398
:1089B000FFE740F22841C2F200410878049A506073
:1089C00004980978FFF7ACFF8DF80B009DF80B00B9
:1089D00048B1FFE704980399FEF7B2FD049902201D
:1089E00081F89C0207E00498FEF706FE0499032034
:1089F00081F89C02FFE703E00498FEF7FDFDFFE726
:108A000060E040F22840C2F20040007898B9FFE7E9
:108A10000499022081F89C0240F22841C2F20041F0
:108A20000878049A506004980978FEF71DFD0498B0
:108A3000FEF7E2FD35E040F22840C2F20040007847
:108A400004994968884227D0FFE704980179FEF726
:108A50000BFD40F22841C2F200410878049A5060B0
:108A600004980978FFF75CFF8DF80B009DF80B0068
:108A700068B1FFE704980399FEF762FD0498017955
:108A8000FEF7F2FC0499022081F89C0203E00498AE
:108A9000FEF7B2FDFFE703E00498FEF7ADFDFFE748
:108AA000FFE70FE004980399FEF74AFD049840F2AF
:108AB0002841C2F200410978FEF7D6FC03208DF868
:108AC0000B00FFE79DF80B008DF81700FFE79DF8FE
:108AD000170006B080BD000080B582B00190009103
:108AE00000984088012808D1FFE701990120C1F8CA
:108AF000A4020198FEF780FD13E000984088022848
:108B000009D1FFE700984079019981F8A002019806
:108B1000FEF772FD04E001980099FEF711FDFFE7F2
:108B2000FFE702B080BD000080B582B001900198DF
:108B3000FFF7C2FD02B080BD80B586B005900491FC
:108B400000208DF80F000498007800F060000146C6
:108B50000291A8B1FFE70298202804D0FFE702980D
:108B6000402846D1FFE70598D0F8D41200EB8101E8
:108B7000D1F8B8128A68049990478DF80F003DE04B
:108B8000049840780146019109282CD80199DFE822
:108B900001F01B252A202A0A052A160F0598049998
:108BA000FEF772FD24E005980499FFF771FE1FE0BF
:108BB00005980499FFF7D0FE8DF80F0018E005988E
:108BC0000499FEF72DFD13E005980499FEF758FF70
:108BD0000EE005980499FFF77FFF09E005980499D6
:108BE000FEF75EFC04E005980499FEF7A9FCFFE798
:108BF00004E005980499FEF7A3FCFFE79DF80F0039
:108C000006B080BD0000000080B58CB00B900A91CA
:108C100000208DF821000A9880888DF823000A989A
:108C2000007800F0600001460791B8B3FFE70798AD
:108C3000202805D0FFE70798402840F0B281FFE7E1
:108C40000B989DF82310FEF74BFC8DF822009DF841
:108C50002200FF2821D0FFE79DF82200E8B9FFE7B6
:108C60009DF822000B99C1F8D4020B989DF82210B0
:108C700000EB8100D0F8B802806868B1FFE70B987C
:108C80009DF8221000EB8101D1F8B8128A680A9988
:108C900090478DF82100FFE7FFE787E10A984078C9
:108CA00001460691002800F0BD80FFE706980128E4
:108CB0004CD0FFE70698032840F06D81FFE70B9842
:108CC00090F89C0201460591022804D0FFE7059820
:108CD000032819D034E09DF8230078B1FFE79DF810
:108CE000230080280AD0FFE70B989DF82310FFF798
:108CF000C3FC0B988021FFF7BFFC04E00B980A9996
:108D0000FEF71EFCFFE720E00A984088A0B9FFE7C5
:108D10009DF8230078B1FFE79DF8230080280AD052
:108D2000FFE70A98C08830B9FFE70B989DF8231039
:108D3000FFF7A2FCFFE7FFE70B98FEF75DFC04E0FE
:108D40000B980A99FEF7FCFBFFE729E10B9890F8D6
:108D50009C0201460491022804D0FFE704980328EE
:108D600019D059E09DF8230078B1FFE79DF8230062
:108D700080280AD0FFE70B989DF82310FFF77CFCB2
:108D80000B988021FFF778FC04E00B980A99FEF716
:108D9000D7FBFFE745E00A984088E0BBFFE79DF876
:108DA0002300400630B1FFE70B989DF82310FFF732
:108DB0001BF8FFE70B98FEF71FFC0B989DF823109C
:108DC000FEF78EFB8DF822009DF82200FF2821D0AF
:108DD000FFE79DF82200E8B9FFE79DF822000B9914
:108DE000C1F8D4020B989DF8221000EB8100D0F856
:108DF000B802806868B1FFE70B989DF8221000EB7D
:108E00008101D1F8B8128A680A9990478DF821003B
:108E1000FFE7FFE7FFE704E00B980A99FEF790FBF6
:108E2000FFE7BDE00B9890F89C02014603910228F1
:108E300004D0FFE70398032838D0A6E09DF823006C
:108E400050B1FFE79DF82300802805D0FFE70B987D
:108E50000A99FEF775FB9DE09DF8230000060028A7
:108E60000CD5FFE70B989DF8231001F07F0101EB73
:108E7000810100EB8100143002900CE00B989DF80A
:108E8000231001F07F0101EB810100EB810000F56F
:108E9000AA700290FFE702980990099900200860E3
:108EA0000B9809990222FEF78BFB73E09DF82300D3
:108EB0000006002812D5FFE70B989DF8231001F05B
:108EC0000F0101EB810100EB8100808C28B9FFE7E5
:108ED0000B980A99FEF734FB5CE012E00B989DF8C2
:108EE000231001F00F0101EB810100EB8100B0F8CC
:108EF000640128B9FFE70B980A99FEF721FB49E0C6
:108F0000FFE79DF82300000600280CD5FFE70B982B
:108F10009DF8231001F07F0101EB810100EB81003E
:108F2000143001900CE00B989DF8231001F07F01A4
:108F300001EB810100EB810000F5AA700190FFE7D1
:108F4000019809909DF8230028B1FFE79DF82300C0
:108F5000802804D1FFE70999002008600FE00B98F2
:108F60009DF82310FFF7A0F920B1FFE70999012030
:108F7000086003E0099900200860FFE7FFE70B980D
:108F800009990222FEF71CFB04E00B980A99FEF7F0
:108F9000D7FAFFE704E00B980A99FEF7D1FAFFE74A
:108FA00004E00B980A99FEF7CBFAFFE79DF8210041
:108FB0000CB080BD0000000080B584B00390029129
:108FC00000208DF807000298007800F0600001464C
:108FD000009140B1FFE70098202804D0FFE70098F7
:108FE00040285AD1FFE7039890F89C0201380228E4
:108FF0004DD8FFE702980079012842D8FFE703988F
:1090000002990979FEF774FA8DF806009DF80600BA
:10901000FF2825D0FFE79DF8060008BBFFE703986F
:109020009DF8061000EB8100D0F8B802806890B17E
:10903000FFE79DF806000399C1F8D40203989DF854
:10904000061000EB8101D1F8B8128A6802999047A6
:109050008DF8070003E003208DF80700FFE703E029
:1090600003208DF80700FFE70298C08840B9FFE7AA
:109070009DF8070020B9FFE70398FEF7BDFAFFE768
:1090800004E003980299FEF75BFAFFE704E0039817
:109090000299FEF755FAFFE704E003980299FEF7FC
:1090A0004FFAFFE79DF8070004B080BD0000000004
:1090B00080B582B001900198FFF71AFB0198D0F8B3
:1090C000B80238B1FFE70198D0F8B8124A680179C0
:1090D0009047FFE7002002B080BD000000000000C4
:1090E00081B0009001B0704781B0009040F22C60D8
:1090F000C2F2004001B0704784B00390029103981F
:10910000019002980078009002984078012830D1B0
:10911000FFE70298007800F00F01012000FA01F249
:109120000199D1F81C081043C1F81C080198009956
:1091300000EB4110D0F800090004002818D4FFE724
:10914000029988686FF3DF20097940EA8140009A2C
:1091500040EA8250019901EB4211D1F800291043F5
:1091600048F20002C1F200021043C1F80009FFE713
:109170002EE00298007800F00F01012000FA01F2C1
:109180000199D1F81C0840EA0240C1F81C08019876
:10919000009900EB4110D0F8000B0004002816D411
:1091A000FFE7029988686FF3DF20097940EA814080
:1091B0000199009A01EB4211D1F8002B104348F2BB
:1091C0000002C1F200021043C1F8000BFFE7FFE705
:1091D000002004B07047000082B001900198009018
:1091E0000099D1F8000940F2FF729043C1F80009DC
:1091F0000099D1F8040840F48070C1F804080020F8
:1092000002B070470000000080B58AB0DDF830C0C1
:10921000CDF814C00493039202919DF814108DF8B8
:1092200024100299039A049B0893079206910190D7
:109230009DF81D00012823D1FFE70199886B20F4D8
:10924000803088630199C8684FF6BF72CFF6BD724F
:109250001040C8600199C86820F44010C8609DF8AB
:109260002400012806D1FFE70199C86840F4801066
:10927000C860FFE7019800F03FF88DF803001AE09E
:109280000199C86840F04000C860019800F034F8C7
:109290008DF803009DF8210030B9FFE70199886B34
:1092A00040F48030886305E00199886B20F48030B9
:1092B0008863FFE7FFE79DF81A00012816D1FFE752
:1092C0000199C86D80B2C8650199C86D0022C0F2CD
:1092D000EE321043C8650199886840F00600886046
:1092E0000199886840F020008860FFE79DF803003E
:1092F0000AB080BD0000000083B001900020009003
:10930000FFE70098013000900098B0F1706F04D929
:10931000FFE703208DF80B0026E0FFE701980069C6
:10932000C00F0028EDD0FFE70020009001990869E8
:1093300040F001000861FFE70098013000900098BC
:10934000B0F1706F04D9FFE703208DF80B000BE03C
:10935000FFE70198006900F001000128ECD0FFE769
:1093600000208DF80B00FFE79DF80B0003B070475D
:1093700084B00390029103980190029800780090C5
:1093800002984078012845D1FFE70198009900EB49
:109390004110D0F80009C00FA8B1FFE7019800996B
:1093A00000EB4111D1F8000940F00060C1F800095C
:1093B0000198009900EB4111D1F8000940F080407C
:1093C000C1F80009FFE70298007800F00F010120C2
:1093D00000FA01F3019AD2F83C189943C2F83C18FC
:1093E0000299097801F00F0100FA01F20199D1F810
:1093F0001C089043C1F81C080198009900EB41112A
:10940000D1F8000947F60002CEF633421040C1F809
:10941000000946E00198009900EB4110D0F8000BDC
:10942000C00FA8B1FFE70198009900EB4111D1F8F6
:10943000000B40F00060C1F8000B0198009900EBB0
:109440004111D1F8000B40F08040C1F8000BFFE75C
:109450000298007800F00F01012000FA01F3019A50
:10946000D2F83C1821EA0341C2F83C180299097865
:1094700001F00F0100FA01F20199D1F81C0820EA6D
:109480000240C1F81C080198009900EB4111D1F885
:10949000000B47F60002CEF6F3721040C1F8000B45
:1094A000FFE7002004B0704782B00190019800905F
:1094B0000099D1F8000E20F00300C1F8000E0099C9
:1094C000D1F8040820F00200C1F80408002002B01E
:1094D000704700000000000082B0019001980090E9
:1094E0000099D1F8000E20F00300C1F8000E009999
:1094F000D1F8040840F00200C1F80408002002B0CE
:10950000704700000000000080B58CB0DDF838C066
:10951000CDF81CC00693059204919DF81C108DF89F
:109520002C100499059A069B0A93099208910390BE
:1095300000208DF80B00039901910090FFE700983F
:109540000E280CD8FFE70398009900EB810100205A
:10955000C1F80401FFE7009801300090EFE79DF8A3
:109560002A00B8B9FFE70199D1F8040840F00200D9
:10957000C1F804080399886B20F4001088630399EC
:10958000086840F0400008600399086840F08000D7
:10959000086005E00399886B40F400108863FFE7DA
:1095A00001990020C1F8000E9DF8250001280FD177
:1095B000FFE79DF8230028B9FFE70398002100F09A
:1095C000DBFE04E00398012100F0D6FEFFE704E093
:1095D0000398032100F0D0FEFFE70398102100F06C
:1095E000AFFC20B1FFE701208DF80B00FFE70398E7
:1095F00000F06AFC20B1FFE701208DF80B00FFE7C7
:1096000001990020C1F810080199C1F814080199C6
:10961000C1F81C080090FFE700989DF820108842D0
:109620003BD2FFE70198009900EB4110D0F8000908
:10963000C00FB0B1FFE7009848B9FFE70198009963
:1096400000EB41114FF00060C1F8000908E00198FB
:10965000009900EB41114FF09040C1F80009FFE77D
:1096600007E00198009900EB41110020C1F80009C2
:10967000FFE70198009900EB41110020C1F81009A3
:109680000198009900EB41114FF67F30C1F80809AD
:10969000FFE7009801300090BEE700200090FFE750
:1096A00000989DF8201088423BD2FFE7019800996E
:1096B00000EB4110D0F8000BC00FB0B1FFE70098ED
:1096C00048B9FFE70198009900EB41114FF00060A5
:1096D000C1F8000B08E00198009900EB41114FF030
:1096E0009040C1F8000BFFE707E00198009900EBFC
:1096F00041110020C1F8000BFFE70198009900EB31
:1097000041110020C1F8100B0198009900EB4111A4
:109710004FF67F30C1F8080BFFE70098013000904A
:10972000BEE70199D1F8100820F48070C1F8100844
:1097300003990020886103996FF0804048619DF88B
:10974000220030B9FFE70399886940F01000886172
:10975000FFE70399886943F60002C8F23C02104310
:1097600088619DF8260030B1FFE70399886940F0D1
:1097700008008861FFE79DF82A00012808D1FFE76B
:10978000039988690422C4F2000210438861FFE74C
:109790009DF80B000CB080BD81B0009000998868E6
:1097A00020F001008860002001B070470000000038
:1097B00086B004908DF80F100292049801900498DE
:1097C000006C0090009843F20B01C4F6547188427B
:1097D0000BD3FFE70198D0F8000BC00F20B1FFE7D3
:1097E00000208DF817002EE0FFE701990020C1F856
:1097F000100B0199D1F8100B40F40020C1F8100BA8
:109800000199D1F8100B40F01800C1F8100B019924
:10981000D1F8100B40F0C040C1F8100B9DF80F00BC
:1098200001280CD1FFE702980199C1F8140B0199A6
:10983000D1F8000B40F08020C1F8000BFFE70020BA
:109840008DF81700FFE79DF8170006B0704700007D
:1098500084B00390029103980190029800780090E0
:1098600002984078012820D1FFE70198009900EB89
:109870004111D1F8000920F40010C1F80009029844
:109880000079032805D0FFE70298007902280BD160
:10989000FFE70198009900EB4111D1F8000940F071
:1098A0008050C1F80009FFE71FE00198009900EB24
:1098B0004111D1F8000B20F40010C1F8000B029800
:1098C0000079032805D0FFE70298007902280BD120
:1098D000FFE70198009900EB4111D1F8000B40F02F
:1098E0008050C1F8000BFFE7FFE7002004B070478D
:1098F00084B0039002910398019002980078009040
:1099000002984078012822D1FFE70198009900EBE6
:109910004110D0F80009C00F70B9FFE7009858B1A6
:10992000FFE70198009900EB4111D1F8000920F000
:109930008040C1F80009FFE70198009900EB411150
:10994000D1F8000940F40010C1F8000921E00198A5
:10995000009900EB4110D0F8000BC00F70B9FFE781
:10996000009858B1FFE70198009900EB4111D1F838
:10997000000B20F08040C1F8000BFFE70198009930
:1099800000EB4111D1F8000B40F40010C1F8000BBE
:10999000FFE7002004B0704780B588B007900691BB
:1099A0008DF8172007980490069800780390069881
:1099B0004078012840F02481FFE706980069F8B953
:1099C000FFE70498039900EB4111D1F810096FF3F8
:1099D000DC40C1F810090498039900EB4111D1F85B
:1099E000100940F40020C1F810090498039900EB15
:1099F0004111D1F810096FF31200C1F8100971E09C
:109A00000498039900EB4111D1F810096FF312008B
:109A1000C1F810090498039900EB4111D1F810091D
:109A20006FF3DC40C1F810090398A8B9FFE7069866
:109A300081680069884204D9FFE70699886808614F
:109A4000FFE70498039900EB4111D1F8100940F4A5
:109A50000020C1F8100937E00698816800690844C1
:109A60000138B0FBF1F0ADF80A00BDF80A10002093
:109A7000C1F6F87000EAC1420498039900EB411165
:109A8000D1F810091043C1F810090698007901288F
:109A900019D1FFE70498039900EB4111D1F810099F
:109AA00020F0C040C1F81009BDF80A0000F0030220
:109AB0000498039900EB4111D1F8100940EA427073
:109AC000C1F81009FFE7FFE7069802696FF3DF426C
:109AD0000498039900EB4111D1F810091043C1F823
:109AE0001009FFE79DF8170001283BD1FFE7069812
:109AF000C06948B1FFE70698C0690499039A01EB71
:109B00004211C1F81409FFE70698007901281ED117
:109B1000FFE70498D0F80808C00500280BD4FFE739
:109B20000498039900EB4111D1F8000940F000506E
:109B3000C1F800090AE00498039900EB4111D1F83B
:109B4000000940F08050C1F80009FFE7FFE70498E2
:109B5000039900EB4111D1F8000940F00440C1F82D
:109B600000094CE00498039900EB4111D1F8000979
:109B700040F00440C1F8000906980079012813D08C
:109B8000FFE70698006970B1FFE70698007800F0DB
:109B90000F01012000FA01F20499D1F834081043B2
:109BA000C1F83408FFE729E00498D0F80808C00598
:109BB00000280BD4FFE70498039900EB4111D1F87A
:109BC000000940F00050C1F800090AE00498039928
:109BD00000EB4111D1F8000940F08050C1F80009B4
:109BE000FFE70798069BD9681A781B8A9DF817C06B
:109BF000EE46CEF800C000F0B3FCFFE7FFE7C4E09C
:109C00000498039900EB4111D1F8100B6FF3120087
:109C1000C1F8100B0498039900EB4111D1F8100B17
:109C20006FF3DC40C1F8100B039818BBFFE70698F0
:109C3000006920B1FFE7069988680861FFE7069987
:109C4000886808620698026A6FF3DF4204980399F5
:109C500000EB4111D1F8100B1043C1F8100B049820
:109C6000039900EB4111D1F8100B40F40020C1F82A
:109C7000100B49E006980069C0B9FFE706988268B2
:109C80006FF3DF420498039900EB4111D1F8100BF8
:109C90001043C1F8100B0498039900EB4111D1F85F
:109CA000100B40F40020C1F8100B2CE006988168DE
:109CB000006908440138B0FBF1F0ADF80A000699DC
:109CC0008868BDF80A2050430862BDF80A100020D9
:109CD000C1F6F87000EAC1420498039900EB411103
:109CE000D1F8100B1043C1F8100B0698026A6FF3FD
:109CF000DF420498039900EB4111D1F8100B104397
:109D0000C1F8100BFFE7FFE79DF8170001280ED1FF
:109D1000FFE70698C06848B1FFE70698C068049955
:109D2000039A01EB4211C1F8140BFFE7FFE7069815
:109D3000007901281ED1FFE70498D0F80808C00573
:109D400000280BD4FFE70498039900EB4111D1F8E8
:109D5000000B40F00050C1F8000B0AE00498039992
:109D600000EB4111D1F8000B40F08050C1F8000B1E
:109D7000FFE7FFE70498039900EB4111D1F8000BCE
:109D800040F00440C1F8000BFFE7002008B080BDA0
:109D900085B004900391002002908DF8070004988C
:109DA00000900398407801283ED1FFE7009803997E
:109DB000097800EB4110D0F80009C00F98B3FFE715
:109DC00000980399097800EB4111D1F8000940F09F
:109DD0000060C1F8000900980399097800EB41116F
:109DE000D1F8000940F08040C1F80009FFE702986F
:109DF00001300290029842F21171884204D3FFE7C9
:109E000001208DF807000DE0FFE70098039909781D
:109E100000EB4110D0F8000900F00040B0F1004F15
:109E2000E5D0FFE7FFE73DE000980399097800EBF4
:109E30004110D0F8000BC00F98B3FFE700980399CA
:109E4000097800EB4111D1F8000B40F00060C1F837
:109E5000000B00980399097800EB4111D1F8000B31
:109E600040F08040C1F8000BFFE7029801300290FB
:109E7000029842F21171884204D3FFE701208DF865
:109E800007000DE0FFE700980399097800EB411007
:109E9000D0F8000B00F00040B0F1004FE5D0FFE734
:109EA000FFE7FFE79DF8070005B0704700000000DE
:109EB00081B000900099886840F00100886000201F
:109EC00001B070470000000083B0019000200090B6
:109ED000FFE70098013000900098B0F1706F04D94E
:109EE000FFE703208DF80B0024E0FFE701980069ED
:109EF000C00F0028EDD0FFE700200090019910204E
:109F00000861FFE70098013000900098B0F1706F91
:109F100004D9FFE703208DF80B000BE0FFE7019861
:109F2000006900F010001028ECD0FFE700208DF849
:109F30000B00FFE79DF80B0003B070470000000026
:109F400084B00290019100200090FFE7009801305A
:109F500000900098B0F1706F04D9FFE703208DF8EE
:109F60000F0026E0FFE702980069C00F0028EDD03F
:109F7000FFE70020009001988001203002990861DD
:109F8000FFE70098013000900098B0F1706F04D99D
:109F9000FFE703208DF80F000BE0FFE70298006950
:109FA00000F020002028ECD0FFE700208DF80F0003
:109FB000FFE79DF80F0004B07047000000000000AC
:109FC00084B00390039802900298D0F8080800F03B
:109FD00006000090009820B9FFE700208DF80700E8
:109FE00010E00098022804D0FFE70098062804D16A
:109FF000FFE702208DF8070003E00F208DF807002F
:10A00000FFE7FFE79DF8070004B07047000000007D
:10A0100081B000900098406900F0010001B07047E5
:10A0200083B00290029801900198D0F8180800902F
:10A030000198D0F81C18009808400090BDF8000066
:10A0400003B070470000000083B0029002980190B6
:10A050000198D0F8180800900198D0F81C180098C2
:10A0600008400090BDF8020003B0704700000000F7
:10A0700086B005908DF81310059803900398D0F8DA
:10A08000100801900398D0F83408009000989DF8CB
:10A09000131001F00F01C84000F00101019840EADF
:10A0A000C110019003989DF8131000EB4110D0F8F7
:10A0B0000809019908400290029806B07047000014
:10A0C00084B003908DF80B100398019001989DF8CF
:10A0D0000B1000EB4110D0F8080B00900198D0F85D
:10A0E0001418009808400090009804B070470000D1
:10A0F00082B00190019840690090019881690098B0
:10A1000008400090009802B0704700000000000076
:10A1100089B008900791ADF81A2008980590079823
:10A120000490BDF81A0080080190BDF81A0000F0F4
:10A130000300ADF8020000200290FFE702980199A9
:10A14000884217D2FFE705984FF480514058049990
:10A150000860049801300490049801300490049839
:10A1600001300490049801300490FFE70298013018
:10A170000290E3E7BDF8020008B3FFE70020029079
:10A1800005984FF4805140580390FFE703989DF8DD
:10A190000810C900C8400499087002980130029064
:10A1A000049801300490BDF802000138ADF80200B7
:10A1B000FFE7BDF802000028E8D1FFE7FFE70498B9
:10A1C00009B070470000000080B58CB00B900A9178
:10A1D00041F6C830C2F20040009009901BF084FAAA
:10A1E0000146009808911BF06FFA0790FFE708A856
:10A1F00007A924F031FC88B3FFE708A812F030FC6F
:10A2000006900698406805900598007B08B9FFE71E
:10A2100024E0059810300490049821F055FD039037
:10A22000049821F045FD0290FFE703A802A924F05D
:10A23000BBFC70B1FFE703A812F016FB0190019878
:10A240000B990A9A14F020F9FFE703A815F030FCE7
:10A25000EBE7FFE708A816F0C3F8C8E70CB080BD2D
:10A2600080B586B004908DF80F10002002900499FC
:10A27000C86820F0C040C8609DF80F00012823D1B5
:10A28000FFE70499C86840F00050C860FFE70A2063
:10A29000EFF7C6F802980A300290FFE70498FFF73C
:10A2A000B7FE014600200129019007D0FFE702997F
:10A2B0000020C82938BF01200190FFE70198C0079E
:10A2C0000028E4D1FFE72AE09DF80F0010BBFFE76C
:10A2D0000499C86840F08040C860FFE70A20EFF7A3
:10A2E0009FF802980A300290FFE70498FFF790FE6B
:10A2F00001460020009039B1FFE702990020C829EB
:10A3000038BF01200090FFE70098C0070028E5D182
:10A31000FFE703E001208DF817000CE0FFE702984B
:10A32000C82804D1FFE701208DF8170003E00020C2
:10A330008DF81700FFE79DF8170006B080BD0000FC
:10A3400083B002908DF80710029800900099D1F820
:10A35000000820F4FE60C1F800089DF8070000F036
:10A360007F020099D1F8000840EA0210C1F8000805
:10A37000002003B07047000083B002908DF80710F2
:10A38000029800909DF807200099D1F8000810432A
:10A39000C1F80008002003B0704700000000000072
:10A3A00084B0039002918DF807209DF807000228E1
:10A3B00040F0B880FFE702984AF6C041C0F2D801E9
:10A3C00088420BD3FFE702984EF2BF11C0F2E401BE
:10A3D000884203D8FFE70F200090A2E002984EF2D7
:10A3E000C011C0F2E40188420BD3FFE7029842F2A9
:10A3F000FF31C0F2F401884203D8FFE70E2000903D
:10A400008EE0029842F20041C0F2F40188420BD380
:10A41000FFE7029847F27F31C0F20611884203D865
:10A42000FFE70D2000907AE0029847F28031C0F2F9
:10A43000061188420BD3FFE7029844F69F11C0F241
:10A440001A11884203D8FFE70C20009066E00298BA
:10A4500044F6A011C0F21A1188420BD3FFE702980C
:10A4600042F6FF41C0F23111884203D8FFE70B20CA
:10A47000009052E0029842F60051C0F23111884239
:10A480000BD3FFE702984AF23F41C0F24C118842D9
:10A4900003D8FFE70A2000903EE002984AF24041CC
:10A4A000C0F24C1188420BD3FFE7029843F2FF51F0
:10A4B000C0F26E11884203D8FFE7092000902AE01D
:10A4C000029843F20061C0F26E1188420BD3FFE79D
:10A4D00002984AF61F31C0F2A611884203D8FFE75E
:10A4E0000820009016E002984AF62031C0F2A6112A
:10A4F00088420BD3FFE7029844F2FF71C0F2E811E3
:10A50000884203D8FFE70720009002E00620009071
:10A51000FFE7FFE7FFE7FFE7FFE7FFE7FFE7FFE70B
:10A52000FFE70AE09DF8070018B9FFE7092000904F
:10A5300002E009200090FFE7FFE70399C86820F4D4
:10A540007050C860009800F00F020399C86840EA94
:10A550008220C860002004B07047000000000000A6
:10A5600080B588B084460A98CDF81CC006918DF855
:10A570001720ADF814308DF8130007980390069853
:10A5800002909DF8130048BBFFE7BDF814000330AC
:10A590008008019000200090FFE700980199884210
:10A5A0001BD2FFE70298006803999DF8172001EB82
:10A5B00002314FF480528850029801300290029884
:10A5C000013002900298013002900298013002900E
:10A5D000FFE7009801300090DFE7FFE7002008B0B8
:10A5E00080BD000000000000FFE7FEE70000000063
:10A5F00080B582B040F64C40C2F200400190019814
:10A60000A821E6F7BDF90199032008610199486185
:10A61000019845F6D271C0F604018161019A43F2B6
:10A62000B470C2F20040D061019A4FF40060106231
:10A63000019A00209062019A5062019AD062019AB8
:10A640001166019A43F27471C2F200415166019A97
:10A6500040219166019908670199C8660199486788
:10A66000BFF35F8F0090FFE700980F280ED8FFE739
:10A67000009A45F24C10C0F60400801AC07B019984
:10A680008854FFE7009801300090EDE7BFF35F8F3B
:10A6900002B080BD0000000080B524F0C5FD80BD83
:10A6A00080B524F0D9FD80BD80B524F095FE80BD35
:10A6B00080B524F0A1FD80BD80B524F02DFD80BDC6
:10A6C00080B524F011FD24F09FFE24F045FF24F016
:10A6D00073FF24F0A1FF24F0CFFF24F0FDFF25F04D
:10A6E00013F825F029F825F03FF824F0BDFE24F0FA
:10A6F000D3FE24F0E9FE24F0FFFE24F015FF80BD18
:10A7000080B524F0F1FD24F097FE24F03DFF24F005
:10A710006BFF24F099FF24F0C7FF80BD000000000C
:10A7200080B524F0F9FD80BD80B524F00DFE80BD1C
:10A7300080B524F021FE80BD80B524F035FE80BDBB
:10A7400080B524F0B9FD80BD80B524F09DFD80BDAD
:10A7500080B524F041FD80BD80B524F015FD80BD9D
:10A7600080B524F021FD80BD80B524F0FDFC80BDC6
:10A7700080B524F0E9FC80BD84B0039003980069A3
:10A7800002900398C068019002980199884209D804
:10A79000FFE7039881680198C04308440299084480
:10A7A000009005E002990198C04308440090FFE73B
:10A7B000009804B07047000080B58AB009900891F5
:10A7C0000792002005900998C0680390FFE7099858
:10A7D0000069049004980399884206D9FFE7049918
:10A7E0000398C0430844069008E0099881680398DC
:10A7F000049A801AC04308440690FFE70698099916
:10A800008968039A891A884203D2FFE70698019063
:10A8100005E0099880680399401A0190FFE70198C4
:10A82000069006980799884203D2FFE706980090A1
:10A8300002E007980090FFE70098069009984068AA
:10A8400003990844029002980899069AE5F778FF60
:10A8500006990598084405900699089808440890B8
:10A8600006990798401A07900699039808440390A0
:10A87000039809998968884203D1FFE70020039073
:10A88000FFE7BFF35F8F03980999C860FFE7079858
:10A8900000289CD1FFE705980AB080BD00000000A9
:10A8A00080B588B00790069105920798C06803901C
:10A8B000079880680399401A029002980599884287
:10A8C00012D9FFE70798406803990844019001985E
:10A8D0000699059AE5F734FFBFF35F8F0398059952
:10A8E00008440799C8601FE00298049007984068E0
:10A8F00003990844019001980699049AE5F720FF0E
:10A9000005980299401A04900798406801900198B0
:10A910000699029A1144049AE5F712FFBFF35F8F7C
:10A9200004980799C860FFE708B080BD00000000E8
:10A9300081B08DED000A9DED000AB0EEC00A01B0B5
:10A94000704700000000000080B582B001900091C7
:10A9500001980099E5F79FFE02B080BD000000005D
:10A9600070B5ADF6282DCDF8240ACDF8201ACDF813
:10A970001C2ACDF8183A0DF5C360CDF8140600F284
:10A98000FF30CDF81006DDF81006DDF81416401A79
:10A99000CDF80C060020CDF80806DDF80C0628B32B
:10A9A000FFE7DDF814061190DDF80C061090F0F7C3
:10A9B0002FFA109902461198DDF820EADDF81C4ABA
:10A9C00045F64A73C0F60403EC46CCF80C30CCF8DC
:10A9D0000840CCF804E0CCF8002045F6F862C0F658
:10A9E0000402E5F7F7FDCDF80806FFE7DDF80806F5
:10A9F000B0F1FF3F04DCFFE70020CDF808060CE0D3
:10AA0000DDF80806DDF80C16884205D9FFE7DDF809
:10AA10000C06CDF80806FFE7FFE7DDF80816DDF8BD
:10AA200014060844CDF814060DF63820CDF80406B7
:10AA3000DDF8180ACDF80006FFE7DDF8000601781A
:10AA400000200F9051B1FFE7DDF81416DDF8102655
:10AA50000020914238BF01200F90FFE70F98C007F8
:10AA6000002800F01785FFE7DDF8000600782528AC
:10AA700040F00185FFE7DDF800060130CDF8000663
:10AA80000020CDF8DC05DDF8DC35591CCDF8DC15EF
:10AA90000DF5BC622521D1548DF8DB05FFE7DDF80B
:10AAA0000006017800200E9041B1FFE7DDF8DC15CB
:10AAB00000201F29B8BF01200E90FFE70E98C007A5
:10AAC000002865D0FFE7DDF800060078252836D09D
:10AAD000FFE7DDF800060078632830D0FFE7DDF8F7
:10AAE0000006007873282AD0FFE7DDF8000600781A
:10AAF000642824D0FFE7DDF80006007875281ED012
:10AB0000FFE7DDF800060078782818D0FFE7DDF8C9
:10AB100000060078582812D0FFE7DDF8000600781C
:10AB200066280CD0FFE7DDF800060078562806D02E
:10AB3000FFE7DDF800060078462810D1FFE7DDF8D2
:10AB400000060078DDF8DC25511CCDF8DC150DF58C
:10AB5000BC618854DDF8DC250020885418E0DDF85D
:10AB6000000600786C2804D1FFE701208DF8DB0592
:10AB7000FFE7DDF80006411CCDF800160078DDF88F
:10AB8000DC25511CCDF8DC150DF5BC61885486E739
:10AB9000DDF8DC05012802D1FFE700F07BBCDDF821
:10ABA000DC050DF5BC61084410F8010C8DF8DA05E0
:10ABB0009DF8DA05253801460D91532800F22684C8
:10ABC0000D99DFE811F05400230423042304230427
:10ABD000230423042304230423042304230423043D
:10ABE000230423042304230423042304230423042D
:10ABF000230423042304230423042304230423041D
:10AC000023042304230423043C03230423042304F4
:10AC100023042304230423042304230423042304FC
:10AC20002304230423042304480223046B01230484
:10AC300023042304230423042304230423042304DC
:10AC400023045C00DC002304FA012304230423040E
:10AC500023042304230423042304230423042304BC
:10AC600023049B0023046B01230423046B01DDF800
:10AC70001416481CCDF8140625200870EFE3DDF803
:10AC80000406011DCDF804160068CDF8D405DDF8E2
:10AC9000D4350DF2C45010210DF5BC62E5F79AFCD5
:10ACA000CDF8C005DDF8C005012826DBFFE7DDF89B
:10ACB000C005CDF8BC05DDF81406DDF8BC15084468
:10ACC000DDF81016884208D9FFE7DDF81006DDF838
:10ACD0001416401ACDF8BC05FFE7DDF81406DDF8C0
:10ACE000BC250DF2C451E5F72BFDDDF8BC15DDF8F0
:10ACF00014060844CDF81406FFE7B0E3DDF80406B7
:10AD0000011DCDF804160068CDF8B805DDF8B805CA
:10AD100038B9FFE745F60970C0F60400CDF8B8056C
:10AD2000FFE7DDF8B835EEA84FF400710DF5BC6211
:10AD3000E5F750FCED90ED9801281FDBFFE7ED985B
:10AD4000EC90DDF81406EC990844DDF81016884202
:10AD500007D9FFE7DDF81006DDF81416401AEC906D
:10AD6000FFE7DDF81406EC9AEEA9E5F7E9FCEC99AB
:10AD7000DDF814060844CDF81406FFE76FE39DF8EC
:10AD8000DB05C007002844D0FFE7DDF80406011DFD
:10AD9000CDF804160068EB90EB9BDBA840210DF585
:10ADA000BC62E5F717FCFFE7DDF81006DDF81416C6
:10ADB000401ADA90DA9850B3FFE7DDF81406DA9912
:10ADC00045F64A72C0F604026B465A60DBAA1A6066
:10ADD00045F68972C0F6040245F64273C0F60403D4
:10ADE000E5F7F8FBD990D99801280FDBFFE7D99850
:10ADF000DA99884203D9FFE7DA98D990FFE7D99921
:10AE0000DDF814060844CDF81406FFE7FFE7FFE776
:10AE100043E0DDF80406011DCDF804160068D89063
:10AE2000D89BC8A840210DF5BC62E5F7D3FBFFE72E
:10AE3000DDF81006DDF81416401AC790C79850B315
:10AE4000FFE7DDF81406C79945F64A72C0F604021A
:10AE50006B465A60C8AA1A6045F68972C0F60402A9
:10AE600045F64273C0F60403E5F7B4FBC690C698F6
:10AE700001280FDBFFE7C698C799884203D9FFE78F
:10AE8000C798C690FFE7C699DDF814060844CDF8C8
:10AE90001406FFE7FFE7FFE7FFE7E0E29DF8DB05C9
:10AEA000C007002844D0FFE7DDF80406011DCDF8F7
:10AEB00004160068C590C59BB5A840210DF5BC627D
:10AEC000E5F788FBFFE7DDF81006DDF81416401AF9
:10AED000B490B49850B3FFE7DDF81406B49945F682
:10AEE0004A72C0F604026B465A60B5AA1A6045F66B
:10AEF0008972C0F6040245F64273C0F60403E5F712
:10AF000069FBB390B39801280FDBFFE7B398B499BE
:10AF1000884203D9FFE7B498B390FFE7B399DDF80F
:10AF200014060844CDF81406FFE7FFE7FFE743E007
:10AF3000DDF80406011DCDF804160068B290B29B3E
:10AF4000A2A840210DF5BC62E5F744FBFFE7DDF860
:10AF50001006DDF81416401AA190A19850B3FFE72F
:10AF6000DDF81406A19945F64A72C0F604026B4654
:10AF70005A60A2AA1A6045F68972C0F6040245F624
:10AF80004273C0F60403E5F725FBA090A0980128C2
:10AF90000FDBFFE7A098A199884203D9FFE7A198AA
:10AFA000A090FFE7A099DDF814060844CDF8140638
:10AFB000FFE7FFE7FFE7FFE751E2DDF804060730B0
:10AFC00020F0070000F10801CDF8041690ED000B09
:10AFD0008DED9E0B9DED9E0B684680ED000B86A8C7
:10AFE00060210DF5BC62E5F7F5FAFFE7DDF8100624
:10AFF000DDF81416401A8590859850B3FFE7DDF808
:10B000001406859945F64A72C0F604026B465A60EA
:10B0100086AA1A6045F68972C0F6040245F64273A4
:10B02000C0F60403E5F7D6FA8490849801280FDB74
:10B03000FFE784988599884203D9FFE78598849033
:10B04000FFE78499DDF814060844CDF81406FFE7FD
:10B05000FFE7FFE703E2DDF80406011DCDF8041663
:10B060000068839030208DF8EA0162208DF8EB01B2
:10B0700000207990FFE779981F2813DCFFE7839879
:10B080007999C1F11F02D040C2073020002A18BFB1
:10B0900031200DF5F57211448870FFE77998013081
:10B0A0007990E8E700208DF80B02839B68460DF548
:10B0B000F5714160036045F66E72C0F6040261A846
:10B0C0000C906021E5F786FA0C986090FFE7609895
:10B0D000017800200B9051B1FFE7DDF81416DDF880
:10B0E00010260020914238BF01200B90FFE70B98FB
:10B0F000C007002800F0A280FFE7609800783028A1
:10B10000C0F29080FFE760980078392800F38A80C9
:10B11000FFE760985F90FFE760980078302807DBD2
:10B12000FFE76098017801203A290A9027DBFFE7C2
:10B1300060980078412807DBFFE7609801780120DC
:10B1400047290A901BDBFFE760980078612807DB3E
:10B15000FFE760980178012067290A900FDBFFE77D
:10B1600060980178012078290A9008D0FFE760985C
:10B1700000785838B0FA80F040090A90FFE70A9842
:10B18000C00720B1FFE7609801306090C4E7609885
:10B190005F99401A4E904E98402803D3FFE73F2016
:10B1A0004E90FFE75F994E9A4FA80990E5F7C8FACD
:10B1B00009994E9A00208854FFE7DDF81006DDF863
:10B1C0001416401A4D904D9850B3FFE7DDF8140661
:10B1D0004D9945F64A72C0F604026B465A604FAA72
:10B1E0001A6045F68972C0F6040245F64273C0F64D
:10B1F0000403E5F7EFF94C904C9801280FDBFFE7CB
:10B200004C984D99884203D9FFE74D984C90FFE741
:10B210004C99DDF814060844CDF81406FFE7FFE763
:10B22000FFE70AE06098411C60910078DDF8141691
:10B230004A1CCDF814260870FFE748E70FE1DDF857
:10B240000406073020F0070000F10801CDF80416CD
:10B2500090ED000B8DED4A0B9DED4A0BB7EEC00B48
:10B260008DED490A4998489030208DF8FE00622003
:10B270008DF8FF0000203E90FFE73E981F2813DC6A
:10B28000FFE748983E99C1F11F02D040C207302025
:10B29000002A18BF31200DF1FE0211448870FFE72B
:10B2A0003E9801303E90E8E700208DF81F019DEDAB
:10B2B000490AB7EEC00A489968460DF1FE02C2601D
:10B2C000816080ED000B45F65272C0F6040226A89C
:10B2D00008906021E5F77EF908982590FFE725980A
:10B2E00001780020079051B1FFE7DDF81416DDF872
:10B2F00010260020914238BF01200790FFE70798F1
:10B30000C007002800F08180FFE7259800783028EA
:10B310006FDBFFE72598007839286ADCFFE725987E
:10B320002490FFE725980078302807DBFFE7259871
:10B33000017801203A29069008DBFFE7259800787C
:10B340002E38B0FA80F040090690FFE70698C00753
:10B3500020B1FFE7259801302590E3E7259824994F
:10B36000401A17901798302803D3FFE72F20179023
:10B37000FFE72499179A18A80590E5F7E1F90599D0
:10B38000179A00208854FFE7DDF81006DDF8141640
:10B39000401A1690169850B3FFE7DDF81406169978
:10B3A00045F64A72C0F604026B465A6018AA1A6043
:10B3B00045F68972C0F6040245F64273C0F60403EE
:10B3C000E5F708F91590159801280FDBFFE71598A8
:10B3D0001699884203D9FFE716981590FFE715994B
:10B3E000DDF814060844CDF81406FFE7FFE7FFE791
:10B3F0000AE02598411C25910078DDF814164A1CB6
:10B40000CDF814260870FFE769E728E000201490C3
:10B41000FFE71499DDF8DC250020914204900ADA58
:10B42000FFE7DDF81416DDF810260020914238BF42
:10B4300001200490FFE70498C00778B1FFE7149952
:10B440000DF5BC60405CDDF814164A1CCDF81426DE
:10B450000870FFE7149801301490DAE7FFE7DDF891
:10B460000006007830B1FFE7DDF800060130CDF8C6
:10B470000006FFE70CE0DDF80006411CCDF80016E1
:10B480000078DDF814164A1CCDF814260870FFE782
:10B49000FFF7D3BADDF81006DDF81416401A139042
:10B4A000139830B3FFE7DDF81406139945F6F1520F
:10B4B000C0F6040245F63573C0F60403E5F78AF8D2
:10B4C00012901298B0F1FF3F03DCFFE700201290CA
:10B4D00008E012981399884203D9FFE71398129055
:10B4E000FFE7FFE71299DDF814060844CDF81406CB
:10B4F000FFE7DDF81406DDF81016884205D8FFE7EF
:10B50000DDF814160020087004E0DDF810160020A5
:10B510000870FFE7DDF8240A0DF5C361F9F70CFAAE
:10B520000DF6282D70BD000010B50446012898BF07
:10B53000012400BF2046E5F764FA002818BF10BDBB
:10B5400023F062FB08B18047F4E7002010BD000043
:10B55000BFF34F8F4EF60C51CEF20001086800F495
:10B56000E0600422C0F2FA5210430860BFF34F8F2C
:10B57000FFE700BFFDE7000080B586B045F63A71F1
:10B58000C0F60401049145F62A72C0F60402059241
:10B5900045F61563C0F6040300200390FFF7E0F9B9
:10B5A00003980499059AEC462023CCF808304FF410
:10B5B0008063CCF8043045F62F73C0F60403CCF852
:10B5C000003045F69963C0F60403FFF7C9F9039804
:10B5D0000499059AEC464FF40073CCF8043045F614
:10B5E0002573C0F60403CCF8003045F6C563C0F6F9
:10B5F0000403FFF7B5F903980499059AEC46032371
:10B60000CCF80430CCF8003045F65A63C0F6040399
:10B61000FFF7A6F903980499059A45F63863C0F632
:10B620000403FFF79DF906B080BD00000000000094
:10B6300080B586B0694600200290086045F62F71FB
:10B64000C0F60401019140F67872C2F200424FF454
:10B650008063F9F799F8019902986A46106041F2FF
:10B660009832C2F2004220230493F9F739F8029885
:10B670006946086045F62571C0F60401039140F65D
:10B680007852C2F20042012005904FF40073F9F79E
:10B690007BF8029A0399049B0598EC46CCF80020AD
:10B6A00041F27832C2F20042F9F71AF806B080BDD2
:10B6B000F0B581B00C460546012898BF0125042944
:10B6C00098BF04240027684621462A460097E5F7DC
:10B6D000EEF9009878B96E4623F096FA50B180479B
:10B6E000304621462A460097E5F7E1F90098002800
:10B6F000F2D000E0002001B0F0BD0000000000002A
:10B7000080B586B0F9F794F8FFF792FF45F63A71E5
:10B71000C0F60401049145F62A72C0F604020592AF
:10B7200045F6F653C0F6040300200390FFF718F91E
:10B7300003980499059A40F23C03C2F200431B6847
:10B74000EC46CCF8003045F6E263C0F60403FFF7A0
:10B7500007F903980499059A45F61073C0F6040397
:10B76000EC46CCF8043045F61973C0F60403CCF867
:10B77000003045F68463C0F60403FFF7F1F8FFF7E5
:10B78000FBFE06B080BD000080B588B00690059134
:10B7900006980290059820B9FFE702208DF81F0057
:10B7A00066E005980068013020B9FFE702208DF8B7
:10B7B0001F005DE0059804900498806820B9FFE7B9
:10B7C00002208DF81F0053E0029905980068C860B8
:10B7D00004988068C1F884000498011D41F67C102B
:10B7E000C2F2004019F0D8FB0146029809680164D2
:10B7F0000499C968C1660499097C01F0010180F8C7
:10B8000068100499497C01F0010180F8741090F8E7
:10B810007400C00760B1FFE702990498807C81F84A
:10B82000750004984069886704988069C867FFE7D5
:10B830000298D0F8841001F5007103914430049906
:10B840004968039AEC460823CCF8003000230193A2
:10B850000DF022F902980FF093FC02980DF084F895
:10B86000029A01990120107491618DF81F00FFE781
:10B870009DF81F0008B080BD80B588B0069006987E
:10B880000490007C18B9FFE7002007905DE0049861
:10B8900090F86800C00718B9FFE70020079054E04F
:10B8A00004981C3002211AF06FFF006878B9FFE796
:10B8B0000498006F58B9FFE704981C3001211AF072
:10B8C00063FF049900680867002007903DE0049832
:10B8D0001C3001211AF058FF04990068096F401AC2
:10B8E0000590059802900028039002D502984042E6
:10B8F000039004990398C96EB0EB510F12DDFFE776
:10B900000498C06E05991BF01FF9B0EE401B9DED29
:10B91000050AB8EEC00B30EE410BBDEEC00B8DED4D
:10B92000050AFFE704981C30019001211AF02CFF52
:10B93000049A014601980968116702211AF024FF50
:10B940000068059908440790FFE7079808B080BD94
:10B9500080B586B004900391ADF80A20049820B910
:10B96000FFE702208DF817000AE004980190019883
:10B970000399BDF90A2000F007F88DF81700FFE7DA
:10B980009DF8170006B080BD80B58EB00C900B916D
:10B99000ADF82A200C980990007C20B9FFE702201E
:10B9A0008DF8370074E00B9812F02AFD082804D0B7
:10B9B000FFE702208DF837006AE00998D0F884008C
:10B9C00001380146089107285AD80899DFE801F0A4
:10B9D00004192E4304192E439DF82B0006900B9852
:10B9E000002121F0F5FB014606980870BDF82A00F9
:10B9F00007900B98012121F0EBFB01460798087096
:10BA000042E09DF82B0004900B98022121F0E0FB0E
:10BA1000014604980870BDF82A0005900B98032190
:10BA200021F0D6FB0146059808702DE09DF82B000B
:10BA300002900B98042121F0CBFB0146029808707C
:10BA4000BDF82A0003900B98052121F0C1FB0146A7
:10BA50000398087018E09DF82B0000900B980621C1
:10BA600021F0B6FB014600980870BDF82A0001904D
:10BA70000B98072121F0ACFB01460198087003E008
:10BA800002208DF8370003E001208DF83700FFE732
:10BA90009DF837000EB080BD80B58AB00990099836
:10BAA00005900A2108914FF4FA710791322106910D
:10BAB0008069013008B9FFE75FE0EFF7A9F9059960
:10BAC0004968401A332804D3FFE7059900208861AC
:10BAD00053E005981C3000211AF056FE00680390D0
:10BAE0000028049002D50398404204900598049AD7
:10BAF0000221322AB8BF0121816190F87400C00789
:10BB0000D0B3FFE7059901F11C0091F975101AF007
:10BB10003BFE006801900028029002D50198404247
:10BB2000029005990298896F88421DDDFFE705980C
:10BB30008069012818D1FFE70598D0F880100131FD
:10BB4000C0F88010C16FD0F880004CF6CD42CCF622
:10BB5000CC42A1FB0221B0EBD10F04D9FFE705993C
:10BB600003208861FFE706E005990020C1F8800006
:10BB700002208861FFE7FFE7FFE70AB080BD000011
:10BB800080B582B00190019800900CF041FF0098C0
:10BB9000002181604FF40052C2600174417405219C
:10BBA00081744FF4FA614161C821816102B080BDA6
:10BBB00080B584B00390039801900CF039FF019890
:10BBC00045F2E441C0F60401083101600021029110
:10BBD000016444300CF090FF0198029980F86810DD
:10BBE0004FF40052C266016780F87410052280F895
:10BBF00075204FF4FA628267C822C267C0F88010CD
:10BC0000C0F8841004B080BD80B582B00190019866
:10BC1000009000F009F80098882123F0D4F902B0D0
:10BC200080BD00000000000080B582B00190019846
:10BC3000009045F2E441C0F60401083140F8441B8D
:10BC40000CF066FF00980CF013FF009802B080BD66
:10BC500080B58EB00C900B910C9803900B9820B986
:10BC6000FFE702208DF8370035E00B9800680130BF
:10BC700020B9FFE702208DF837002CE003990B98DC
:10BC80000A900A980068C8600A98011D41F67C1065
:10BC9000C2F2004019F080F90146039809688167F3
:10BCA00009900FF06DFA0398806F01900998049045
:10BCB000049905A8029021F017FD0198029900F05F
:10BCC000E3FE029821F01CFD0399012008744867E7
:10BCD0008DF83700FFE79DF837000EB080BD0000FB
:10BCE00081B000900098A521017000214170817001
:10BCF000C17001B07047000080B58AB008908DF81F
:10BD00001F10069208980290007C20B9FFE70220DD
:10BD10008DF827006CE09DF81F0001460191022874
:10BD200029D0FFE70198032804D0FFE701980428F1
:10BD300042D059E0069805900599A520087005980D
:10BD400003214170059A42209070059806F02CF965
:10BD50000599C8700598462106F032F90146029807
:10BD6000059AA2F84610806F0599482200F0A8FEB7
:10BD70008DF827003CE0069804900499A5200870EF
:10BD800004990220487004990620887004980321C1
:10BD900006F00AF90499C87004980A2106F010F90F
:10BDA00001460298049A5181806F04990C2200F098
:10BDB00087FE8DF827001BE0029806990391039AED
:10BDC00000211180039A5180039A9180039AD180B7
:10BDD000039A1181039A5181806F03990C2200F01C
:10BDE0006FFE8DF8270003E002208DF82700FFE7A3
:10BDF0009DF827000AB080BD80B582B001900198FF
:10BE00000090FFF76DFF009800218180C1800181C3
:10BE1000418102B080BD000080B582B001900198E0
:10BE20000090007C08B9FFE70AE000984168D0F86C
:10BE30007C01884204D9FFE7009800F029F8FFE769
:10BE400002B080BD0000000080B582B00190019872
:10BE50000090007C08B9FFE715E0EEF7D9FF0099E4
:10BE6000D1F87C11401AB0F57A7F06D9FFE7009926
:10BE7000022008740120486705E000990120087439
:10BE800002204867FFE702B080BD0000000000000C
:10BE900080B586B0049004980190007C20B9FFE73B
:10BEA00002208DF8170026E001987C30039003985B
:10BEB0000078A52804D0FFE702208DF817001AE0CB
:10BEC0000398407803280AD1FFE7019800F17C012C
:10BED000029102991D304822E4F732FC03E002206F
:10BEE0008DF8170007E0EEF793FF019948600120F5
:10BEF0008DF81700FFE79DF8170006B080BD000021
:10BF000080B582B00190019800900FF085F90098FB
:10BF10004FF0FF31416002B080BD00000000000022
:10BF200080B590B00E900E9809900F900FF07CF9AC
:10BF3000099945F20C50C0F6040008300860A523AA
:10BF40004B7400200A908874C8740875A1F8150015
:10BF5000A1F81700A1F81900A1F81B000A4602F881
:10BF60001D3F0B928877C87781F82000A1F8210047
:10BF7000C1F8230001F127002F310C910D90FFE74C
:10BF80000D990C9A002041F8040B084691420D903F
:10BF9000F6D1FFE70B990020C1F8120001F116005D
:10BFA0001E3107910890FFE70899079A002041F891
:10BFB000040B084691420890F6D1FFE70B99002048
:10BFC000C1F81E0001F12200323105910690FFE711
:10BFD0000699059A002041F8040B08469142069004
:10BFE000F6D1FFE70B990020C1F8320001F13600CD
:10BFF000463103910490FFE70499039A002041F829
:10C00000040B084691420490F6D1FFE709990B9A78
:10C010000020A2F846004FF6FF72A1F86520A1F8B3
:10C020006720A1F86920A1F86B20A1F86D20A1F884
:10C030006F004867886781F87C0001F17D0001F599
:10C04000BE7101910290FFE70299019A002001F868
:10C05000010B084691420290F6D1FFE709990020B2
:10C06000C1F87C01062088600F9810B080BD0000E8
:10C0700080B582B001900198009000F009F8009816
:10C080004FF4C07122F09FFF02B080BD000000009D
:10C0900080B582B00190019800900FF0DDF8009813
:10C0A00002B080BD0000000080B58EB00C900B91F6
:10C0B0000C9803900B9820B9FFE702208DF8370009
:10C0C00038E00B980068013020B9FFE702208DF8B6
:10C0D00037002FE003990B980A900A980068C8600F
:10C0E0000A98011D41F67C10C2F2004018F054FF7E
:10C0F000014603980968C0F8C81009900FF040F88D
:10C100000398D0F8C800019009980490049905A8F4
:10C11000029021F019FB019802990FF0BDFB0298E3
:10C1200021F042FB039901200874C1F8C4008DF886
:10C130003700FFE79DF837000EB080BD000000001B
:10C1400081B000900098A52101700021A0F8011095
:10C15000C1700171A0F8051001B070470000000027
:10C1600080B582B0019001980090FFF7E9FF009838
:10C1700002B080BD0000000080B582B0019001983F
:10C180000090FFF7DDFF009802B080BD00000000C6
:10C1900080B582B0019001980090FFF7D1FF009820
:10C1A00002B080BD0000000080B582B0019001980F
:10C1B0000090007C08B9FFE724E00099D1F8CC0298
:10C1C0004968884204D9FFE7009800F041F8FFE78A
:10C1D000EEF71EFE0099D1F8D012401AB0F5FA7FA2
:10C1E00010D9FFE7009890F8BE0050B1FFE7009922
:10C1F000002081F8BE00EEF70BFE0099C1F8D002D6
:10C20000FFE7FFE702B080BD80B582B001900198E2
:10C210000090007C08B9FFE716E0EEF7F9FD009901
:10C220004968401AB0F57A7F07D9FFE700990220E4
:10C2300008740120C1F8C40006E0009901200874C8
:10C240000220C1F8C400FFE702B080BD000000007A
:10C2500080B594B0129012980890007C20B9FFE746
:10C2600002208DF84F0068E100201190FFE7089848
:10C2700011990791CC3011F067FB0146079888426D
:10C2800080F04A81FFE70898CC3011991AF06CFAD7
:10C290000078A52801D0FFE73AE10898CC30119941
:10C2A0001AF062FA10901098B0F805000146069155
:10C2B000012822D0FFE7069880B202284CD0FFE781
:10C2C000069880B203286ED0FFE7069880B240F24D
:10C2D0000121884200F08A80FFE7069880B240F290
:10C2E0000221884200F0A480FFE7069880B240F265
:10C2F0000131884200F0BF8008E10898119910319F
:10C300000591CC3011F020FB01460598884201D9F7
:10C31000FFE7FCE010980F900F98C1890E2205F0FE
:10C3200023FE012801D0FFE7F1E00899DDF83CC0C9
:10C33000DCF80000DCF80420DCF80830DCF80CC085
:10C34000C1F81DC0C1F81930C1F81520C1F811009D
:10C3500011980F301190DAE0089811990A31049180
:10C36000CC3011F0F1FA01460498884201D9FFE778
:10C37000CDE010980E900E980189082205F0F4FD8A
:10C38000012801D0FFE7C2E008990E9A1089A1F8B0
:10C39000290010685268C1F82520C1F821001198C1
:10C3A00009301190B3E00898119929310391CC30EC
:10C3B00011F0CAFA01460398884201D9FFE7A6E0C6
:10C3C00010980D900D98B0F82710272205F0CCFD9D
:10C3D000012801D0FFE79AE008980D992B30292217
:10C3E000E4F7AEF911982830119090E0089811996F
:10C3F00016310291CC3011F0A7FA0146029888421A
:10C4000001D9FFE783E010980C900C98818A1422E0
:10C4100005F0AAFD012801D0FFE778E008980C9903
:10C420006D301622E4F78CF91198153011906EE0FA
:10C430000898119919310191CC3011F085FA014613
:10C440000198884201D9FFE761E010980B900B98A2
:10C45000B0F81710172205F087FD012801D0FFE77B
:10C4600055E008980B9983301922E4F769F911987F
:10C47000183011904BE00898119910310091CC3090
:10C4800011F062FA01460098884201D9FFE73EE0C8
:10C4900010980A900A98B0F8090040F209118842F1
:10C4A00006D0FFE70A98B0F80900092808D1FFE78D
:10C4B0000A98B0F8070040F20121884201D0FFE756
:10C4C00026E00A98C1890E2205F04EFD012801D010
:10C4D000FFE71CE00899DDF828C0DCF80000DCF874
:10C4E0000420DCF80830DCF80CC0C1F8BDC0C1F88D
:10C4F000B930C1F8B520C1F8B10011980F301190D2
:10C50000EEF786FC0899C1F8D00200E0FFE7FFE7EC
:10C51000119801301190AAE60898CC3000218DF8CE
:10C5200027100DF127011AF00FF9EEF771FC0899A9
:10C53000486001208DF84F00FFE79DF84F0014B0D0
:10C5400080BD00000000000080B582B0019001981D
:10C5500000900EF061FE00984FF0FF31416002B094
:10C5600080BD00000000000080B584B003900398F7
:10C5700002900EF059FE029845F23051C0F60401C7
:10C5800008310160A52242740021019141820175A8
:10C590004175C182037E03F0F0030376037E03F04E
:10C5A0000F030376A0F81910C0F81B10A0F81F1095
:10C5B00080F82120418480F8241080F82510C1845F
:10C5C00080F82810A0F8291080F82B20818580F8A9
:10C5D0002E1080F82F10018641868186C186018742
:10C5E00041878187C187A0F84010A0F84210A0F8C9
:10C5F0004410A0F84610A0F84810A0F84A10A0F87F
:10C600004C10A0F84E10A0F85010A0F8521080F86E
:10C610005420A0F8551080F8571080F85810A0F852
:10C62000591090F85B3003F0FE0380F85B3090F80F
:10C630005B3003F0FD0380F85B3090F85B3003F073
:10C64000FB0380F85B3090F85B3003F0F70380F871
:10C650005B3090F85B3003F0EF0380F85B3090F8CC
:10C660005B3003F0DF0380F85B3090F85B3003F061
:10C670003F0380F85B3084463CF85C3F23F00303C3
:10C68000ACF80030BCF8003023F00C03ACF80030FC
:10C69000BCF8003023F4FE63ACF800309CF802E0F4
:10C6A000BCF8003043EA0E4340F2FF7EC0F2F00EC9
:10C6B00003EA0E03ACF800301B0C8CF802309CF837
:10C6C000023003F0CF038CF802309CF8023003F004
:10C6D0003F038CF80230A0F85F1080F86120A0F8CA
:10C6E000621080F8641080F86510A0F8661080F879
:10C6F000681080F8691080F86A10A0F86B1080F854
:10C700006D20A0F86E1080F8701080F87110A0F8FD
:10C71000721080F8741080F87510A0F87610A0F8E8
:10C720007810A0F87A10A0F87C10A0F87E1090F88D
:10C73000803003F0FE0380F8803090F8803003F002
:10C74000FD0380F8803090F8803003F0FB0380F820
:10C750008030A0F8811080F88320A0F8841080F841
:10C76000861080F88710A0F88810A0F88A10A0F82A
:10C770008C10C0F88E10A0F89210A0F89410A0F8B9
:10C780009610A0F89810A0F89A1080F89C20A0F8B5
:10C790009D1080F89F1080F8A010A0F8A110C0F89C
:10C7A000A310C0F8A710C0F8AB10A0F8AF1080F825
:10C7B000B120A0F8B21080F8B41080F8B510A0F83D
:10C7C000B610A0F8B810A0F8BA10A0F8BC1080F805
:10C7D000BE10A0F8BF10C0F8C410C0F8C810CC300C
:10C7E0004FF40071E4F7CCF801990298C0F8CC122C
:10C7F000C0F8D0120521816004B080BD00000000A7
:10C8000080B582B001900198009000F009F800987E
:10C810004FF4357122F0D7FB02B080BD000000005C
:10C8200080B582B00190019800900EF015FD00983F
:10C8300002B080BD0000000081B00090022001B075
:10C84000704700000000000080B58AB0089008988A
:10C8500002904068013020B9FFE702208DF82700E0
:10C8600013E00298011D059006A8019005AA21F089
:10C87000D3FE019A41F62841C2F2004103A818F004
:10C880005FFC01208DF82700FFE79DF827000AB024
:10C8900080BD00000000000081B00090022001B0C7
:10C8A000704700000000000080B584B0029002983C
:10C8B00001904068013020B9FFE702208DF80F0099
:10C8C0000BE00198011D41F62840C2F2004018F02B
:10C8D0002BFC01208DF80F00FFE79DF80F0004B03E
:10C8E00080BD00000000000081B0009000984FF073
:10C8F000FF31016001B0704782B0019000910220C9
:10C9000002B070470000000081B00090009845F22E
:10C910005451C0F604010831016001B070470000B5
:10C9200080B582B001900198009000F009F800985D
:10C93000082122F048FB02B080BD0000000000008A
:10C9400080B582B001900198009045F25451C0F634
:10C95000040108310160FFF7A7FF009802B080BD15
:10C9600080B584B0029002980190007B20B9FFE767
:10C9700002208DF80F0012E00198C069FCF798FBC7
:10C980000198007B032806D1FFE701990120087375
:10C990008DF80F0003E002208DF80F00FFE79DF8EF
:10C9A0000F0004B080BD000080B58CB00A900991E2
:10C9B0000A980290099820B9FFE702208DF82F000D
:10C9C00031E00298007B032804D1FFE702208DF8B4
:10C9D0002F0028E002980999089108990968816058
:10C9E00008994A68014641F81C2F009110301FF049
:10C9F00077F902980EF054FC00990298059006A869
:10CA0000019005AA21F05CFE019A41F6C831C2F2FC
:10CA1000004103A818F084FE029903200873012046
:10CA20008DF82F00FFE79DF82F000CB080BD0000AF
:10CA300080B584B0029002980190007B20B9FFE796
:10CA400002208DF80F000AE00198C069FCF76CF82D
:10CA500001990320087301208DF80F00FFE79DF86E
:10CA60000F0004B080BD000081B0009001B070479D
:10CA700080B582B00190019800900EF039FC0098CA
:10CA80000021416002B080BD80B586B00191049064
:10CA9000039104980290007B20B9FFE702208DF8F3
:10CAA000170008E00199029810301FF051F9012099
:10CAB0008DF81700FFE79DF8170006B080BD000055
:10CAC00080B584B00290019100920298007B20B959
:10CAD000FFE702208DF80F000EE00198BDF800106E
:10CAE000E7F76AF820B1FFE702208DF80F0003E0B6
:10CAF00001208DF80F00FFE79DF80F0004B080BD06
:10CB000080B582B00190019800900EF019FC009859
:10CB100045F27051C0F604010831016010301FF079
:10CB20003FF900980021C1610421416002B080BD3D
:10CB300080B582B001900198009000F009F800984B
:10CB4000202122F040FA02B080BD00000000000069
:10CB500080B584B0029002980190039045F2705124
:10CB6000C0F60401083101600EF0CAFB019880682C
:10CB7000013050B1FFE7019800F11C0141F6C830C7
:10CB8000C2F2004018F0C0FDFFE7019810301FF01E
:10CB90001BF901980EF0ECFB039804B080BD000077
:10CBA00080B586B00490039104980190039820B951
:10CBB000FFE702208DF817005FE00398006801305E
:10CBC00020B9FFE702208DF8170056E0019903987D
:10CBD000029003980068C8600298011D41F67C101D
:10CBE000C2F2004018F0D8F901990068086702986D
:10CBF0008068C1F8900002988089A1F8940002989A
:10CC00000069C1F898000298808AA1F89C000298F7
:10CC1000807DC00708B3FFE70198012180F89E10CE
:10CC2000029A9269C0F8A020029AD269C0F8A420A2
:10CC3000029A126AC0F8A820029A82F82410029A76
:10CC40006421D184029A0021C4F2C8219163AC30DE
:10CC5000029924310DF088FBFFE701980EF090FA5D
:10CC600001980FF09DF90199012081F8450081F8A4
:10CC7000440008748DF81700FFE79DF8170006B010
:10CC800080BD00000000000083B00190019800907A
:10CC9000007C20B9FFE702208DF80B0010E000981F
:10CCA0008069012808D1FFE700994FF0FF308861C3
:10CCB00001208DF80B0003E001208DF80B00FFE749
:10CCC0009DF80B0003B0704780B586B004900498BF
:10CCD0000390007C20B9FFE702208DF8170023E0C5
:10CCE00003988069013028B1FFE703988069022822
:10CCF00016D1FFE7039B6946002048601E200860AC
:10CD00004DF2B110C0F6010045F6F231C0F6040153
:10CD10004FF4807225F034FC01208DF8170003E0F9
:10CD200002208DF81700FFE79DF8170006B080BDC0
:10CD300080B59EB01C901C980A9090F89E00C00789
:10CD400020B9FFE702208DF87700C3E00A988069D8
:10CD500002280BD1FFE70A99D1F8A400D1F8A81056
:10CD6000F4F736FD02208DF87700B3E00A9800F161
:10CD7000AC010591D0F8A000139013A814900120E5
:10CD8000049015901499159A16A807901FF078FC36
:10CD90000A981C30062119F0C3FC01460498096862
:10CDA0000D910DA90E910F900E990F9A10A8069053
:10CDB0001FF066FC0599069B079A19A808900DF0CC
:10CDC0004FFA06981FF0ECFC07981FF0E9FC089852
:10CDD0000A99D1F8A4100968C96A0C919DED0C0A52
:10CDE000B8EE400A8DED090A00211FF019FD9DEDF6
:10CDF000090A01460A9891ED001A20EE010A9FEDFA
:10CE0000371A80EE010ABCEEC00A8DED0B0AD0F88D
:10CE1000A80040B9FFE70A980B99D0F8A400006871
:10CE200040F8341F4FE00A98D0F8A800042809D130
:10CE3000FFE70A980B99D0F8A400006840F8381F63
:10CE400003903EE00A98D0F8A800082809D1FFE72F
:10CE50000A980B99D0F8A400006840F83C1F029093
:10CE60002CE00A98D0F8A8000C2809D1FFE70A980E
:10CE70000B99D0F8A400006840F8401F01901AE018
:10CE80000A98D0F8A800102809D1FFE70A980B9952
:10CE9000D0F8A400006840F8581F009008E00A98F5
:10CEA0000B99D0F8A400006840F85C1F0090FFE7E1
:10CEB00000980190FFE701980290FFE70298039025
:10CEC000FFE70398FFE701208DF8770019A81FF00E
:10CED00067FCFFE79DF877001EB080BD0000C842E8
:10CEE00080B58EB00C900C980290002103918DF8C3
:10CEF0002F100DF12F02049200F056FB96200590A2
:10CF00000FF086F802980399049A00F04DFB0598FB
:10CF10000FF07EF802981421B62200F0F9FB5020A1
:10CF200024F0DAFD02980399049A00F03DFB05987D
:10CF30000FF06EF802980399049A00F035FB0598FB
:10CF40000FF066F89DF82F000F2804D0FFE70220AD
:10CF50008DF837003DE01120ADF82C000F20C8F20D
:10CF600010200A900AA8099009980890099806309C
:10CF70000790FFE708980799884226D0FFE70298B4
:10CF800008990691069A1178527800F0C1FB962014
:10CF900001900FF03DF80298069909780DF12F02E3
:10CFA00000F002FB01980FF033F89DF82F0006996E
:10CFB0004978884204D0FFE702208DF8370008E066
:10CFC000FFE7089802300890D4E701208DF8370079
:10CFD000FFE79DF837000EB080BD000000000000A4
:10CFE00080B58EB00C900C980190002102918DF8C4
:10CFF0002F100DF12F02039200F05EFB962004909B
:10D000000FF006F801980299039A00F055FB049876
:10D010000EF0FEFF01987E21B62200F099FB502011
:10D0200024F05AFD01980299039A00F045FB0498F8
:10D030000EF0EEFF01980299039A00F03DFB049870
:10D040000EF0E6FF9DF82F001E2804D0FFE7022017
:10D050008DF8370040E04AF64030C0F241000A90B7
:10D0600040F27D40C0F27C00099009A80890089821
:10D070000790089808300690FFE7079806998842BD
:10D0800026D0FFE7019807990591059A1178527803
:10D0900000F05EFB962000900EF0BAFF0198059913
:10D0A00009780DF12F0200F007FB00980EF0B0FF99
:10D0B0009DF82F0005994978884204D0FFE70220A7
:10D0C0008DF8370008E0FFE7079802300790D4E7B3
:10D0D00001208DF83700FFE79DF837000EB080BDC6
:10D0E00080B582B0019001980090007C08B9FFE7FC
:10D0F00008E000988069012804D1FFE7009800F05B
:10D10000F7F8FFE702B080BD80B582B001900199C9
:10D11000D1F89800B1F89C100022EDF761FE02B042
:10D1200080BD00000000000080B582B00190019831
:10D130000090007C08B9FFE708E0009880690128AA
:10D1400004D1FFE70098FFF7F3FDFFE702B080BDD1
:10D1500080B582B001900199D1F89000B1F8941097
:10D160000022EDF73DFE02B080BD0000000000008F
:10D1700080B582B001900199D1F89800B1F89C1067
:10D180000122EDF72DFE02B080BD0000000000007E
:10D1900080B582B001900199D1F89000B1F8941057
:10D1A0000122EDF71DFE02B080BD0000000000006E
:10D1B00080B58AB00990099820B9FFE7002024F0D3
:10D1C000C7FCFFE7099808900A2007900020069006
:10D1D00005900490C821039108998861FFE707989A
:10D1E000411E079188B1FFE70898FFF7F9FE012873
:10D1F00007D1FFE70898FFF773FE012801D1FFE789
:10D2000003E0642024F068FCE9E70798002807DCC5
:10D21000FFE7089902208861002024F099FCFFE7CD
:10D2200008990020C1F8F4000899C1F8F80008999D
:10D23000C1F8FC000290FFE70298C72834D8FFE746
:10D24000089800F055F808981C30032119F068FA86
:10D2500090ED001A9DED060A30EE010A8DED060AEA
:10D2600008981C300421019119F05AFA90ED001A27
:10D270009DED050A30EE010A8DED050A08981C3077
:10D28000052119F04DFA0146019891ED001A9DED26
:10D29000040A30EE010A8DED040A24F01DFCFFE7BC
:10D2A000029801300290C7E79DED060A9FED0E1A25
:10D2B00080EE010A089880ED3D0A9DED050A80EE9A
:10D2C000010A089880ED3E0A9DED040A80EE010AED
:10D2D000089880ED3F0A089901208861002024F019
:10D2E00037FC0AB080BD00BF0000484300000000CA
:10D2F00080B592B0119011980E9000210C91109170
:10D300000F9112210FAA0D92062300F075F90E98C5
:10D310000C999DF83C209DF83D3042EA032212B260
:10D3200000EE102AB8EEC00A9FED671A8DED091ABB
:10D3300020EE010A8DED070A1C300A9019F0F0F971
:10D340009DED070A9DED091A01460A9881ED000A34
:10D350009DF83E109DF83F2041EA022109B200EEFF
:10D36000101AB8EEC00A20EE010A8DED080A01215C
:10D3700019F0D6F99DED080A9DED091A01460A98A3
:10D3800081ED000A9DF840109DF8412041EA0221FC
:10D3900009B200EE101AB8EEC00A20EE010A8DEDB7
:10D3A0000B0A022119F0BCF99DED0B0A0C990D9A9C
:10D3B00003460E9883ED000A082300F0A5F89DF8B7
:10D3C0003C000F285AD1FFE70E989DF83E109DF8BB
:10D3D0003F2041EA022109B200EE101AB8EEC01A4D
:10D3E00090ED3D0A9FED392A8DED042A91EE020A57
:10D3F0008DED020A1C300590032119F091F99DED85
:10D40000020A0E999DED042A0246059882ED000A53
:10D410009DF840209DF8413042EA032212B200EE0E
:10D42000102AB8EEC01A91ED3E0A91EE020A8DED77
:10D43000030A042119F074F99DED030A0E999DED7C
:10D44000042A0246059882ED000A9DF842209DF8C4
:10D45000433042EA032212B200EE102AB8EEC01A9C
:10D4600091ED3F0A91EE020A8DED060A052119F0B1
:10D4700057F99DED060A80ED000AFFE70E9822217C
:10D480000FAA022300F0B8F80E989DF83C109DF802
:10D490003D20C90041EA521100EE101AB8EEC01A40
:10D4A000B4EE002AB3EE070AA1EE020A8DED010ADE
:10D4B0001C30062119F034F99DED010A80ED000AB7
:10D4C000012012B080BD00BFE7416B3A58A00B3A73
:10D4D00080B582B00190019800900EF089FD00980F
:10D4E0000021816081810161818281750022C4F205
:10D4F00020228261C161016224300CF095FE009807
:10D5000002B080BD00000000D0B502AF8CB047F87B
:10D510000C0C07F80D1C47F8142C47F8183C57F86A
:10D520000C0C47F82C0CFFF7EFFD57F82C0C17F8F4
:10D530000D1C41F0800107F8191C006FA7F11901BB
:10D5400001220BF051FE57F8181C47F8301C6846B2
:10D5500047F8200CC81D20F007026846801A47F8DB
:10D56000340C854647F8241C57F8181C01445522F2
:10D5700047F8282CA7F1280218F0C2FA57F8341CF3
:10D5800057F8303C57F82C0C006F57F8142C0BF060
:10D59000EBFD57F82C0CFFF7EBFD57F8200C8546F8
:10D5A000A7F10804A546D0BD80B586B005908DF8DA
:10D5B0001310039205980190FFF7A6FD01989DF8BE
:10D5C000131041F080018DF80B10006F0DF10B016D
:10D5D000012200920BF008FE009B019855218DF866
:10D5E0000A10006F039A0DF10A010BF0BDFD0198BE
:10D5F000FFF7BEFD06B080BDD0B502AF8EB047F8D4
:10D600000C0C07F80D1C47F8142C47F8183C57F879
:10D610000C0C47F82C0CFFF79BFD57F82C0C17F857
:10D620000D1C41F0800107F8191C006FA7F11901CA
:10D6300047F83C1C012247F8382C0BF0D5FD57F871
:10D640003C1C57F8382C57F82C0C006F0BF0CCFD15
:10D6500057F8181C47F8301C684647F8200CC81DBE
:10D6600020F007026846801A47F8340C854647F8D0
:10D67000241C57F8181C0144552247F8282CA7F100
:10D68000280218F03DFA57F8341C57F8303C57F888
:10D690002C0C006F57F8142C0BF066FD57F82C0C6F
:10D6A000FFF776FD57F8200C8546A7F10804A5463C
:10D6B000D0BD00000000000080B586B005908DF858
:10D6C0001310039205980190FFF742FD01989DF811
:10D6D000131041F080018DF80A10552100918DF84A
:10D6E0000B10006F0DF10A0102220BF07DFD009975
:10D6F00001988DF80910006F039A0DF109010123BB
:10D700000BF032FD0198FFF743FD06B080BD00002D
:10D7100080B584B003908DF80B108DF80A20039823
:10D720000190FFF7F1FC01989DF80B108DF808109F
:10D730009DF80A108DF80910006F02A902220BF063
:10D7400053FD0198FFF714FD04B080BD00000000F8
:10D7500080B584B003908DF80B108DF80A200398E3
:10D760000190FFF7F5FC01989DF80B108DF808105B
:10D770009DF80A108DF80910006F02A902220BF023
:10D7800033FD0198FFF704FD04B080BD00000000E8
:10D7900080B584B00390039801900EF07DFC019851
:10D7A00045F29051C0F60401083101600021029158
:10D7B00080F8381080F83910C163016480F8441093
:10D7C00080F8451080F8461080F8471080F848101F
:10D7D00080F8491080F84A1080F84B1080F84C10FF
:10D7E00080F84D1080F84E1080F84F1080F85010DF
:10D7F00080F8511080F8521080F8531080F85410BF
:10D800008165A0F85C1001664166816680F86C1045
:10D81000016741678167C167C0F88010C0F8841054
:10D82000C0F88810C0F88C10C0F89010A0F89410C0
:10D83000C0F89810A0F89C1080F89E100022C4F246
:10D840002022C0F8A020C0F8A410C0F8A810AC3066
:10D850000CF0E2FD019802994EF60A02C4F21C1285
:10D86000C0F8F020C0F8F410C0F8F810C0F8FC10B0
:10D87000416104B080BD000080B582B00190019884
:10D88000009000F009F800984FF4807121F09BFBA4
:10D8900002B080BD0000000080B582B00190019808
:10D8A000009045F29051C0F60401083140F8AC1BDD
:10D8B0000CF0D6FD00980EF013FC009802B080BD6D
:10D8C00080B5ADF5906DCDF87804CDF87414DDF821
:10D8D00078040490DDF874040068013020B9FFE793
:10D8E00002208DF87F04ABE0DDF8741405A80390E6
:10D8F0004FF48C62E2F7ABFF0398049A05999160AC
:10D9000000F1080141F62840C2F2004017F0D0FBB8
:10D910000146049809684164406C20B9FFE7022081
:10D920008DF87F048CE0049800F5B070DDF8741475
:10D9300000F09AF80498BDF87014A0F85410B0F8EC
:10D94000541000EE101AB8EE400A80ED550A90ED22
:10D95000550A9FED3E1A20EE010A80ED560AD0F8D6
:10D96000541145F2B432C2F200421160583005A998
:10D97000029101F564710AF013F80299049870306D
:10D9800001F56A710AF00CF802990498883001F5E3
:10D9900070710AF005F802990498A03001F57671CB
:10D9A00009F0FEFF02990498B83001F57C7109F086
:10D9B000F7FF02990498D03001F5816109F0F0FF7A
:10D9C00002990498E83001F5846109F0E9FF0299B1
:10D9D000049800F5807001F5876109F0E1FFDDF83A
:10D9E00064040130C8B1FFE7DDF86804A8B1FFE7BF
:10D9F000049800F58C70DDF86414DDF86824DDF817
:10DA00006C34EC46CCF80030002301930BF044F862
:10DA100004990198C1F83C01FFE7049802F0F8FC72
:10DA200004980EF0F5F8049941F67810C2F200401F
:10DA3000016000200871012008738DF87F04FFE762
:10DA40009DF87F040DF5906D80BD00BFF6285C3F0A
:10DA500081B0009000980021017041608160C16038
:10DA60000161416101B0704780B5ADF59D6DCDF8A4
:10DA7000E004CDF8DC14DDF8E0041C90DDF8DC04F3
:10DA80000068013020B9FFE702208DF8E704C0E10B
:10DA9000DDF8DC141FA81A904FF48C62E2F7D7FE71
:10DAA0001A98011D41F63440C2F2004017F070FC94
:10DAB0001C9A01461A980968516200F10C0141F262
:10DAC000B830C2F200401B9017F06EFB1A991C9BF5
:10DAD00002461B9812689A62103117F065FB1A997A
:10DAE0001C9B02461B981268DA62143117F05CFB2B
:10DAF0001A991C9B02461B9812681A63183117F07A
:10DB000053FB1C99006848632698013068B1FFE711
:10DB10001FA800F11C0141F2B830C2F2004017F01A
:10DB200043FB1C9900688863FFE72798013068B1C0
:10DB3000FFE71FA800F1200141F2B830C2F2004017
:10DB400017F032FB1C990068C863FFE72898013082
:10DB500068B1FFE71FA800F1240141F2B830C2F21A
:10DB6000004017F021FB1C9900680864FFE7299822
:10DB7000013068B1FFE71FA800F1280141F2B83079
:10DB8000C2F2004017F010FB1C9900684864FFE7E0
:10DB90001C982E990C9100F584600F90002119912A
:10DBA00018F09AFD0C9902460F9811602F990D916B
:10DBB0000121129118F090FD0D9902460F98116005
:10DBC00030990E910221149118F086FD0E990246AB
:10DBD0000F981160319910910321169118F07CFD76
:10DBE000109A199903461C981A60329A119200F5FE
:10DBF0008660179018F070FD119A129903461798D5
:10DC00001A60339A139218F067FD139A1499034619
:10DC100017981A60349A159218F05EFD159A1699A5
:10DC2000034617981A60359A189218F055FD1899FE
:10DC30000246199811601E90FFE71E98032853DCD6
:10DC4000FFE71FA80890843004901E9918F0D8FCB4
:10DC500002461C98012109911170D0301E9918F0CC
:10DC60002FFD0146049805911E9918F0C9FC014644
:10DC700005980CF079FB089800F5DE7006901E9967
:10DC800018F0BEFC099902461C98117000F5F0705E
:10DC90001E9918F015FD0146069807911E9918F077
:10DCA000AFFC014607980CF05FFB089800F5237065
:10DCB0000A901E9918F0A4FC099902461C9811704C
:10DCC00000F53C701E9918F0FBFC01460A980B9178
:10DCD0001E9918F095FC01460B980CF045FBFFE7E8
:10DCE0001E9801301E90A8E71C981FA9019101F50C
:10DCF000AA7103228DF8D0218C300CF035FB0199EC
:10DD00001C9801F5C47101228DF8042248300CF0F2
:10DD10002BFB1C98416A41F6D832C2F200421160D6
:10DD2000406A0168496988471C9800F580600021B5
:10DD30000291ADF876100DF1760118F039FD1C98BE
:10DD4000029900F58160ADF874101DA918F030FD3E
:10DD50001C990298896B0029039041D0FFE71C9819
:10DD6000C16B00200390D9B3FFE71C98016C002021
:10DD70000390A9B3FFE71C98416C0020039079B38E
:10DD8000FFE71C9800F586600021009118F0A4FCC4
:10DD9000014600980968039011B3FFE71C9800F54D
:10DDA0008660012118F098FC016800200390B9B149
:10DDB000FFE71C9800F58660022118F08DFC0168D1
:10DDC0000020039061B1FFE71C9800F586600321F5
:10DDD00018F082FC0068002818BF01200390FFE7BC
:10DDE0001C98039901F0010180F8401490F8400458
:10DDF000C00730B9FFE71C99022048718DF8E7048D
:10DE000007E01C9900200871012048718DF8E70493
:10DE1000FFE79DF8E7040DF59D6D80BD0000000053
:10DE200081B0009000980021016041608160C16074
:10DE300001B070470000000080B5ADF53C7DBB909F
:10DE40008DEDBA0ACDEDB90A8DEDB81ABB982D90BB
:10DE5000806A1C3000212B9118F096FC2B99024609
:10DE60002D9892ED000AB8EEC00A8DEDAF0AC06A97
:10DE70001C3018F089FC2B9902462D9892ED000A6F
:10DE8000B8EEC00A8DEDB00A006B1C3018F07CFCB7
:10DE90002B9902462D9892ED000AB8EEC00A8DED3E
:10DEA000B10A406B1C3018F06FFC90ED000AB8EE20
:10DEB000C00A8DEDB20AAFA8B39004202E90B490A2
:10DEC000B399B49AB5A81EF0DBFB2D982B99806B03
:10DED0001C3018F059FC2B9902462D9892ED000A3F
:10DEE000B8EEC00A8DEDA60AC06B1C3018F04CFCD1
:10DEF0002B9902462D9892ED000AB8EEC00A8DEDDE
:10DF0000A70A006C1C3018F03FFC2B9902462D9894
:10DF100092ED000AB8EEC00A8DEDA80A406C1C30E4
:10DF200018F032FC01462E9891ED000AB8EEC00AB6
:10DF30008DEDA90AA6A9AA91AB90AA99AB9AACA813
:10DF40001EF09EFB2D98806B1C3001212C9118F047
:10DF50001BFC2C9902462D9892ED000AB8EEC00ADF
:10DF60008DED9D0AC06B1C3018F00EFC2C990246FA
:10DF70002D9892ED000AB8EEC00A8DED9E0A006C55
:10DF80001C3018F001FC2C9902462D9892ED000AE5
:10DF9000B8EEC00A8DED9F0A406C1C3018F0F4FBFF
:10DFA00001462E9891ED000AB8EEC00A8DEDA00A48
:10DFB0009DA9A191A290A199A29AA3A81EF060FB8D
:10DFC00040F6F440C2F200400078BFF35F8FC00714
:10DFD00060BBFFE740F6F440C2F2004023F00BFBC9
:10DFE00020B3FFE700209790989099909A9097A877
:10DFF0009B9004209C909B999C9A41F64040C2F2D1
:10E0000000402A901EF03CFB2A994CF2A170C0F609
:10E01000030040F20002C0F60002E2F737FB40F6D0
:10E02000F440C2F2004023F0FCFAFFE740F2F34074
:10E03000C3F6357096909DEDB90A9DEDB81A9DED29
:10E04000962AA1EE420A8DED950A9DEDBA0A9DED44
:10E05000B81A9DED962AA1EE020A8DED940A9DED67
:10E06000B90A9DEDB81A9DED962AA1EE020A8DED32
:10E07000930A9DEDBA0A9DEDB81A9DED962AA1EE80
:10E08000020A8DED920A9DEDB90A9DEDB81A9DED3B
:10E09000962AA1EE420A8DED910A9DEDBA0A9DEDF8
:10E0A000B81A9DED962AA1EE420A8DED900A9DEDDB
:10E0B000B90A9DEDB81A9DED962AA1EE020A8DEDE2
:10E0C0008F0A9DEDBA0A9DEDB81A9DED962AA1EE34
:10E0D000420A8DED8E0A43F2BD70C3F286508D90D8
:10E0E0009DEDBA0AB0EEC00A00209FEDEC1AB4EE26
:10E0F000410AF1EE10FA29901DDAFFE79DEDB90A09
:10E10000B0EEC00A00209FEDE51AB4EE410AF1EE30
:10E1100010FA29900FDAFFE79DEDB80AB0EEC00AB9
:10E120009FEDDE1A0020B4EE410AF1EE10FAB8BFFE
:10E1300001202990FFE7299800F001008DF83302B3
:10E1400089A81EF019FB9DF83302C00740B1FFE714
:10E1500041F64041C2F2004189A81EF031FB55E072
:10E160009DED940ADDED950A18F0B2FC9FEDCC1AF6
:10E170008DED261A80EE010A9FEDCA1A8DED271A41
:10E1800020EE010A8DED830A9DED920ADDED930AE2
:10E1900018F09EFC9DED262A9DED271A80EE020ABE
:10E1A00020EE010A8DED840A9DED900ADDED910AC5
:10E1B00018F08EFC9DED262A9DED271A80EE020AAE
:10E1C00020EE010A8DED850A9DED8E0ADDED8F0AA8
:10E1D00018F07EFC9DED262A9DED271A80EE020A9E
:10E1E00020EE010A8DED860A83A88790042088908E
:10E1F0008799889A89A828901EF0FAFA289941F6FA
:10E200004040C2F200401EF0DBFAFFE79DF8330207
:10E21000C007C8B9FFE79DED920ADDED930A41F60C
:10E220000440C2F20040259021F0BEFA259890EDFE
:10E23000000A9FED9B1A80EE010A9FED9A1A20EECC
:10E24000010A80ED000AFFE789A81D9000212491B2
:10E250001EF0E6FA01461D98096841F6E832C2F25E
:10E2600000421E92116001211F911EF0D9FA1E9AE0
:10E2700001461D9809685160022120911EF0D0FAD4
:10E280001E9A01461D9809689160032121911EF094
:10E29000C7FA1E9A24990068D060A3A822901EF0A5
:10E2A000BFFA1F990246229892ED000A45F26032A9
:10E2B000C0F60402239292ED001AB8EEC11A30EEB5
:10E2C000410A8DED7A0A1EF0ABFA2099239A034693
:10E2D000229893ED000A92ED011AB8EEC11A30EEC1
:10E2E000410A8DED7B0A1EF09BFA2199239A034681
:10E2F000229893ED000A92ED021AB8EEC11A30EEA0
:10E30000410A8DED7C0A1EF08BFA0146239891EDAF
:10E31000000A90ED031AB8EEC11A30EE410A8DEDF5
:10E320007D0A7AA87E9004207F907E997F9A80A8AB
:10E330001EF0A6F924987990FFE7799803283BDC32
:10E34000FFE7799980A81EF06BFA90ED000A9FED27
:10E35000551AB4EE410AF1EE10FA0DDDFFE7799996
:10E3600080A81EF05DFA90ED000A9FED4F1A30EE86
:10E37000010A80ED000AFFE7799980A81EF050FAA3
:10E3800090ED000A9FED491AB4EE410AF1EE10FA41
:10E390000DDAFFE7799980A81EF042FA90ED000AA5
:10E3A0009FED431A30EE010A80ED000AFFE7FFE718
:10E3B000799801307990C0E79DED951A9DED940A0A
:10E3C00020EE000AA1EE010A26F018FA8DED700A7F
:10E3D0009DED931A9DED920A20EE000AA1EE010A2E
:10E3E00026F00CFA8DED710A9DED911A9DED900AC3
:10E3F00020EE000AA1EE010A26F000FA8DED720A65
:10E400009DED8F1A9DED8E0A20EE000AA1EE010A05
:10E4100026F0F4F98DED730A70A8749004207590BD
:10E420007499759A76A81EF02BF900206F90FFE77B
:10E430006F98032800F3F980FFE76F9989A81EF011
:10E44000EFF990ED000A8DED1C0A6F9980A81EF07F
:10E45000E7F99DED1C0A90ED001A30EE410A8DEDB2
:10E460006E0A9DED6E0A9FED0F1AB4EE410AF1EEB1
:10E4700010FA09DDFFE79DED6E0A9FED0B1A30EEF5
:10E48000010A8DED6E0A27E09DED6E0A9FED071AD9
:10E49000B4EE410AF1EE10FA1DDA13E0BD3786350D
:10E4A000DA0F494000008045000000C6000080C52A
:10E4B0000000004600000045DB0F494000008039A5
:10E4C000000000C59DED6E0A1FED071A30EE010A2F
:10E4D0008DED6E0AFFE7FFE79DED6E0A1FED0B1A4B
:10E4E000B4EE410AF1EE10FA2CDDFFE76F9989A82E
:10E4F0001EF096F990ED000A1FED141A30EE010A95
:10E5000080ED000A9DED6E0A1FED151A20EE010A3E
:10E510001FED161A20EE010A18F092FA0B2018F0DF
:10E520009BFAB7EEC00B8DED1B0A6F9976A81EF013
:10E5300077F99DED1B1A90ED000A20EE010A80ED9F
:10E54000000A36E09DED6E0A1FED231AB4EE410A73
:10E55000F1EE10FA2CDAFFE76F9989A81EF060F946
:10E5600090ED000A1FED311A30EE010A80ED000A2D
:10E570009DED6E0A1FED301A20EE010A1FED311AD3
:10E5800020EE010A18F05CFA0B2018F065FAB7EEDD
:10E59000C00B8DED1A0A6F9976A81EF041F99DED1A
:10E5A0001A1A90ED000A20EE010A80ED000AFFE73A
:10E5B000FFE76F9989A81EF033F990ED000A9FEDEF
:10E5C000F11AB4EE410AF1EE10FA0DDDFFE76F9992
:10E5D00089A81EF025F990ED000A9FEDED1A30EEA6
:10E5E000010A80ED000A1BE06F9989A81EF018F956
:10E5F00090ED000A9FEDE41AB4EE410AF1EE10FA34
:10E600000DDAFFE76F9989A81EF00AF990ED000A6C
:10E610009FEDDE1A30EE010A80ED000AFFE7FFE70A
:10E62000FFE76F9801306F9002E7002019906A9021
:10E630006BA804216AAA1EF06BF819986990FFE78D
:10E640006998032849DCFFE7699976A81EF0E8F885
:10E650000068639063A864900120149065906499A9
:10E66000659A66A818901EF00BF86999B5A81EF077
:10E67000D7F80146149809685D915DA95E915F9095
:10E680005E995F9A60A817901DF0FAFF2D98D03020
:10E69000699918F015F8179B189A01465AA8169010
:10E6A0000BF0DEFD169800211EF0BAF800681590F8
:10E6B00069996BA81EF0B4F8159902461698116076
:10E6C0001EF06EF817981EF06BF818981EF068F898
:10E6D000FFE7699801306990B2E7002013905690E7
:10E6E00057A80421129156AA1EF012F813981299F5
:10E6F000529053A852AA1EF00BF813985190FFE7BE
:10E700005198032800F3A380FFE7519989A81EF0D0
:10E7100087F890ED000A519945F26030C0F6040088
:10E7200000EB810090ED001AB8EEC11A30EE010A3C
:10E730008DED4B0A4BA84C90012009904D904C99BF
:10E740004D9A4EA811901DF09BFF5199A3A81EF061
:10E7500067F8014609980968459145A9469147908F
:10E760004699479A48A810901DF08AFF5199ACA885
:10E770001EF056F80146099809683F913FA940915B
:10E7800041904099419A42A80F901DF079FF2D9831
:10E7900000F5F070519917F093FF109B119A014604
:10E7A0003CA807900BF05CFD079800210B911EF030
:10E7B00037F800680690519957A808901EF030F875
:10E7C00006990246079811601DF0EAFF2D9800F5A2
:10E7D0003C70519917F074FF014608980A915199BD
:10E7E0001EF01EF8014609980968339133A9349147
:10E7F00035903499359A36A80E901DF041FF0A994C
:10E800000E9A0F9B39A80D900BF02AFD0B990D98CD
:10E810001EF006F800680C90519953A81EF000F8FD
:10E820000C9902460D9811601DF0BAFF0E981DF06C
:10E83000B7FF0F981DF0B4FF10981DF0B1FF1198AD
:10E840001DF0AEFFFFE751980130519058E76BA8DB
:10E850000490002100911DF0E3FF0146049891ED22
:10E86000000ABDEEC00A10EE101AADF8C410012166
:10E8700005911DF0D5FF0146049891ED000ABDEE0B
:10E88000C00A10EE101AADF8C610022101911DF059
:10E89000C7FF0146049891ED000ABDEEC00A10EED4
:10E8A000101AADF8C810032102911DF0B9FF0099AC
:10E8B0002D9A90ED000ABDEEC00A10EE100AADF8D8
:10E8C000CA003198329BC2F80434C2F8000453A83D
:10E8D00003901DF0A5FF05990246039892ED000AEA
:10E8E000BDEEC00A10EE102AADF8BC201DF098FF56
:10E8F00001990246039892ED000ABDEEC00A10EE9F
:10E90000102AADF8BE201DF08BFF02990246039835
:10E9100092ED000ABDEEC00A10EE102AADF8C0203C
:10E920001DF07EFF2D9A0146039891ED000ABDEE81
:10E93000C00A10EE101AADF8C2102F99309BC2F821
:10E940000C34C2F808141DF02BFF57A81DF028FF47
:10E9500004981DF025FF76A81DF022FF80A81DF069
:10E960001FFF89A81DF01CFFA3A81DF019FFACA86C
:10E970001DF016FFB5A81DF013FF05980DF53C7DA1
:10E9800080BD00BF00008045000080C5000000463B
:10E99000000000C60000000080B5AEB02C902C989E
:10E9A0000B90407920B9FFE702208DF8B70053E1C2
:10E9B0000B98007901460A91032800F246810A99D2
:10E9C000DFE801F00222CAEF0B9800F58060002119
:10E9D0000991ADF8AE100DF1AE0117F0E9FE0B98FC
:10E9E000099900F58160ADF8AC102BA917F0E0FE95
:10E9F0000B98099900F582602A912AA917F080FEE8
:10EA000001208DF8B70027E10B98806A1C300221A5
:10EA1000079117F0B9FE079903460B980022089258
:10EA20001A60C06A1C3017F0AFFE0799089A0346B7
:10EA30000B981A60006B1C3017F0A6FE0799089A15
:10EA400003460B981A60406B1C3017F09DFE079927
:10EA5000089A03460B981A60806B1C3017F094FEDE
:10EA60000799089A03460B981A60C06B1C3017F080
:10EA70008BFE0799089A03460B981A60006C1C30AD
:10EA800017F082FE0799089A03460B981A60406CAB
:10EA90001C3017F079FE089902460B981160D030AF
:10EAA0002990299817F0CCFD2890299817F0B4FDEB
:10EAB0002790FFE72898279988420AD0FFE72898EF
:10EAC000269026980BF084FBFFE728984430289086
:10EAD000F0E70B9800F5F0702590259817F0B0FD41
:10EAE0002490259817F098FD2390FFE72498239908
:10EAF00088420AD0FFE72498229022980BF068FB06
:10EB0000FFE7249844302490F0E70B9800F53C7020
:10EB10002190219817F094FD2090219817F07CFD0A
:10EB20001F90FFE720981F9988420AD0FFE720989E
:10EB30001E901E980BF04CFBFFE72098443020906D
:10EB4000F0E70B9848300BF043FB0B99022008715B
:10EB500001208DF8B7007FE00B98406A806901289A
:10EB600013D1FFE700201D901C901B901BA800F004
:10EB700077F80B991B981C9A1D9B0B62CA618861E0
:10EB80000320087101204871FFE70B9890ED060AF9
:10EB9000D0ED070A90ED081AFFF74EF98DF8B7008F
:10EBA0005AE00B9890ED080AB2EE041A80EE010AC2
:10EBB0008DED150A15A81690012001901790169951
:10EBC000179A18A806901DF05BFD0B98406A1C3040
:10EBD000052117F0A5FD0146019809680F910FA9BD
:10EBE000109111901099119A12A805901DF048FDEE
:10EBF0000B98059B069A00F148010CA804900BF0B5
:10EC00002FFB0B99049891ED060A8DED020A91ED08
:10EC1000070A8DED030A00211DF002FE9DED020A98
:10EC2000DDED030A01460B9891ED001AFFF704F998
:10EC3000014604988DF8B7101DF0B2FD05981DF03F
:10EC4000AFFD06981DF0ACFD06E00B9900200871A1
:10EC500002208DF8B700FFE79DF8B7002EB080BD09
:10EC600081B000900098002101604160816001B096
:10EC7000704700000000000080B58CB00A900A9830
:10EC800007900B900CF0A4FF079845F2B451C0F622
:10EC90000401083101600830FFF7C2F80798183006
:10ECA000FFF7DEFF079900204862886201F12C001F
:10ECB000383108910990FFE70999089A002041F836
:10ECC000040B084691420990F6D1FFE7079900200E
:10ECD000886301F13C00483105910690FFE70699F1
:10ECE000059A002041F8040B084691420690F6D19F
:10ECF000FFE7079848300BF08FFB07988C300BF03C
:10ED00008BFB0798D03017F0A3FC079800F5F07044
:10ED100017F09EFC079800F53C7017F099FC0799D6
:10ED20000020A1F8000401F2024001F58161039185
:10ED30000490FFE70499039A002021F8020B08468B
:10ED400091420490F6D1FFE707990020A1F808044A
:10ED500001F20A4001F5826101910290FFE70299F8
:10ED6000019A002021F8020B084691420290F6D148
:10ED7000FFE707990020C1F81004C1F81404C1F896
:10ED80001804C1F81C04C1F82004C1F82404C1F817
:10ED90002804C1F82C04C1F83004C1F83404C1F8C7
:10EDA0003804C1F83C0481F840040B980CB080BDD5
:10EDB00080B582B001900198009000F009F80098A9
:10EDC00040F2444120F0FFF802B080BD0000000096
:10EDD00080B584B003900398029045F2B451C0F618
:10EDE000040101F10802014641F8482B019100F5A8
:10EDF0003C7017F049FC029800F5F07017F044FCE5
:10EE00000298D03017F040FC02988C300BF028FBB1
:10EE100001980BF025FB02980CF0EEFE029804B06E
:10EE200080BD00000000000081B00090009800212B
:10EE3000017041608160C16001618182C18201B065
:10EE4000704700000000000080B5ADF50A7D899094
:10EE500089984F90007B10B9FFE700F02BBE4F99C7
:10EE6000D1F82001D1F83C1188421CD9FFE74F9816
:10EE700000F596700FF0C4FA042814D302E000BF26
:10EE8000EC51383E4F9800F596701DF0E1FF4F9918
:10EE9000006845F2D432C2F200421060D1F820017D
:10EEA000C1F83C01FFE74F9800F15801279100F5A8
:10EEB000B0720992D0F888210DF2232006901FF03D
:10EEC0003FFF06984F9A8DED010A02F170012991DA
:10EED000D2F88C211FF034FF06984F9AB0EE401AFA
:10EEE0009DED010A30EE010A8DED020A02F1880162
:10EEF0002B91D2F890211FF023FF06984F9AB0EE85
:10EF0000401A9DED020A30EE010A8DED030A02F16E
:10EF1000A0012E91D2F894211FF012FF06984F9A6B
:10EF2000B0EE401A9DED030A30EE010A8DED040AA1
:10EF300002F1B8012F91D2F898211FF001FF069835
:10EF40004F9AB0EE401A9DED040A30EE010A8DEDA5
:10EF5000050A02F1D0013091D2F89C211FF0F0FE99
:10EF600006984F9AB0EE401A9DED050A30EE010A60
:10EF70008DED070A02F1E8013191D2F8A0211FF0CE
:10EF8000DFFE06984F9AB0EE401A9DED070A30EE6C
:10EF9000010A8DED080A02F580713291D2F8A421A0
:10EFA0001FF0CEFE4F98B0EE401A9DED080A30EEED
:10EFB000010A8DED870A8799C0F84C1145F2EC11D2
:10EFC000C3F6386186919DED871A90ED520A31EEB5
:10EFD000401A1FED552AA1EE020A80ED520AD0F820
:10EFE000481145F2C432C2F20042116001F038FA11
:10EFF0000998FFF7D1FC09994F9800224D9285920C
:10F00000849283928292819280927F927E9282AA4F
:10F010007EAB00F055FD9DED820A0DF2F7100A90CF
:10F020001FF0C6FE0146279808F02EFE0A989DEDB7
:10F03000830A1FF0BDFE0146299808F025FE0A98B4
:10F040009DED840A1FF0B4FE01462B9808F01CFECB
:10F050000A989DED850A1FF0ABFE01462E9808F038
:10F0600013FE0A989DED7E0A1FF0A2FE01462F981E
:10F0700008F00AFE0A989DED7F0A1FF099FE0146EE
:10F08000309808F001FE0A989DED800A1FF090FE6E
:10F090000146319808F0F8FD0A989DED810A1FF0AD
:10F0A00087FE0146329808F0EFFD4F984D99D0F851
:10F0B00088011C3017F068FB4D9902464F9892ED7D
:10F0C000000AB8EEC00A8DED780A9DED780A8DED44
:10F0D0000B0A00F5AC60419017F07AFB9DED0B0A2E
:10F0E00001462798B1F9001008F092FC4D990246AC
:10F0F0004F98ADF8EE21D0F88C011C3017F044FB8E
:10F100000146419891ED000AB8EEC00A8DED770AEC
:10F110009DED770A8DED0C0A0121459117F058FB02
:10F120009DED0C0A01462998B1F9001008F070FC19
:10F130004D9902464F98ADF8F021D0F890011C305F
:10F1400017F022FB0146419891ED000AB8EEC00A83
:10F150008DED760A9DED760A8DED0D0A022147911F
:10F1600017F036FB9DED0D0A01462B98B1F9001002
:10F1700008F04EFC4D9902464F98ADF8F221D0F8B8
:10F1800094011C3017F000FB0146419891ED000AF4
:10F19000B8EEC00A8DED750A9DED750A8DED0E0A6B
:10F1A00003214B9117F014FB9DED0E0A01462E989A
:10F1B000B1F9001008F02CFC4D9902464F98ADF8BB
:10F1C000F421D0F898011C3017F0DEFA4D99024670
:10F1D0004F9892ED000AB8EEC00A8DED740A9DEDCD
:10F1E000740A8DED0F0A00F5AD60489017F0F0FA43
:10F1F0009DED0F0A01462F98B1F9001008F008FCA8
:10F200004D9902464F98ADF8E621D0F89C011C308C
:10F2100017F0BAFA45990246489892ED000AB8EEFE
:10F22000C00A8DED730A9DED730A8DED100A17F07B
:10F23000CFFA9DED100A01463098B1F9001008F0A0
:10F24000E7FB4D9902464F98ADF8E821D0F8A001B0
:10F250001C3017F099FA47990246489892ED000A37
:10F26000B8EEC00A8DED720A9DED720A8DED110A9D
:10F2700017F0AEFA9DED110A01463198B1F9001070
:10F2800008F0C6FB4D9902464F98ADF8EA21D0F838
:10F29000A4011C3017F078FA4B990246489892ED79
:10F2A000000AB8EEC00A8DED710A9DED710A8DED70
:10F2B000120A17F08DFA9DED120A01463298B1F943
:10F2C000001008F0A5FB4D9902464F98ADF8EC21CF
:10F2D000D0F888011C3017F057FA4D990246419832
:10F2E00092ED000AB8EEC00A8DED130A17F070FA1D
:10F2F0009DED130A01462798B1F9001001EE101A8E
:10F30000F8EEC10A08F028FB4F984D998DED700A70
:10F31000D0F88C011C3017F037FA45990246419815
:10F3200092ED000AB8EEC00A8DED140A17F050FAFB
:10F330009DED140A01462998B1F9001001EE101A4A
:10F34000F8EEC10A08F008FB4F984D998DED6F0A51
:10F35000D0F890011C3017F017FA479902464198EF
:10F3600092ED000AB8EEC00A8DED150A17F030FADA
:10F370009DED150A01462B98B1F9001001EE101A07
:10F38000F8EEC10A08F0E8FA4F984D998DED6E0A33
:10F39000D0F894011C3017F0F7F94B9902464198C8
:10F3A00092ED000AB8EEC00A8DED160A17F010FAB9
:10F3B0009DED160A01462E98B1F9001001EE101AC3
:10F3C000F8EEC10A08F0C8FA4F984D998DED6D0A14
:10F3D0004DF20A72C3F6A3526C929DED701A45F27B
:10F3E000B072C2F2004292ED000A31EE401A9FED77
:10F3F000FC2AA1EE020A82ED000A9DED6F1A45F289
:10F40000B872C2F2004292ED000A31EE401AA1EE4B
:10F41000020A82ED000A9DED6E1A45F2AC72C2F24C
:10F42000004292ED000A31EE401AA1EE020A82ED8E
:10F43000000A9DED6D1A45F2B472C2F2004292EDDF
:10F44000000A31EE401AA1EE020A82ED000AD0F85D
:10F4500098011C3017F098F94D990246489892EDA2
:10F46000000AB8EEC00A8DED170A17F0B1F99DED4C
:10F47000170A01462F98B1F9001001EE101AF8EEA4
:10F48000C10A08F069FA4F984D9945F27872C2F2B4
:10F4900000421E9282ED000AD0F89C011C3017F049
:10F4A00073F945990246489892ED000AB8EEC00AF1
:10F4B0008DED180A17F08CF99DED180A0146309869
:10F4C000B1F9001001EE101AF8EEC10A08F044FA82
:10F4D0004F984D9945F28072C2F20042209282ED1F
:10F4E000000AD0F8A0011C3017F04EF947990246E7
:10F4F000489892ED000AB8EEC00A8DED190A17F08F
:10F5000067F99DED190A01463198B1F9001001EE35
:10F51000101AF8EEC10A08F01FFA4F984D9945F2FB
:10F520007472C2F20042229282ED000AD0F8A40165
:10F530001C3017F029F94B990246489892ED000AC1
:10F54000B8EEC00A8DED1A0A17F042F99DED1A0ABD
:10F5500001463298B1F9001001EE101AF8EEC10A16
:10F5600008F0FAF94D9845F27C71C2F200412491FD
:10F5700081ED000A6B906BA870A916F0A5F9014601
:10F580004D9891ED000A8DED1B0A6A906AA86FA94B
:10F5900016F09AF99DED1B0A01464D9891ED001A5F
:10F5A00030EE010A8DED1C0A699069A86EA916F06B
:10F5B0008BF99DED1C0A01464D9891ED001A30EE35
:10F5C000010A8DED1D0A689068A86DA916F07CF9F6
:10F5D0009DED1D0A1E9902464D9892ED001A30EEDF
:10F5E000010A8DED1F0A679067A816F06DF99DED71
:10F5F0001F0A209902464D9892ED001A30EE010A3A
:10F600008DED210A669066A816F05EF99DED210A3F
:10F61000229902464D9892ED001A30EE010A8DEDC6
:10F62000230A659065A816F04FF99DED230A2499E9
:10F6300002464D9892ED001A30EE010A8DED250A32
:10F64000649064A816F040F99DED250A4D99024694
:10F650004F9892ED001A30EE010A45F2C032C2F224
:10F66000004282ED000ABDF8EE21ADF88821BDF818
:10F67000F021ADF88A21BDF8F221ADF88C21BDF85A
:10F68000F421ADF88E21BDF8E621ADF88021BDF85A
:10F69000E821ADF88221BDF8EA21ADF88421BDF85A
:10F6A000EC21ADF88621D0F888011C3017F06CF8F9
:10F6B00001464F9891ED000AB8EEC00A8DED260A7A
:10F6C000D0F888011C3005212C9117F05DF89DEDD4
:10F6D000260A0146279891ED001AF8EEC10A08F0B3
:10F6E0003BF94F984D998DED5F0AD0F88C011C3095
:10F6F00017F04AF82C9902464F9892ED000AB8EE9E
:10F70000C00A8DED280AD0F88C011C3017F03CF8A7
:10F710009DED280A0146299891ED001AF8EEC10ADC
:10F7200008F01AF94F984D998DED5E0AD0F89001C6
:10F730001C3017F029F82C9902464F9892ED000AD8
:10F74000B8EEC00A8DED2A0AD0F890011C3017F0EF
:10F750001BF89DED2A0A01462B9891ED001AF8EE50
:10F76000C10A08F0F9F84F984D998DED5D0AD0F86F
:10F7700094011C3017F008F82C9902464F9892ED2E
:10F78000000AB8EEC00A8DED2D0AD0F894011C30A5
:10F7900016F0FAFF9DED2D0A01462E9891ED001A04
:10F7A000F8EEC10A08F0D8F84F984D998DED5C0A33
:10F7B000D0F898011C3016F0E7FF01462F9891ED24
:10F7C000000AB8EEC00ABDF9801101EE101AF8EE79
:10F7D000C10A08F0C1F84F984D9900F003B800BF76
:10F7E0000AD7A33D8DED5B0AD0F89C011C3016F0C2
:10F7F000CBFF0146309891ED000AB8EEC00ABDF982
:10F80000821101EE101AF8EEC10A08F0A5F84F981F
:10F810004D998DED5A0AD0F8A0011C3016F0B4FFB6
:10F820000146319891ED000AB8EEC00ABDF9841185
:10F8300001EE101AF8EEC10A08F08EF84F984D99B3
:10F840008DED590AD0F8A4011C3016F09DFF014639
:10F85000329891ED000AB8EEC00ABDF9861101EEAA
:10F86000101AF8EEC10A08F077F84D988DED580A95
:10F87000579057A85FA916F027F801464D9891EDCB
:10F88000000A8DED330A569056A85EA916F01CF8B2
:10F890009DED330A01464D9891ED001A30EE010AB4
:10F8A0008DED340A559055A85DA916F00DF89DED23
:10F8B000340A01464D9891ED001A30EE010A8DEDA3
:10F8C000350A549054A85CA915F0FEFF9DED350A49
:10F8D00001464D9891ED001A30EE010A8DED360A81
:10F8E000539053A85BA915F0EFFF9DED360A014632
:10F8F0004D9891ED001A30EE010A8DED370A5290C5
:10F9000052A85AA915F0E0FF9DED370A01464D981F
:10F9100091ED001A30EE010A8DED380A519051A890
:10F9200059A915F0D1FF9DED380A01464D9891ED8A
:10F93000001A30EE010A8DED390A509050A858A9EE
:10F9400015F0C2FF9DED390A4D9902464F9892ED90
:10F95000001A30EE010A45F2BC32C2F2004282EDDA
:10F96000000A126845F2D033C2F200431A60D0F8A0
:10F9700088213B9200F5B060409016F0ADFE4D99A5
:10F9800002464198126814323A9216F021FF3A99D1
:10F9900002463B98B2F90020FBF7DAFF45994F9AEF
:10F9A0004098D2F88C213D9216F096FE4599024679
:10F9B0004198126814323C9216F00AFF3C990246B4
:10F9C0003D98B2F90020FBF7C3FF47994F9A409842
:10F9D000D2F890213F9216F07FFE47990246419857
:10F9E000126814323E9216F0F3FE3E9902463F989A
:10F9F000B2F90020FBF7ACFF4F9A4B994098D2F830
:10FA00009421439216F068FE4B9902464198126881
:10FA10001432429216F0DCFE429902464398B2F943
:10FA20000020FBF795FF4D994F98D0F8982144920C
:10FA300000F5B2604C9016F04FFE4D9A0146449886
:10FA400009681431FBF784FF45994F9A4C98D2F816
:10FA50009C21469216F040FE4D9A01464698096850
:10FA60001431FBF775FF47994F9A4C98D2F8A021B3
:10FA70004A9216F031FE47990246489812681432AD
:10FA8000499216F0A5FE499902464A98B2F900201B
:10FA9000FBF75EFF4F9A4B994C98D2F8A4214E92F7
:10FAA00016F01AFE4D9A01464E9809681431FBF77C
:10FAB0004FFFFFE70DF50A7D80BD0000000000004C
:10FAC00080B5F4B0739072917192709373980890AE
:10FAD00000210D916F916E916D916C916B916A9176
:10FAE0006991689172996CAA68AB00F01DFF089843
:10FAF0008DED670AB0F8541000EE101AB8EE400A07
:10FB00008DED650A00F5AA7165A815F025FF01467F
:10FB1000089809686691B0F8541000EE101AB8EE13
:10FB2000400A9FEDB81A20EE010A8DED640A00F537
:10FB3000A67145F2CC30C2F2004015F0C5FE0D9919
:10FB400002460898126863920022C3F6A07262927D
:10FB50004CF6CD42C3F60C7261929DED660A8DEDB6
:10FB6000090A5E919DED630A00F5AC710C9190ED70
:10FB7000561A30EE410A8DED5D0A5EA85DA915F0BA
:10FB8000A3FE9DED090A01460D9891ED001ABFEE06
:10FB9000042AA1EE020A8DED0A0A5C909DED670A27
:10FBA0009DED661A30EE410A8DED5B0A5CA85BA9FB
:10FBB00015F08AFE9DED0A0A90ED001A9FED922A3B
:10FBC000A1EE020A8DED5F0A5FA864A966AA0B92F6
:10FBD00016F01AFE01460B980968609160A915F0AD
:10FBE000BBFE0C9900685A905AA815F0B5FE014664
:10FBF0000D980968599143F2BD71C3F2865158912D
:10FC00005A9945F2C832C2F200421160579056909C
:10FC10005590FFE7559803281DDCFFE755996CA820
:10FC200000EB810090ED001A9DED570A30EE010ABD
:10FC30008DED570A559968A800EB810090ED001AE8
:10FC40009DED560A30EE010A8DED560AFFE75598F4
:10FC500001305590DEE74FF07E50549053909DED6B
:10FC6000670A9DED591A9FED692A31EE021AB4EE2A
:10FC7000410AF1EE10FA40F36F81FFE70020529045
:10FC800051905090FFE7509803281FDCFFE77298CF
:10FC900000F5826050990DF04BFE90ED001A9DED3D
:10FCA000520A30EE010A8DED520A729800F5826018
:10FCB00050990DF03DFE014651A815F005FE006873
:10FCC0005190FFE7509801305090DCE79DED520ACB
:10FCD000B5EE001A20EE010A8DED520A9DED521A82
:10FCE0009DED510A9FED4A2A20EE020A9FED492A16
:10FCF000A1EE020A9FED481A80EE010A8DED4E0A30
:10FD0000002007904D904FF07E504C904EA84DA98A
:10FD10004CAA16F079FD0146079809684F914DF2FB
:10FD20000A71C3F6A3514B914CF6CD41C3F64C6119
:10FD30004A919DED4F1A9FED392A9FED390AA1EEA8
:10FD4000020A8DED490A489047909DED560A9FEDB5
:10FD50002F1AB4EE410AF1EE10FA03DCFFE75A98CD
:10FD600047907FE09DED570A9FED281AB4EE410AB7
:10FD7000F1EE10FA03DCFFE75A98489071E09DED30
:10FD8000490A9DED5A1A20EE010A8DED460A56A841
:10FD900046A915F0E1FD006848909DED5A0A9DEDD9
:10FDA000481A30EE410A8DED470A9DED570A9DED48
:10FDB000471AB4EE410AF1EE10FA19DAFFE79DEDA9
:10FDC000470A9DED571A30EE410A8DED450A5798C6
:10FDD00047909DED480A9DED451A30EE010A8DEDE4
:10FDE000440A56A844A915F0B7FD0068489037E0CA
:10FDF0009DED560A9DED481AB4EE410AF1EE10FA57
:10FE00002DDA13E05555353FCDCC0CBFBD378635C7
:10FE10003333B33E6666263FF3665F3F90C2F53DDF
:10FE20000AD7A33D0000A042000070429DED480AA1
:10FE30009DED561A30EE410A8DED430A56984890D2
:10FE40009DED470A9DED431A30EE010A8DED420A01
:10FE500057A842A915F080FD00684790FFE7FFE72B
:10FE6000FFE7FFE79DED470A8DED010A57A858A966
:10FE7000039115F029FD9DED010A90ED001A80EE29
:10FE8000010A8DED400A002005903F904FF07E5012
:10FE900006903E9040A83FA93EAA16F0B5FC0399F3
:10FEA000006841909DED480A8DED020A56A815F0B4
:10FEB0000BFD9DED020A05990246069892ED001A87
:10FEC00080EE010A8DED3C0A3B913A903CA83BA99B
:10FED0003AAA16F099FC039900683D909DED670AD7
:10FEE0009DED591A30EE410A8DED040A9DED5A0A36
:10FEF00030EE410A8DED370A37A815F0E5FC9DED8F
:10FF0000040A05990246069892ED001A80EE010A4D
:10FF10008DED380A3691359038A836A935AA16F0F5
:10FF200073FC006839909DED392A9DED411AB7EEBA
:10FF3000000A31EE403AB0EE401AA2EE031A8DEDFF
:10FF4000541A9DED391A9DED3D2A32EE402AA1EE5C
:10FF5000020A8DED530AFFE79DED6C0A9DED541AE0
:10FF600020EE010A719880ED000A9DED6D0A9DED6D
:10FF7000541A20EE010A719880ED010A9DED6E0A77
:10FF80009DED541A20EE010A719880ED020A9DED54
:10FF90006F0A9DED541A20EE010A719880ED030A54
:10FFA00063A867A915F090FC90ED000A1FED631A95
:10FFB00000210091B4EE410AF1EE10FA0846C8BFE4
:10FFC00001208DF8D3007298806A1C3016F0DCFB9B
:10FFD00090ED000AB8EEC00A16F062FD00998DEDB2
:10FFE000300A7298C06A1C3016F0CEFB90ED000A01
:10FFF000B8EEC00A16F054FD00998DED310A7298E2
:020000040802F0
:10000000006B1C3016F0C0FB90ED000AB8EEC00A81
:1000100016F046FD00998DED320A7298406B1C3047
:1000200016F0B2FB90ED000AB8EEC00A16F038FDEB
:1000300000988DED330A8DF8BF002E90FFE72E98C3
:1000400003281CDCFFE79DF8D300C00790B1FFE751
:100050002E9930A800EB810090ED000A1FED8E1A5A
:10006000B4EE410AF1EE10FA04DAFFE701208DF850
:10007000BF0004E0FFE72E9801302E90DFE79DF8E7
:10008000BF00C007002800F0A180FFE79DED570AE0
:100090009FEDDA1AB4EE410AF1EE10FA40F39680C1
:1000A000FFE70020C4F270202D9043F23330C3F6F6
:1000B00033702C9049F69A10C3F699602B9000206B
:1000C0002A9029902890279026902590FFE7259840
:1000D000032838DCFFE7259930A800EB810090ED7C
:1000E000000A9FEDC91A80EE010AB7EE001A30EE41
:1000F000010A8DED230A002022904FF07E502190BE
:1001000023A822A921AA16F07FFB006824909DED68
:10011000240A9FEDBC1A30EE010A259927A800EBAE
:10012000810181ED000A259900EB810090ED001A14
:100130009DED260A30EE010A8DED260AFFE725988F
:1001400001302590C3E79DED260A9FEDAC1AB4EE71
:10015000410AF1EE10FA38DDFFE7002020901F90F1
:100160001E901D901C90FFE71C9803282CDCFFE7D5
:100170009DED570A1C9827A901EB800191ED001A0B
:1001800020EE010A9DED261A80EE010A1DA901EB61
:10019000800080ED000A71981C9A00EB820090EDBF
:1001A000001A01EB820191ED000A9FED952A20EEE5
:1001B000020A9FED942AA1EE020A80ED000AFFE7F1
:1001C0001C9801301C90CFE7FFE7FFE79DED680A20
:1001D0009DED531A20EE010A709880ED000A9DED06
:1001E000690A9DED531A20EE010A709880ED010A0C
:1001F0009DED6A0A9DED531A20EE010A709880ED7C
:10020000020A9DED6B0A9DED531A20EE010A7098CB
:1002100080ED030A4FF081401B904FF07C501A9004
:10022000002019901890FFE71898032832DCFFE7A8
:10023000189968A800EB810090ED000AB6EE001A4C
:10024000B4EE410AF1EE10FA1FDDFFE7709818993D
:1002500000EB81001BA915F037FB006817909DED9E
:10026000170A7098189900EB810090ED001A30EE93
:10027000411A9DED190A30EE010A8DED190A179801
:100280007099189A41F82200FFE7FFE718980130AB
:100290001890C9E79DED190A9FED581AB4EE410A6E
:1002A000F1EE10FA4DDDFFE7002016901590FFE704
:1002B0001598032811DCFFE77198159900EB810070
:1002C00090ED001A9DED160A30EE010A8DED160A2A
:1002D000FFE7159801301590EAE79DED160A9FEDAE
:1002E000471AB4EE410AF1EE10FA29DDFFE719A82A
:1002F00016A915F031FB006814909DED161A9DEDBE
:10030000140A31EE400A80EE010A8DED130A002036
:100310001290FFE71298032811DCFFE79DED131AF6
:100320007198129900EB810090ED000A20EE010A0D
:1003300080ED000AFFE7129801301290EAE7FFE72C
:10034000FFE7002011901090FFE71098032818DCB9
:10035000FFE77198109900EB810090ED000A70980A
:1003600000EB810090ED001A30EE011A9DED110AAC
:1003700030EE010A8DED110AFFE710980130109060
:10038000E3E79DED110A9DED5A1A9FED1C2A31EE0F
:10039000021AB4EE410AF1EE10FA2DDDFFE79DEDF1
:1003A0005A0A9DED111A80EE010A8DED0F0A002008
:1003B0000E90FFE70E9803281DDCFFE79DED0F1A56
:1003C00071980E9900EB810090ED000A20EE010A71
:1003D00080ED000A9DED0F1A70980E9900EB8100D8
:1003E00090ED000A20EE010A80ED000AFFE70E986A
:1003F00001300E90DEE7FFE774B080BDBD37863573
:100400003333333F9A99993E000070C200000000D8
:1004100080B584B0039003980290006928B1FFE78B
:100420000298006921F094FBFFE7029B03F11000A2
:10043000694648601020086040F64150C0F602004E
:1004400045F6A931C0F604014FF4007222F098F885
:10045000012004B080BD000081B0009001B0704761
:1004600080B5C0B03F903F980C9041F20440C2F27A
:100470000040B0F92000012810DBFFE70C9841F2A2
:100480000441C2F20041098CA0F85410B0F85400A5
:1004900045F2B031C2F200410880FFE70C984CF2FF
:1004A0008F21C3F6F5513E9143F23331C4F233014B
:1004B0003D910021C4F290013C914FF07F513B915E
:1004C00046F26661C3F626713A914CF6CD41C3F609
:1004D0008C71399146F26661C3F6E661389143F258
:1004E0003331C3F6B36137914CF28F21C3F67551A6
:1004F0003691B0F8540000EE100AB8EE400A8DEDC7
:10050000350A9DED350A9FED471A20EE010A8DED63
:10051000340A9DED350A9FED441A20EE010A8DED57
:10052000330AEAF775FC01460C983291D0F83C1179
:1005300000200B9059B1FFE70C993298D1F83C118B
:10054000411A0020332938BF01200B90FFE70B9898
:1005500000F001008DF8C7009DF8C700C00770B11A
:10056000FFE700202F9045F2D431C2F200412FA8BE
:1005700015F0AAF990ED000A8DED0A0A0CE00C982E
:1005800000212E9100F5A4712EA815F09DF990ED93
:10059000000A8DED0A0AFFE70C989DED0A0A8DED21
:1005A000300A00F5A67130A815F08EF901460C98B6
:1005B00009682D91309945F2CC32C2F200421160A7
:1005C00090F85C01C00788BBFFE70C993098C1F830
:1005D00040013098C1F844010020C1F85001359A1B
:1005E000C1F854219DED350A9FEDC51A20EE010A90
:1005F00081ED560AD1F8542145F2B433C2F20043DA
:100600001A6045F2B832C2F200421060D1F85401CB
:1006100045F2C832C2F200421060012081F85C014C
:100620006CE100BF5555353F5555553F0C989DED34
:10063000301A90ED500A31EE401A9FEDB22AA1EE29
:10064000020A80ED500A002109912B919DED300A9C
:1006500090ED511A30EE410A8DED2A0A2BA82AA9F5
:1006600015F032F9099902460C9812682C922891DB
:1006700045F2BC31C2F2004191ED000A90ED561AEC
:1006800030EE410A8DED270A28A827A915F01CF99C
:10069000014609980091259045F2C030C2F2004011
:1006A000019090ED000A9DED331A30EE410A8DED78
:1006B000240A25A824A915F007F90146009891ED10
:1006C000000A9FED911A20EE010A8DED260A26A957
:1006D00015F0FAF8014609980968299121909DEDD5
:1006E0002D0A9DED331A30EE410A8DED200A21A826
:1006F00020A915F0E9F809990246019892ED000A3F
:100700008DED020A1F9190ED000A9DED351A30EE35
:10071000410A8DED1E0A1FA81EA915F0D5F89DED02
:10072000021A0146099891ED000A9FED782A20EE01
:10073000020A9FED772AA1EE020A8DED220A1D9092
:100740009DED350A9DED341A30EE410A8DED1C0AFF
:1007500022A81DA91CAA16F057F8099902460C9860
:10076000126823929DED230A90ED541A69A2131D7D
:10077000B4EE410AF1EE10FAC8BF1A4612681B9295
:100780009DED1B1A9DED232A90ED540A32EE402A6E
:10079000A1EE020A80ED540A9DED350A8DED030AA3
:1007A000189190ED500A9DED351A30EE410A8DED0D
:1007B000170A18A817A915F087F89DED030A90ED00
:1007C000001A9FED562AA1EE020A8DED190A19A80A
:1007D00034A9079135AA089216F016F8014609982F
:1007E00009681A919DED350A8DED040A14909DED6E
:1007F0002D0A9DED351A30EE410A8DED130A14A82D
:1008000013A915F061F89DED040A0146099891EDD0
:10081000001AB9EE022AA1EE020A8DED050A129025
:100820009DED2C0AB9EE001A30EE010A8DED110A89
:1008300012A811A915F048F89DED050A0799089A24
:1008400090ED001ABFEE082AA1EE020A8DED150AFE
:1008500015A815F0D9FF0799089A006816909DED24
:10086000350A9DED291A9FED2E2AA1EE020A8DED83
:100870000F0A0FA815F0C8FF0799089A03460C98AD
:100880001B6810939DED350A90ED541A30EE410A25
:100890008DED0D0A0DA815F0B7FF00680E901AA88F
:1008A00016A915F059F8069010A80EA915F054F8DD
:1008B0000146069815F050F80799089A15F0A4FF1C
:1008C0000C99024609981268C1F8542191ED550A15
:1008D0009FED0B1A20EE010A81ED560AD1F8542142
:1008E00045F2B433C2F200431A6045F2B832C2F2A4
:1008F000004210603098C1F84401FFE740B080BD6D
:10090000F6285C3F8FC2F53DCDCC4C3F6666E63E97
:10091000CDCC8C3F8FC2753D3333B33E333333C0C0
:10092000666626BF0000000080B5ACB02B902A910F
:10093000299228932B9811900021159127912691A7
:10094000583002902A98806A1C3015F01DFF1599C6
:1009500090ED000AB8EEC00A8DED010A2A9800F564
:1009600080600CF0F9FF9DED010A01460298B1F993
:10097000001001EE101AF8EEC10A06F0EDFF8DED41
:10098000250A26A825A914F09FFF1599024611985B
:100990001268299B1A602491703004902A98C06ACA
:1009A0001C3015F0F1FE90ED000AB8EEC00A8DED96
:1009B000030A2A9800F5806001210B910CF0CCFF0E
:1009C0009DED030A01460498B1F9001001EE101ADA
:1009D000F8EEC10A06F0C0FF8DED230A24A823A972
:1009E00014F072FF1599024611981268299B5A60FB
:1009F0002291883006902A98006B1C3015F0C4FEB6
:100A000090ED000AB8EEC00A8DED050A2A9800F5AF
:100A1000806002210E910CF09FFF9DED050A0146BA
:100A20000698B1F9001001EE101AF8EEC10A06F0AE
:100A300093FF8DED210A22A821A914F045FF1599F5
:100A4000024611981268299B9A602091A030089064
:100A50002A98406B1C3015F097FE90ED000AB8EE16
:100A6000C00A8DED070A2A9800F5806003211291D3
:100A70000CF072FF9DED070A01460898B1F90010CD
:100A800001EE101AF8EEC10A06F066FF8DED1F0A9E
:100A900020A81FA914F018FF159902461198126892
:100AA000299BDA601E91B8300A902A98806B1C301E
:100AB00015F06AFE159990ED000AB8EEC00A8DEDAA
:100AC000090A2A9800F581600CF046FF9DED090A9D
:100AD00001460A98B1F9001001EE101AF8EEC10AA9
:100AE00006F03AFF8DED1D0A1EA81DA914F0ECFEBC
:100AF0001599024611981268289B1A601C91D030F3
:100B00000D902A98C06B1C3015F03EFE0B9990EDAD
:100B1000000AB8EEC00A8DED0C0A2A9800F5816033
:100B20000CF01AFF9DED0C0A01460D98B1F900106A
:100B300001EE101AF8EEC10A06F00EFF8DED1B0A49
:100B40001CA81BA914F0C0FE159902461198126842
:100B5000289B5A601A91E83010902A98006C1C303B
:100B600015F012FE0E9990ED000AB8EEC00A8DED58
:100B70000F0A2A9800F581600CF0EEFE9DED0F0A39
:100B800001461098B1F9001001EE101AF8EEC10AF2
:100B900006F0E2FE8DED190A1AA819A914F094FEC8
:100BA0001599024611981268289B9A60189100F5D1
:100BB000807014902A98406C1C3015F0E5FD129955
:100BC00090ED000AB8EEC00A8DED130A2A9800F5E0
:100BD00081600CF0C1FE9DED130A01461498B1F935
:100BE000001001EE101AF8EEC10A06F0B5FE8DED08
:100BF000170A18A817A914F067FE01461598096886
:100C0000289AD1601690FFE71698032818DCFFE7B2
:100C10002998169900EB810090ED000A289800EBC6
:100C2000810090ED001A30EE011A9DED270A30EE9A
:100C3000010A8DED270AFFE7169801301690E3E7C9
:100C40009DED270A2CB080BD80B584B00390039839
:100C500000900BF031F800984FF0FF3101914160A6
:100C60008160C160016141618161C1610162416274
:100C70008162C16201634163816300210291C164A9
:100C8000016541658165C166016741678167C1672B
:100C9000C0F88010843015F097FC009800F5AA7019
:100CA00009F0C2FA009800F5C47009F0BDFA009886
:100CB00000F5DE7015F088FC009800F5237015F043
:100CC00083FC009800F5577009F0AEFA009800F523
:100CD000647006F0E5FF009800F56A7006F0E0FF2A
:100CE000009800F5707006F0DBFF009800F5767054
:100CF00006F0D6FF009800F57C7006F0D1FF009852
:100D000000F5816006F0CCFF009800F5846006F0E5
:100D1000C7FF009800F5876006F0C2FF0098019AAF
:100D20000299C0F85024C0F854140821C0F858148F
:100D30007821A0F85C1404B080BD00000000000021
:100D400010B596B01590159820B9FFE7002020F057
:100D5000FFFEFFE71598149021F08AFD1390012003
:100D60001290EAF755F81190FFE7149800790146C0
:100D7000019140B1FFE70198022816D0FFE70198E2
:100D8000032841D021E1149900200875149800F53A
:100D9000B0700AF0DDFE142020F09EFE21F068FD08
:100DA0001390EAF735F81190DFE7149800F5B0706A
:100DB0000AF0E6FE002010900F900E900D900C901F
:100DC0000B900BA8FCF744FE14990B980C9A0D9B02
:100DD000DDF838C0DDF83CE0109C0C64C1F83CE064
:100DE000C1F838C04B630A63C862149901200875C2
:100DF000149A032111711499087321F039FD13908D
:100E0000EAF706F81190B0E74FF4AF700A900020AF
:100E10008DF827000890FFE7089803285DDCFFE7BE
:100E20001498089900EB8100D0F888010790079882
:100E300008B3FFE707980BF0ABF98DF81B009DF89E
:100E40001B00C00740B1FFE7089A41F65041C2F2CB
:100E50000041012088540DE0089941F65040C2F24B
:100E60000040405CC00720B1FFE701208DF827005B
:100E7000FFE7FFE7FFE71498089900EB8100D0F83F
:100E800098010590059818B3FFE705980BF080F9D5
:100E90008DF813009DF81300C00748B1FFE70898CC
:100EA00041F65041C2F200410144012008710EE0B8
:100EB000089841F65041C2F2004108440079C00749
:100EC00020B1FFE701208DF82700FFE7FFE7FFE7EC
:100ED000FFE70898013008909EE79DF82700C007BB
:100EE000F8B1FFE7E9F794FF0390039841F64C410E
:100EF000C2F200410968401AB0F5AF7F0AD3FFE79C
:100F0000039841F64C41C2F2004108601499022056
:100F10000871FFE7FFE713A8012121F0F9FBFFE7C4
:100F200023E7149800F058F8149890ED0C0AB3EEEB
:100F3000091A20EE010A80ED5E0A149890ED0D0A60
:100F400020EE010A80ED5F0A149890ED0E0A9FEDE5
:100F5000211A20EE010A80ED600AE9F759FF02909C
:100F600002981199411A41F6E430C2F20040016042
:100F7000006841F6FC31C2F20041096888420BD991
:100F8000FFE741F6E430C2F20040006841F6FC3170
:100F9000C2F200410860FFE741F6E430C2F20040CF
:100FA0000068032808D3FFE741F60041C2F2004180
:100FB000086801300860FFE702981190FFE713A866
:100FC000012121F0A5FBFFE7CFE614980AF08CFD84
:100FD000FFE7CAE60000204210B594B012901298C4
:100FE0000390007BF8B9FFE70020119010900F905C
:100FF0000E900D900C900CA8FCF72AFD03990C980C
:101000000D9A0E9BDDF83CC0DDF840E0119C0C64AD
:10101000C1F83CE0C1F838C04B630A63C8620220E3
:101020008DF84F006FE0039830300021CCF2C821DA
:1010300001910B910021C4F2C82102910A910BA9E0
:101040000AAA15F0E1FB019A0299034603981B686E
:10105000036334300992089109A908AA15F0D4FB5A
:10106000014603980968416390ED0C1A90ED0D0A52
:1010700020EE000AA1EE010A15F01EFD8DED070A13
:101080009DED070A9FED221AB4EE410AF1EE10FA27
:101090001ADDFFE703989DED071A9FED1D0A80EE0C
:1010A000010A8DED060A9DED061A90ED0C0A20EE60
:1010B000010A80ED0C0A9DED061A90ED0D0A20EE56
:1010C000010A80ED0D0AFFE7039838300021CCF2C9
:1010D000C82105910021C4F2C821049105A904AAE0
:1010E00015F092FB014603980968816390F82C0083
:1010F000C00720B1FFE701208DF84F0003E0012079
:101100008DF84F00FFE79DF84F0014B010BD00BFF1
:101110000000C8420000000080B584B00390029136
:10112000039801900AF0D0FD019845F2D851C0F61D
:101130000401083101601430FDF776FE01982C306F
:10114000FCF786FC019800210091416448301BF0B7
:1011500013FB01987821A0F85410583006F0C0FD18
:101160000198703006F0BCFD0198883006F0B8FD9B
:101170000198A03006F0B4FD0198B83006F0B0FD3B
:101180000198D03006F0ACFD0198E83006F0A8FDDB
:10119000019800F5807006F0A3FD019800F58C70B1
:1011A00007F0AAFC01980099C0F83C11C0F8401162
:1011B000C0F84411C0F84811C0F84C11C0F85011E3
:1011C000C0F85411C0F8581180F85C1100F5B070E7
:1011D000FDF752FD01980299FCF772FB019804B0EB
:1011E00080BD00000000000080B582B00190019831
:1011F000009000F009F8009840F2A4511DF0E3FEC1
:1012000002B080BD0000000080B582B0019001985E
:1012100000900AF031FD009800F5B070FDF7D8FDA0
:10122000009800F58C7007F073FC009848301BF0B4
:10123000B7FA00980AF060FD009802B080BD000087
:1012400081B0009001B0704780B58AB008900898CE
:1012500002908068013020B9FFE702208DF8270056
:1012600014E0029800F10801059006A8019005AA73
:101270001DF00EFA019A41F62811C2F2004103A8AE
:1012800014F08EF901208DF82700FFE79DF8270064
:101290000AB080BD0000000081B0009001B070472E
:1012A00080B584B00290029801908068013020B926
:1012B000FFE702208DF80F000CE0019800F1080113
:1012C00041F62810C2F2004014F05EF901208DF8BA
:1012D0000F00FFE79DF80F0004B080BD0000000084
:1012E00081B0009000984FF0FF31016001B070476D
:1012F00081B00090009845F20061C0F60401083109
:101300000160002141604FF0FF328260017301B043
:10131000704700000000000081B00090FEDE000079
:1013200080B582B001900198009045F20061C0F64E
:10133000040108310160FFF7B3FF009802B080BDDF
:1013400080B584B003908DF80B108DF80A200398B7
:101350000190806990B1FFE701988069007DC00726
:1013600058B9FFE701988069007B012805D1FFE7A4
:10137000019880690AF0D4FBFFE7FFE704B080BD65
:1013800080B584B0029002980190806928B1FFE78F
:10139000019880690AF0A8FBFFE740F2B422C2F28C
:1013A00000421088411E118010B1FFE704B080BDDB
:1013B00001200390039880F31388FAF7C9F800001E
:1013C00080B5A0B01F901F980C9041F67C10C2F21F
:1013D00000400D901E9013F01BFE01460D981D91CC
:1013E00013F0F6FD1C90FFE71DA81CA91DF0ECFAF8
:1013F00070B1FFE71DA80BF0C7FA1B901B9840685F
:10140000016809698847FFE71DA80EF06DFFEBE74B
:1014100019A8019001F098FE0199012009901990F6
:101420001A9040F2F010C2F2004001F08DFB17A8B4
:10143000029002F095F90299032003901790022080
:101440000490189040F25820C2F2004001F0C4FF0E
:1014500015A8059004F0D0FC0398049A05991592FC
:10146000169041F20440C2F2004003F0C1F913A803
:10147000069007F0D5F806990620079013900520EE
:10148000149040F28810C2F2004006F065FF11A8E7
:10149000089005F00DFF0798089904221192129008
:1014A00040F25810C2F2004005F0DEFD09980F909E
:1014B00041F6FC00C2F200400A900FA913F0E4FFCD
:1014C00001460A98109113F0CFFF0E9010A80EA9B4
:1014D0001DF09EFA014600200B9049B1FFE710A8CD
:1014E0000BF09AFA4068002818BF01200B90FFE724
:1014F0000B98C00738B1FFE710A80BF08DFA0C99D4
:1015000040688861FFE74FF4966020F0E5FA0C9997
:101510000120487420B080BD80B582B00190019850
:101520000090407C08B9FFE738E040F25810C2F262
:101530000040807B022801D1FFE72FE040F2F0104D
:10154000C2F2004090F82400022810D1FFE740F2D8
:10155000F010C2F2004090F82500012807D1FFE703
:10156000009800F09DF800990220486006E000987D
:1015700000F06EF8009901204860FFE7009800F045
:10158000BFF840F2F010C2F2004090F85C00C007D3
:1015900020B1FFE70098FFF7F3FEFFE702B080BD40
:1015A00080B584B0039003980190407C08B9FFE7B0
:1015B00023E000208DF80B0040F25810C2F20040EA
:1015C000807B8DF80A009DF80A0001280DD0FFE706
:1015D000019800F015F80198806928B1FFE701989B
:1015E00080690AF081FAFFE7FFE79DF80A0000280A
:1015F00018BF01208DF80B00FFE704B080BD00008C
:1016000080B584B0029002980190006A20B9FFE78B
:1016100002208DF80F0014E00198006A20F098FA7B
:101620000198002101620160806930B1FFE70198F3
:101630008169002081F82C00FFE701208DF80F0060
:10164000FFE79DF80F0004B080BD0000000000001F
:1016500080B582B001900198009040F28410C2F2EF
:1016600000400078C007B0B1FFE7009801210022D8
:10167000FFF766FE0098806960B1FFE70098806917
:1016800090F82C00C00728B9FFE70098806900F0A7
:1016900033FAFFE7FFE702B080BD00000000000062
:1016A00080B582B001900198009040F28410C2F29F
:1016B00000400078C007F8B1FFE740F2F010C2F236
:1016C0000040007B012806D1FFE700980022114668
:1016D000FFF736FEFFE70098806960B1FFE70098EA
:1016E000806990F82C00C00728B9FFE7009880694E
:1016F00000F002FAFFE7FFE702B080BD0000000043
:1017000081B000900098407C08B9FFE7FFE701B086
:10171000704700000000000080B5A4B020A800F0D1
:101720007BFB002020904EF24810C3F67A70229086
:1017300041F26F20C3F6832023900B20219040F6C6
:10174000F840C2F200400078BFF35F8FC00710BBC3
:10175000FFE740F6F840C2F200401FF04CFFD0B166
:10176000FFE741F65840C2F20040039020A900F084
:101770009BFB039941F60970C0F6020040F200029B
:10178000C0F60002DEF782FF40F6F840C2F20040E9
:101790001FF047FFFFE710A8019008F0DDFF019858
:1017A00001210291109141F26F22C3F6832212921D
:1017B0004FF07E520D920DAA0E920F911C300E9991
:1017C0000F9A1BF015F8029901988DF82B100DF166
:1017D0002B020B920C9110300B990C9A1BF0E0FC31
:1017E000029901980B2211924DF20A72C3F623421C
:1017F000079207AA0892099128300899099A1AF0C5
:10180000F7FF029901984BF21772C3F6D1020492C6
:1018100004AA0592069134300599069A1AF0E8FF59
:10182000029800218DF84D108DF84F108DF84E0064
:101830008DF84C0040F6FC40C2F200400078BFF347
:101840005F8FC00710BBFFE740F6FC40C2F20040CC
:101850001FF0D1FED0B1FFE741F67C40C2F200405C
:10186000009010A909F084FB00994BF28100C0F6AA
:10187000020040F20002C0F60002DEF707FF40F669
:10188000FC40C2F200401FF0CCFEFFE710A808F0B9
:1018900087FF012024B080BD80B586B041F6D430EA
:1018A000C2F20040694648601820086046F6417060
:1018B000C0F6020045F6D711C0F604014FF480527D
:1018C0000023049320F05CFE049B41F6E030C2F25A
:1018D00000406946486004200590086048F2F11015
:1018E000C0F6020045F6F011C0F604014FF4806224
:1018F000039220F045FE039A049B41F6F830C2F2B1
:101900000040694648601420086048F27960C0F6DB
:10191000020045F6D011C0F6040120F031FE049B10
:10192000059841F6DC32C2F2004269464A6008601E
:1019300047F64910C0F6020045F6E311C0F604016F
:101940004FF4006220F01CFE06B080BD00000000D5
:1019500080B596B0159015981490007C08B9FFE7F3
:1019600097E014984168C06C8842C0F09280FFE70D
:10197000149858300F9000210D911BF029FC01465E
:101980000F980978099101210A911BF021FC099B0C
:101990000A9902461498127842EA032212B20B9274
:1019A0001C30129014F0F0FE0B9902460F98116053
:1019B00002211BF00DFC01460F9809780C910321C0
:1019C0001BF006FC0C9B0D9902461298127842EA15
:1019D000032212B20E9214F0D7FE0E9902460F980F
:1019E000116004211BF0F4FB01460F980978109157
:1019F000052111911BF0ECFB109B119902461298E6
:101A0000127842EA032212B2139214F0BDFE139927
:101A100002461498116090F86800C00728B1FFE7EB
:101A20001498F9F729FF089002E000200890FFE7DA
:101A30001498089901911C300690022114F0A4FE1C
:101A400001990246149811605830049006210291C1
:101A50001BF0BEFB02990246069892F90020039201
:101A600014F092FE03990246049811600721059133
:101A70001BF0AEFB05990246069892F900200792EA
:101A800014F082FE1499024607981060C86C4860F2
:101A9000FFE716B080BD000080B582B001900198CC
:101AA0000090FAF785F8009845F21C61C0F6040131
:101AB000083101600221416102B080BD00000000D8
:101AC00080B582B001900198009000F009F800986C
:101AD00088211DF078FA02B080BD000000000000EF
:101AE00080B582B0019001980090FAF79DF80098B7
:101AF00002B080BD0000000083B00290029808B9D7
:101B0000FFE739E040F25810C2F20040417B00206C
:101B1000009059B9FFE740F25810C2F20040807BB4
:101B20000138B0FA80F040090090FFE7009800F01B
:101B300001008DF807009DF80700C007D8B1FFE746
:101B400040F25810C2F2004090F90F1000EE101A47
:101B5000B8EEC00A029981ED0C0A90F9101000EE5F
:101B6000101AB8EEC00A029981ED0D0AD0F81100E2
:101B70000299886300E0FFE703B0704700000000AF
:101B800080B594B0129012980990806920B9FFE74F
:101B900002208DF84F0026E1099880691C30002151
:101BA00014F0BEFD014609980968119180691C3046
:101BB000012114F0B5FD014609980968109180696A
:101BC0001C30022114F0ACFD0146099809680F9100
:101BD00080691C30032114F0A3FD014609980968AF
:101BE0000E9180691C30042114F09AFD0146099879
:101BF00009680D9180691C30052114F091FD0146A2
:101C0000099809680C91007AC007002855D1FFE7B0
:101C10009DED0F0AB5EE400AF1EE10FA10D1FFE784
:101C20009DED110AB5EE400AF1EE10FA08D1FFE77A
:101C30009DED100AB5EE400AF1EE10FA39D0FFE73B
:101C40009DED110A8DED050A9DED101A9DED0F0A0F
:101C500020EE000AA1EE010A22F0D0FDF0EE400ACB
:101C60009DED050A21F040FE0998B7EEC00A9FEDF0
:101C7000601B8DED061B20EE010BB7EEC00B80ED57
:101C8000040A9DED100AB1EE400ADDED0F0A21F0C5
:101C90002BFE9DED061B0999B7EEC00A20EE010B45
:101CA000B7EEC00B81ED030A0020486101200872E5
:101CB000FFE701208DF84F0095E009989DED0E1A81
:101CC00090ED030A90ED082A21EE021AB7EEC11A30
:101CD000B7EEC00A9FED462B8DED022BA1EE020B55
:101CE000B7EEC00B80ED030A9DED0D1A90ED040ACE
:101CF00090ED083A21EE031AB7EEC11AB7EEC00A0A
:101D0000A1EE020BB7EEC00B80ED040A9DED0C1A9C
:101D100090ED050A90ED083A21EE031AB7EEC11ACC
:101D2000B7EEC00AA1EE020BB7EEC00B80ED050ABC
:101D30009DED110A8DED010A9DED101A9DED0F0A22
:101D400020EE000AA1EE010A22F058FDF0EE400A52
:101D50009DED010A21F0C8FD9DED021BB7EEC00A02
:101D600020EE010BB7EEC00B8DED0B0A9DED100AB6
:101D7000B1EE400ADDED0F0A21F0B6FD9DED021B2C
:101D80000998B7EEC00A20EE010BB7EEC00B8DED3F
:101D90000A0A90ED033A90ED072AB7EE000A30EEFA
:101DA000421A9DED0A4A21EE041AA2EE031A80EDB2
:101DB000031A90ED042A90ED071A30EE410A9DEDCA
:101DC0000B3A20EE030AA1EE020A80ED040A90ED20
:101DD000050A9FED091A30EE010A80ED050A01207F
:101DE0008DF84F00FFE79DF84F0014B080BD00BF95
:101DF000F8C1631ADCA54C40ADC527B70000000050
:101E000081B0009000980021017041608160C16044
:101E100001B070470000000080B582B001900198C9
:101E20000090FAF761FD00984FF0FF31416000210A
:101E30008160C16002B080BD80B586B0049003911E
:101E40000498019003980068013020B9FFE7022050
:101E50008DF8170024E0039802900298011D41F6C6
:101E60003440C2F2004013F093FA01460198096829
:101E7000816102998968C1610299C96801628169B9
:101E800041F6A812C2F200421160806901684969F6
:101E900088470198FAF7D8FC01208DF81700FFE772
:101EA0009DF8170006B080BD80B584B00390029104
:101EB00003980190FAF728FD019845F24461C0F6B5
:101EC0000401083101600830FFF79AFF01980021F2
:101ED0008161C16101620299FFF7AEFF019804B010
:101EE00080BD00000000000080B582B00190019824
:101EF000009000F009F8009824211DF064F802B069
:101F000080BD00000000000080B582B00190019803
:101F10000090FAF7C9FC0098FAF712FD009802B099
:101F200080BD00000000000080B586B004908DF8F0
:101F30000F1002929DF80F0001900498029AFF2161
:101F40000AF0E2F801460198884204D1FFE7012037
:101F50008DF8170003E002208DF81700FFE79DF8C9
:101F6000170006B080BD000080B586B00490ADF8C3
:101F70000E100292BDF80E0001900498029A4FF6DE
:101F8000FF710AF0E1F801460198884204D1FFE7A9
:101F900001208DF8170003E002208DF81700FFE7FD
:101FA0009DF8170006B080BD80B582B00190009109
:101FB0000198009AFF210AF0A7F802B080BD000046
:101FC00080B582B0019000910198009A4FF6FF71A0
:101FD0000AF0BAF802B080BD80B58CB00A900991C1
:101FE0000A980590099820B9FFE702208DF82F0084
:101FF0003DE009980068013020B9FFE702208DF824
:102000002F0034E005980999089108990968C16082
:1020100008998968C0F880104FF4407203920792C3
:10202000383008994968EC4608230293CCF8003010
:102030000023049306F030FDDDF808C0039A049BEA
:10204000059806925C3008994968EE46CEF800C0C3
:1020500006F06AFD059809F093F8059A01201074BE
:102060005063FE2182F829108DF82F00FFE79DF8BC
:102070002F000CB080BD000080B586B0049004989D
:102080000190007C20B9FFE702208DF8170049E09D
:102090000198002103910291FE2280F8292080F806
:1020A0002A10407C40B9FFE7019991F82A0040F0DE
:1020B000010081F82A00FFE70198407E012808D13D
:1020C000FFE7019991F82A0040F0020081F82A0008
:1020D000FFE7019890F82100022808D1FFE7019955
:1020E00091F82A0040F0040081F82A00FFE70199E6
:1020F000486B81F82B0002A8009014F03DFB019B77
:1021000002460098D3F82910D3F82D30536011609F
:1021100014F032FB0146019800F08AF801208DF896
:102120001700FFE79DF8170006B080BD0000000013
:1021300081B00090009864210160002141608160BD
:1021400001B070470000000080B586B0049004988C
:102150000290007C20B9FFE702208DF8170053E0C1
:1021600002984C3000211BF033F8029900788DF86A
:102170000F00086CD1F88810884204D1FFE70120D5
:102180008DF8170040E09DF80F000146019140B125
:10219000FFE70198012811D0FFE7019802281AD023
:1021A00026E002984C301AF053FE0299024610685D
:1021B0005268C1F81520C1F811001AE002984C309D
:1021C0001AF046FE0299024610685268C1F81D20B6
:1021D000C1F819000DE002984C301AF039FE02994E
:1021E000024610685268C1F82520C1F8210000E0BD
:1021F000FFE70299086CC1F88800086CC1F88400F8
:1022000001208DF81700FFE79DF8170006B080BD8C
:1022100080B582B0019001980090007C08B9FFE77A
:1022200003E00098FFF790FFFFE702B080BD0000D9
:1022300080B58AB00890079108980490079820B953
:10224000FFE702208DF8270019E004980799039111
:10225000703001900CF0D4F80399024601981144B3
:1022600002911AF001FE0299024603980692069A1C
:1022700013F0FAFB059001208DF82700FFE79DF889
:1022800027000AB080BD000080B582B0019001989F
:102290000090007C08B9FFE716E0E8F7B9FD009A66
:1022A000D2F88010D2F88420801A884206D9FFE73D
:1022B0000099022008740120486305E0009901207C
:1022C000087402204863FFE702B080BD00000000F0
:1022D00080B582B001900198009008F09DFF0098B1
:1022E0004FF0FF3141606421816002B080BD000089
:1022F00080B582B001900198009008F095FF009899
:1023000045F26061C0F604010831016000214174AA
:102310008174C1740175C0F8151041768176A0F8FA
:102320001B10A0F81D10A0F81F1080F82110418488
:1023300080F82410C0F8251080F8291080F82A10A1
:1023400080F82B1080F83010C1624163383006F0FD
:10235000D3FB00985C3006F023FC00988030FFF738
:10236000E7FE00980921816002B080BD00000000F6
:1023700080B582B001900198009000F009F80098B3
:102380008C211CF020FE02B080BD00000000000087
:1023900080B582B00190019800905C3006F00CFC92
:1023A0000098383006F0B4FB009808F055FF00980C
:1023B00002B080BD0000000080B584B00390039897
:1023C0000090007C08B9FFE711E06FF08060029098
:1023D0004FF0FF30019001A814F0CEF901460098AB
:1023E00000F0E6F90098683006F0CEFBFFE704B095
:1023F00080BD00000000000080B58AB00890079101
:1024000008980390079820B9FFE702208DF827006D
:102410005EE007980068013020B9FFE702208DF8E0
:10242000270055E003990798069007980068C86050
:102430000698011D41F67C10C2F2004012F0ACFD7E
:10244000014603980968016406994969C0F890102B
:102450000699097C01F0010180F88C1006998969C0
:10246000C0F8A0100699C969C0F8A4100699096AB5
:10247000C0F8A81006998968059144300699496802
:10248000059AEC4608230193CCF800300023029310
:1024900006F002FBDDF804C00398029B0699C968A8
:1024A0000491683006994968049AEE46CEF800C057
:1024B00006F03AFB039808F063FE039806F054FA1E
:1024C000039A02990120107491618DF82700FFE7AB
:1024D0009DF827000AB080BD80B584B003900398B2
:1024E0000090007C08B9FFE711E06FF040700290A7
:1024F0004FF0FF30019001A814F03EF9014600981A
:1025000000F056F90098683006F03EFBFFE704B093
:1025100080BD00000000000080B588B006900698DD
:102520000490007C18B9FFE70020079063E004984E
:1025300090F88C00C00718B9FFE7002007905AE018
:1025400004981C30022114F01FF9006888B9FFE7D5
:102550000498D0F8940060B9FFE704981C3001217A
:1025600014F012F904990068C1F894000020079053
:1025700041E004981C30012114F006F90499006828
:10258000D1F89410401A0590059802900028039005
:1025900002D502984042039004990398D1F8901014
:1025A000B0EB510F13DDFFE70498D0F890000599C8
:1025B00014F0CAFAB0EE401B9DED050AB8EEC00B50
:1025C00030EE410BBDEEC00B8DED050AFFE7049820
:1025D0001C300190012114F0D7F8049A01460198AB
:1025E0000968C2F89410022114F0CEF80068059929
:1025F00008440790FFE7079808B080BD000000007E
:1026000080B596B0159015981390007C08B9FFE737
:10261000CCE013984168C06C8842C0F0C780FFE7E7
:1026200013985830119000210D911AF0D1FD0146F8
:102630001398097801F00F0107911C300E900821C2
:1026400014F0A2F8079A0D99034611981A601AF02F
:10265000BFFD01460E98097809090891072114F079
:1026600093F8089902461198116001210A911AF015
:10267000AFFD014611980978099102211AF0A8FDD1
:10268000099B0A9902460E98127842EA032212B276
:102690000B9214F079F80B990246119811600321FE
:1026A0001AF096FD01461198097809010C91042150
:1026B00010911AF08DFD0C9A0D9903460E981B7817
:1026C00042EA13120F9214F05FF80F9A1099034622
:1026D00011981A601AF07CFD01461198097801F0F2
:1026E0000F01129105211AF073FD1299007840EA4A
:1026F0000120ADF852009DF853000007002807D5CF
:10270000FFE7BDF8520040F47040ADF85200FFE71B
:102710001398BDF9521003911C300590032114F059
:1027200033F803990246139811605830062104913A
:102730001AF04EFD04990246059892F9002006927F
:1027400014F022F8069902461398116090F88C0054
:10275000C00728B1FFE71398FFF7DEFE029002E002
:1027600000200290FFE71398029900911C3001901D
:10277000022114F009F80099024601981160012124
:1027800014F002F8014613980988D0ED280AB1EE3A
:10279000600A41F61C60C2F2004010221CF01CFBD3
:1027A000139981ED2B0AC86C4860FFE716B080BD15
:1027B00080B58AB00890079108980490079820B9CE
:1027C000FFE702208DF8270019E00498079903918C
:1027D0007C3001900BF014FE0399024601981144DD
:1027E00002911AF041FB0299024603980692069A5A
:1027F00013F03AF9059001208DF82700FFE79DF8C6
:1028000027000AB080BD000080B588B00790079807
:1028100003900A2106914FF4FA7105913221049137
:10282000007C08B9FFE74AE00398C0681A2805D081
:10283000FFE70398C0681B2801D1FFE73FE0E8F7F6
:10284000E7FA0399D1F89810401A0B2809D3FFE74B
:102850000398FFF741FEE8F7DBFA0399C1F8980007
:10286000FFE703981C30072113F08EFF0068032850
:1028700004D0FFE70398FFF79FFDFFE7E8F7C8FAEA
:1028800003994968401A332804D3FFE703990020CD
:10289000886114E003981C30002113F075FF006874
:1028A00001900028029002D50198404202900399BD
:1028B000029A0220322AB8BF01208861FFE708B0DF
:1028C00080BD00000000000080B582B0019001983A
:1028D000009006F09DF8009800218160C1600174AD
:1028E0004FF40051416102B080BD000000000000C3
:1028F00080B584B003900398019006F099F8019890
:1029000045F28461C0F604010831016000210291A2
:102910000164443006F0F0F80198683006F040F9A0
:102920000198029980F88C104FF40052C0F8902062
:10293000C0F89410C0F89810C0F89C10C0F8AC1003
:1029400004B080BD0000000080B582B00190019805
:10295000009000F009F80098B0211CF034FB02B0A0
:1029600080BD00000000000080B584B00390039893
:10297000029045F28461C0F6040101F108020146AB
:1029800041F8442B0191683006F016F9019806F0E1
:10299000BFF8029806F06CF8029804B080BD000001
:1029A00080B596B0159015981490007C08B9FFE793
:1029B00097E014984168C06C8842C0F09280FFE7AD
:1029C000149858300F9000210D911AF001FC014627
:1029D0000F980978099101210A911AF0F9FB099BD6
:1029E0000A9902461498127842EA032212B20B9214
:1029F0001C30129013F0C8FE0B9902460F9811601C
:102A000002211AF0E5FB01460F9809780C91032189
:102A10001AF0DEFB0C9B0D9902461298127842EADE
:102A2000032212B20E9213F0AFFE0E9902460F98D7
:102A3000116004211AF0CCFB01460F98097810911F
:102A4000052111911AF0C4FB109B119902461298AE
:102A5000127842EA032212B2139213F095FE1399F0
:102A600002461498116090F86800C00728B1FFE78B
:102A70001498F8F701FF089002E000200890FFE7A3
:102A80001498089901911C300690022113F07CFEE5
:102A90000199024614981160583004900621029161
:102AA0001AF096FB02990246069892F900200392CA
:102AB00013F06AFE039902460498116007210591FC
:102AC0001AF086FB05990246069892F900200792B3
:102AD00013F05AFE1499024607981060C86C4860BB
:102AE000FFE716B080BD000080B582B0019001986C
:102AF0000090F9F75DF8009845F2AC61C0F604016A
:102B0000083101600321416102B080BD0000000076
:102B100080B582B001900198009000F009F800980B
:102B200088211CF050FA02B080BD000000000000B7
:102B300080B582B0019001980090F9F775F800987F
:102B400002B080BD0000000080B58AB008900791F7
:102B500008980390079820B9FFE702208DF8270016
:102B600044E007980068013020B9FFE702208DF8A3
:102B700027003BE003990798069006980068886054
:102B80000698011D41F6F000C2F20040019012F0DB
:102B900077FB01460198059112F062FB049005A8AD
:102BA00004A91BF029FF01460020029049B1FFE76C
:102BB00005A809F019FF4068002818BF01200290FD
:102BC000FFE70298C00738B1FFE705A809F00CFF3E
:102BD000039940680866FFE70398FEF735FB039901
:102BE0000220087301208DF82700FFE79DF82700D9
:102BF0000AB080BD0000000080B586B00490049843
:102C00000390006E20B9FFE702208DF81700A0E0C6
:102C1000039890F8250003281BD1FFE70398006E66
:102C20001C30052118F038FBB0F90C00022810D137
:102C3000FFE70398006E1C30062118F02DFBB0F959
:102C40000C00022805D1FFE70399012081F85C0000
:102C5000FFE70398006E1C30002118F01DFB0146B1
:102C60000398B1F90C1000EE101AB8EEC00A9FEDEF
:102C70003B1A8DED011A80EE010A80ED060A006E06
:102C80001C300121029118F007FB9DED011A01464D
:102C90000398B1F90C1000EE101AB8EEC00A80EEDD
:102CA000010A80ED070A006E1C30022118F0F4FAC8
:102CB0009DED011A01460398B1F90C1000EE101AAF
:102CC000B8EEC00A80EE010A80ED040A006E1C30E6
:102CD000032118F0E1FA9DED011A01460398B1F9BC
:102CE0000C1000EE101AB8EEC00A80EE010A80ED5A
:102CF000050A006E1C30042118F0CEFA9DED011A71
:102D000001460398B1F90C1000EE101AB8EEC00A93
:102D100080EE010A80ED080A006E1C30052118F0D3
:102D2000BBFA01460398097B80F82410006E1C3022
:102D3000062118F0B1FA01460398097B80F82510A6
:102D400000F0BAF9039800F00FFA02988DF8170016
:102D5000FFE79DF8170006B080BD00BF3333D340B6
:102D600080B582B0019001980090007B012801D0CD
:102D7000FFE706E00098FFF73FFF009800F004F837
:102D8000FFE702B080BD000080B586B004900498D3
:102D90000290006E20B9FFE702208DF8170065E170
:102DA0000298006E1C30112118F076FA0121ADF85E
:102DB0000E100DF10E0109F003FA014600200190FA
:102DC000D9B1FFE70298006E1C30102118F064FAA8
:102DD000B0F90C100020012901900ED1FFE70298F4
:102DE000006E1C30142118F057FAB0F90C000138AD
:102DF000B0FA80F040090190FFE70198C00728B1C0
:102E0000FFE70299012081F85C00FFE70298006E5D
:102E10001C30072118F040FA014602988989A0F871
:102E20004410006E1C30082118F036FA0146029852
:102E30008989A0F84610006E1C30092118F02CFA80
:102E4000014602988989A0F84810006E1C300A21BA
:102E500018F022FA01460298B1F90C100139B1FAC2
:102E600081F1490980F84A10006E1C300B2118F0DE
:102E700013FA01460298B1F90C100139B1FA81F147
:102E8000490980F84B10006E1C300C2118F004FA30
:102E900001460298B1F90C100139B1FA81F14909E2
:102EA00080F84C10006E1C300E2118F0F5F9014628
:102EB0000298B1F90C100139B1FA81F1490980F891
:102EC0004D10006E1C300D2118F0E6F901460298F5
:102ED000B1F90C100139B1FA81F1490980F84E10AD
:102EE000006E1C300F2118F0D7F901460298B1F995
:102EF0000C100139B1FA81F1490980F84F10006EC8
:102F00001C30122118F0C8F901460298B1F90C10D2
:102F10000139B1FA81F1490980F85010006E1C3076
:102F2000132118F0B9F901460298B1F90C100139D2
:102F3000B1FA81F1490980F85110006E1C3014215A
:102F400018F0AAF901460298B1F90C100139B1FA4A
:102F500081F1490980F85210006E1C30152118F0DB
:102F60009BF901460298B1F90C100139B1FA81F1CF
:102F7000490980F85310006E1C30162118F08CF9A6
:102F800001460298B1F90C100139B1FA81F14909F1
:102F900080F85410006E1C30172118F07DF901469E
:102FA0000298B1F90C100139B1FA81F1490980F8A0
:102FB0005510006E1C30182118F06EF90146029869
:102FC000B1F90C100139B1FA81F1490980F85610B4
:102FD000006E1C30192118F05FF901460298B1F912
:102FE0000C100139B1FA81F1490980F85710006ECF
:102FF0001C301A2118F050F901460298B1F90C1052
:103000000139B1FA81F1490980F85810006E1C307D
:103010001B2118F041F901460298B1F90C10013951
:10302000B1FA81F1490980F85910006E1C30112164
:1030300018F032F901460298B1F90C100139B1FAD1
:1030400081F1490980F85A10006E1C30102118F0E7
:1030500023F90299B0F90C000138B0FA80F0400968
:1030600081F85B0001208DF81700FFE79DF817003D
:1030700006B080BD0000000082B001900198009071
:10308000007B08B9FFE712E00098006E08B9FFE77F
:103090000DE00098006E8069012804D1FFE70099D7
:1030A0000120087303E0009902200873FFE702B0D3
:1030B000704700000000000080B584B003900398C2
:1030C0000190006E1C30002118F0E6F801460198CE
:1030D00089680163006E1C300121029118F0DCF850
:1030E0000146019889684163006E1C30022118F086
:1030F000D3F80146019889688162006E1C30032173
:1031000018F0CAF8014601988968C162006E1C3047
:10311000042118F0C1F80146019889688163006EA6
:103120001C30052118F0B8F8014601988968C16380
:10313000006E1C30062118F0AFF8019A0146029883
:103140008968116404B080BD80B582B00190019897
:103150000090FEF7C5F800984FF0FF31416002B0D3
:1031600080BD00000000000080B58AB00990099879
:10317000089090ED060A0020B5EE400AF1EE10FA34
:10318000C8BF0120411EB5EE400AF1EE10FAB8BFEB
:10319000084601EE100AB8EEC11A8DED071A13F0B9
:1031A0007FFC089890ED191AB4EE410AF1EE10FA7E
:1031B00015DDFFE7089890ED060A13F071FC0898FA
:1031C00090ED192A30EE420A9FED741A31EE422A30
:1031D00080EE020A20EE010A8DED060A04E09FED62
:1031E0006E0A8DED060AFFE708989DED070A9DED32
:1031F000061A20EE010A80ED060A90ED070A00206B
:10320000B5EE400AF1EE10FAC8BF0120411EB5EE3E
:10321000400AF1EE10FAB8BF084601EE100AB8EE07
:10322000C11A8DED051A13F03BFC089890ED191AA0
:10323000B4EE410AF1EE10FA15DDFFE7089890EDC3
:10324000070A13F02DFC089890ED192A30EE420A77
:103250009FED521A31EE422A80EE020A20EE010A58
:103260008DED040A04E09FED4C0A8DED040AFFE7A2
:1032700008989DED050A9DED041A20EE010A80EDE7
:10328000070A90ED040A0020B5EE400AF1EE10FAAC
:10329000C8BF0120411EB5EE400AF1EE10FAB8BFDA
:1032A000084601EE100AB8EEC11A8DED031A13F0AC
:1032B000F7FB089890ED191AB4EE410AF1EE10FAF6
:1032C00015DDFFE7089890ED040A13F0E9FB089874
:1032D00090ED192A30EE420A9FED301A31EE422A63
:1032E00080EE020A20EE010A8DED020A04E09FED55
:1032F0002A0A8DED020AFFE708989DED030A9DED6D
:10330000021A20EE010A80ED040A90ED050A002061
:10331000B5EE400AF1EE10FAC8BF0120411EB5EE2D
:10332000400AF1EE10FAB8BF084601EE100AB8EEF6
:10333000C11A8DED011A13F0B3FB089890ED191A1C
:10334000B4EE410AF1EE10FA15DDFFE7089890EDB2
:10335000050A13F0A5FB089890ED192A30EE420AF1
:103360009FED0E1A31EE422A80EE020A20EE010A8B
:103370008DED000A04E09FED080A8DED000AFFE7DD
:1033800008989DED010A9DED001A20EE010A80EDDE
:10339000050A01200AB080BD000000000000C842FC
:1033A00080B582B001900198009000F009F8009873
:1033B00068211BF008FE02B080BD00000000000084
:1033C00080B582B0019001980090FDF7A9FF0098A8
:1033D00002B080BD0000000080B58AB0089007915F
:1033E00008980390079820B9FFE702208DF827007E
:1033F00044E007980068013020B9FFE702208DF80B
:1034000027003BE0039907980690069800688860BB
:103410000698011D41F6F000C2F20040019011F043
:103420002FFF01460198059111F01AFF049005A89D
:1034300004A91BF0E1FA01460020029049B1FFE720
:1034400005A809F0D1FA4068002818BF01200290B1
:10345000FFE70298C00738B1FFE705A809F0C4FAF2
:10346000039940688865FFE70398FDF7EDFE03992F
:103470000220087301208DF82700FFE79DF8270040
:103480000AB080BD0000000081B0009000980021CB
:10349000017041608160C16001614161816101B081
:1034A000704700000000000087B005900599029168
:1034B000069100200870486001F10800183103915E
:1034C0000490FFE70499039A002041F8040B084692
:1034D00091420490F6D1FFE702990020886101F142
:1034E0001C002C3100910190FFE70199009A002007
:1034F00041F8040B084691420190F6D1FFE7069887
:1035000007B070470000000080B586B005900598B0
:103510000190806D08B9FFE730E002A8F8F76CFC75
:103520000220ADF80E000120ADF80C0040F214119D
:10353000C2F2004109680729009007D0FFE740F276
:103540001410C2F20040007C0090FFE7019800993F
:1035500001F00101ADF81010806D022102AAF8F708
:10356000CBFB0198007B012801D0FFE706E0019822
:1035700000F026F8019800F083F8FFE706B080BD60
:1035800082B0019001980090007B08B9FFE712E03B
:103590000098806D78B1FFE70098806D007C01286D
:1035A00004D1FFE700990120087303E0009902208D
:1035B0000873FFE7FFE702B070470000000000005B
:1035C00010B58AB0089008980090806D00284CD003
:1035D000FFE70098806D406F022822D0FFE70020AF
:1035E000079006900590049003900290019001A826
:1035F000FFF74AFF00990198029A039BDDF810C07B
:10360000DDF814E0069C4C62C1F820E0C1F81CC053
:103610008B614A6108610798886202208DF8270053
:1036200027E00099886DB0F82100002818BF01201C
:103630000874886DD0F823004861886DD0F82700A1
:103640008861886DD0F82B00C861886DD0F82F0094
:103650000862886DD0F833004862886DD0F8370072
:10366000886201208DF8270003E002208DF82700F2
:10367000FFE79DF827000AB010BD00000000000021
:1036800010B590B00E900E980190806D00285FD01C
:10369000FFE70198806D406F02282BD0FFE703A859
:1036A00000902C21DDF76CF90098FFF7FDFE0199E1
:1036B0000398049A059BDDF818C0DDF81CE0089C0F
:1036C0000C64C1F83CE0C1F838C04B630A63C862BF
:1036D00009980A9A0B9BDDF830C0DDF834E0C1F898
:1036E00054E0C1F850C0CB648A64486402208DF86D
:1036F0003F0031E00199886DB0F82100002818BF23
:10370000012081F82C0000200290FFE70298042895
:103710001ADCFFE70198816D029B01EB8301D1F870
:103720003B2000F12C0101EB83035A60806D029A6B
:1037300000EB8200D0F84F0001EB82018861FFE7C7
:10374000029801300290E1E701208DF83F0003E08C
:1037500002208DF83F00FFE79DF83F0010B010BD3C
:1037600080B582B0019001980090FDF7B9FD0098F6
:103770004FF0FF31416002B080BD0000000000004A
:1037800080B582B001900198009000F009F800988F
:103790005C211BF018FC02B080BD0000000000009E
:1037A00080B582B0019001980090FDF7B9FD0098B6
:1037B00002B080BD0000000080B5ADF5227D40F66E
:1037C0004050C2F200400078BFF35F8FC00708BBD3
:1037D000FFE740F64050C2F200401DF00CFFC8B1B8
:1037E000FFE742F60040C2F20040269006F008F9DA
:1037F000269949F67920C0F6020040F20002C0F690
:103800000002DCF743FF40F64050C2F200401DF0DA
:1038100008FFFFE7A0A8259005F092FE259901205A
:10382000A090A19042F60040C2F2004005F0DCFEFC
:1038300040F63850C2F200400078BFF35F8FC007F7
:1038400008BBFFE740F63850C2F200401DF0D3FE3F
:10385000C8B1FFE742F68010C2F200402490F9F7A9
:1038600097FF24994DF69900C0F6010040F200023E
:10387000C0F60002DCF70AFF40F63850C2F2004002
:103880001DF0CFFEFFE78AA82390F9F721FE2399C8
:103890000B208A9009208B9040F60000C5F60200AC
:1038A0008C900122ADF834228E900820ADF83C02B5
:1038B00000208DF83E020020C4F22020909045F2B6
:1038C000C800C2F2004091900C2092900020C4F2F7
:1038D000201094900020C4F2400095904FF07C504E
:1038E00096900020C4F2A01099900020C4F2C82045
:1038F000989042F68010C2F20040F9F751F940F674
:103900004450C2F200400078BFF35F8FC00708BB8D
:10391000FFE740F64450C2F200401DF06CFEC8B113
:10392000FFE742F65040C2F200402290F8F71CFE3A
:1039300022994CF62100C0F6010040F20002C0F6C8
:103940000002DCF7A3FE40F64450C2F200401DF036
:1039500068FEFFE788A82190F8F7F6FD219903207B
:1039600088900220899042F65040C2F20040F8F759
:103970009BFB40F63C50C2F200400078BFF35F8FE3
:10398000C00708BBFFE740F63C50C2F200401DF004
:1039900032FEC8B1FFE742F68020C2F2004020901C
:1039A000F8F7BEFA20994CF29100C0F6010040F2FF
:1039B0000002C0F60002DCF769FE40F63C50C2F29D
:1039C00000401DF02EFEFFE786A81F90F8F798FA3A
:1039D0001F99022086900520879042F68020C2F22F
:1039E0000040F8F735F940F60050C2F20040007888
:1039F000BFF35F8FC00708BBFFE740F60050C2F27D
:103A000000401DF0F8FDC8B1FFE741F62060C2F2AA
:103A100000401E9004F044FB1E9948F2D910C0F6F5
:103A2000020040F20002C0F60002DCF72FFE40F672
:103A30000050C2F200401DF0F4FDFFE784A81D9085
:103A400004F01EFB1D99052084900420859041F60A
:103A50002060C2F2004004F04BF940F63450C2F24C
:103A600000400078BFF35F8FC00708BBFFE740F658
:103A70003450C2F200401DF0BEFDC8B1FFE742F273
:103A80003C70C2F200401C9008F03EFA1C994BF6C4
:103A90008970C0F6020040F20002C0F60002DCF7B6
:103AA000F5FD40F63450C2F200401DF0BAFDFFE7CC
:103AB00082A81B9008F018FA1B9908208290032016
:103AC000839042F23C70C2F2004008F025F940F6C3
:103AD0004850C2F200400078BFF35F8FC00708BBB8
:103AE000FFE740F64850C2F200401DF084FDC8B127
:103AF000FFE742F62470C2F200401A90FEF7F8FB8E
:103B00001A9942F29130C0F6020040F20002C0F66B
:103B10000002DCF7BBFD40F64850C2F200401DF049
:103B200080FDFFE77FA81990FEF7D2FB19990620C8
:103B30007F900820809042F62470C2F20040FEF789
:103B40004BFA40F60850C2F200400078BFF35F8F96
:103B5000C00708BBFFE740F60850C2F200401DF066
:103B60004AFDC8B1FFE742F21410C2F200401890BB
:103B7000FDF792FF189941F6E120C0F6020040F2ED
:103B80000002C0F60002DCF781FD40F60850C2F2E8
:103B900000401DF046FDFFE778A81790F7F7F0FF0B
:103BA00017990C2078900720799001207A9042F2A2
:103BB0001410C2F20040F7F7E7FD40F61050C2F2D1
:103BC00000400078BFF35F8FC00708BBFFE740F6F7
:103BD0001050C2F200401DF00EFDC8B1FFE742F2E6
:103BE0002420C2F200401690FDF756FF169941F6C8
:103BF000E120C0F6020040F20002C0F60002DCF74D
:103C000045FD40F61050C2F200401DF00AFDFFE7EE
:103C100071A81590F7F7B4FF15990D207190072042
:103C200072900220739042F22420C2F20040F7F713
:103C3000ABFD40F60450C2F200400078BFF35F8F46
:103C4000C00708BBFFE740F60450C2F200401DF079
:103C5000D2FCC8B1FFE742F28C00C2F200401490DF
:103C6000FDF71AFF149941F6E120C0F6020040F278
:103C70000002C0F60002DCF709FD40F60450C2F273
:103C800000401DF0CEFCFFE76AA81390F7F778FF1D
:103C900013990E206A9007206B9003206C9042F2DB
:103CA0008C00C2F20040F7F76FFD40F60C50C2F2F4
:103CB00000400078BFF35F8FC00708BBFFE740F606
:103CC0000C50C2F200401DF096FCC8B1FFE742F272
:103CD0009C10C2F200401290FDF7DEFE129941F6F0
:103CE000E120C0F6020040F20002C0F60002DCF75C
:103CF000CDFC40F60C50C2F200401DF092FCFFE7F4
:103D000063A81190F7F73CFF11990F2063900720EB
:103D100064900420659042F29C10C2F20040F7F7D4
:103D200033FD40F62050C2F200400078BFF35F8FB1
:103D3000C00708BBFFE740F62050C2F200401DF06C
:103D40005AFCC8B1FFE742F29440C2F20040109022
:103D5000FEF7CAFE109942F63130C0F6020040F27A
:103D60000002C0F60002DCF791FC40F62050C2F2DF
:103D700000401DF056FCFFE75CA80F90F7F700FF2E
:103D80000F9910205C9006205D9005205E90012028
:103D90008DF8800142F29440C2F20040F7F7F4FC43
:103DA00040F62850C2F200400078BFF35F8FC00792
:103DB00008BBFFE740F62850C2F200401DF01BFC94
:103DC000C8B1FFE742F2A450C2F200400E90FEF7E5
:103DD0008BFE0E9942F63130C0F6020040F200022E
:103DE000C0F60002DCF752FC40F62850C2F2004058
:103DF0001DF017FCFFE755A80D90F7F7C1FE0D99D0
:103E00001120559006205690579001208DF864019E
:103E100042F2A450C2F20040F7F7B6FC40F61C5044
:103E2000C2F200400078BFF35F8FC00708BBFFE716
:103E300040F61C50C2F200401DF0DDFBC8B1FFE7A8
:103E400042F20C40C2F200400C90FEF74DFE0C997D
:103E500042F63130C0F6020040F20002C0F6000225
:103E6000DCF714FC40F61C50C2F200401DF0D9FBF8
:103E7000FFE74EA80B90F7F783FE0B9912204E90A8
:103E800006204F900720509001208DF8480142F203
:103E90000C40C2F20040F7F777FC40F62450C2F223
:103EA00000400078BFF35F8FC00708BBFFE740F614
:103EB0002450C2F200401DF09EFBC8B1FFE742F261
:103EC0001C50C2F200400A90FEF70EFE0A9942F61C
:103ED0003130C0F6020040F20002C0F60002DCF70A
:103EE000D5FB40F62450C2F200401DF09AFBFFE7DC
:103EF00047A80990F7F744FE099913204790062038
:103F000048900820499001208DF82C0142F21C5065
:103F1000C2F20040F7F738FC40F61450C2F20040FD
:103F20000078BFF35F8FC00708BBFFE740F614506F
:103F3000C2F200401DF05FFBC8B1FFE742F2AC20C7
:103F4000C2F200400890FEF7D3FC089942F66910CF
:103F5000C0F6020040F20002C0F60002DCF796FB59
:103F600040F61450C2F200401DF05BFBFFE73EA894
:103F70000790FEF7A9FC07991A203E9006203F9073
:103F8000322040903320419040F6F970C4F249004D
:103F900044900020C4F2F01045900020C4F220208C
:103FA000469001208DF808014FF48030439042F292
:103FB000AC20C2F20040FEF71FFA40F61850C2F2E1
:103FC00000400078BFF35F8FC00708BBFFE740F6F3
:103FD0001850C2F200401DF00EFBC8B1FFE742F2DC
:103FE0005C30C2F200400690FEF782FC069942F671
:103FF0006910C0F6020040F20002C0F60002DCF7D1
:1040000045FB40F61850C2F200401DF00AFBFFE7E6
:1040100035A80590FEF758FC05991B203590062021
:104020003690342037903520389040F6F970C4F23D
:1040300049003B900020C4F2F0103C900020C4F2F4
:1040400020203D9001208DF8E4004FF480303A901C
:1040500042F25C30C2F20040FEF7CEF940F62C503E
:10406000C2F200400078BFF35F8FC00708BBFFE7D4
:1040700040F62C50C2F200401DF0BDFAC8B1FFE777
:1040800042F22C60C2F200400490FDF705FD049955
:1040900041F6E120C0F6020040F20002C0F6000244
:1040A000DCF7F4FA40F62C50C2F200401DF0B9FAE9
:1040B000FFE72EA80390F7F763FD03991D202E90CC
:1040C00008202F900120309042F22C60C2F2004074
:1040D000F7F75AFB40F63050C2F200400078BFF3C9
:1040E0005F8FC00708BBFFE740F63050C2F20040C8
:1040F0001DF081FAC8B1FFE742F2B460C2F200409D
:104100000290FDF7C9FC029941F6E120C0F60200D9
:1041100040F20002C0F60002DCF7B8FA40F6305078
:10412000C2F200401DF07DFAFFE727A80190F7F7E3
:1041300027FD01991E202790082028900220299011
:1041400042F2B460C2F20040F7F71EFB01200DF509
:10415000227D80BD0000000080B5ADF5956D12A8F0
:104160000990FCF771FD099801210A9112910B2128
:10417000139100210D9114910C2215920D2216928B
:104180000E2217920F2218921022199211221A92BF
:1041900012221B9213221C9241F66022C2F20042AC
:1041A000219222922392249241F6AC12C2F2004252
:1041B00025922692279228920022C4F2201275920C
:1041C000769177914FF07E5278920022C4F2482285
:1041D0007A9244F20002C4F29C52799268916991F9
:1041E0006A916D916C918430049012F009FA0D99E6
:1041F000034604980022C4F2501202925A6012F050
:10420000FFF90D9902460498916012F0F9F90D99A1
:1042100002460498D16012F0F3F90D990346049810
:104220000022C4F2A00203921A6112F0E9F90D997A
:104230000346049844F20002C4F21C620E929A6192
:1042400012F0DEF90A990E9A034604985A6112F0A8
:10425000D7F9029A0A99034604985A6012F0D0F9E5
:104260000A990D9A034604989A6012F0C9F90A99BE
:104270000D9A03460498DA6012F0C2F9039A0A997B
:10428000034604981A6112F0BBF90A990E9A034684
:1042900004989A6112F0B4F90E990246049851619B
:1042A00002210B9112F0ACF9029A0B990346049883
:1042B0005A6012F0A5F90B990D9A034604989A607A
:1042C00012F09EF90B990D9A03460498DA6012F0E9
:1042D00097F9039A0B99034604981A6112F090F922
:1042E0000B990E9A034604989A6112F089F90E9977
:1042F00002460498516103210F9112F081F9029A4C
:104300000F99034604985A6012F07AF90D9A0F99A2
:10431000034604989A6012F073F90D9A0F990346B8
:104320000498DA6012F06CF9039A0F990346049826
:104330001A6112F065F90E9A0F99034604989A6172
:1043400012F05EF90D990E9A034609985A6100F52C
:10435000DE70079012F054F90D990346079849F65C
:104360009A12C3F6996205925A6012F049F90D99B2
:1043700002460798916012F043F90D99024607989A
:10438000D16012F03DF90D9902460798116112F0C3
:1043900037F90D9902460798916112F031F90D999C
:1043A0000346079848F20002C4F23B6206925A6143
:1043B00012F026F90B9A0D99034607981A6312F02A
:1043C0001FF90A99034607984FF4005208929A85FC
:1043D00012F016F9059A0A99034607985A6012F0E6
:1043E0000FF90A990D9A034607989A6012F008F996
:1043F0000A990D9A03460798DA6012F001F90A99B2
:104400000D9A034607981A6112F0FAF80A990D9A64
:10441000034607989A6112F0F3F8069A0A99034640
:1044200007985A6112F0ECF80A990B9A034607981C
:104430001A6312F0E5F8089A0B99034607989A85D3
:1044400012F0DEF8059A0B99034607985A6012F0AD
:10445000D7F80B990D9A034607989A6012F0D0F896
:104460000B990D9A03460798DA6012F0C9F80B9978
:104470000D9A034607981A6112F0C2F80B990D9A2B
:10448000034607989A6112F0BBF8069A0B99034607
:1044900007985A6112F0B4F80B9902460798116315
:1044A00012F0AEF8089A0F99034607989A8512F011
:1044B000A7F8059A0F99034607985A6012F0A0F8DA
:1044C0000D9A0F99034607989A6012F099F80D9A81
:1044D0000F9903460798DA6012F092F80D9A0F9937
:1044E000034607981A6112F08BF80D9A0F9903464C
:1044F00007989A6112F084F8069A0F990346079874
:104500005A6112F07DF80B9A0F99034607981A63C7
:1045100012F076F8089A0D99034609989A8500F5E5
:104520002370109012F06CF80D9903461098002239
:10453000C4F2C8220C925A6012F062F80D99024639
:104540001098916012F05CF80D9902461098D160B5
:1045500012F056F80D9902461098116112F050F8B9
:104560000D990E9A034610989A6112F049F80A992B
:10457000034610980022C4F27A6211925A6112F036
:104580003FF80A990C9A034610985A6012F038F8CE
:104590000A990D9A034610989A6012F031F80A9918
:1045A0000D9A03461098DA6012F02AF80A990D9ACB
:1045B000034610981A6112F023F80A990E9A0346DE
:1045C00010989A6112F01CF80B99119A03461098F2
:1045D0005A6112F015F80B990C9A034610985A601C
:1045E00012F00EF80B990D9A034610989A6012F08B
:1045F00007F80B990D9A03461098DA6012F000F84C
:104600000B990D9A034610981A6111F0F9FF0B9956
:104610000E9A034610989A6111F0F2FF0F99119AC1
:10462000034610985A6111F0EBFF0C9A0F9903465C
:1046300010985A6011F0E4FF0D9A0F9903461098F4
:104640009A6011F0DDFF0D9A0F9903461098DA6019
:1046500011F0D6FF0D9A0F99034610981A6111F0C8
:10466000CFFF0E9A0F99034610989A6111F0C8FF78
:104670000146119848614FF01E0EADF8D8E34FF295
:104680000C3CC3F2955CCDF8DCC340F6B443C3F2F6
:104690006E43F89342F22C22C3F24F42F99244F651
:1046A0007D21C4F23201FA914FF47A50ADF8EC0357
:1046B000ADF8F0E3CDF8F4C3FE93FF92CDF800140B
:1046C000ADF80404ADF808E4CDF80CC4CDF810340E
:1046D000CDF81424CDF81814ADF81C04ADF820E47E
:1046E000CDF824C4CDF82834CDF82C24CDF83014DE
:1046F000ADF834044FF0140EADF838E444F6233C22
:10470000CBF2085CCDF83CC44BF22273C3F26023B9
:10471000CDF8403444F28632C3F29D72CDF8442481
:1047200042F27951C3F68D71CDF8481442F21070FF
:10473000ADF84C04ADF850E4CDF854C4CDF858347D
:10474000CDF85C24CDF86014ADF86404ADF868E4ED
:10475000CDF86CC4CDF87034CDF87424CDF878144D
:10476000ADF87C04ADF880E4CDF884C4CDF888348D
:10477000CDF88C24CDF89014ADF894040620CDF833
:10478000980440F21650CDF89C040820CDF8A004FF
:1047900040F64C50C2F200400078BFF35F8FC00774
:1047A00010BBFFE740F64C50C2F200401CF023FF64
:1047B000D0B1FFE742F6B070C2F20040019012A9FA
:1047C000FCF7AAFC019941F20920C0F6020040F270
:1047D0000002C0F60002DBF759FF40F64C50C2F26F
:1047E00000401CF01EFFFFE701200DF5956D80BD18
:1047F00080B590B00E900D910E9806900D9820B94E
:10480000FFE702208DF83F008EE00D980068013030
:1048100020B9FFE702208DF83F0085E006990D984A
:104820000C900C98006888600C98011D41F6F0000F
:10483000C2F20040049010F023FD014604980B9151
:1048400010F00EFD0A900BA80AA91AF0D5F801463F
:104850000020059049B1FFE70BA808F0C5F84068B3
:10486000002818BF01200590FFE70598C00740B158
:10487000FFE70BA808F0B8F806994068C1F8E00413
:10488000FFE70220089041F67C10C2F2004002903F
:1048900008A910F0ADFB01460298099110F098FBB1
:1048A000079009A807A91AF08FF801460020039085
:1048B00049B1FFE709A808F073F84068002818BF5D
:1048C00001200390FFE70398C00740B1FFE709A864
:1048D00008F066F806994068C1F8E404FFE7069816
:1048E000406828B1FFE7069840681DF031F9FFE7FE
:1048F00006980430694648601420086045F6F14087
:10490000C0F6020045F69931C0F604014FF400727A
:1049100000231DF035FE0698FCF796FC0699012051
:1049200008738DF83F00FFE79DF83F0010B080BD91
:1049300081B0009000980021017001B07047000024
:104940002DE9F04FB3B032903298159001240294C3
:10495000319441F6FC00C2F2004031A910F068FD2C
:10496000159905686869AA69EB69D5F820C0D5F87A
:1049700024E0AD6A8D63C1F834E0C1F830C0CB6289
:104980008A62486200271797CDF8BF702F972FA82B
:10499000F7F7D6FB159A02F2B3102F99DDF8BF3066
:1049A000C2F8B631C2F8B31133210791A2F8B4119D
:1049B00040F201311091A2F8B81104211191FDF7D4
:1049C000F3FA119A0146159880F8B711B0F91C1046
:1049D0000229394608BF6421A0F8BC11C38BB0F886
:1049E000BC111944A0F8BC11B0F91C104FF480752B
:1049F00003950229294608BF4FF4B271A0F8BE11F1
:104A0000C38BB0F8BE111944A0F8BE114FF48871E1
:104A10000991A0F8BA1180F8C07180F8C17180F8CE
:104A2000C241D0F8C31164F30201C0F8C311D0F839
:104A3000C31141F03801C0F8C311D0F8C31121F4FB
:104A40007071C0F8C311D0F8C31114230A9363F333
:104A50009631C0F8C311D0F8C7114FF4667363F3F1
:104A60009421C0F8C711D0F8C7114FF44D7363F308
:104A70005F51C0F8C711D0F8C31162F38D21C0F89F
:104A8000C311D0F8C31162F3DF51C0F8C311D0F8DD
:104A9000C7110222149262F30901C0F8C71100F293
:104AA000CF1045F62531C0F60401DBF706FECDF840
:104AB000B7702D972DA8F7F743FBDDF81CC0109AAF
:104AC0001199159B03F2EF10DDF8B4E0DDF8B76043
:104AD000C3F8F261C3F8EFE1A3F8F0C1A3F8F42141
:104AE000FDF762FA099B119A14998446159880F88B
:104AF000F3C1B0F91CC0BCF1020FBC4608BF4FF0B7
:104B0000640CA0F8F8C1B0F81EE0B0F8F8C1F444A5
:104B1000A0F8F8C1B0F91CC0BCF1020FAC4608BF48
:104B20004FF4B27CA0F8FAC1B0F81EE0B0F8FAC1B8
:104B3000F444A0F8FAC1A0F8F63180F8FC7180F8CE
:104B4000FD7180F8FE11D0F8FF1164F30201C0F886
:104B5000FF11D0F8FF1141F03801C0F8FF11D0F873
:104B6000FF1121F47071C0F8FF11D0F8031240F268
:104B70008E3363F39421C0F80312D0F803124FF47C
:104B8000437363F35F51C0F80312D0F8FF1164F36D
:104B90008D21C0F8FF11D0F8FF111923049363F39E
:104BA0009631C0F8FF11D0F8FF1162F3DF51C0F861
:104BB000FF11D0F8031262F30901C0F8031200F2EA
:104BC0000B2045F63331C0F60401DBF776FDCDF856
:104BD000AF702B972BA8F7F7B3FADDF81CC0109A2B
:104BE0001199159B03F2C120DDF8ACE0DDF8AF6050
:104BF000C3F8C462C3F8C1E2A3F8C2C2A3F8C622D4
:104C0000FDF7D2F9DDF810C00999119A03461598FD
:104C100080F8C532B0F91C30022B3B4608BF642334
:104C2000A0F8CA32B0F81EE0B0F8CA327344A0F857
:104C3000CA32B0F91C30022B2B4608BF4FF4B273B6
:104C4000A0F8CC32B0F81EE0B0F8CC327344A0F833
:104C5000CC32A0F8C81280F8CE7280F8CF7203234D
:104C60000B9380F8D032D0F8D11264F30201C0F86F
:104C7000D112D0F8D11241F03801C0F8D112D0F8D9
:104C8000D11264F38911C0F8D112D0F8D1126CF3AB
:104C90009631C0F8D112D0F8D5124FF4707CCDF80F
:104CA0004CC06CF39421C0F8D512D0F8D51240F264
:104CB000032C6CF35F51C0F8D512D0F8D11263F316
:104CC0008D21C0F8D112D0F8D1126FF3DF51C0F8A6
:104CD000D112D0F8D51262F30901C0F8D51200F252
:104CE000DD2045F6D171C0F60401DBF7E6FCCDF816
:104CF000A770299729A8F7F723FADDF81CC0109AA6
:104D00001199159B03F23B10DDF8A4E0DDF8A760D4
:104D1000C3F83E61C3F83BE1A3F83CC1A3F84021CE
:104D2000FDF742F90999DDF828C0119B149A8646CF
:104D3000159880F83FE1B0F91CE0BEF1020FBE46C5
:104D400008BF4FF0640EA0F844E1C68BB0F844E110
:104D5000B644A0F844E1B0F91CE0BEF1020FAE4643
:104D600008BF4FF4B27EA0F846E1C68BB0F846E12A
:104D7000B644A0F846E1A0F8421180F8487180F8E6
:104D800049714FF0070880F84A81D0F84B1164F35D
:104D90000201C0F84B11D0F84B1141F03801C0F8B6
:104DA0004B11D0F84B1121F47071C0F84B11D0F8B1
:104DB0004B116CF39631C0F84B11D0F84F114FF4F2
:104DC000AF6CCDF820C06CF39421C0F84F11D0F82F
:104DD0004F114FF4527B6BF35F51C0F84F11D0F875
:104DE0004B1163F38D21C0F84B11D0F84B110826FD
:104DF000169666F3DF51C0F84B11D0F84F1162F3ED
:104E00000901C0F84F1100F2571045F64031C0F6C5
:104E10000401DBF752FCCDF89F70279727A8F7F71E
:104E20008FF9DDF81CC0109A1199159B03F27710C9
:104E3000DDF89CE0DDF89F90C3F87A91C3F877E144
:104E4000A3F878C1A3F87C21FDF7AEF80999DDF845
:104E500020C0119B149ADDF828E08146159880F84F
:104E60007B91B0F91C90B9F1020FB94608BF4FF021
:104E70006409A0F88091B0F81EA0B0F88091D144E8
:104E8000A0F88091B0F91C90B9F1020FA94608BFB3
:104E90004FF4B279A0F88291B0F81EA0B0F88291D8
:104EA000D144A0F88291A0F87E1180F8847180F836
:104EB00085710A210D9180F88611D0F8871164F36D
:104EC0000201C0F88711D0F8871141F03801C0F80D
:104ED0008711D0F8871121F47071C0F88711D0F8CC
:104EE00087116EF39631C0F88711D0F88B116CF3EF
:104EF0009421C0F88B11D0F88B114FF45C7C6CF3CB
:104F00005F51C0F88B11D0F8871163F38D21C0F881
:104F10008711D0F8871166F3DF51C0F88711D0F8F8
:104F20008B1162F30901C0F88B1100F2931045F662
:104F30004931C0F60401DBF7C0FBCDF89770259727
:104F400025A8F7F7FDF8DDF81CC0109A1199159BFC
:104F500003F22B20DDF894E0DDF89790C3F82E9251
:104F6000C3F82BE2A3F82CC2A3F83022FDF71CF8FB
:104F7000DDF828C0119B149A15998646099881F886
:104F80002FE2B1F91CE0BEF1020FBE4608BF4FF0A0
:104F9000640EA1F834E2B1F81E90B1F834E2CE44C8
:104FA000A1F834E2B1F91CE0BEF1020FAE4608BF31
:104FB0004FF4B27EA1F836E2B1F81E90B1F836E2B5
:104FC000CE44A1F836E2A1F8320281F8387281F8B5
:104FD000397281F83A32D1F83B0264F30200C1F829
:104FE0003B02D1F83B024FF0050ACDF838A06AF336
:104FF000C500C1F83B02D1F83B0220F47070C1F843
:105000003B02D1F83B026CF39630C1F83B02D1F879
:105010003F0240F2546C6CF39420C1F83F02D1F887
:105020003F0240F2163CCDF818C06CF35F50C1F857
:105030003F02D1F83B0263F38D20C1F83B02D1F867
:105040003F0262F30900C1F83F02CDF88F70239749
:1050500023A8F7F775F8DDF81CC0109A1199159B75
:1050600003F27530DDF88CE0DDF88F90C3F87893AB
:10507000C3F875E3A3F876C3A3F87A23FCF794FF8B
:10508000DDF818C0119B149A1599DDF828E081F815
:105090007903B1F91C000228384608BF6420A1F842
:1050A0007E03B1F81E90B1F87E034844A1F87E0358
:1050B000B1F91C000228284608BF4FF4B270A1F8CD
:1050C0008003C88BB1F8809381440998A1F880933C
:1050D000A1F87C0381F8827381F8837381F884A33B
:1050E000D1F8850364F30200C1F88503D1F8850384
:1050F0006AF3C500C1F88503D1F8850320F4707008
:10510000C1F88503D1F885036EF39630C1F88503A5
:10511000D1F889034FF4BE6ECDF814E06EF39420FD
:10512000C1F88903D1F889036CF35F50C1F8890392
:10513000D1F8850363F38D20C1F88503D1F8890385
:1051400062F30900C1F88903CDF88770219721A87F
:10515000F6F7F6FFDDF81CC0109A1199159B03F2C3
:10516000ED30DDF884E0DDF88790C3F8F093C3F804
:10517000EDE3A3F8EEC3A3F8F223FCF715FFDDF887
:1051800014C0119B149A1599DDF828E081F8F103F9
:10519000B1F91C000228384608BF6420A1F8F603C4
:1051A000B1F81E90B1F8F6034844A1F8F603B1F93E
:1051B0001C000228284608BF4FF4B270A1F8F8037B
:1051C000C88BB1F8F89381440998A1F8F893A1F835
:1051D000F40381F8FA7381F8FB734FF0060981F844
:1051E000FC93D1F8FD0364F30200C1F8FD03D1F88C
:1051F000FD036AF3C500C1F8FD03D1F8FD0320F4F7
:105200007070C1F8FD03D1F8FD036EF39630C1F85C
:10521000FD03D1F801046CF39420C1F80104D1F826
:10522000010440F23E3A6AF35F50C1F80104D1F83C
:10523000FD0363F38D20C1F8FD03D1F8010462F38F
:105240000900C1F80104CDF87F701F971FA8F6F779
:1052500077FFDDF81CC0109A159B03F2B130DDF822
:105260007CE0DDF87F10C3F8B4131199C3F8B1E303
:10527000A3F8B2C3A3F8B623FCF796FEDDF818C076
:10528000119B149A1599DDF820E081F8B503B1F966
:105290001C000228384608BF6420A1F8BA03C88B56
:1052A000B1F8BA1301441598A0F8BA13B0F91C105C
:1052B0000229294608BF4FF4B271A0F8BC13C18B74
:1052C000B0F8BC0308441599A1F8BC030998A1F8EB
:1052D000B80381F8BE7381F8BF7381F8C063D1F859
:1052E000C10364F30200C1F8C103D1F8C10340F067
:1052F0003800C1F8C103D1F8C10320F47070C1F8BF
:10530000C1030A98D1F8C11360F396311598C0F81B
:10531000C113D0F8C5136EF39421C0F8C513D0F8AB
:10532000C5136CF35F51C0F8C513D0F8C11363F314
:105330008D21C0F8C113D0F8C11363F3DF51C0F859
:10534000C113D0F8C51362F30901C0F8C51300F208
:10535000CD3045F61931C0F60401DBF7AEF9CDF8D2
:1053600077701D971DA8F6F7EBFEDDF81CC0109AAC
:10537000159B03F22940DDF874E0DDF87710C3F8DF
:105380002C141199C3F829E4A3F82AC4A3F82E24F5
:10539000FCF70AFE0E9BDDF844C0149A1599DDF85F
:1053A00020E081F82D04B1F91C000228384608BF1E
:1053B0006420A1F83204C88BB1F832140144159866
:1053C000A0F83214B0F91C100229294608BF4FF486
:1053D000B271A0F83414C18BB0F8340408441599A4
:1053E000A1F834040998A1F8300481F8367481F8E2
:1053F000377409200C9081F83804D1F8390464F32B
:105400000200C1F83904D1F8390440F03800C1F87D
:105410003904D1F8390420F47070C1F839040A98BD
:10542000D1F8391460F396311598C0F83914D0F8D2
:105430003D146EF39421C0F83D14D0F83D1440F2B1
:10544000EE2E6EF35F51C0F83D14D0F839146CF3B2
:105450008D21C0F83914D0F8391463F3DF51C0F846
:105460003914D0F83D1462F30901C0F83D1400F27C
:10547000454045F61231C0F60401DBF71EF9CDF8C0
:105480006F701B971BA8F6F75BFE109A1199159B7E
:1054900003F2FD20DDF86CC0DDF86FE0C3F800E337
:1054A000C3F8FDC24FF06F0CCDF83CC0A3F8FEC2AC
:1054B000A3F80223FCF778FD0B9A0C99DDF854C091
:1054C000DDF834E003460E988CF80133BCF91C304B
:1054D000022B3B4608BF6423ACF80633BCF81E30F1
:1054E000BCF806C39C44159BA3F806C3B3F91CC0C3
:1054F000BCF1020FAC4608BF4FF4B27CA3F808C35E
:10550000B3F81EC0B3F808336344DDF854C0ACF8F8
:1055100008334FF482731293ACF80433DDF850C0B3
:10552000159B83F80A7383F80B4383F80C23D3F895
:105530000D2364F30202C3F80D23D3F80D236CF39B
:10554000C502C3F80D23D3F80D2364F38912C3F801
:105550000D23D3F811C34FF4CD6262F3942C119A4A
:10556000C3F811C3D3F811C36AF35F5CC3F811C366
:10557000D3F80DC368F38D2CC3F80DC3D3F815C34E
:105580006EF3090CC3F815C3D3F811C34FF00E0E18
:105590006EF3090CC3F811C383F8197383F81A4327
:1055A00083F81B23D3F81C2364F30202C3F81C23E3
:1055B000D3F81C2322F03802C3F81C23D3F81C2391
:1055C00064F38912C3F81C23D3F820234FF47F7EA1
:1055D0006EF39422C3F82023D3F820234FF4217CC8
:1055E0006CF35F52C3F82023D3F81C2366F38D229B
:1055F000C3F81C23D3F824234FF4617A6AF394226E
:10560000C3F82423D3F824236CF35F52C3F8242374
:10561000149B159AD2F8202363F30902159BC3F853
:105620002023149B159A82F8287382F8294382F864
:105630002A03D2F82B0364F30200C2F82B03D2F83A
:105640002B0320F03800C2F82B03D2F82B0364F3AD
:105650008910C2F82B03D2F82F036AF39420C2F802
:105660002F03D2F82F036CF35F50C2F82F03D2F848
:105670002B0366F38D20C2F82B03D2F833036BF3B0
:105680009420C2F83303D2F833034FF4077767F35B
:105690005F50C2F83303D2F82F0363F30900C2F856
:1056A0002F03179882F8370382F8384382F839932A
:1056B000D2F83A9364F30209C2F83A93D2F83A93D3
:1056C00029F03809C2F83A93D2F83A9364F3891969
:1056D000C2F83A93D2F83E936BF39429C2F83E9302
:1056E000D2F83E9367F35F59C2F83E93D2F83A93EB
:1056F00066F38D29C2F83A93D2F842936AF394295B
:10570000C2F84293D2F842A34FF4DA7969F35F5AB0
:10571000C2F842A3D2F83EA363F3090AC2F83EA33B
:1057200082F8460382F8474382F84883D2F84983D7
:1057300064F30208C2F84983D2F8498328F0380894
:10574000C2F84983D2F8498364F38918C2F84983BF
:10575000D2F84D834FF4257A6AF39428C2F84D832A
:10576000D2F84D8369F35F58C2F84D83D2F849836C
:1057700028F47058C2F84983D2F8518340F2EC4AB9
:105780006AF39428C2F85183D2F8518369F35F58C1
:10579000C2F85183D2F84D8363F30908C2F84D83F0
:1057A00082F8550382F8564382F85763D2F858833B
:1057B00064F30208C2F85883D2F8588328F03808F6
:1057C000C2F85883D2F8588364F38918C2F8588312
:1057D000D2F85C836EF39428C2F85C83D2F85C83C1
:1057E00069F35F58C2F85C83D2F8588366F38D285A
:1057F000C2F85883D2F860934FF4876868F394290D
:10580000C2F86093D2F8609367F35F59C2F860936F
:10581000D2F85C9363F30909C2F85C9382F86403DD
:1058200082F8654382F86613D2F8671364F30201C5
:10583000C2F86713D2F8671321F03801C2F8671372
:10584000D2F8671364F38911C2F86713D2F86B13A7
:1058500068F39421C2F86B13D2F86B1367F35F51AE
:10586000C2F86B13D2F8671366F38D21C2F8671381
:10587000D2F86F136EF39421C2F86F13D2F86F133E
:105880006CF35F51C2F86F13D2F86B1363F3090125
:10589000C2F86B13CDF86700199019A8F6F750FC01
:1058A000DDF83CC0109A1199159B03F26540DDF8B4
:1058B00064E0DDF86760C3F86864C3F865E4A3F8E2
:1058C00066C4A3F86A24FCF76FFB1299DDF84CC09C
:1058D000149B159ADDF858E00646179882F869641B
:1058E000B2F91C60022E064608BF6426A2F86E6458
:1058F000D78BB2F86E643E44A2F86E64B2F91C60B5
:10590000022E08BF4FF4B275A2F87054D68BB2F8CD
:1059100070543544A2F87054A2F86C1482F87204E2
:1059200082F8733482F87404D2F8751464F30201B7
:10593000C2F87514D2F8751463F3C501C2F8751472
:10594000D2F8751463F38911C2F87514D2F879147A
:105950006CF39421C2F87914D2F87914C82565F350
:105960005F51C2F87914D2F875146EF38D21C2F824
:105970007514D2F87D14502565F30901C2F87D1421
:10598000D2F8791463F30901C2F8791482F881041A
:1059900082F8823482F88344D2F8841464F30201DA
:1059A000C2F88414D2F8841421F03801C2F88414A7
:1059B000D2F8841464F38911C2F88414D2F88814DC
:1059C0006CF39421C2F88814D2F88814782464F314
:1059D0005F51C2F88814D2F884146EF38D21C2F896
:1059E0008414D2F88C146CF39421C2F88C14D2F87D
:1059F0008C144FF48C7C6CF35F51C2F88C14D2F889
:105A0000881463F30901C2F888148DF86300FFE776
:105A10009DF8630003285CDCFFE715989DF8631090
:105A200002318DF8621000F2724001909DF8621010
:105A3000C1EB0112002181549DF86210C1EB0111EC
:105A4000014402224A709DF86210C1EB0113034425
:105A500099709DF86210C1EB01114318D3F803103F
:105A60004FF0010C6CF30201C3F803109DF86210B3
:105A7000C1EB01114318D3F8031021F03801C3F82A
:105A800003109DF86210C1EB01114318D3F8031005
:105A900062F38911C3F803109DF86210C1EB011184
:105AA0004318D3F8031062F38D21C3F803109DF857
:105AB0006210C1EB01110144D1F8070062F3090043
:105AC000C1F80700FFE79DF8630001308DF863001F
:105AD0009EE71599002081F8CC04022381F8CD348B
:105AE000062081F8CE04D1F8CF04012262F302002F
:105AF000C1F8CF04D1F8CF0463F3C500C1F8CF04D7
:105B0000D1F8CF0463F38910C1F8CF04D1F8CF04E2
:105B1000072363F38D20C1F8CF04D1F8D30462F3D7
:105B20000900C1F8D304D1F8D3044FF4707363F3C0
:105B30009420C1F8D304D1F8D304C82363F35F5091
:105B4000C1F8D304D1F8D70462F30900C1F8D7042F
:105B500033B0BDE8F08F000080B582B001900198AD
:105B60000090007B012801D0FFE709E0009800F0D9
:105B700017F8009800F05CF8009800F039F8FFE79B
:105B800002B080BD0000000080B582B00190019895
:105B900000901230FEF7CCFE009802B080BD0000ED
:105BA00083B0019001980090D0F8E00420B9FFE79D
:105BB00002208DF80B0014E00099D1F8E004D0F831
:105BC0001B000861D1F8E004007E00F00F0088821D
:105BD000D1F8E004007E0009C88201208DF80B0096
:105BE000FFE79DF80B0003B07047000000000000C5
:105BF00083B0019001980090D0F8E00420B9FFE74D
:105C000002208DF80B000DE00099D1F8E00490F827
:105C1000BE00002818BF012081F8220001208DF865
:105C20000B00FFE79DF80B0003B070470000000079
:105C300083B0019001980090D0F8E00420B9FFE70C
:105C400002208DF80B002DE00098D0F8E00490F8C9
:105C5000740020B9FFE70099002088830AE00099CA
:105C6000D1F8E00490F874200220642AB8BF012023
:105C70008883FFE70099D1F8E00490F8743045F686
:105C80002940C0F28F20A3FB0020642200FB1230C9
:105C9000C883D1F8E004B0F87E00088401208DF8B4
:105CA0000B00FFE79DF80B0003B0704700000000F9
:105CB00082B0019001980090007B08B9FFE715E0E1
:105CC0000098D0F8E00408B9FFE70FE00098D0F89A
:105CD000E004D0F8C400022804D1FFE700990120B5
:105CE000087303E0009902200873FFE702B07047D1
:105CF00080B586B00590FFE70A201BF0EDFEFFE7B8
:105D000041F20440C2F20040B0F91C000028F3D078
:105D1000FFE741F20440C2F200400390FEF710FE9C
:105D2000039800F0C5F9642004901BF0D5FE039899
:105D300000F012FB04981BF0CFFE039800F04CFB20
:105D400004981BF0C9FE039800F0DAF804981BF0E1
:105D5000C3FE039800F0E0FD04981BF0BDFEFFE7D2
:105D600041F20440C2F20040029000F079FB322080
:105D700001901BF0B1FE029800F09EFC01981BF010
:105D8000ABFE029800F048F801981BF0A5FE0298BF
:105D900000F05EFA01981BF09FFE029800F0D0F828
:105DA00001981BF099FE029800F026F901981BF06B
:105DB00093FE029800F0F4FD01981BF08DFE02980E
:105DC00090F82200C00750B1FFE741F20440C2F250
:105DD000004000F019FD32201BF07EFE09E041F288
:105DE0000440C2F2004000F057FD32201BF074FE68
:105DF000FFE7B5E70000000080B582B00190019890
:105E00000090FBF76DFA00984FF0FF31416002B04F
:105E100080BD00000000000080B588B007900799A1
:105E2000029101F2913001F2AE310022039206920A
:105E300006AA0FF065FE029A0398D2F88513022392
:105E400063F30201C2F88513059040F25810C2F2C4
:105E50000040407F02280DD1FFE740F25810C2F207
:105E60000040B0F91E0000EE100AB8EEC00A8DED39
:105E7000050AFFE7029A9DED050A9FED201A20EE24
:105E8000010ABDEEC00A8DED040A049B02F27530D2
:105E90000190D2F88D1363F30901C2F88D13049BAE
:105EA000D2F88D139B0A63F39421C2F88D13049BDF
:105EB000D2F88D135B0D63F35F51C2F88D13D2F8E6
:105EC00089134FF4BE6363F39421C2F88913D2F8A7
:105ED000891340F2163363F35F51C2F889133A21F4
:105EE000FCF76EF8019902460298A0F8AF23D0F8AB
:105EF000E4043C2205F0ECFC08B080BD00007A44CC
:105F000080B584B00390039A029202F2C1200190FE
:105F1000D2F8D112012363F30201C2F8D1123A215F
:105F2000FCF74EF8019902460298A0F8FB22D0F83F
:105F3000E4043C2205F0CCFC04B080BD000000006D
:105F400080B586B0059005990291D1F887010222AB
:105F500062F30200C1F8870140F25810C2F200401B
:105F6000417D0020012903900AD1FFE740F258103B
:105F7000C2F20040807D002818BF01200390FFE797
:105F80000298039901F001018DF813109DF8131088
:105F9000C9074FF08062002918BF4FF0607200F20D
:105FA00077110191D0F887116FF3DF511144C0F8D8
:105FB000871100F293109DF81310CB0745F6793244
:105FC000C0F6040245F64931C0F60401002B18BFA3
:105FD0001146DAF772FB01983A21FBF7F1FF0199BC
:105FE00002460298A0F8B121D0F8E4043C2205F062
:105FF0006FFC06B080BD000080B586B005900599A5
:106000000291D1F84B01022262F30200C1F84B0168
:1060100040F25810C2F20040417F00200229039054
:106020000BD1FFE740F25810C2F2004090F8200078
:10603000002818BF01200390FFE70298039901F0A0
:1060400001018DF813109DF81310C9074FF08062FD
:10605000002918BF4FF0607200F23B110191D0F897
:106060004B116FF3DF511144C0F84B1100F2571080
:106070009DF81310CB0745F67132C0F6040245F6C1
:106080004031C0F60401002B18BF1146DAF715FBAA
:1060900001983A21FBF794FF019902460298A0F873
:1060A0007521D0F8E4043C2205F012FC06B080BD56
:1060B00080B58EB00D900D9A0B9202F2B310019044
:1060C000D2F8C3110123079363F30201C2F8C3118D
:1060D0003A210891FBF774FF019902460B98A0F84A
:1060E000ED21D0F8E4043C220A9205F0F1FBC8202F
:1060F0000C901BF0F1FCDDF81CC008990B9B03F21F
:106100003B100290D3F84B216CF30202C3F84B21F1
:10611000FBF756FF02990A9A03460B98A0F87531CF
:10612000D0F8E40405F0D4FB0C981BF0D5FCDDF8A6
:106130001CC008990B9B03F277100390D3F88721BA
:106140006CF30202C3F88721FBF73AFF03990A9A1E
:1061500003460B98A0F8B131D0F8E40405F0B8FB81
:106160000C981BF0B9FCDDF81CC008990B9B03F2DE
:10617000B1300490D3F8C1236CF30202C3F8C123F9
:10618000FBF71EFF04990A9A03460B98A0F8EB331D
:10619000D0F8E40405F09CFB0C981BF09DFCDDF8A6
:1061A0001CC008990B9B03F275300590D3F885232A
:1061B0006CF30202C3F88523FBF702FF05990A9AE4
:1061C00003460B98A0F8AF33D0F8E40405F080FB49
:1061D0000C981BF081FCDDF81CC008990B9B03F2A6
:1061E00029400690D3F839246CF30202C3F839240D
:1061F000FBF7E6FE06990A9A03460B98A0F863346B
:10620000D0F8E40405F064FB0C981BF065FCDDF8A5
:106210001CC008990B9B03F2ED300990D3F8FD23C5
:106220006CF30202C3F8FD23FBF7CAFE09990A9A30
:1062300003460B98A0F82734D0F8E40405F048FB97
:106240000C981BF049FC0EB080BD0000000000005F
:1062500080B586B0059005990191D1F8FD03022221
:1062600062F30200C1F8FD030020049040F25810D0
:10627000C2F20040407B68B9FFE740F25810C2F21A
:10628000004090F9100000EE100AB8EEC00A8DED43
:10629000040AFFE70020C4F2702003909DED040A79
:1062A00010F0FEFB019A9FED2A1A4FF40063B4EE42
:1062B000410AF1EE10FAC8BF4FF4406302F2ED302C
:1062C0000090D2F8FD1321F470511944C2F8FD1367
:1062D0009DED040A9FED1F1A20EE010ABDEEC00AD3
:1062E0008DED020A029BD2F8051463F30901C2F88E
:1062F0000514029BD2F805149B0A63F39421C2F89B
:106300000514029BD2F805145B0D63F35F51C2F8CC
:106310000514D2F801144FF4BE6363F39421C2F85C
:106320000114D2F8011440F2EE2363F35F51C2F876
:1063300001143A21FBF744FE009902460198A0F8A7
:106340002724D0F8E4043C2205F0C2FA06B080BD50
:106350000000704200007A4480B584B00390039836
:10636000029000F2EF110191D0F8FF11012262F3C7
:106370000201C0F8FF11D0F8FF11042262F3DF51CF
:10638000C0F8FF11D0F8031240F28E3262F394216C
:10639000C0F80312D0F803124FF4437262F35F5156
:1063A000C0F8031200F20B2045F63331C0F60401A9
:1063B000DAF783F901983A21FBF702FE01990246C8
:1063C0000298A0F82922D0F8E4043C2205F080FAD3
:1063D00004B080BD0000000080B584B00390039A33
:1063E000029202F2FD200190D2F80D13012363F313
:1063F0000201C2F80D13D2F81C1363F30201C2F8B4
:106400001C13D2F82B1363F30201C2F82B13D2F83A
:106410003A1363F30201C2F83A13D2F8491363F353
:106420000201C2F84913D2F8581363F30201C2F80B
:106430005813D2F8671363F30201C2F86713762189
:10644000FBF7BEFD019902460298A0F87323D0F82D
:10645000E404782205F03CFA04B080BD000000009E
:1064600080B586B005900599039101F20B2001F5E6
:106470000A710022049204AA0FF042FB40F21410A9
:10648000C2F20040007CC00708B3FFE70398D0F8D1
:10649000FF11062262F3DF51C0F8FF11D0F803129A
:1064A00040F2753262F39421C0F80312D0F803125F
:1064B0004FF4437262F35F51C0F8031200F20B20F5
:1064C00045F66331C0F60401DAF7F7F8D9E040F297
:1064D0001410C2F20040006802900C2800F2D08034
:1064E0000299DFE801F00728CDCD6ACDCDCD8BCD67
:1064F000CD49AC000398D0F8FF11042262F3DF51BC
:10650000C0F8FF11D0F8031240F28E3262F39421EA
:10651000C0F80312D0F803124FF4437262F35F51D4
:10652000C0F8031200F20B2045F63331C0F6040127
:10653000DAF7C3F8A4E00398D0F8FF11062262F35B
:10654000DF51C0F8FF11D0F8031240F2753262F348
:106550009421C0F80312D0F803124FF4437262F38F
:106560005F51C0F8031200F20B2045F66A31C0F605
:106570000401DAF7A2F883E00398D0F8FF110822AB
:1065800062F3DF51C0F8FF11D0F803124FF45A72D2
:1065900062F39421C0F80312D0F803124FF443724F
:1065A00062F35F51C0F8031200F20B2045F652313E
:1065B000C0F60401DAF781F862E00398D0F8FF1121
:1065C000062262F3DF51C0F8FF11D0F8031240F247
:1065D000753262F39421C0F80312D0F803124FF41D
:1065E000437262F35F51C0F8031200F20B2045F6CC
:1065F0001E31C0F60401DAF760F841E00398D0F8E4
:10660000FF11082262F3DF51C0F8FF11D0F8031226
:1066100040F2363262F39421C0F80312D0F803122C
:106620004FF4437262F35F51C0F8031200F20B2083
:1066300045F62A31C0F60401DAF73FF820E0039866
:10664000D0F8FF11072262F3DF51C0F8FF11D0F834
:1066500003124FF45A7262F39421C0F80312D0F877
:1066600003124FF4437262F35F51C0F8031200F259
:106670000B2045F63831C0F60401DAF71EF8FFE7C3
:10668000FFE7039A02F2EF100190D2F8FF11022304
:1066900063F30201C2F8FF113A21FBF791FC019963
:1066A00002460398A0F82922D0F8E4043C2205F021
:1066B0000FF906B080BD000080B586B00590059842
:1066C000029040F65050C2F200400078BFF35F8F56
:1066D000C007F8B9FFE740F65050C2F200401AF088
:1066E0008AFFB8B1FFE70120049041F6FC00C2F236
:1066F000004004A90EF09CFE0068143043F254518F
:10670000C2F20041086040F65050C2F200401AF058
:1067100088FFFFE70299D1F80D03022262F302001D
:10672000C1F80D0340F25810C2F20040407F023819
:10673000B0FA80F040098DF80F009DF80F1000208E
:10674000C907019059B1FFE740F25810C2F200406A
:1067500090F82000002818BF01200190FFE7029A5E
:10676000019800F001008DF80E009DF80E00C007A2
:106770004FF4E053002818BF4FF4406302F2FD20AD
:106780000090D2F80D1321F470511944C2F80D1382
:10679000D2F80D13022363F30201C2F80D13D2F8ED
:1067A0001C1363F30201C2F81C13D2F82B1363F31A
:1067B0000201C2F82B13D2F83A1363F30201C2F8B4
:1067C0003A13D2F8491363F30201C2F84913D2F81D
:1067D000581363F30201C2F85813D2F8671363F336
:1067E0000201C2F867137621FBF7EAFB0099024623
:1067F0000298A0F87323D0F8E404782205F068F832
:1068000006B080BD0000000080B586B005900599F7
:10681000039101F2C120029001F2DD20019001F20A
:10682000FA210022049204AA0FF06AF90198039A4F
:10683000D2F8D112022363F30201C2F8D112D2F8C6
:10684000D112072363F3DF51C2F8D112D2F8D51267
:106850004FF45A7363F39421C2F8D512D2F8D512CB
:1068600040F2032363F35F51C2F8D51245F65B3162
:10687000C0F60401D9F721FF02983A21FBF7A0FBEB
:10688000029902460398A0F8FB22D0F8E4043C22C7
:1068900005F01EF806B080BD80B584B00390039962
:1068A000019101F2C1200090D1F8D102022262F3DD
:1068B0000200C1F8D102D1F8D102012262F3DF5007
:1068C000C1F8D102D1F8D50240F2B33262F394207C
:1068D000C1F8D502D1F8D50240F2032262F35F502D
:1068E000C1F8D50201F2DD2001F2FA210022029264
:1068F00002AA0FF005F900983A21FBF761FB009915
:1069000002460198A0F8FB22D0F8E4043C2204F0EF
:10691000DFFF04B080BD000080B584B00390039A0F
:10692000029202F265400190D2F87514012363F3DC
:106930000201C2F87514D2F8841463F30201C2F89C
:106940008414D2F8931463F30201C2F89314D2F8BA
:10695000A21463F30201C2F8A214D2F8B11463F3D3
:106960000201C2F8B114D2F8C01463F30201C2F8F4
:10697000C014D2F8CF1463F30201C2F8CF14762109
:10698000FBF71EFB019902460298A0F8DB24D0F821
:10699000E404782204F09CFF04B080BD00000000F5
:1069A00080B5A8B02790279806900120259041F641
:1069B000FC00C2F2004025A90EF03AFD00682690C6
:1069C00000202490269878B1FFE72698406C58B1B3
:1069D000FFE72698406C007AC00728B1FFE72698A9
:1069E000406C40692490FFE70020239040F258104B
:1069F000C2F20040407B58B9FFE740F25810C2F2A3
:106A00000040807B012803D1FFE724982390FFE713
:106A10009DED240A9DED231A30EE410A8DED220AE8
:106A2000FFE79DED220A9FEDED1AB4EE410AF1EE6B
:106A300010FA09DDFFE79DED220A9FEDE91A30EE1D
:106A4000010A8DED220AECE7FFE79DED220A9FED9A
:106A5000F31AB4EE410AF1EE10FA09DAFFE79DED00
:106A6000220A9FEDF51A30EE010A8DED220AECE7BD
:106A700006990020C4F2704021900020C4F24830F2
:106A800020900020C4F2A0201F900020C4F2C0106B
:106A90001E909DED220A9FEDE21A30EE010A9FED55
:106AA000E11A20EE010A9FEDDC1A80EE010A8DED5D
:106AB0001D0A0020C3F634501C900022C4F27A4212
:106AC0001B920020C4F266401A9019921890002080
:106AD000C4F22030179016900020C4F27030159048
:106AE000149045F26870C2F200400068109045F2C0
:106AF0007070C2F200400068119045F26470C2F2FA
:106B000000400068129045F26C70C2F200400068CC
:106B100013904BF24020C4F2A3300F9048F600309F
:106B2000C4F24E300E9047F2C010C4F2A0300D9067
:106B30004FF20000C4F2D2100C90D1F8750402227A
:106B400062F30200C1F87504D1F8840462F3020014
:106B5000C1F884049DED1D0A1DF01CF80699B0EEE5
:106B6000401A9FEDB12A8DED022A9FEDB00A8DEDFE
:106B7000030AA1EE020ABCEEC00A10EE102AD1F8F8
:106B800088046FF3DF226FF3942040EA8220C1F87B
:106B900088049DED1D0A1DF069FD9DED022A0699F0
:106BA000B0EE401A9FEDA20A8DED050AA1EE020A91
:106BB000BCEEC00A10EE102AD1F888046FF35F50C3
:106BC00040EA4250C1F888049DED1D0A1CF0E2FF26
:106BD0000699B0EE401A9DED030A9FED962A8DEDC1
:106BE000042AA1EE020ABCEEC00A10EE102AD1F867
:106BF0008C046FF3DF226FF3942040EA8220C1F807
:106C00008C049DED1D0A1DF031FD9DED042A0699B1
:106C1000B0EE401A9DED050AA1EE020ABCEEC00AD4
:106C200010EE102AD1F88C046FF35F5040EA425006
:106C3000C1F88C0400208DF82E00FFE79DF82E008F
:106C4000032800F3CF80FFE79DF82E0002308DF877
:106C50002D009DF82E1010A800EB810090ED000A89
:106C60000CA800EB810090ED001A30EE410A0DF106
:106C70002F0018F0E5F8B1EE400A8DED0A0A9DEDFF
:106C80001D0A9DED0A1A9FED672A21EE021A9FED5B
:106C9000622A81EE021A30EE010A8DED090A9DED9D
:106CA000090A1CF077FFB3EE081A8DED011A20EEE9
:106CB000010A8DED080A9DED090A1DF0D7FC9DED36
:106CC000011A069820EE010A8DED070A00F27240C3
:106CD0009DF82D10C1EB01114218D2F803100223C8
:106CE00063F30201C2F803109DF82E1018AA02EBFC
:106CF000810191ED000A9DED081A30EE410ABCEECB
:106D0000C00A10EE10CA9DF82D10C1EB01114318F6
:106D1000D3F807106FF3DF2C6FF3942141EA8C2135
:106D2000C3F807109DF82E3014A901EB830393EDEF
:106D3000000A9DED071A30EE410ABCEEC00A10EEC3
:106D400010EA9DF82D30C3EB031300EB030CDCF8C5
:106D500007306FF35F5343EA4E53CCF807309DF88A
:106D60002E3002EB830292ED000A9DED081A30EE00
:106D7000010ABCEEC00A10EE10CA9DF82D20C2EB2D
:106D800002128318D3F80B206FF3DF2C6FF39422D9
:106D900042EA8C22C3F80B209DF82E2001EB8201E1
:106DA00091ED000A9DED071A30EE010ABCEEC00A13
:106DB00010EE102A9DF82D10C1EB01110144D1F8FD
:106DC0000B006FF35F5040EA4250C1F80B00FFE741
:106DD0009DF82E0001308DF82E002FE7000034437F
:106DE0000000B4C3069A02F265400090D2F8CF14B6
:106DF000022363F30201C2F8CF147621FBF7E0F817
:106E0000009902460698A0F8DB24D0F8E404782222
:106E100004F05EFD28B080BD00003443000034C3A0
:106E20000000B442DB0F49400000A0C200007044E3
:106E3000000048430000A0420000B44300000000EE
:106E400080B582B0019001980090FAF751FA00984D
:106E500045F20C71C0F60401083101601030FEF7F4
:106E600093FE00982430F7F7DFFF0098FF30F5F726
:106E700077F9009800F23B10F5F772F9009800F2EC
:106E80007710F5F76DF9009800F2B310F5F768F98F
:106E9000009800F2EF10F5F763F9009800F22B204C
:106EA000F5F75EF9009800F26720F5F771F90098A0
:106EB00000F2C120F5F754F9009800F2FD20F5F733
:106EC0005BF9009800F27530F5F74AF9009800F286
:106ED000B130F5F745F9009800F2ED30F5F740F9DB
:106EE000009800F22940F5F73BF9009800F2654060
:106EF000F5F742F900980021C0F8E014C0F8E41456
:106F000002B080BD0000000080B582B00190019801
:106F1000009000F009F800984FF49D6118F053F8C4
:106F200002B080BD0000000080B582B001900198E1
:106F30000090FAF7F5F9009802B080BD000000005B
:106F400080B590B00F9040F21410C2F20040FAF7F2
:106F500037FAFFE741F6EC01C2F200410868013060
:106F6000086040F2B621C2F200410878C0F1010089
:106F7000087041F6F000C2F2004002900E900EF050
:106F80008FF9014602980D910EF06AF90C90FFE717
:106F90000DA80CA917F030FD70B1FFE70DA805F0A2
:106FA00017FD0B900B984068016809688847FFE758
:106FB0000DA809F0C9F9EBE741F62840C2F20040FC
:106FC00001900A900EF0A0F80146019809910EF088
:106FD0008BF80890FFE709A808A917F001FD70B128
:106FE000FFE709A805F0E8FC0790079840680168EA
:106FF00049688847FFE709A809F08AF9EBE740F2FA
:107000001410C2F20040FAF787FA41F6FC00C2F20F
:107010000040009006900EF047FA01460098059156
:107020000EF022FA0490FFE705A804A917F0F0FC7F
:1070300070B1FFE705A805F0E3FC039003984068F2
:10704000016809688847FFE705A809F099F9EBE7A7
:1070500041F6AC10C2F2004001F096FD01201AF09A
:107060003BFD77E70000000080B58AB008900791EB
:1070700008980390079820B9FFE702208DF82700B1
:1070800044E007980068013020B9FFE702208DF83E
:1070900027003BE0039907980690069800688860EF
:1070A0000698011D41F6F000C2F2004001900EF07A
:1070B000E7F80146019805910EF0D2F8049005A872
:1070C00004A917F099FC01460020029049B1FFE79E
:1070D00005A805F089FC4068002818BF012002902F
:1070E000FFE70298C00738B1FFE705A805F07CFC70
:1070F000039940688862FFE70398FAF7A5F80399B7
:107100000220087301208DF82700FFE79DF8270073
:107110000AB080BD0000000080B582B001900198E7
:107120000090007B012801D0FFE711E0009800F0FB
:107130003FF8009800F010F8009800F061F800980F
:10714000806A28B1FFE70098806AFAF795FFFFE7A9
:1071500002B080BD0000000083B001900198009053
:10716000806A20B9FFE702208DF80B0019E0009932
:10717000886A407E4875886A807E8875886AB0F81B
:107180001B00A1F81700886AB0F81D00A1F81900CB
:10719000886AB0F81F00A1F81B0001208DF80B00D1
:1071A000FFE79DF80B0003B07047000000000000EF
:1071B00083B0019001980090806A20B9FFE7022017
:1071C0008DF80B0015E00099886A407C4873886A46
:1071D000807C8873886AC07CC873886A007D087464
:1071E000886AD0F81500C1F8110001208DF80B0055
:1071F000FFE79DF80B0003B070470000000000009F
:1072000080B586B0049004980390806A20B9FFE7A7
:1072100002208DF8170026E00398816A91F821106A
:107220004177816A498CC183816A91F8241080F882
:107230002010806A25300FF0D7FA0146039802919A
:10724000806A25300DF090FE0146039801912130AF
:107250000FF0CAFA0199024602980EF019FC0120BB
:107260008DF81700FFE79DF8170006B080BD0000FD
:1072700082B0019001980090007B08B9FFE712E00E
:107280000098806A08B9FFE70DE00098806A406BBB
:10729000022804D1FFE700990120087303E0009958
:1072A00002200873FFE702B07047000000000000F2
:1072B00080B582B0019001980090FAF711F800981B
:1072C0004FF0FF31416002B080BD000000000000BF
:1072D00080B582B001900198009000F009F8009804
:1072E0002C2117F070FE02B080BD000000000000ED
:1072F00080B582B0019001980090FAF711F80098DB
:1073000002B080BD0000000080B58AB06946082048
:107310000790086041F6D010C2F2004006210491A7
:107320004FF4007201920023099301F0FDFB0499D0
:107330000798099B6A46106041F6AC10C2F2004003
:1073400040F2FF12029201F0EFFB04990798099BAB
:107350006A46106041F61820C2F2004040F2FE3248
:10736000039201F0E1FB019A0798099B69460860C6
:1073700041F66020C2F200400721069101F0D4FBE3
:10738000029A06990798099BEC46CCF8000041F652
:107390003C20C2F2004001F0C7FB039A069907980F
:1073A000099BEC46CCF8000041F6CC20C2F200402C
:1073B00001F0BAFB019A0799099B6846016041F602
:1073C0001430C2F2004001F0AFFB029A0799099B0A
:1073D0006846016041F6F020C2F2004001F0A4FBD3
:1073E000039A0799099B6846016041F68030C2F212
:1073F000004001F099FB0799099B6846016041F63E
:10740000A430C2F2004040F2FF7201F08DFB0499FB
:107410000798099B6A46106041F6F410C2F20040DA
:107420004FF42072059201F07FFB059A06990798A8
:10743000099BEC46CCF8000041F68420C2F20040E3
:1074400001F072FB059A0799099B6846016041F6B5
:107450003830C2F2004001F067FB06990798099B9B
:107460006A46106041F6A820C2F200404FF4407214
:10747000089201F059FB0799089A099B6846016038
:1074800041F65C30C2F2004001F04EFB01200AB030
:1074900080BD00000000000080B5D4B040F66C5004
:1074A000C2F200400078BFF35F8FC00708BBFFE760
:1074B00040F66C50C2F200401AF09DF8C8B1FFE7E8
:1074C00043F2AC60C2F20040119004F099FA1199B5
:1074D0004BF68920C0F6020040F20002C0F600021E
:1074E000D9F7D4F840F66C50C2F200401AF099F87F
:1074F000FFE74CA8109004F0B7F8109901204C90C9
:1075000045F28822C2F200424D928DF844010220D9
:1075100052904020539043F2AC60C2F2004003F01E
:1075200063FF40F65850C2F200400078BFF35F8F0F
:10753000C00708BBFFE740F65850C2F200401AF0FF
:107540005AF8C8B1FFE743F2B050C2F200400F90C2
:1075500004F056FA0F994BF68920C0F6020040F26B
:107560000002C0F60002D9F791F840F65850C2F276
:1075700000401AF056F8FFE744A80E9004F074F8A3
:107580000E990220449045F26010C2F200404590EE
:1075900001238DF8243104224A924FF400704B905D
:1075A0008DF818314792489043F2B050C2F2004033
:1075B00003F01AFF40F65450C2F200400078BFF3C7
:1075C0005F8FC00708BBFFE740F65450C2F200408F
:1075D0001AF011F8C8B1FFE743F25850C2F2004068
:1075E0000D9004F00DFA0D994BF68920C0F60200BB
:1075F00040F20002C0F60002D9F748F840F65450B5
:10760000C2F200401AF00DF8FFE73CA80C9004F01D
:107610002BF80C9904203C9045F2F412C2F200427F
:107620003D9201228DF8042142904FF40070439066
:107630008DF8F82002223F92409043F25850C2F257
:10764000004003F0D1FE40F67450C2F200400078D2
:10765000BFF35F8FC00708BBFFE740F67450C2F26C
:10766000004019F0C8FFC8B1FFE743F21870C2F23A
:1076700000400B9004F0C4F90B994BF68920C0F63A
:10768000020040F20002C0F60002D8F7FFFF40F609
:107690007450C2F2004019F0C4FFFFE734A80A900A
:1076A00003F0E2FF0A990320349045F21C30C2F245
:1076B0000040359001228DF8E42002203A904FF4EA
:1076C00000703B908DF8D82014223792389043F206
:1076D0001870C2F2004003F087FE40F65C50C2F220
:1076E00000400078BFF35F8FC00708BBFFE740F69C
:1076F0005C50C2F2004019F07EFFC8B1FFE743F2D0
:107700000860C2F200400990F5F7FAF909994CF6C1
:107710005130C0F6010040F20002C0F60002D8F776
:10772000B5FF40F65C50C2F2004019F07AFFFFE767
:1077300032A80890F5F79CF908990520329043F695
:10774000B470C2F20040339043F20860C2F20040CD
:10775000F5F72AF940F66050C2F200400078BFF316
:107760005F8FC00708BBFFE740F66050C2F20040E1
:1077700019F041FFC8B1FFE743F22860C2F20040B0
:10778000079001F055FC079949F29100C0F60200FC
:1077900040F20002C0F60002D8F778FF40F66050D1
:1077A000C2F2004019F03DFFFFE728A8069001F063
:1077B0002FFB06990620289044F69800C2F200405C
:1077C000299043F22860C2F2004001F02DFA40F601
:1077D0006450C2F200400078BFF35F8FC00708BB5F
:1077E000FFE740F66450C2F2004019F004FFC8B150
:1077F000FFE743F25460C2F20040059001F018FC2C
:10780000059949F29100C0F6020040F20002C0F66C
:107810000002D8F73BFF40F66450C2F2004019F076
:1078200000FFFFE71EA8049001F0F2FA0499072078
:107830001E9044F63810C2F200401F9043F254608C
:10784000C2F2004001F0F0F940F66850C2F2004088
:107850000078BFF35F8FC00708BBFFE740F66850B2
:10786000C2F2004019F0C7FEC8B1FFE743F28060E2
:10787000C2F20040039001F0DBFB039949F2910052
:10788000C0F6020040F20002C0F60002D8F7FEFE89
:1078900040F66850C2F2004019F0C3FEFFE714A89A
:1078A000029001F0B5FA02990820149044F6D8101D
:1078B000C2F20040159043F28060C2F2004001F035
:1078C000B3F940F67050C2F200400078BFF35F8F0A
:1078D000C00708BBFFE740F67050C2F2004019F045
:1078E0008AFEC8B1FFE743F20470C2F20040019083
:1078F00001F0A6FC019949F28920C0F6020040F28D
:107900000002C0F60002D8F7C1FE40F67050C2F285
:10791000004019F086FEFFE712A8009001F058FC25
:1079200000990920129044F66C70C2F20040139046
:1079300043F20470C2F2004001F0D6FBFFF7E4FC12
:10794000012054B080BD000080B582B00190FFE7F7
:107950000A201AF0C1F8FBE783B002908DED010A0E
:10796000CDED000A02989DED005A90ED013A90EDA0
:10797000020A90ED032A90ED041A25EE034A9DEDCC
:10798000013A20EE050A20EE050AA4EE030A22EED3
:10799000032AA2EE030A30EE010A03B0704700008A
:1079A00080B586B00490039104980190039820B9A3
:1079B000FFE702208DF8170025E0019800780328E2
:1079C00004D1FFE702208DF817001CE0019803990D
:1079D000029102990988418002994968416002999F
:1079E000896881600299C968C16002990969016169
:1079F0000299898A818200F093F801990120087028
:107A00008DF81700FFE79DF8170006B080BD000055
:107A100080B58CB00A908DED090AADF822100A9855
:107A200000900078012805D0FFE7BDF82200ADF8EE
:107A30002E006EE00098BDF9221000EE101AB8EE8C
:107A4000C00A8DED070A9DED090ADDED070AFFF773
:107A500083FF8DED060A9DED060AB5EE400AF1EEB4
:107A600010FA12DDFFE700989DED060A408801EE4E
:107A7000100AB8EE411A9FED292A31EE021AB4EE2F
:107A8000410AF1EE10FA05DCFFE7BDF82200ADF87F
:107A90002E003EE00098418800EE101AB8EE400A31
:107AA0008DED050ABDF922204FF0FF31B2F1FF3F05
:107AB000C8BF01218DF813109DED090ADDED050AFF
:107AC0009DF9131000F044F800988DED030AB0F909
:107AD000141000EE101AB8EEC00AB1EE400A8DED97
:107AE000020AB0F9140000EE100AB8EEC00A8DEDDB
:107AF000010A03A802A901AA0EF086FE00680390FD
:107B00009DED030ABDEEC00A10EE100AADF82E007E
:107B1000FFE7BDF92E000CB080BD00BFBD37863534
:107B200083B00190019800900078032804D1FFE70A
:107B300002208DF80B0006E000990020087001205B
:107B40008DF80B00FFE79DF80B0003B070470000B5
:107B500080B58EB00C908DED0B0ACDED0A0A8DF834
:107B600027100C988168089190ED010A9DED0B1A81
:107B700020EE010A8DED070A9DED0B2A90ED031A08
:107B800090ED040A21EE021AA1EE020A9DED0A1AF6
:107B900030EE410A8DED060A9DED071A9DED080AAB
:107BA000B9EE002A20EE020A9DED062A20EE020A16
:107BB000A1EE010A8DED050A9DED050AB5EE400A1C
:107BC000F1EE10FA03DAFFE700200D9056E09DED8C
:107BD000050A0EF071FF8DED040A002003909DED63
:107BE000080A0EF05DFF9FED271AB4EE410AF1EE90
:107BF00010FA1ADAFFE79DED070A0EF051FF9FED2C
:107C0000211AB4EE410AF1EE10FA03DAFFE7002080
:107C10000D9033E09DED060AB1EE400A9DED071A86
:107C200080EE010A8DED030A25E09DED070AB1EE15
:107C3000400A8DED020A9DF92700002805D4FFE7D0
:107C40009DED040A8DED010A06E09DED040AB1EEFA
:107C5000400A8DED010AFFE79DED020A9DED011A34
:107C600030EE010A9DED081A31EE011A80EE010A8C
:107C70008DED030AFFE703980D90FFE79DED0D0AD8
:107C80000EB080BD5F70893082B00190ADF80210F7
:107C90000199BDF80200488002B070470000000062
:107CA00081B0009000987821018040F24F21C3F20A
:107CB0000661416041F2FC11C3F20441816040F26F
:107CC000C331C3F21C41C16049F28D71C4F282011B
:107CD00001614FF47A51818201B0704700000000C9
:107CE00081B0009000980021017001B07047000041
:107CF00080B58EB00C900B910C9803900B9820B926
:107D0000FFE702208DF8370035E00B98006801305E
:107D100020B9FFE702208DF837002CE003990B987B
:107D20000A900A980068C8600A98011D41F67C1004
:107D3000C2F200400DF030F901460398096841662F
:107D4000099003F01DFA0398406E01900998049081
:107D5000049905A8029015F003FD0198029903F01B
:107D60009BFD029815F020FD039901200874086618
:107D70008DF83700FFE79DF837000EB080BD00009A
:107D800080B588B006908DF817100492069801907F
:107D9000007C20B9FFE702208DF81F0060E09DF80D
:107DA000170001460091012804D0FFE7009802283F
:107DB00029D051E0049803900399A52008700399F5
:107DC000C8780130C87003991E20A1F801000398FB
:107DD0000421FAF7E9F803990871039940F2023097
:107DE000A1F8050003982521FAF7EAF80146019861
:107DF000039AA2F82510406E0399272203F068FD2C
:107E00008DF81F002CE0049802900299A5200870BC
:107E10000299C8780130C87002991E20A1F80100AB
:107E200002980421FAF7C0F802990871029940F209
:107E30000930A1F8050002982521FAF7C1F801469A
:107E40000198029AA2F82510406E0299272203F0A9
:107E50003FFD8DF81F0003E002208DF81F00FFE7B3
:107E60009DF81F0008B080BD81B08DED000A9DED2A
:107E7000000A9FED051A20EE010ABDEEC00A10EEC1
:107E8000100A01B0704700BF0000C84200000000A7
:107E900080B582B0019001980090007C08B9FFE79E
:107EA0000AE00099D1F868024968884204D9FFE7DE
:107EB000009800F039F8FFE702B080BD0000000034
:107EC00081B0ADF80200BDF9020000EE100AB8EE74
:107ED000C00A9FED031A80EE010A01B0704700BF8F
:107EE0000000C8420000000080B582B001900198F7
:107EF0000090007C08B9FFE714E0E2F789FF0099E1
:107F00004968401AB0F57A7F06D9FFE70099022048
:107F100008740120086605E0009901200874022019
:107F20000866FFE702B080BD80B58EB00C900C985B
:107F30000690007C20B9FFE702208DF8370099E019
:107F400000200B90FFE706980B990591683005F02B
:107F5000FBFC0146059888427BD2FFE70698683013
:107F60000B990EF001FC0078A52801D0FFE76CE02A
:107F70000698683004900B990EF0F6FB01460498C1
:107F80000A910B990EF0F0FB0A9909790422F9F78E
:107F9000CBFF012801D0FFE757E00A98B0F80500B1
:107FA0000146039140F20231884206D0FFE7039870
:107FB00040F20931884223D045E006980B992731D9
:107FC0000291683005F0C0FC01460298884201D950
:107FD000FFE739E00A9809900998B0F825102522A2
:107FE000F9F7C2FF012801D0FFE72DE006980999B3
:107FF00011302722D8F7A4FB0B9826300B9023E0F2
:1080000006980B9927310191683005F09DFC0146D7
:108010000198884201D9FFE716E00A98089008986D
:10802000B0F825102522F9F79FFF012801D0FFE7BE
:108030000AE00698089938302722D8F781FB0B9878
:1080400026300B9000E0FFE7FFE70B9801300B9024
:1080500079E70698683000218DF81F100DF11F0197
:108060000EF072FBE2F7D4FE0699486001208DF80D
:108070003700FFE79DF837000EB080BD000000001C
:1080800080B582B001900198009003F0C5F8009887
:108090004FF0FF31416002B080BD000000000000E1
:1080A00080B58EB00C900C9807900D9003F0BCF842
:1080B000079945F24470C0F6040008300860A52214
:1080C000084600F8112F0890002009904882087592
:1080D0004875C8820876A1F81900A1F81B00A1F81C
:1080E0001D00A1F81F00A1F82100A1F82300A1F8AC
:1080F0002500A1F82700A1F82900A1F82B0081F89C
:108100002D0081F82E0081F82F0081F8300001F158
:10811000310036310A910B90FFE70B990A9A002043
:1081200001F8010B084691420B90F6D1FFE7079941
:10813000089A00200290A2F82500A52201F8382F05
:1081400003910A460492A1F80100C8700871A1F8D1
:108150000500C871088148818881C88108824882E9
:108160008882C88208834883087701F11D00253181
:1081700005910690FFE70699059A002001F8010B8A
:10818000084691420690F6D1FFE70798049A00212D
:108190000191A2F825100166416668304FF4007124
:1081A000D8F7EEFB01980799C1F868020A208860A9
:1081B0000D980EB080BD000080B582B0019001988E
:1081C000009000F009F800984FF41B7116F0FBFEC8
:1081D00002B080BD0000000080B582B0019001981F
:1081E000009003F039F8009802B080BD0000000054
:1081F00080B596B01590FFE741F67C10C2F20040C2
:10820000049014900CF004FF0146049813910CF0B4
:10821000DFFE1290FFE713A812A916F0D5FB70B18C
:10822000FFE713A804F0B0FB1190119840680168B3
:1082300009688847FFE713A808F056F8EBE741F60E
:10824000F000C2F20040039010900DF029F80146B2
:1082500003980F910DF004F80E90FFE70FA80EA9F8
:1082600016F0CAFB70B1FFE70FA804F0B1FB0D9048
:108270000D984068016849688847FFE70FA808F033
:1082800063F8EBE741F62810C2F2004002900C9030
:108290000DF06AF9014602980B910DF055F90A901C
:1082A000FFE70BA80AA916F0BFFB70B1FFE70BA808
:1082B00004F0BEFB09900998406801684968884746
:1082C000FFE70BA808F070F8EBE740F21410C2F2D9
:1082D0000040F9F765F941F6FC00C2F20040019058
:1082E00008900DF0E1F80146019807910DF0BCF8F7
:1082F0000690FFE707A806A916F08AFB70B1FFE712
:1083000007A804F07DFB059005984068016849685E
:108310008847FFE707A808F033F8EBE744F6782032
:10832000C2F20040E2F77CFD0A2019F0D5FB63E7BA
:1083300080B5FFF7B1F8FBF73FFAF9F7EDF9FBF776
:108340000BFFF9F7A9FA45F6FF10C0F6040000F09C
:1083500053FA19F029FD80BD80B58AB008900791C5
:1083600008980390079820B9FFE702208DF82700AE
:1083700044E007980068013020B9FFE702208DF83B
:1083800027003BE0039907980690069800688860EC
:108390000698011D41F6F000C2F2004001900CF079
:1083A0006FFF0146019805910CF05AFF049005A853
:1083B00004A916F021FB01460020029049B1FFE715
:1083C00005A804F011FB4068002818BF01200290A6
:1083D000FFE70298C00738B1FFE705A804F004FBE7
:1083E000039940684866FFE70398F8F72DFF039963
:1083F0000220087301208DF82700FFE79DF8270071
:108400000AB080BD0000000080B582B001900198E4
:108410000090007B012801D0FFE722E00098406E29
:1084200008B9FFE71DE0009800F08AF840F2B72095
:10843000C2F20040017801390170007888B9FFE785
:10844000009840F2B722C2F200426421117000F09D
:1084500013F80098406E00F138020221FFF790FCFB
:10846000FFE702B080BD000081B0009000990120BC
:10847000087301B07047000080B584B00390039882
:108480000190007B012801D0FFE756E00198406E83
:1084900008B9FFE751E00198416E38310291029A24
:1084A0000021D17190F83000C00730B1FFE7029988
:1084B000C87940F00100C871FFE7019890F83100D9
:1084C000C00730B1FFE70299C87940F00200C871D7
:1084D000FFE7019890F83200C00730B1FFE702993A
:1084E000C87940F01000C871FFE7019890ED0D0ABF
:1084F000FFF7BAFC01460198029A118190ED0E0A2D
:10850000FFF7B2FC01460198029A518190ED0F0AE3
:10851000FFF7AAFC01460198029A918190ED110A99
:10852000FFF7A2FC01460198029AD18190ED120A50
:10853000FFF79AFC02990882FFE704B080BD0000B3
:1085400080B584B0039003980190007B012801D08E
:10855000FFE760E00198406E08B9FFE75BE0019932
:10856000486E113002900298C07900F00100087442
:108570000298C079C0F3400048740298C179012084
:10858000C9060029009006D4FFE70298C079C0F31D
:1085900040100090FFE70199009800F001008874F6
:1085A0000020C8740298B0F90800FFF789FC019810
:1085B00080ED050A0298B0F90A00FFF781FC0198E6
:1085C00080ED060A0298B0F90C00FFF779FC0198DB
:1085D00080ED070A0298B0F90E00FFF771FC0198D0
:1085E00080ED080A0298B0F90E00FFF769FC0198C7
:1085F00080ED090A0298B0F91000FFF761FC0199BB
:1086000081ED0A0A0298007F81F82C000298807F91
:1086100081F82D00FFE704B080BD000000000000DD
:1086200080B582B0019001980090F8F759FE00984B
:108630004FF0FF31416002B080BD0000000000003B
:1086400080B582B001900198009000F009F8009880
:10865000682116F0B8FC02B080BD000000000000E8
:1086600080B582B0019001980090F8F759FE00980B
:1086700002B080BD0000000080B586B00590FFE725
:1086800041F62810C2F20040009004900CF06CFFFC
:108690000146009803910CF057FF0290FFE703A8F2
:1086A00002A916F0C1F970B1FFE703A804F0C0F900
:1086B000019001984068016809688847FFE703A8AE
:1086C00007F072FEEBE7012019F006FAD8E7000088
:1086D00080B588B0009007900691002102918DF836
:1086E0001710069A114601F013FA009801F0D8F914
:1086F00001460098019101F0D3F9029A01460198D0
:10870000069B5B4301EB8301049204AA0DF0ECF994
:1087100002980390FFE703980699884211DAFFE771
:10872000009801F0BDF901460398069A00FB020289
:108730004FF07E5041F82200FFE70398013003908C
:10874000E9E701208DF817009DF8170020B9FFE731
:10875000009801F01DFAFFE708B080BD000000009E
:1087600080B58EB002900D900C910C9803F068FDCE
:108770000B900B9803900C9803F05AFD0146039858
:10878000884206D0FFE702980022114600F094F8D4
:108790002EE00B9A05A80090114601F0B9F90C984B
:1087A00003F03EFD01460098019101F071F9014688
:1087B000019817F0ADFA8DF82B009DF92B000530CC
:1087C00040B9FFE702980B9A114600F075F80120B6
:1087D000049009E0029800218DF82B1005A901F002
:1087E0006BF901200490FFE705A801F0D1F9FFE73C
:1087F0000EB080BD0000000083B080B5ADF5057DF2
:10880000899388928791849087A88390849A83988B
:108810000290029B03A84FF40071D7F7FBFE0820DB
:10882000009041F6F000C2F2004069460CF088FD6D
:1088300000680190019848B1FFE7019845F67E2154
:10884000C0F6040103AA03F0B3FAFFE70DF5057DB6
:10885000BDE8804003B0704780B586B001900590B8
:10886000049100208DF80F00049803F0E1FC0090C3
:10887000049803F0E5FC00990246019801F048F9DC
:10888000049803F0CDFC01460198029101F000F933
:108890000146029817F0D4FD01208DF80F009DF8D5
:1088A0000F0020B9FFE7019801F072F9FFE706B069
:1088B00080BD00000000000080B588B000900790E7
:1088C00006910592002101918DF813100699059AE1
:1088D00001F01EF9009801F0E3F8014600980291BA
:1088E00001F0DEF8019A01460298069BDDF814C0FB
:1088F00003FB0CF301EB8301039203AA0DF0F4F8E0
:1089000001208DF813009DF8130020B9FFE70098AF
:1089100001F03EF9FFE708B080BD00000000000054
:1089200080B584B00390039801900021029101600A
:1089300001714171083012F0A3F901980299818206
:108940008175816101774177817704B080BD000036
:1089500080B582B0019001980090083012F0A4F91F
:10896000009802B080BD000080B58AB008900898D9
:108970000290C0680130A8B1FFE7029800F10C0135
:10898000059006A8019005AA15F052FE019A41F241
:10899000B831C2F2004103A80CF02EFC01208DF882
:1089A000270003E002208DF82700FFE79DF827004D
:1089B0000AB080BD0000000082B001908DED000A79
:1089C000022002B07047000080B584B00290029887
:1089D000019002F001FC0198C068013068B1FFE726
:1089E000019800F10C0141F2B830C2F200400CF0E5
:1089F000F7FB01208DF80F0003E002208DF80F0037
:108A0000FFE79DF80F0004B080BD000000000000EB
:108A100080B582B001900198009002F0FDFB0098B3
:108A20004FF0FF31416002B080BD00000000000047
:108A300080B582B001900198009002F0F5FB00989B
:108A400045F28471C0F60401083101604FF0FF3136
:108A5000416181611C302421D7F792FF00980221E7
:108A6000816002B080BD000081B00090FEDE000099
:108A700080B582B001900198009045F28471C0F6F3
:108A8000040108310160FFF79FFF009802F0E4FB4A
:108A9000009802B080BD000080B588B0DDF828C025
:108AA00007900691059204930798029041F67C1076
:108AB000C2F2004006A90CF06FFA0146029809685C
:108AC0000162059941600499C1600A9901611430FD
:108AD00001900A9800F004FA0146019800228DF8EE
:108AE0000F200DF10F0214F00FFA0299086A00F03E
:108AF000F7F808B080BD000080B582B00190019801
:108B0000009000F03DFA009802B080BD0000000027
:108B100080B582B001900198009000F045FA00986D
:108B200002B080BD0000000080B588B0DDF828C02C
:108B300007900691059204930798029041F67C10E5
:108B4000C2F2004006A90CF027FA01460298096813
:108B50000162059941600499C1600A99016114306C
:108B600001900A9800F0BCF90146019800228DF8A6
:108B70000F200DF10F0214F0C7F90299086A00F0F6
:108B8000E7F808B080BD000080B582B0019001997F
:108B9000086A00F015FA02B080BD00000000000075
:108BA00080B582B001900198009000F0E9F900983A
:108BB00002B080BD0000000080B582B00190019835
:108BC000009000F0F1F9009802B080BD00000000B4
:108BD00080B584B0029002980190007B20B9FFE735
:108BE00002208DF80F0018E001980069E1F744FEBB
:108BF00020B1FFE702208DF80F000EE00198007B06
:108C0000032806D1FFE70199012008738DF80F00B2
:108C100003E002208DF80F00FFE79DF80F0004B07D
:108C200080BD00000000000080B58EB00C900B915C
:108C30000C9804900B9820B9FFE702208DF83700BC
:108C400048E00498007B032804D1FFE702208DF858
:108C500037003FE004980B990A910A9909688160EE
:108C60000A99496840F8101F019000680A99083174
:108C7000E0F73EFD019800686A4603211160022278
:108C8000012303931146E0F7BFFD039A01980068A2
:108C90004021E0F7D9FC0399019800680022E0F731
:108CA000E3FB049802F0FCFA01990498079008A8E5
:108CB000029007AA15F0F8FC029A41F63411C2F2AC
:108CC000004105A80CF0CCFC0499039808738DF8BA
:108CD0003700FFE79DF837000EB080BD00000000B0
:108CE00080B58CB00A9009910A98019020300290CA
:108CF0000CF07EFF0146029807910CF06DFF069084
:108D0000099805900798069905AA0CF005FF0146F9
:108D1000029808910CF060FF049008A804A915F0CF
:108D20002FFD58B1FFE7019820300999039103A95D
:108D30000CF06AFF01208DF82F0003E002208DF86F
:108D40002F00FFE79DF82F000CB080BD0000000051
:108D500080B58CB00A9009910A9801901430029065
:108D60000CF0AEFF0146029807910CF09DFF0690B3
:108D7000099805900798069905AA0CF0F1FE01469E
:108D8000029808910CF090FF049008A804A915F02F
:108D900007FD58B1FFE7019814300999039103A921
:108DA0000CF09AFF01208DF82F0003E002208DF8CF
:108DB0002F00FFE79DF82F000CB080BD00000000E1
:108DC00080B584B0029002980190007B012804D005
:108DD000FFE702208DF80F0010E001980069E1F72D
:108DE00023FD20B1FFE702208DF80F0006E0019976
:108DF0000320087301208DF80F00FFE79DF80F0096
:108E000004B080BD0000000081B0009001B0704748
:108E100080B582B001900198009002F069FA009844
:108E2000002141608160C160022202610122426131
:108E30008161C1610162416202B080BD0000000039
:108E400080B5A6B025902491259803900069402113
:108E50000AAA14ABE0F734FD039820300990099872
:108E60000CF0C6FE089009980CF0B6FE0790FFE7DC
:108E700008A807A915F008FE68B3FFE708A803F0E3
:108E8000A7FE06900698006840680A9988421DD19E
:108E9000FFE7E1F7BDFF069909688860069800685A
:108EA000143005F0ADFA014614A802900844019070
:108EB00006980068143013F0D7FF01990246029813
:108EC0000592059A0CF0D0FD0490FFE7FFE708A893
:108ED00008F01EF8CCE726B080BD000000000000BE
:108EE00083B00190019800900F283AD80099DFE8EC
:108EF00001F0080B0E1114171A1D202326292C2F00
:108F00003235002002902FE0012002902CE0022058
:108F1000029029E00320029026E00420029023E042
:108F20000520029020E0062002901DE0072002901C
:108F30001AE00820029017E00C20029014E01020A4
:108F4000029011E0142002900EE0182002900BE035
:108F50002020029008E03020029005E0402002909E
:108F600002E000200290FFE7029803B07047000083
:108F700082B00190009102B0704700000000000034
:108F800080B582B00190019800904FF0FF310160F0
:108F9000002141608160C16008210161143014F03A
:108FA0009BF8009802B080BD80B582B00190019816
:108FB0000090143014F0CCF8009802B080BD00008E
:108FC00080B58EB00C900B910C980190007B03281B
:108FD00004D0FFE702208DF8370025E001980B99B7
:108FE00049680291002103910B9AD26804920B9A6E
:108FF0001269059206910791089109910A910069F9
:1090000000900B98143013F023FF0246009802A939
:10901000E0F7AAFA20B1FFE702208DF8370003E05D
:1090200001208DF83700FFE79DF837000EB080BDB6
:1090300080B584B003900398019002F081F9019803
:1090400045F2AC71C0F604010831016000210291C3
:10905000016114300CF060FE019820300CF0F4FD3A
:1090600001980299416004B080BD0000000000003A
:1090700080B582B001900198009000F009F8009846
:109080002C2115F0A0FF02B080BD00000000000000
:1090900080B584B0029002980190039045F2AC71C3
:1090A000C0F604010831016002F02AF901988068D5
:1090B000013050B1FFE7019800F1100141F6341082
:1090C000C2F200400CF0C0FAFFE7019820300CF02B
:1090D000C7FD019814300CF02BFE019802F048F9FE
:1090E000039804B080BD000080B58CB00A9009914F
:1090F0000A980290099820B9FFE702208DF82F0006
:109100002CE00298007B032804D1FFE702208DF8B1
:109110002F0023E002980999089108990968816055
:1091200008994A68014641F8102F009102F0B8F8FA
:1091300000990298059006A8019005AA15F0CCFAAE
:10914000019A41F64011C2F2004103A80CF028FB3D
:109150000299012008738DF82F00FFE79DF82F007A
:109160000CB080BD0000000080B588B0069005916D
:109170000492039306980290007B012804D0FFE735
:1091800002208DF81F001AE0029803210173006984
:109190000599049ABDF80C30EE464FF00A0CCEF853
:1091A00000C0E7F7CDFA20B1FFE702208DF81F00DD
:1091B00005E00299012008738DF81F00FFE79DF874
:1091C0001F0008B080BD000081B0009001B0704762
:1091D00080B582B001900198009002F089F8009863
:1091E0000021416002B080BD80B586B0049003913B
:1091F000029204980190007B012804D0FFE702202E
:109200008DF8170015E00198032101730069039997
:10921000BDF808200A23E7F79FF820B1FFE70220F6
:109220008DF8170005E00199012008738DF81700EB
:10923000FFE79DF8170006B080BD000000000000A9
:1092400080B582B001900198009002F079F8009802
:1092500045F2CC71C0F604010831016000210161C2
:109260000221416002B080BD80B582B001900198BA
:10927000009000F009F80098142115F0A4FE02B047
:1092800080BD00000000000080B584B0029002980C
:109290000190039045F2CC71C0F6040108310160E1
:1092A00002F02EF801988068013050B1FFE7019874
:1092B00000F1100141F64010C2F200400CF064FAD7
:1092C000FFE7019802F054F8039804B080BD000055
:1092D00081B0009000984FF0FF31016041608160E3
:1092E0000021818101B0704780B58AB00890079154
:1092F000069208980490079905911C3004F024FD0B
:1093000001460598884204D3FFE702208DF8270024
:1093100025E00498069901911C300290079911F0FC
:10932000BBFF0199024602981160079911F0B4FF42
:10933000024602984FF0FF315160079911F0ACFFDF
:1093400002460298002103919181079911F0A4FF30
:1093500001460398886001208DF82700FFE79DF8FB
:1093600027000AB080BD000080B58EB00C900C982C
:109370000690007C20B9FFE702208DF83700C0E09E
:1093800000200B90FFE706980B9905911C3004F024
:10939000DBFC01460598884280F0A980FFE706982B
:1093A0001C300B9911F078FF014606980A9128307D
:1093B0000B9911F071FF09900A99002088600A98B2
:1093C000B0F90C000999B1F90C10884201D1FFE7FE
:1093D00089E00A994FF0FF3048600A9800680490CD
:1093E000002868D0FFE70498012804D0FFE704981C
:1093F00002280FD075E00A980121ADF822100DF176
:10940000220102F0DDFE20B1FFE70A990220486048
:10941000FFE767E00A983221ADF8201008A902F0B2
:10942000DFFE20B1FFE70A99012048600FE00A98AB
:109430004FF6CE71ADF81E100DF11E0102F0E0FEE8
:1094400020B1FFE70A9900204860FFE7FFE70A988C
:10945000B0F90C0002900028039002D50298404217
:1094600003900398B0F5A57F24DDFFE70998B0F9D4
:109470000C0001280BDBFFE70998B0F90C00B0F5F0
:10948000A57F04DAFFE70A9901208860FFE70998C1
:10949000B0F90C00B0F1FF3F0BDCFFE70998B0F921
:1094A0000C0010F5A57F04DDFFE70A990220886013
:1094B000FFE7FFE716E00A98B0F90C0001460191BA
:1094C000012804D0FFE70198022804D007E00A9998
:1094D0000120886004E00A990220886000E0FFE72C
:1094E000FFE7FFE7FFE70B9801300B904BE706988B
:1094F00000F11C01283011F0B7FE01208DF8370073
:10950000FFE79DF837000EB080BD000000000000AE
:1095100080B582B0019001980090007C08B9FFE707
:109520000AE0E1F775FC00994A68821A0020652A72
:1095300038BF01208861FFE702B080BD0000000055
:1095400080B582B001900198009001F065FE00980E
:109550004FF0FF31416002B080BD0000000000000C
:1095600080B582B001900198009001F05DFE0098F6
:1095700045F2EC71C0F60401083101604FF0FF3193
:10958000416181611C3011F04BFE0098283011F0D0
:1095900047FE00980021816002B080BD00000000FD
:1095A00081B00090FEDE000080B584B00390039887
:1095B000029045F2EC71C0F6040101F10802014687
:1095C00041F81C2B019101F007FE0298283011F0A0
:1095D0003BFE019811F038FE029801F03DFE029822
:1095E00004B080BD0000000080B590B00E900D91D9
:1095F0000E9804900D9820B9FFE702208DF83F00E7
:1096000055E00498007C012804D1FFE702208DF882
:109610003F004CE004990D980C900C980068C860CD
:109620000C98011D41F67C10C2F200400BF0B4FC16
:1096300001460498096841631C301C21039111F014
:1096400063FD04980399283011F05EFD00200B9013
:10965000FFE70B981B280FD8FFE704980B9945F2FA
:109660007032C0F6040252F82120FFF73DFEFFE7FA
:109670000B9801300B90ECE704980A9001F080FD04
:109680000498406B01900A980590059906A80290ED
:1096900014F072F80198029902F0FEF8029814F0A2
:1096A00083F80499012008748DF83F00FFE79DF8C6
:1096B0003F0010B080BD000080B5A0B01F901F9883
:1096C0001D90007C08B9FFE798E11D984168806B08
:1096D000884240F28F81FFE71D9890F84A1090F879
:1096E0004B2041EA0221ADF87A1090F83C1090F836
:1096F0003D2041EA02216FF3DF21A1F58061009155
:109700001C301B90002111F0C7FD00991D9A0346E3
:109710001B98998192F83D1092F83E20C90841EAC1
:1097200042116FF3DF21A1F580610191012111F058
:10973000B3FD01991D9A03461B98998192F83E103A
:1097400092F83F3092F84020890941EA830141EACA
:1097500082216FF3DF21A1F580610291022111F0D6
:109760009BFD02991D9A03461B98998192F840101F
:1097700092F84120490841EAC2116FF3DF21A1F5B7
:1097800080610391032111F087FD03991D9A03461F
:109790001B98998192F84C1092F84D2041EA0221D1
:1097A0006FF3DF21A1F580610491042111F074FDB4
:1097B000049A1D9903461B989A8191F841108909D2
:1097C0000591052111F068FD059A1D9903461B9826
:1097D0009A8191F84110C1F301110691062111F00F
:1097E0005BFD06991D9A03461B98998192F84210D9
:1097F00092F8432041EA02210791072111F04CFD24
:1098000007991D9A03461B98998192F8441092F883
:10981000452041EA02210891082111F03DFD0899F7
:109820001D9A03461B98998192F8461092F847209A
:1098300041EA02210991092111F02EFD099A1D9991
:1098400003461B989A8191F848100A910A2111F059
:1098500023FD0A9A1D9903461B989A8191F8491095
:109860000B910B2111F018FD0B9902461B98918169
:10987000BDF87A1001F001010C910C2111F00CFDE2
:109880000C9902461B989181BDF87A10C1F34001F2
:109890000D910D2111F000FD0D9902461B9891814B
:1098A000BDF87A10C1F380010E910E2111F0F4FC85
:1098B0000E9902461B989181BDF87A10C1F3C00140
:1098C0000F910F2111F0E8FC0F9902461B9891812E
:1098D000BDF87A10C1F300111091102111F0DCFCD9
:1098E000109902461B989181BDF87A10C1F340117E
:1098F0001191112111F0D0FC119902461B98918110
:10990000BDF87A10C1F380111291122111F0C4FC3C
:10991000129902461B989181BDF87A10C1F3C011CB
:109920001391132111F0B8FC139902461B989181F1
:10993000BDF87A10C1F300211491142111F0ACFC90
:10994000149902461B989181BDF87A10C1F3402109
:109950001591152111F0A0FC159902461B989181D3
:10996000BDF87A10C1F380211691162111F094FCF4
:10997000169902461B989181BDF87A10C1F3C02157
:109980001791172111F088FC179902461B989181B5
:10999000BDF87A10C1F300311891182111F07CFC48
:1099A000189902461B989181BDF87A10C1F3403195
:1099B0001991192111F070FC199902461B98918197
:1099C000BDF87A10C1F380311A911A2111F064FCAC
:1099D0001A9902461B989181BDF87A10C90B1C9107
:1099E0001B2111F059FC1D9902461C989081886B2F
:1099F0004860FFE71D98FFF7B7FCFFE720B080BD88
:109A000080B586B00490049801900590FFF7A8FDFA
:109A1000019945F61000C0F60400083008600020E7
:109A20004863886381F83C0001F13D004E310291AA
:109A30000390FFE70399029A002001F8010B084602
:109A400091420390F6D1FFE7019900204861059803
:109A500006B080BD0000000080B582B00190019882
:109A6000009000F009F80098502115F0ACFA02B00F
:109A700080BD00000000000080B582B00190019818
:109A80000090FFF791FD009802B080BD000000003B
:109A900081B0009000980C3001B0704700000000C9
:109AA00080B582B001900198083002F045FD02B007
:109AB00080BD00000000000080B588B007900691CE
:109AC0000798059006990968016006994968416000
:109AD000083001900699083105F036FB0198059988
:109AE00001F10C0204920A8802928988039102F023
:109AF00023FD0299039A0346049816F0F5F8059899
:109B0000069A00211160069A516008B080BD0000DD
:109B100080B588B007900691059207990491069840
:109B200008600598486006980599484305F0F4FFD9
:109B300004990246084640F8082F01F10C020392EE
:109B40000A8801928988029102F0F6FC0199029A32
:109B50000346039816F0C8F8049808B080BD0000CA
:109B600080B584B0039003980290002101910160B8
:109B70004160083005F000FB0298019B0C3019464B
:109B80001A4616F0B1F8029804B080BD000000003B
:109B900080B582B0019001980090083005F00CFB70
:109BA000009802B080BD000080B588B00790069193
:109BB000079805900699884224D0FFE705980699F2
:109BC00009680160069949684160069908310830C2
:109BD000019005F0FDFA0599019801F10C0204923B
:109BE0000A8802928988039102F0A6FC0299039ADE
:109BF0000346049816F078F8069900200860069944
:109C00004860FFE7059808B080BD00000000000034
:109C100080B58CB00A9009910A98079009998842FA
:109C200003D1FFE707980B9054E007980068099963
:109C30000968884207D1FFE7079840680999496891
:109C4000884218D0FFE707990998006808600998CA
:109C50004068486008684968484305F05DFF014670
:109C600007980891083008A9069105F0B1FA0698FE
:109C700005F0A2FAFFE70998083002F05DFC0190B8
:109C80000998083002F058FC01460798099B1A68A9
:109C90005B685A4301EB820100910830029002F0A8
:109CA0004BFC0099024601980BF0CEFE07990298F2
:109CB00001F10C0205920A8803928988049102F04E
:109CC0003BFC0399049A0346059816F00DF8079893
:109CD0000B90FFE70B980CB080BD00000000000067
:109CE00080B582B001900091019A02F108000099BC
:109CF00009685268514302F02BFC02B080BD00009D
:109D000080B596B00A9015901491139212931499FD
:109D10000B9100228DF8472091F83110109210AA73
:109D200012F0F6FC0B98007828B9FFE701208DF8B7
:109D300047000F90FEE00B98406B099048B1FFE799
:109D40000998012832D0FFE70998022800F08580A1
:109D5000EAE000200E90FFE70B990E9891F8311081
:109D6000884222D2FFE713980E9904F0F5FA90ED9D
:109D7000000A8DED070A12980E9904F0EDFA9DED98
:109D8000070A01460A9891ED001A30EE410A8DED5E
:109D9000080A0E9912F044FD9DED080A80ED000AB4
:109DA000FFE70E9801300E90D6E7BEE000200D9040
:109DB000FFE70B990D9891F8311088424CD2FFE7DC
:109DC00013980D9904F0C8FA90ED000A8DED050A7C
:109DD00012980D9904F0C0FA9DED050A01460A9803
:109DE00091ED001A30EE410A8DED060A0D9912F040
:109DF00017FD9DED060A01460A9881ED000A0D99AE
:109E000012F00EFD90ED000AF0F792FD9FED4E1A54
:109E1000B4EE410AF1EE10FA19DDFFE70A980D9948
:109E200012F0FEFCD0ED000A9FED480A0CF07CFE1B
:109E30000A988DED040A0D9912F0F2FC9DED041ABA
:109E400090ED000A30EE410A80ED000AFFE7FFE7DF
:109E50000D9801300D90ACE767E000200C90FFE713
:109E60000B990C9891F8311088425CD2FFE7139857
:109E70000C9904F071FA90ED000A8DED020A129827
:109E80000C9904F069FA9DED020A01460A9891EDD9
:109E9000001A30EE410A8DED030A0C9912F0C0FC55
:109EA0009DED030A01460A9881ED000A0C9912F013
:109EB000B7FC90ED000AF0F73BFD0B98008C01EE2B
:109EC000100AB8EE411AB6EE002A21EE021AB4EEDC
:109ED000410AF1EE10FA21DDFFE70A980B99098C8F
:109EE00000EE101AB8EE400A8DED000A0C9912F03F
:109EF00097FC9DED000AD0ED000A0CF015FE0A98C3
:109F00008DED010A0C9912F08BFC9DED011A90ED7C
:109F1000000A30EE410A80ED000AFFE7FFE70C98E7
:109F200001300C909CE7FFE7FFE701208DF8470028
:109F30000F90FFE79DF8470020B9FFE70A9812F05D
:109F40002FFCFFE716B080BD000034430000B4438F
:109F500080B58AB004AA019202460198089280ED69
:109F6000030A06910898029090ED040AB5EE400AA3
:109F7000F1EE10FA15DDFFE7019890ED030AF0F716
:109F8000D7FC029890ED041AB4EE410AF1EE10FAF3
:109F900007DAFFE7069900200861069988610990B1
:109FA000F9E0029890ED050AB5EE400AF1EE10FADC
:109FB00012DDFFE7019890ED030AF0F7B9FC029873
:109FC00090ED051AB4EE410AF1EE10FA04DDFFE758
:109FD00006990020086122E00199029B91ED030A95
:109FE000588E01EE100AB8EE411A80EE011A06985A
:109FF00090ED040A30EE010A80ED040A0698103054
:10A0000003F11C0293ED070AB1EE400A81ED010A4B
:10A0100005A90CF0F9FB006806990861FFE7029BAF
:10A020000199069891ED031A90ED050A90ED062A24
:10A0300031EE421A31EE401A9FED592AA1EE020A82
:10A0400080ED050A93ED010A91ED031A20EE010A55
:10A05000069880ED000A93ED020A069890ED041A26
:10A0600020EE010A80ED010A93ED030A069890EDB7
:10A07000051A20EE010A80ED020A069890ED000A0A
:10A0800090ED012A90ED021A30EE020A30EE010A3C
:10A0900080ED030A06980C3003F1180293ED060ACE
:10A0A000B1EE400A81ED000A04A90CF0ADFB0146B7
:10A0B00002980968069AD16090ED090AB5EE400A47
:10A0C000F1EE10FA60DDFFE7069890ED030A4FF01D
:10A0D000FF30B5EE400AF1EE10FAC8BF01208DF84E
:10A0E0000F00069890ED030AF0F722FC029890ED1D
:10A0F000091AB4EE410AF1EE10FA1FDDFFE70299EA
:10A10000069AD0690130D0610698C069896A884290
:10A1100013D9FFE7029890ED090A9DF90F0001EEAF
:10A12000100AB8EEC11A20EE010A069880ED030A63
:10A130000699012081F82400FFE709E00698C0692C
:10A1400028B1FFE70699C8690138C861FFE7FFE752
:10A15000069890F82400C007A8B1FFE70299069A74
:10A16000106A013010620698006AC96A884209D9EB
:10A17000FFE706990020C86106990862069981F8F0
:10A180002400FFE7FFE7FFE7079806998861069834
:10A19000C0680990FFE7019890ED050A0AB080BDFC
:10A1A000CDCCCC3D0000000081B000900098002193
:10A1B000016041608160C160016141618161C16193
:10A1C000016280F8241001B0704700000000000018
:10A1D00080B588B0069006980290007820B9FFE715
:10A1E00002208DF81F001BE002980078032804D19C
:10A1F000FFE702208DF81F0012E0029890F831105E
:10A2000003A8019011F0D0F902980199383011F0AB
:10A2100023FA019811F010FA01208DF81F00FFE7D2
:10A220009DF81F0008B080BD81B00090009801210A
:10A2300001704FF47A714180002141608160C160FA
:10A24000016141618161C1610162416281624FF4DA
:10A2500000528285016301B07047000000000000D9
:10A2600080B590B003900F900E910D920C930E99C3
:10A27000049100228DF82F2091F831100A920AAA39
:10A2800012F046FA0498007828B9FFE701208DF80B
:10A290002F0009905BE004980078032805D1FFE7C0
:10A2A00001208DF82F00099051E00D9804F000F87E
:10A2B000049991F83110884209D1FFE70C9803F016
:10A2C000F7FF049991F83110884205D0FFE701208B
:10A2D0008DF82F0009903AE004990D9A0C9B06A87E
:10A2E000FFF70EFD00200590FFE70499059891F80F
:10A2F0003110884223D2FFE7059906A812F090FAA0
:10A300000146049891ED000A8DED010A3830059957
:10A3100011F0AEF99DED010A01460498FFF718FE11
:10A3200003988DED020A059912F07AFA9DED020A62
:10A3300080ED000AFFE7059801300590D5E7012080
:10A340008DF82F00099006A812F02AFAFFE79DF871
:10A350002F0020B9FFE7039812F022FAFFE710B0B0
:10A3600080BD00000000000080B586B0049003911D
:10A3700004980190039820B9FFE702208DF8170098
:10A3800046E001980078032804D1FFE702208DF809
:10A3900017003DE0039802900298007820B9FFE78B
:10A3A00002208DF8170033E0019802994988418610
:10A3B0000299097880F83110029949684160029940
:10A3C000896881600299C968C1600299096901615F
:10A3D00002994969816102998969C1610299096B90
:10A3E00041630299C96941610299898D0184029989
:10A3F000096A41620299496A81620299896AC16265
:10A40000FFF7E6FE0199012008708DF81700FFE7BD
:10A410009DF8170006B080BD80B582B0019001980C
:10A4200000900021017041608160C1600161416163
:10A430008161C1614FF40052028441628162C16254
:10A4400080F83010012280F831204FF47A72428671
:10A450004163383011F0DCF8009802B080BD000094
:10A4600080B582B0019001980090383011F0E4F886
:10A47000009802B080BD000080B582B001900198C4
:10A480000090002100F8041BFFF76AFB009802B05F
:10A4900080BD00000000000080B582B001900198EE
:10A4A00000900430FFF774FB009802B080BD0000FC
:10A4B00080B588B007900798039000F089F9039859
:10A4C00000F062FB039800F02FFB039890F858010E
:10A4D00001280ADBFFE7039800F072F8039800F008
:10A4E000E7FA039800F0C0F80CE0039800F13C0193
:10A4F0002830FFF78DFB039800F150016430FFF71F
:10A5000087FBFFE7039800F5CA7003F0DDFE002823
:10A510004DD1FFE700208DF81B00FFE703999DF860
:10A520001B0091F85511884240DAFFE70398643028
:10A530009DF81B10059105A9FFF7D2FB0246039871
:10A540009DF81B1002EB810292ED000A8DED020ACC
:10A5500000F5CA7012F064F99DED020A90ED001A40
:10A56000B4EE410AF1EE10FA19DAFFE7039800F5AC
:10A57000CA709DF81B1012F053F901460398096840
:10A58000019164309DF81B10049104A9FFF7A8FB0A
:10A59000014601989DF81B2041F82200FFE7FFE7E4
:10A5A0009DF81B0001308DF81B00B7E7FFE703980B
:10A5B00000F128010C30FFF72BFB012008B080BD13
:10A5C00080B5AAB029902998079000F1C80100F140
:10A5D000500205921AA8039001F086FE039907988D
:10A5E00000F1DC0206921FA8029001F07DFE0299A4
:10A5F000079800F1F00224A8019001F0B5FE01993E
:10A60000079800F58C700490FFF7CEFA0198FFF7D9
:10A61000BFFA0298FFF7BCFA0398FFF7B9FA04995A
:10A6200015A80A90FEF79CF80599069A0BA80990C0
:10A6300001F05AFE09990A9A10A8089001F054FEF8
:10A640000798089900F58270FFF7AEFA0898FFF7AF
:10A650009FFA0998FFF79CFA0A98FFF799FA2AB02F
:10A6600080BD00000000000080B5C6B04590459850
:10A67000049040A80D90FFF773FA049890F85511D4
:10A680003BA80190FEF724F801990D98FFF78CFA8A
:10A690000198FFF77DFA049800F58271039100F1AB
:10A6A000C80231A8029001F01FFE029A0D9936A847
:10A6B0000C9001F0D5FD0298FFF76AFA04980C9906
:10A6C00000F1500222A80B9001F00EFE0C991DA87B
:10A6D0000A90FEF7C1F80A9A0B9927A8099001F091
:10A6E00003FE0399049800F1F00213A8089001F00A
:10A6F000FBFD03990EA80790FEF7AEF8079A08999C
:10A7000018A8069001F0F0FD069A09992CA805906A
:10A7100001F02AFE049805996430FFF745FA059880
:10A72000FFF736FA0698FFF733FA0798FFF730FA83
:10A730000898FFF72DFA0998FFF72AFA0A98FFF709
:10A7400027FA0B98FFF724FA0C98FFF721FA0D98D7
:10A75000FFF71EFA46B080BD80B582B00190019827
:10A760000090F2F7C1F800984FF0FF3141600021EE
:10A770008160017341738173C173103012F0ACFCBE
:10A7800000981C3011F0F8FF0098283011F0F4FF09
:10A790000098343011F0F0FF009802B080BD000046
:10A7A00080B582B0019001980090343011F0F8FF2C
:10A7B0000098283011F0F4FF00981C3011F0F0FFE1
:10A7C0000098103012F0C4FC009802B080BD000068
:10A7D00080B5B8B037903798139090F85701C007FC
:10A7E00068B9FFE7139800F5AE7100F59670FFF7B2
:10A7F0000FFA139991F8560181F8580154E1139911
:10A800000020129081F8580134A812F065FC1298CB
:10A810008DF8CF00FFE713999DF8CF0091F85611FE
:10A82000884222DAFFE7139800F5AE709DF8CF104A
:10A83000329132A9FFF754FA90ED000A0CF058F962
:10A8400060B9FFE734A80DF1CF0112F0E9FB1399CD
:10A8500091F85801013081F85801FFE7FFE79DF8B2
:10A86000CF0001308DF8CF00D5E7139890F858014C
:10A8700018B9FFE70120319013E1139890F85811AF
:10A880002CA808900122FFF743F91398089900F5C6
:10A890009670FFF789F90898FFF77AF9139890F8FE
:10A8A000552190F8581127A80990FFF731F913980E
:10A8B0000999C8300B90FFF777F90998FFF768F905
:10A8C000139890F8582122A80A901146FFF720F912
:10A8D00013980A99F0300E90FFF766F90A98FFF77F
:10A8E00057F90B98FFF7DCF801460B980D91FFF72D
:10A8F000D7F801460B980C9101F0AAFC0C9902467E
:10A900000D9801EB820100221192219221AA0BF0F5
:10A91000DFF80E98FFF7C4F801460E981091FFF784
:10A92000BFF801460E980F9101F092FC0F99119A11
:10A930000346109801EB8301209220AA0BF0C8F87F
:10A9400011988DF87F00FFE713999DF87F0091F82B
:10A950005811884277DAFFE79DF87F1034A812F08B
:10A9600037FC0146139809788DF87E1000F5AE701B
:10A970009DF87E101E911EA9FFF7B2F901461398AB
:10A980000968079100F596709DF87F101D911DA92B
:10A99000FFF7A6F9079902461398116000F5B87001
:10A9A0009DF87E1012F014FC007808B9FFE744E02F
:10A9B000139800F5B8709DF87E1012F009FC1399F9
:10A9C000007801388DF873009DF8730091F85511E7
:10A9D000884219DAFFE7139800F5BE709DF87E10E3
:10A9E00011F01EFF0146139809680691C8309DF8C2
:10A9F0007F101B911BA9FFF773F9014606989DF87C
:10AA0000732041F82200FFE7139800F5C4709DF809
:10AA10007E1011F005FF0146139809680591F0308A
:10AA20009DF87F101A911AA9FFF75AF90146059867
:10AA30009DF87F2041F82200FFE79DF87F0001305C
:10AA40008DF87F0080E7139800F5AE700190FFF756
:10AA500027F8014601980391FFF722F80146019873
:10AA6000029101F0F5FB02990246039801EB820185
:10AA70000022C7F6C072199219AA0BF029F8139890
:10AA800000F1C80114A80490FDF7E6FE139804999C
:10AA9000DC30FFF789F80498FFF77AF8002031904E
:10AAA000FFE734A812F054FB38B080BD000000006E
:10AAB00080B59EB01D901D98049000F13C02039259
:10AAC00000F58271029100F59671019100F1C801C3
:10AAD00009A8089001F008FC0199089A0EA80790AF
:10AAE00001F0BEFB0299079A13A8069001F0FCFB47
:10AAF0000399069A18A8059001F036FC0498059968
:10AB00002830FFF751F80598FFF742F80698FFF74D
:10AB10003FF80798FFF73CF80898FFF739F81EB0A0
:10AB200080BD00000000000080B594B01390139821
:10AB3000009000F1780100F1640204A8039001F094
:10AB4000D3FB0098039900F18C0209A8029001F050
:10AB5000CBFB0098029900F1B4020EA8019001F01D
:10AB600003FC009801995030FFF71EF80198FFF799
:10AB70000FF80298FFF70CF80398FFF709F814B0E4
:10AB800080BD00000000000080B59AB019901998AF
:10AB9000049090F85401012827DBFFE7049800F1A6
:10ABA000780100F128020FA8039001F09DFB0498A2
:10ABB00000F1A00100F5A0720AA8029001F094FB38
:10ABC000029A039914A8019001F0CEFB0498019910
:10ABD0003C30FEF7E9FF0198FEF7DAFF0298FEF736
:10ABE000D7FF0398FEF7D4FF11E0049800F1780135
:10ABF00000F1280205A8009001F076FB0498009966
:10AC00003C30FEF7D1FF0098FEF7C2FFFFE71AB015
:10AC100080BD00000000000080B5E8B0669065913E
:10AC20006698139065980068013020B9FFE702200C
:10AC30008DF89F0195E1659864906498011D41F637
:10AC40003440C2F200400AF0A3FB014613980968A1
:10AC500001626499896841626499497B80F8541162
:10AC60006499897B80F855116499097B80F85611A5
:10AC70006499C97B01F0010180F8571164991C3176
:10AC800000F5BE7011F09CFD13986499103100F529
:10AC9000B87012F06DFA13986499283100F5C470F9
:10ACA00011F08EFD13986499343100F5CA7011F0DB
:10ACB00087FD139890F855115FA80B9001220C9214
:10ACC000FDF7FAFD0B9913982830FEF76DFF0B98EE
:10ACD000FEF75EFF13980C9A90F855115AA80D9044
:10ACE000FDF7EAFD0D9913983C30FEF75DFF0D98D6
:10ACF000FEF74EFF139890F8552155A80E90114677
:10AD0000FDF7DAFD0E9913987830FEF74DFF0E9897
:10AD1000FEF73EFF139890F8552150A80F9011466A
:10AD2000FDF7CAFD0F9913988C30FEF73DFF0F9881
:10AD3000FEF72EFF139890F855114BA81090FDF7D1
:10AD4000C7FC109913986430FEF72EFF1098FEF799
:10AD50001FFF139890F8552146A811901146FDF752
:10AD6000ABFD119913985030FEF71EFF1198FEF7B6
:10AD70000FFF139890F8552141A812901146FDF746
:10AD80009BFD12991398B430FEF70EFF1298FEF750
:10AD9000FFFE139890F85401012823DBFFE7139876
:10ADA00090F8542190F855113CA80990FDF784FDC6
:10ADB00009991398A030FEF7F7FE0998FEF7E8FE10
:10ADC000139890F8541137A80A900122FDF774FDEA
:10ADD00013980A9900F5A070FEF7E6FE0A98FEF7B0
:10ADE000D7FEFFE7139890F8552190F8561132A836
:10ADF0000190FDF761FD01991398C830FEF7D4FE6C
:10AE00000198FEF7C5FE139890F8551190F8562159
:10AE10002DA80290FDF750FD02991398DC30FEF743
:10AE2000C3FE0298FEF7B4FE139890F8562128A8A6
:10AE300003901146FDF740FD03991398F030FEF79B
:10AE4000B3FE0398FEF7A4FE139890F8551190F8FE
:10AE5000562123A80490FDF72FFD0499139800F5BF
:10AE60008270FEF7A1FE0498FEF792FE139890F808
:10AE700056211EA805901146FDF71EFD0599139851
:10AE800000F58C70FEF790FE0598FEF781FE139892
:10AE900090F8561119A8069001220792FDF70CFDB3
:10AEA0000699139800F59670FEF77EFE0698FEF759
:10AEB0006FFE1398079A90F8561114A80890FDF7A2
:10AEC000FBFC0899139800F5AE70FEF76DFE08982C
:10AED000FEF75EFE139800F5B87003F091FA13992F
:10AEE00091F85611884204D0FFE702208DF89F01A7
:10AEF00037E0139800F5BE7003F0DAF9139991F872
:10AF00005611884204D0FFE702208DF89F0128E007
:10AF1000139800F5C47003F0CBF9139991F856110A
:10AF2000884204D0FFE702208DF89F0119E01398B2
:10AF300000F5CA7003F0C8F978B9FFE7139800F577
:10AF4000CA7003F0B5F9139991F85511884204D0ED
:10AF5000FFE702208DF89F0103E001208DF89F019B
:10AF6000FFE79DF89F0168B080BD00000000000071
:10AF700080B584B00390029103980190F1F7C4FC6E
:10AF8000019845F63401C0F604010831016008302B
:10AF9000FFF772FA01980021016241622830FEF742
:10AFA000DFFD01983C30FEF7DBFD01985030FEF7E5
:10AFB000D7FD01986430FEF7D3FD01987830FEF795
:10AFC000CFFD01988C30FEF7CBFD0198A030FEF745
:10AFD000C7FD0198B430FEF7C3FD0198C830FEF7F5
:10AFE000BFFD0198DC30FEF7BBFD0198F030FEF7A5
:10AFF000B7FD019800F58270FEF7B2FD019800F5EB
:10B000008C70FEF7ADFD019800F59670FEF7A8FD77
:10B01000019800F5A070FEF7A3FD019800F5AE7051
:10B02000FEF79EFD019800F5B87012F055F80198F2
:10B0300000F5BE7011F0A0FB019800F5C47011F08E
:10B040009BFB019800F5CA7011F096FB01980299DC
:10B05000FFF7E2FD019804B080BD00000000000091
:10B0600080B582B001900198009000F009F8009836
:10B070004FF4D07113F0A7FF02B080BD00000000B4
:10B0800080B582B0019001980090F1F70DFC009816
:10B0900000F5CA7011F084FB009800F5C47011F03F
:10B0A0007FFB009800F5BE7011F07AFB009800F568
:10B0B000B87012F04DF8009800F5AE70FEF768FD1C
:10B0C000009800F5A070FEF763FD009800F59670FB
:10B0D000FEF75EFD009800F58C70FEF759FD0098B4
:10B0E00000F58270FEF754FD0098F030FEF750FD39
:10B0F0000098DC30FEF74CFD0098C830FEF748FDA4
:10B100000098B430FEF744FD0098A030FEF740FDF3
:10B1100000988C30FEF73CFD00987830FEF738FD43
:10B1200000986430FEF734FD00985030FEF730FD93
:10B1300000983C30FEF72CFD00982830FEF728FDE3
:10B1400000980830FFF7A8F90098F1F7F9FB00988C
:10B1500002B080BD0000000081B00090022001B06C
:10B16000704700000000000081B00090022001B094
:10B17000704700000000000081B0009001B07047EF
:10B1800080B58AB0089008980290C0680130A8B1D4
:10B19000FFE7029800F10C01059006A8019005AAAE
:10B1A00013F052FA019A41F6F001C2F2004103A8ED
:10B1B0000AF092F801208DF8270003E002208DF8B4
:10B1C0002700FFE79DF827000AB080BD00000000BF
:10B1D00081B0009001B0704780B584B002900298B1
:10B1E0000190C068013068B1FFE7019800F10C01DF
:10B1F00041F6F000C2F200400AF062F801208DF83A
:10B200000F0003E002208DF80F00FFE79DF80F000C
:10B2100004B080BD0000000081B0009000984FF0A5
:10B22000FF31016001B0704781B00090009845F691
:10B230005001C0F6040108310160002141604FF067
:10B24000FF328260C260017401B0704700000000EC
:10B2500081B00090FEDE000080B582B001900198C0
:10B26000009045F65001C0F6040108310160FFF777
:10B27000B3FF009802B080BD81B00090022001B001
:10B28000704700000000000081B00090022001B073
:10B29000704700000000000081B0009001B07047CE
:10B2A00080B58AB008900898029080680130A8B1F3
:10B2B000FFE7029800F10801059006A8019005AA91
:10B2C00013F09EF9019A41F67C11C2F2004103A8E5
:10B2D00009F0BAFE01208DF8270003E002208DF866
:10B2E0002700FFE79DF827000AB080BD000000009E
:10B2F00081B0009000984FF0FF31016001B07047BD
:10B3000080B584B00290029801908068013068B1E5
:10B31000FFE7019800F1080141F67C10C2F20040FD
:10B3200009F086FE01208DF80F0003E002208DF861
:10B330000F00FFE79DF80F0004B080BD0000000083
:10B3400081B00090009845F67401C0F60401083100
:10B3500001604FF0FF31416081600021017301B055
:10B36000704700000000000081B00090FEDE000089
:10B3700080B582B001900198009045F67401C0F646
:10B38000040108310160FFF7BBFF009802B080BDE7
:10B3900080B584B0029002980190007B20B9FFE74D
:10B3A00002208DF80F0018E001980069E6F740FCD4
:10B3B00020B1FFE702208DF80F000EE00198007B1E
:10B3C000032806D1FFE70199012008738DF80F00CB
:10B3D00003E002208DF80F00FFE79DF80F0004B096
:10B3E00080BD00000000000080B59AB01890179151
:10B3F00018980890179820B9FFE702208DF8670089
:10B4000084E00898007B032804D1FFE702208DF830
:10B4100067007BE008981799169116990968816072
:10B420001699496801611699097A01F001010175BF
:10B430001699097D01F0010141750069E6F7F8FBF5
:10B4400008984C3010F010FE0898007DC007F8B145
:10B45000FFE708981699C968816116990969016220
:10B4600000F12801059181690691016A00208DF89B
:10B470004B0013A807900DF14B0211F0F9FD059850
:10B480000699079A10F030FA079811F061FEFFE76D
:10B490000898407DC007F8B1FFE7089816998969B8
:10B4A000C1611699C969416200F134010291C16913
:10B4B0000391416A00208DF83B000FA804900DF124
:10B4C0003B0211F0D5FD02980399049A10F00CFA92
:10B4D000049811F03DFEFFE70898FFF7E1FE089899
:10B4E00000F110010B900CA801900BAA13F000F9C9
:10B4F000019A41F66C11C2F2004109A80AF0B0F9B4
:10B500000899012008738DF86700FFE79DF8670030
:10B510001AB080BD0000000080B58AB0089008987D
:10B520000490007B012804D0FFE702208DF827005B
:10B530004CE004980168496988470498407DC00739
:10B5400030B3FFE70498343010F0C2F90146049894
:10B550000791079940F8481F019050F8381C039153
:10B5600001F06EF911F074FC01460198029101F0AE
:10B5700067F902F045FF02990246039892B2E6F796
:10B580003FFA20B1FFE702208DF827001EE0FFE719
:10B590000498007DC00790B1FFE704982830009020
:10B5A00010F096F9049A01460098069106991164E4
:10B5B00010F08EF90499059005984864FFE7049906
:10B5C0000320087301208DF82700FFE79DF827006E
:10B5D0000AB080BD0000000082B080B5ADF5087DE6
:10B5E0008B938A928690859186980290007B20B9F1
:10B5F000FFE702208DF81F0216E08AA88490859A42
:10B6000084980390039B04A801904FF40071D5F730
:10B6100001F80198D5F775F801990246029800F0F3
:10B6200057F98DF81F02FFE79DF81F020DF5087D01
:10B63000BDE8804002B0704780B582B001900198AB
:10B640000090407DC00760B1FFE70098007B0228B2
:10B6500007D1FFE700980121017301680969884754
:10B66000FFE702B080BD000080B582B00190019874
:10B670000090FFF73DFE0098002343600372042210
:10B68000C2608021016103758261C16102B080BD29
:10B6900080B594B01390129113980690007B28B156
:10B6A000FFE70698407DC00708B9FFE773E00698FA
:10B6B000407DC00700286ED0FFE70698129AB2F8C6
:10B6C0005C10B2F85E20891A11914830049001F0A4
:10B6D000AFF801460498109104F0DAF90146069893
:10B6E0000591343010F0E8F8014605980F910FA944
:10B6F00013F006F948B1FFE70698343010F0E8F887
:10B7000006990E900E988864FFE7069801690391E8
:10B710004830019001F094F811F09AFB014601982D
:10B72000029101F08DF802F06BFE02990246039837
:10B7300092B2E6F765F906984C300D900D9810F02E
:10B7400087FC0C900D9810F077FC0B90FFE70CA88D
:10B750000BA913F035FA70B1FFE70CA801F094F8CB
:10B760000A900A981099119A02F09AFEFFE70CA825
:10B7700004F0AEF9EBE7109811F076FB0990109801
:10B7800011F05AFB0890002007900998089907AA21
:10B790000AF08EF9FFE714B080BD00000000000041
:10B7A00080B590B00F900E910F980690007B28B155
:10B7B000FFE70698007DC00708B9FFE758E0069844
:10B7C000007DC007002853D0FFE70698443004905E
:10B7D00001F036F811F048FB014604980D9101F094
:10B7E0002FF811F029FB0C9000200B900D980C996C
:10B7F0000BAA0AF05DF9049804F04AF9014606988C
:10B800000591283010F058F8014605980A910AA9C8
:10B8100013F076F848B1FFE70698283010F058F892
:10B820000699099009984864FFE70698016C089109
:10B83000406C07900898079911F0F2FEB8B1FFE745
:10B840000698016903914430019000F0F9FF11F06E
:10B85000FFFA01460198029100F0F2FF02F0D0FDDC
:10B8600002990246039892B2E7F796FAFFE7FFE7DC
:10B8700010B080BD0000000080B584B0039002913C
:10B88000039801900168496988470199022008736B
:10B8900004B080BD0000000080B584B0029001912A
:10B8A00002980090007B20B9FFE702208DF80F007E
:10B8B00008E000984C30019910F00EFC01208DF842
:10B8C0000F00FFE79DF80F0004B080BD00000000EE
:10B8D00080B592B010900F910E9210980590007B59
:10B8E00020B9FFE702208DF8470085E00598007D2C
:10B8F000C00700286CD0FFE705990E98096A8842B6
:10B900001BD8FFE70598016C0D91406C0C900D98C9
:10B910000C9911F085FE01280FD0FFE70598416CC6
:10B920000B91006C0A900B980A9911F079FE059919
:10B9300089690139884204D1FFE702208DF8470068
:10B940005AE00598403000F07BFF0F990E9A0A44A8
:10B9500011F0AAFA0598016C0991406C08900998B9
:10B96000089911F05DFEB8B9FFE7059801690491E7
:10B970004430029000F064FF11F06AFA0146029828
:10B98000039100F05DFF02F03BFD0399024604982D
:10B9900092B2E7F701FAFFE70598403004F078F833
:10B9A00001460598019128300FF086FF0146019865
:10B9B000079107A912F0A4FF48B1FFE705982830C6
:10B9C0000FF086FF0599069006980864FFE70FE0E0
:10B9D000059800690F99BDF838204FF47A73E7F79E
:10B9E0003FF920B1FFE702208DF8470004E0FFE7B0
:10B9F00001208DF84700FFE79DF8470012B080BD99
:10BA000080B582B0019001980090FFF799FC0098F2
:10BA100045F69401C0F6040108310160002101617E
:10BA20000175417504218161C1618021016241621A
:10BA300028300FF0F1FF009834300FF0EDFF009840
:10BA4000403004F01DF80098443004F019F80098D4
:10BA5000483004F015F800984C3010F065FB009861
:10BA60000121416002B080BD80B582B00190019893
:10BA7000009000F009F80098582113F0A4FA02B0E1
:10BA800080BD00000000000080B584B002900298E4
:10BA90000190039045F69401C0F60401083101605D
:10BAA000FFF72EFC01988068013050B1FFE7019844
:10BAB00000F1100141F66C10C2F2004009F0C4FE22
:10BAC000FFE701984C3010F043FB019834300FF041
:10BAD000B7FF019828300FF0B3FF0198FFF748FC3B
:10BAE000039804B080BD000080B584B00290029835
:10BAF0000190007B20B9FFE702208DF80F000BE0DA
:10BB00000198002101710168896888470199012025
:10BB100008738DF80F00FFE79DF80F0004B080BD9B
:10BB200083B0019001980090007B20B9FFE70220CC
:10BB30008DF80B0008E000990220087103200873BB
:10BB400001208DF80B00FFE79DF80B0003B0704754
:10BB500083B0019001980090407920B9FFE702205E
:10BB60008DF80B0007E00099002008710120487152
:10BB70008DF80B00FFE79DF80B0003B07047000045
:10BB800083B0019001980090407920B9FFE702202E
:10BB90008DF80B0007E0009A01201071032151710C
:10BBA0008DF80B00FFE79DF80B0003B07047000015
:10BBB00081B00090022001B070470000000000003A
:10BBC00081B00090022001B070470000000000002A
:10BBD00081B00090009845F6B401C0F60401083128
:10BBE000016000210171417101B070470000000047
:10BBF00081B00090FEDE000081B00090009801B09E
:10BC0000704700000000000081B0009001B0704754
:10BC100080B58AB00890089802908068013020B9F9
:10BC2000FFE702208DF8270014E0029800F10801D8
:10BC3000059006A8019005AA12F01EFD019A41F692
:10BC4000FC01C2F2004103A809F04AFC01208DF872
:10BC50002700FFE79DF827000AB080BD0000000024
:10BC600081B00090022001B0704700000000000089
:10BC700081B0009001B0704780B584B00290029806
:10BC800001908068013020B9FFE702208DF80F0095
:10BC90000CE0019800F1080141F6FC00C2F20040FE
:10BCA00009F012FC01208DF80F00FFE79DF80F004E
:10BCB00004B080BD0000000081B0009000984FF0FB
:10BCC000FF31016001B0704781B00090009845F6E7
:10BCD000D801C0F6040108310160002101714FF064
:10BCE000FF3282600173016101B070470000000003
:10BCF00081B00090FEDE000080B582B00190019816
:10BD0000009045F6D801C0F6040108310160FFF744
:10BD1000B3FF009802B080BD80B58EB00C900B913F
:10BD20000C9803900B9820B9FFE702208DF837009C
:10BD300039E00B980068013020B9FFE702208DF848
:10BD4000370030E003990B980A900A980068C860A1
:10BD50000A98011D41F67C10C2F2004009F01CF95E
:10BD6000014603980968C1630990C06B0190099866
:10BD70000490049905A8029011F00AFD0198029917
:10BD8000FFF78AFD029811F00FFD0398C06B016860
:10BD9000096988470398FFF7F3F9039901200874AC
:10BDA0008DF83700FFE79DF837000EB080BD00002A
:10BDB00082B080B5ADF5067D899388928590849197
:10BDC0008598019088A88390849A83980290029B1A
:10BDD00003A800904FF40071D4F71CFC009A01985E
:10BDE000C06B45F68D71C0F60401FFF7F5FB01202D
:10BDF0000DF5067DBDE8804002B0704700000000F0
:10BE000080B582B0019001980090007C08B9FFE7EE
:10BE10000AE00099D1F840024968884204D9FFE756
:10BE2000009800F009F8FFE702B080BD00000000B4
:10BE300081B0009001B07047B0B58AB00890089802
:10BE40000690007C20B9FFE702208DF8270046E02D
:10BE5000069840300790079845F6AC51C0F60401AB
:10BE6000EEF772FD30B3FFE7DDF818C00120059052
:10BE70008CF8200007980CF124020CF128030CF137
:10BE80002C010CF1300E0CF134040CF13805EC46A9
:10BE9000CCF80C50CCF80840CCF804E0CCF80010FA
:10BEA00045F63651C0F60401D4F7D2FB05988DF85B
:10BEB000270014E0079845F69F51C0F60401EEF7FD
:10BEC00043FD40B1FFE70699002081F820000120E2
:10BED0008DF8270003E002208DF82700FFE79DF88A
:10BEE00027000AB0B0BD000080B582B00190019873
:10BEF0000090FFF791F900984FF0FF31416002B0D8
:10BF000080BD00000000000080B586B00490049859
:10BF100001900590FFF788F9019945F60010C0F6E9
:10BF20000400083008600020C86381F8400001F177
:10BF3000410001F5107102910390FFE70399029A05
:10BF4000002001F8010B084691420390F6D1FFE76B
:10BF500001990020C1F8400208208860059806B0C9
:10BF600080BD00000000000080B582B00190019803
:10BF7000009000F009F800984FF4117113F023F8C5
:10BF800002B080BD0000000080B582B00190019831
:10BF90000090FFF761F9009802B080BD000000003A
:10BFA00080B58AB0089008980290C0680130A8B1A6
:10BFB000FFE7029800F10C01059006A8019005AA80
:10BFC00012F04EFB019A41F63441C2F2004103A83F
:10BFD00009F0FAF901208DF8270003E002208DF81E
:10BFE0002700FFE79DF827000AB080BD0000000091
:10BFF00080B582B0019001980090FFF70DF900988C
:10C000004FF0FF31416002B080BD00000000000031
:10C0100087B006900698C0EB001040010590002004
:10C0200004904EF21800CEF20000016803910068FF
:10C0300002904EF21400CEF2000000680190FFE77B
:10C040004EF21800CEF200000068039003980299A7
:10C0500088421FD0FFE703980299884205D2FFE784
:10C0600002980399401A009006E001980399401A3B
:10C07000029908440090FFE700990498084404904E
:10C080000398029004980599884202D3FFE707B00D
:10C090007047FFE7D4E7000080B582B001900198B7
:10C0A0000090FFF7C1F8009845F62411C0F604018E
:10C0B000083101604FF0FF3141618161002141632E
:10C0C0000163C162816241620162C16104218160D8
:10C0D00002B080BD0000000081B00090FEDE0000D4
:10C0E00080B582B001900198009045F62411C0F609
:10C0F000040108310160FFF76FF80098FFF7ACF812
:10C10000009802B080BD000084B003908DF80B1041
:10C110000192FFE70198411E019188B1FFE79DF868
:10C120000B0003994A1C039209784840009000993B
:10C1300045F2E030C0F60400405C8DF80B00E9E702
:10C140009DF80B0004B0704784B00390ADF80A105E
:10C150000192FFE70198411E0191A8B1FFE79DF808
:10C160000A0003994A1C03920978484000909DF800
:10C170000B00009A45F25E11C0F6040131F812106E
:10C180004840ADF80A00E5E7BDF80A0004B0704782
:10C1900083B002900298009081690020019041B123
:10C1A000FFE700988069B0F1FF3018BF01200190CF
:10C1B000FFE7019800F0010003B0704700000000A5
:10C1C00082B0019000910198B0F90C000099B1F98A
:10C1D0000010401AB0FA80F0400902B07047000029
:10C1E00082B0019000910198B0F90C100098B0F95C
:10C1F000002000209142C8BF012002B0704700001B
:10C2000082B0019000910198B0F90C100098B0F93B
:10C21000002000209142B8BF012002B0704700000A
:10C2200081B0009000980C3001B070470000000011
:10C2300081B000900098406801B070470000000095
:10C2400081B000900098006801B0704700000000C5
:10C2500081B00090009908684968484301B0704770
:10C2600080B588B0029007900691059206980390D9
:10C27000006805990968884207D1FFE7039840687C
:10C2800005994968884206D0FFE7029800221146C6
:10C29000FCF712FB26E00298039A00218DF8131098
:10C2A00011685268FDF734FC03980C300190059832
:10C2B000FFF7B6FF014602980091FDF7E9FB0099F0
:10C2C0000246019814F088F88DF8120001208DF8CC
:10C2D00013009DF8130020B9FFE70298FDF758FC02
:10C2E000FFE7FFE708B080BD80B588B002900790F7
:10C2F000069105920698039040680599096888425E
:10C3000006D0FFE7029800221146FCF7D5FA26E096
:10C310000298039A00218DF8131052F80C1B019219
:10C32000059A5268FDF7F4FB0598FFF779FF01467F
:10C3300002980091FDF7ACFB00990246019813F0BA
:10C34000C3FF8DF8120001208DF813009DF8130033
:10C3500020B9FFE70298FDF71BFCFFE7FFE708B0F5
:10C3600080BD00000000000080B588B002900790FA
:10C37000069105920698039000680599096888421D
:10C3800007D1FFE70398406805994968884206D0BD
:10C39000FFE7029800221146FCF78EFA26E0029889
:10C3A000039A00218DF8131011685268FDF7B0FB55
:10C3B00003980C3001900598FFF732FF0146029870
:10C3C0000091FDF765FB00990246019813F058FCB7
:10C3D0008DF8120001208DF813009DF8130020B98C
:10C3E000FFE70298FDF7D4FBFFE7FFE708B080BD49
:10C3F00081B0009000990868496800EB810001B0A5
:10C40000704700000000000081B000900098406874
:10C4100001B070470000000081B0009000980068F3
:10C4200001B070470000000081B0009000990868DA
:10C430004968084401B0704781B0009000980068D6
:10C4400001B070470000000080B584B003900291F5
:10C4500001920398836802990968019A12689847C3
:10C4600004B080BD0000000080B584B0039002914C
:10C470000192039883680299019A1268984704B060
:10C4800080BD00000000000082B001900091009883
:10C4900002B070470000000082B001900091009847
:10C4A00002B070470000000080B582B00190019892
:10C4B00004F096FE08F044F902B080BD00000000D0
:10C4C00080B582B001900198083000F021FE02B0E2
:10C4D00080BD00000000000080B582B0019001988E
:10C4E000FFF7EEFF0068B0FA80F0400902B080BDAF
:10C4F00080B582B00190019804F0A6FE08F028F9FA
:10C5000002B080BD0000000080B582B001900198AB
:10C51000083000F005FE02B080BD00000000000001
:10C5200080B582B001900198FFF7EEFF0068B0FA85
:10C5300080F0400902B080BD80B582B001900198C2
:10C5400000F0B6FD006802B080BD000000000000F1
:10C5500080B582B001900091019800F0A9FD0068BB
:10C56000009900EB810002B080BD000000000000D7
:10C5700080B582B00190019800F0FAFC006802B02A
:10C5800080BD00000000000080B582B001900198DD
:10C5900000F0EEFC006802B080BD0000000000006A
:10C5A00080B582B00190019800F0EAFC006802B00A
:10C5B00080BD00000000000080B582B001900198AD
:10C5C00000F0DEFC006802B080BD0000000000004A
:10C5D00080B582B00190019800F0DAFC006802B0EA
:10C5E00080BD00000000000080B582B0019001987D
:10C5F00000F0CEFC006802B080BD0000000000002A
:10C6000080B582B00190019800F0CAFC006802B0C9
:10C6100080BD00000000000080B582B0019001984C
:10C6200000F0BEFC006802B080BD00000000000009
:10C6300080B582B00190019800F0BAFC006802B0A9
:10C6400080BD00000000000080B582B0019001981C
:10C6500000F0AEFC006802B080BD000000000000E9
:10C6600080B582B00190019800F0AAFC006802B089
:10C6700080BD00000000000080B582B001900198EC
:10C6800000F09EFC006802B080BD000000000000C9
:10C6900080B582B00190019800F09AFC006802B069
:10C6A00080BD00000000000080B582B001900198BC
:10C6B00000F08EFC006802B080BD000000000000A9
:10C6C00080B582B00190019800F08AFC006802B049
:10C6D00080BD00000000000080B582B0019001988C
:10C6E00000F07EFC006802B080BD00000000000089
:10C6F00080B582B00190019800F07AFC006802B029
:10C7000080BD00000000000080B582B0019001985B
:10C7100000F06EFC006802B080BD00000000000068
:10C7200080B582B00190019800F06AFC006802B008
:10C7300080BD00000000000080B582B0019001982B
:10C7400000F05EFC006802B080BD00000000000048
:10C7500080B582B00190019800F05AFC006802B0E8
:10C7600080BD00000000000080B582B001900198FB
:10C7700000F04EFC006802B080BD00000000000028
:10C7800080B584B0DDF818C003910292019302993C
:10C79000019A069B06F058FC04B080BD0000000022
:10C7A00080B584B0DDF818C003910292019302991C
:10C7B000019A069B06F064FC04B080BD00000000F6
:10C7C00080B584B0DDF818C00391029201930299FC
:10C7D000019A069B06F070FC04B080BD00000000CA
:10C7E00080B584B0DDF818C00391029201930299DC
:10C7F000019A069B06F07CFC04B080BD000000009E
:10C8000080B584B0DDF818C00391029201930299BB
:10C81000019A069B06F088FC04B080BD0000000071
:10C8200081B000900098006801B0704700000000DF
:10C8300081B000900098006801B0704700000000CF
:10C8400080B582B001900198006803F0F5F902B05C
:10C8500080BD00000000000081B0009000980068DA
:10C8600001B070470000000081B00090009800689F
:10C8700001B070470000000081B00090009800688F
:10C8800001B070470000000081B00090009800687F
:10C8900001B070470000000081B00090009800686F
:10C8A00001B070470000000081B00090009800685F
:10C8B00001B070470000000080B584B00290019183
:10C8C000029800680390019903A803F011F90398F6
:10C8D00004B080BD0000000080B582B001900198D6
:10C8E00010F0D2FC02B080BD80B582B001900198FA
:10C8F00010F0D2FC02B080BD80B582B001900198EA
:10C9000010F0D2FC02B080BD80B582B001900198D9
:10C9100010F0D2FC02B080BD80B582B001900198C9
:10C9200010F0D2FC02B080BD80B582B001900198B9
:10C9300010F0D2FC02B080BD80B582B001900198A9
:10C9400010F0D2FC02B080BD80B582B00190019899
:10C9500010F0D2FC02B080BD80B582B00190019889
:10C9600010F0D2FC02B080BD80B582B00190019879
:10C9700010F0D2FC02B080BD80B582B00190019869
:10C9800010F0D2FC02B080BD80B582B00190019859
:10C9900000F04AF903F094F902B080BD00000000F5
:10C9A00080B582B00190019800F03EF903F088F95B
:10C9B00004F07EFA02B080BD80B582B0019001988B
:10C9C00000F052F903F084F902B080BD00000000CD
:10C9D00080B582B00190019800F07AF903F088F9EF
:10C9E00002B080BD0000000080B582B001900198C7
:10C9F00000F06EF903F07CF904F062FA02B080BD39
:10CA000080B582B00190019800F082F903F080F9BE
:10CA100002B080BD0000000080B582B00190019896
:10CA200000F076F903F074F904F052FA02B080BD18
:10CA300080B582B00190019800F08AF903F070F996
:10CA400002B080BD0000000080B582B00190019866
:10CA500000F09EF903F06CF904F042FA02B080BDD8
:10CA600080B582B00190019800F0B2F903F068F946
:10CA700002B080BD0000000080B582B00190019836
:10CA800000F0DAF903F06CF904F032FA02B080BD7C
:10CA900080B582B001900198009000F009F80099EB
:10CAA00000680968401A001102B080BD0000000053
:10CAB00080B582B0019001980C3000F041FA02B0CC
:10CAC00080BD00000000000080B582B00190019898
:10CAD000009000F00DF8009900680968401A801075
:10CAE0004AF6AB21CAF6AA21484302B080BD000035
:10CAF00080B582B0019001980C3000F0A1FA02B02C
:10CB000080BD00000000000080B582B00190019857
:10CB1000009000F009F8009900680968401A0011B7
:10CB200002B080BD0000000080B582B00190019885
:10CB30000C3000F09DFA02B080BD00000000000043
:10CB400080B582B001900198009000F009F800993A
:10CB500000680968401A001102B080BD00000000A2
:10CB600080B582B0019001980C3000F099FA02B0C3
:10CB700080BD00000000000080B582B001900198E7
:10CB8000009000F009F8009900680968401A02B0A6
:10CB900080BD00000000000080B582B001900198C7
:10CBA0000C3000F0ADFA02B080BD000000000000C3
:10CBB00080B584B0039002910298019020B1FFE704
:10CBC000019812F0FAF9FFE704B080BD0000000000
:10CBD00080B582B001900198006804F009FB02F072
:10CBE000D7FE02B080BD000080B582B001900198F0
:10CBF000006804F031FB02F0F3FE02B080BD0000DB
:10CC000081B000900098006801B0704700000000FB
:10CC100080B582B001900198FFF7F2FF103002B0AA
:10CC200080BD00000000000080B582B00190019836
:10CC3000FFF7E6FF103004F0E3F802B080BD00001B
:10CC400081B000900098006801B0704700000000BB
:10CC500080B582B001900198FFF7F2FF103002B06A
:10CC600080BD00000000000080B582B001900198F6
:10CC7000FFF7E6FF103004F0CBF802B080BD0000F3
:10CC800081B000900098006801B07047000000007B
:10CC900080B582B001900198FFF7F2FF103002B02A
:10CCA00080BD00000000000081B000900098006886
:10CCB00001B070470000000080B582B0019001987B
:10CCC000FFF7F2FF103002B080BD0000000000004E
:10CCD00080B582B001900198FFF7E6FF103004F0B4
:10CCE0009FF802B080BD000081B0009000980068FD
:10CCF00001B070470000000080B582B0019001983B
:10CD0000FFF7F2FF103002B080BD0000000000000D
:10CD100080B582B001900198FFF7E6FF103004F073
:10CD200087F802B080BD000081B0009000980068D4
:10CD300001B070470000000080B582B001900198FA
:10CD4000FFF7F2FF103002B080BD000000000000CD
:10CD500080B582B001900198FFF7E6FF103004F033
:10CD60006FF802B080BD000081B0009000980068AC
:10CD700001B070470000000080B582B001900198BA
:10CD8000FFF7F2FF103002B080BD0000000000008D
:10CD900080B582B001900198FFF7E6FF103004F0F3
:10CDA00057F802B080BD000081B000900098006884
:10CDB00001B070470000000080B582B0019001987A
:10CDC000FFF7F2FF103002B080BD0000000000004D
:10CDD00080B582B001900198FFF7E6FF103004F0B3
:10CDE0003FF802B080BD000081B00090009800685C
:10CDF00001B070470000000080B582B0019001983A
:10CE0000FFF7F2FF103002B080BD0000000000000C
:10CE100081B000900098006801B0704700000000E9
:10CE200080B582B001900198FFF7F2FF103002B098
:10CE300080BD00000000000080B582B00190019824
:10CE4000FFF7E6FF103004F013F802B080BD0000D9
:10CE500081B000900098806801B070470000000029
:10CE600080B582B00190019800F0F2FB02B080BD65
:10CE700080B582B00190019800F0EAFB02B080BD5D
:10CE800080B582B00190019800F0E2FB02B080BD55
:10CE900080B582B00190019800F0DAFB02B080BD4D
:10CEA00080B582B00190019800F0D2FB02B080BD45
:10CEB00080B582B00190019800F0CAFB02B080BD3D
:10CEC00080B582B00190019800F0C2FB02B080BD35
:10CED00080B582B00190019800F0BAFB02B080BD2D
:10CEE00080B582B00190019800F0B2FB02B080BD25
:10CEF00080B582B00190019800F0AAFB02B080BD1D
:10CF000080B582B00190019800F0A2FB02B080BD14
:10CF100080B582B00190019800F0DAFB02B080BDCC
:10CF200080B582B00190019800F0DAFB02B080BDBC
:10CF300080B582B00190019800F092FB02B080BDF4
:10CF400080B582B00190019800F0CAFB02B080BDAC
:10CF500080B582B00190019800F0CAFB02B080BD9C
:10CF600080B582B00190019800F082FB02B080BDD4
:10CF700080B582B00190019800F0C2FB02B080BD84
:10CF800080B582B00190019800F0C2FB02B080BD74
:10CF900080B582B00190019800F0C2FB02B080BD64
:10CFA00080B582B00190019800F0C2FB02B080BD54
:10CFB00080B582B00190019800F0C2FB02B080BD44
:10CFC00080B582B00190019800F0C2FB02B080BD34
:10CFD00080B582B00190019800F0C2FB02B080BD24
:10CFE00080B582B00190019800F0C2FB02B080BD14
:10CFF00080B582B00190019800F0C2FB02B080BD04
:10D0000080B582B00190019800F0C2FB02B080BDF3
:10D0100080B582B00190019800F0C2FB02B080BDE3
:10D0200080B582B00190019800F0C2FB02B080BDD3
:10D0300080B582B00190019800F022FB02B080BD63
:10D0400080B582B00190019800F0B2FB02B080BDC3
:10D0500080B582B00190019800F0B2FB02B080BDB3
:10D0600080B582B00190019800F012FB02B080BD43
:10D0700080B582B00190019800F0A2FB02B080BDA3
:10D0800080B582B00190019800F0A2FB02B080BD93
:10D0900080B582B00190019800F002FB02B080BD23
:10D0A00080B582B00190019800F092FB02B080BD83
:10D0B00080B582B00190019800F092FB02B080BD73
:10D0C00080B582B00190019800F08AFB02B080BD6B
:10D0D00080B582B00190019800F0EAFA02B080BDFC
:10D0E00080B582B00190019800F082FB02B080BD53
:10D0F00080B582B00190019800F0E2FA02B080BDE4
:10D1000080B582B00190019800F072FB02B080BD42
:10D1100080B582B00190019800F072FB02B080BD32
:10D1200080B582B00190019800F06AFB02B080BD2A
:10D1300081B000900098806801B070470000000046
:10D1400081B000900098806801B070470000000036
:10D1500080B586B0059004910392059802900498DA
:10D1600001900398FFF7B8FB01990246029800F07E
:10D170004FFB06B080BD000080B584B003900291E3
:10D180000192039800900298FFF7A6FB01460098D1
:10D19000019A00F03DFB04B080BD000000000000DB
:10D1A00080B586B00590049103920598029004988A
:10D1B00001900398FFF798FB01990246029800F04E
:10D1C00037FB06B080BD000080B584B003900291AB
:10D1D0000192039800900298FFF786FB01460098A1
:10D1E000019A00F025FB04B080BD000000000000A3
:10D1F00080B586B00590049103920598029004983A
:10D2000001900398FFF778FB01990246029800F01D
:10D210001FFB06B080BD000080B584B00390029172
:10D220000192039800900298FFF766FB0146009870
:10D23000019A00F00DFB04B080BD0000000000006A
:10D2400080B586B0059004910392059802900498E9
:10D2500001900398FFF758FB01990246029800F0ED
:10D26000F7FA06B080BD000080B584B0039002914B
:10D270000192039800900298FFF746FB0146009840
:10D28000019A00F0E5FA04B080BD00000000000043
:10D2900080B586B005900491039205980290049899
:10D2A00001900398FFF738FB01990246029800F0BD
:10D2B000CFFA06B080BD000080B584B00390029123
:10D2C0000192039800900298FFF726FB0146009810
:10D2D000019A00F0BDFA04B080BD0000000000001B
:10D2E00080B586B005900491039205980290049849
:10D2F00001900398FFF718FB01990246029800F08D
:10D30000B7FA06B080BD000080B584B003900291EA
:10D310000192039800900298FFF706FB01460098DF
:10D32000019A00F0A5FA04B080BD000000000000E2
:10D3300080B586B0059004910392059802900498F8
:10D3400001900398FFF7F8FA01990246029800F05D
:10D350009FFA06B080BD000080B584B003900291B2
:10D360000192039800900298FFF7E6FA01460098B0
:10D37000019A00F08DFA04B080BD000000000000AA
:10D3800080B586B0059004910392059802900498A8
:10D3900001900398FFF7D8FA01990246029800F02D
:10D3A00087FA06B080BD000080B584B0039002917A
:10D3B0000192039800900298FFF7C6FA0146009880
:10D3C000019A00F075FA04B080BD00000000000072
:10D3D00080B586B005900491039205980290049858
:10D3E00001900398FFF7B8FA01990246029800F0FD
:10D3F0006FFA06B080BD000080B584B00390029142
:10D400000192039800900298FFF7A6FA014600984F
:10D41000019A00F05DFA04B080BD00000000000039
:10D4200080B586B005900491039205980290049807
:10D4300001900398FFF798FA01990246029800F0CC
:10D4400057FA06B080BD000080B584B00390029109
:10D450000192039800900298FFF786FA014600981F
:10D46000019A00F045FA04B080BD00000000000001
:10D4700080B586B0059004910392059802900498B7
:10D4800001900398FFF778FA01990246029800F09C
:10D490003FFA06B080BD000080B584B003900291D1
:10D4A0000192039800900298FFF766FA01460098EF
:10D4B000019A00F02DFA04B080BD000000000000C9
:10D4C00081B000900098006801B070470000000033
:10D4D00080B582B001900198FFF7F2FF103002B0E2
:10D4E00080BD00000000000081B00090009800683E
:10D4F00001B070470000000080B582B00190019833
:10D50000FFF7F2FF103002B080BD00000000000005
:10D5100081B000900098006801B0704700000000E2
:10D5200080B582B001900198FFF7F2FF103002B091
:10D5300080BD00000000000081B0009000980068ED
:10D5400001B070470000000080B582B001900198E2
:10D55000FFF7F2FF103002B080BD000000000000B5
:10D5600081B000900098006801B070470000000092
:10D5700080B582B001900198FFF7F2FF103002B041
:10D5800080BD00000000000081B00090009800689D
:10D5900001B070470000000080B582B00190019892
:10D5A000FFF7F2FF103002B080BD00000000000065
:10D5B00081B000900098006801B070470000000042
:10D5C00080B582B001900198FFF7F2FF103002B0F1
:10D5D00080BD00000000000081B00090009800684D
:10D5E00001B070470000000080B582B00190019842
:10D5F000FFF7F2FF103002B080BD00000000000015
:10D6000081B000900098006801B0704700000000F1
:10D6100080B582B001900198FFF7F2FF103002B0A0
:10D6200080BD00000000000081B0009000980068FC
:10D6300001B070470000000080B582B001900198F1
:10D64000FFF7F2FF103002B080BD000000000000C4
:10D6500081B00090009801B0704700000000000009
:10D6600081B00090009801B07047000000000000F9
:10D6700081B00090009801B07047000000000000E9
:10D6800081B00090009801B07047000000000000D9
:10D6900081B00090009801B07047000000000000C9
:10D6A00081B00090009801B07047000000000000B9
:10D6B00081B00090009801B07047000000000000A9
:10D6C00081B00090009801B0704700000000000099
:10D6D00081B00090009801B0704700000000000089
:10D6E00081B00090009801B0704700000000000079
:10D6F00081B00090009801B0704700000000000069
:10D7000081B00090009801B0704700000000000058
:10D7100081B00090009801B0704700000000000048
:10D7200081B00090009801B0704700000000000038
:10D7300081B00090009801B0704700000000000028
:10D7400081B00090009801B0704700000000000018
:10D7500081B00090009801B0704700000000000008
:10D7600081B00090009801B07047000000000000F8
:10D7700081B00090009801B07047000000000000E8
:10D7800081B00090009801B07047000000000000D8
:10D7900081B00090009801B07047000000000000C8
:10D7A00081B00090009801B07047000000000000B8
:10D7B00081B00090009801B07047000000000000A8
:10D7C00081B00090009801B0704700000000000098
:10D7D00081B00090009801B0704700000000000088
:10D7E00081B00090009801B0704700000000000078
:10D7F00081B00090009801B0704700000000000068
:10D8000081B00090009801B0704700000000000057
:10D8100083B002900191009201980168009802681B
:10D8200000209142B8BF012003B070470000000003
:10D8300083B00290019100920198016800980268FB
:10D8400000209142B8BF012003B0704700000000E3
:10D8500083B00290019100920198016800980268DB
:10D8600000209142B8BF012003B0704700000000C3
:10D8700083B00290019100920198016800980268BB
:10D8800000209142B8BF012003B0704700000000A3
:10D8900083B002900191009201980168009802689B
:10D8A00000209142B8BF012003B070470000000083
:10D8B00083B002900191009201980168009802687B
:10D8C0000020914238BF012003B0704700000000E3
:10D8D00083B002900191009201980168009802685B
:10D8E0000020914238BF012003B0704700000000C3
:10D8F00083B002900191009201980168009802683B
:10D900000020914238BF012003B0704700000000A2
:10D9100083B002900191009201980168009802681A
:10D920000020914238BF012003B070470000000082
:10D9300082B0019000910198009900EB810002B043
:10D94000704700000000000081B000904FF40070AC
:10D9500001B070470000000082B001900091019872
:10D96000009900EB410002B0704700000000000089
:10D9700083B0029001910092019890ED000A009806
:10D9800090ED001A0020B4EE410AF1EE10FAB8BF93
:10D99000012003B07047000083B002900191009213
:10D9A00001980168009802680020914238BF012068
:10D9B00003B070470000000080B582B0019001986C
:10D9C0000430FFF74DFA03F05BFA02B080BD0000AF
:10D9D00080B582B001900198FFF7EEFF02B080BDE4
:10D9E00080B582B001900198FFF7E6FF006802B0B1
:10D9F00080BD00000000000080B582B00190019859
:10DA00000430FFF735FA03F03BFA02B080BD0000A6
:10DA100080B582B001900198FFF7EEFF02B080BDA3
:10DA200080B582B001900198FFF7E6FF006802B070
:10DA300080BD00000000000080B582B00190019818
:10DA40000430FFF71DFA03F01BFA02B080BD00009E
:10DA500080B582B001900198FFF7EEFF02B080BD63
:10DA600080B582B001900198FFF7E6FF006802B030
:10DA700080BD00000000000080B582B001900198D8
:10DA80000430FFF705FA03F0FBF902B080BD000097
:10DA900080B582B001900198FFF7EEFF02B080BD23
:10DAA00080B582B001900198FFF7E6FF006802B0F0
:10DAB00080BD00000000000080B582B00190019898
:10DAC0000430FFF7EDF903F0DBF902B080BD000090
:10DAD00080B582B001900198FFF7EEFF02B080BDE3
:10DAE00080B582B001900198FFF7E6FF006802B0B0
:10DAF00080BD00000000000080B582B00190019858
:10DB00000430FFF7D5F903F0BBF902B080BD000087
:10DB100080B582B001900198FFF7EEFF02B080BDA2
:10DB200080B582B001900198FFF7E6FF006802B06F
:10DB300080BD00000000000080B582B00190019817
:10DB40000430FFF7BDF903F09BF902B080BD00007F
:10DB500080B582B001900198FFF7EEFF02B080BD62
:10DB600080B582B001900198FFF7E6FF006802B02F
:10DB700080BD00000000000080B582B001900198D7
:10DB80000430FFF7A5F903F07BF902B080BD000077
:10DB900080B582B001900198FFF7EEFF02B080BD22
:10DBA00080B582B001900198FFF7E6FF006802B0EF
:10DBB00080BD00000000000080B582B00190019897
:10DBC0000430FFF78DF903F05BF902B080BD00006F
:10DBD00080B582B001900198FFF7EEFF02B080BDE2
:10DBE00080B582B001900198FFF7E6FF006802B0AF
:10DBF00080BD00000000000080B582B00190019857
:10DC00000430FFF775F903F03BF902B080BD000066
:10DC100080B582B001900198FFF7EEFF02B080BDA1
:10DC200080B582B001900198FFF7E6FF006802B06E
:10DC300080BD00000000000080B582B00190019816
:10DC40000430FFF75DF903F01BF902B080BD00005E
:10DC500080B582B001900198FFF7EEFF02B080BD61
:10DC600080B582B001900198FFF7E6FF006802B02E
:10DC700080BD00000000000081B0009001B070473E
:10DC800080B582B001900198009000F009F80099E9
:10DC900000680968401A401002B080BD0000000012
:10DCA00080B582B0019001980830FFF731F902B0D9
:10DCB00080BD00000000000080B588B0069005918E
:10DCC0000698019000F068F804900598049988423D
:10DCD00003D9FFE7019800F02FF8019800F04CF805
:10DCE000039003980499B0EB510F03D3FFE7049816
:10DCF000079009E003984000029002A805A907F0E8
:10DD000007FE00680790FFE7079808B080BD000095
:10DD100082B00190009102B0704700000000000046
:10DD200081B0009001B0704782B00190009102B0C4
:10DD3000704700000000000082B0019045F6C92045
:10DD4000C0F6040005F0C0FA81B0009000980168A8
:10DD50004068401A001101B0704700000000000048
:10DD600080B582B0019001980830FFF7E1F802B069
:10DD700080BD00000000000080B582B001900198D5
:10DD8000009000F01DF8009900680968401A001121
:10DD900002B080BD0000000080B584B003900398FD
:10DDA000FFF7DEFF03F084FB029003F019F8019007
:10DDB00002A801A907F0F4FD006804B080BD0000CE
:10DDC00080B582B0019001980830FFF7A9F802B041
:10DDD00080BD00000000000082B00190009102B000
:10DDE000704700000000000081B0009001B0704753
:10DDF00082B00190009102B0704700000000000066
:10DE000082B0019045F6C920C0F6040005F05CFA26
:10DE100081B00090009801684068401AC0104CF62C
:10DE2000CD41CCF6CC41484301B070470000000022
:10DE300080B582B0019001980830FFF791F802B0E8
:10DE400080BD00000000000080B582B00190019804
:10DE5000009000F021F8009900680968401AC0108D
:10DE60004CF6CD41CCF6CC41484302B080BD000019
:10DE700080B584B003900398FFF7DAFF03F044FB0A
:10DE8000029002F0ADFF019002A801A907F088FD01
:10DE9000006804B080BD000080B582B00190019898
:10DEA0000830FFF755F802B080BD00000000000008
:10DEB00080B588B0069005910698019000F070F842
:10DEC000049005980499884203D9FFE7019800F06F
:10DED0002FF8019800F050F8039003980499B0EBE4
:10DEE000510F03D3FFE70498079009E0039840001F
:10DEF000029002A805A907F00BFD00680790FFE754
:10DF0000079808B080BD000082B00190009102B077
:10DF1000704700000000000081B0009001B0704721
:10DF200082B00190009102B0704700000000000034
:10DF300082B0019045F6C920C0F6040005F0C4F98E
:10DF400081B00090009801684068401A80104AF63D
:10DF5000AB21CAF6AA21484301B070470000000077
:10DF600080B582B0019001980830FFF761F802B0E7
:10DF700080BD00000000000080B582B001900198D3
:10DF8000009000F021F8009900680968401A80109C
:10DF90004AF6AB21CAF6AA21484302B080BD000070
:10DFA00080B584B003900398FFF7DAFF03F0C8FD53
:10DFB000029002F015FF019002A801A907F0F0FC01
:10DFC000006804B080BD000080B582B00190019867
:10DFD0000830FFF725F802B080BD00000000000007
:10DFE00080B588B0069005910698019000F068F819
:10DFF000049005980499884203D9FFE7019800F03E
:10E000002FF8019800F04CF8039003980499B0EBB6
:10E01000510F03D3FFE70498079009E003984000ED
:10E02000029002A805A907F073FC00680790FFE7BB
:10E03000079808B080BD000082B00190009102B046
:10E04000704700000000000081B0009001B07047F0
:10E0500082B00190009102B0704700000000000003
:10E0600082B0019045F6C920C0F6040005F02CF9F5
:10E0700081B00090009801684068401A001101B01A
:10E08000704700000000000080B582B00190019848
:10E090000830FEF7E5FF02B080BD00000000000080
:10E0A00080B582B001900198009000F01DF80099B1
:10E0B00000680968401A001102B080BD000000002D
:10E0C00080B584B003900398FFF7DEFF03F064FD92
:10E0D000029002F085FE019002A801A907F060FC01
:10E0E000006804B080BD000080B582B00190019846
:10E0F0000830FEF7ADFF02B080BD00000000000058
:10E1000080B588B0069005910698019000F068F8F7
:10E11000049005980499884203D9FFE7019800F01C
:10E120002FF8019800F04CF8039003980499B0EB95
:10E13000510F03D3FFE70498079009E003984000CC
:10E14000029002A805A907F0E3FB00680790FFE72B
:10E15000079808B080BD000082B00190009102B025
:10E16000704700000000000081B0009001B07047CF
:10E1700082B00190009102B07047000000000000E2
:10E1800082B0019045F6C920C0F6040005F09CF865
:10E1900081B00090009801684068401A001101B0F9
:10E1A000704700000000000080B582B00190019827
:10E1B0000830FEF76DFF02B080BD000000000000D7
:10E1C00080B582B001900198009000F01DF8009990
:10E1D00000680968401A001102B080BD000000000C
:10E1E00080B584B003900398FFF7DEFF03F00CFDC9
:10E1F000029002F0F5FD019002A801A907F0D0FB02
:10E20000006804B080BD000080B582B00190019824
:10E210000830FEF735FF02B080BD000000000000AE
:10E2200080B588B0069005910698019000F074F8CA
:10E23000049005980499884203D9FFE7019800F0FB
:10E240002FF8019800F058F8039003980499B0EB68
:10E25000510F03D3FFE70498079009E003984000AB
:10E26000029002A805A907F053FB00680790FFE79A
:10E27000079808B080BD000082B00190009102B004
:10E28000704700000000000081B0009001B07047AE
:10E2900082B00190009102B07047000000000000C1
:10E2A00082B0019045F6C920C0F6040005F00CF8D4
:10E2B00081B00090009801684068401A801001B059
:10E2C000704700000000000081B0009000990868CD
:10E2D0004968401AB0FA80F0400901B07047000068
:10E2E00080B582B0019001980830FEF7F1FE02B0CF
:10E2F00080BD00000000000080B582B00190019850
:10E30000009000F01DF8009900680968401A80101C
:10E3100002B080BD0000000080B584B00390039877
:10E32000FFF7DEFF03F0A8FC029002F059FD019018
:10E3300002A801A907F034FB006804B080BD00000A
:10E3400080B582B0019001980830FEF7B9FE02B0A6
:10E3500080BD00000000000082B001900091019893
:10E360000068009900EB810002B0704700000000D7
:10E3700080B588B0069005910698019000F064F889
:10E38000049005980499884203D9FFE7019800F0AA
:10E390002FF8019800F048F8039003980499B0EB27
:10E3A000510F03D3FFE70498079009E0039840005A
:10E3B000029002A805A907F0ABFA00680790FFE7F2
:10E3C000079808B080BD000082B00190009102B0B3
:10E3D000704700000000000081B0009001B070475D
:10E3E00082B00190009102B0704700000000000070
:10E3F00082B0019045F6C920C0F6040004F064FF25
:10E4000081B00090009801684068401A01B07047E0
:10E4100080B582B0019001980830FEF769FE02B025
:10E4200080BD00000000000080B582B0019001981E
:10E43000009000F01DF8009900680968401A02B0C9
:10E4400080BD00000000000080B584B003900398F8
:10E45000FFF7DEFF03F040FC029002F0C1FC0190E8
:10E4600002A801A907F09CFA006804B080BD000072
:10E4700080B582B0019001980830FEF731FE02B0FD
:10E4800080BD00000000000080B584B003900291C0
:10E490000192039802A901AAFDF7D6FF04B080BD3E
:10E4A00080B584B00390029101920398029901AA69
:10E4B000FDF7DAFF04B080BD81B000906FF07040CE
:10E4C00001B070470000000081B0009046F2666025
:10E4D000C0F2666001B0704781B0009045F25550BF
:10E4E000C1F2555001B0704781B0009045F25550CF
:10E4F000C1F2555001B0704781B000904AF6AA2091
:10E50000C0F6AA2001B0704781B000904AF6AA2058
:10E51000C0F6AA2001B0704781B000904AF6AA2048
:10E52000C0F6AA2001B0704781B000904AF6AA2038
:10E53000C0F6AA2001B0704781B000904AF6AA2028
:10E54000C0F6AA2001B0704781B000904AF6AA2018
:10E55000C0F6AA2001B0704781B000904AF6AA2008
:10E56000C0F6AA2001B0704781B000904AF6AA20F8
:10E57000C0F6AA2001B0704781B000904AF6AA20E8
:10E58000C0F6AA2001B0704781B000904AF6AA20D8
:10E59000C0F6AA2001B0704781B000904AF6AA20C8
:10E5A000C0F6AA2001B0704781B0009045F25550E6
:10E5B000C1F2555001B0704781B000906FF07040CB
:10E5C00001B070470000000081B000906FF0704013
:10E5D00001B070470000000081B000906FF0404033
:10E5E00001B070470000000081B000904FF0FF3094
:10E5F00001B070470000000080B584B00390029124
:10E6000002A803A910F0B8F904B080BD0000000012
:10E6100083B00190009100980199401A801003B0D6
:10E62000704700000000000083B001900091009846
:10E630000199401A03B0704783B00190009100988F
:10E640000199401A001103B070470000000000005B
:10E6500083B00190009100980199401A801003B096
:10E66000704700000000000083B001900091009806
:10E670000199401A03B0704781B00090012001B0A9
:10E68000704700000000000081B00090012001B040
:10E69000704700000000000081B00090012001B030
:10E6A000704700000000000081B00090012001B020
:10E6B000704700000000000081B00090012001B010
:10E6C000704700000000000080B584B00290019106
:10E6D00002980390019A11685268426001600199A2
:10E6E000896881600199C968C160C068406858B193
:10E6F000FFE700F0A5FA0199C860684600F090F9BC
:10E70000019900988860FFE7039804B080BD00007D
:10E7100080B584B002900191029800900390019A14
:10E7200011685268426001600199896881600199AD
:10E73000C968C160C068006848B1FFE70098C06858
:10E74000016801980068884700990860FFE703980E
:10E7500004B080BD0000000080B586B00490039135
:10E76000049801900590083000F05AF900F068FA1A
:10E770000199C8600398FFF77FFF78B1FFE700F0C9
:10E780003BF9019902900298886000F089FA0146ED
:10E790000198C160039900F0DBF9FFE7059806B026
:10E7A00080BD00000000000080B584B00290029897
:10E7B00001900390C068406830B1FFE70199086894
:10E7C000C96849688847FFE7039804B080BD000026
:10E7D00080B584B00290019102980390019A11686B
:10E7E0005268426001600199896881600199C96835
:10E7F000C160C068406858B1FFE700F021FA019994
:10E80000C860684600F098F9019900988860FFE7B1
:10E81000039804B080BD000080B584B002900191DF
:10E82000029800900390019A11685268426001605A
:10E830000199896881600199C968C160C0680068F0
:10E8400048B1FFE70098C0680168019800688847F0
:10E8500000990860FFE7039804B080BD0000000045
:10E8600080B586B00490039104980190059008301B
:10E8700000F062F900F0E4F90199C8600398FFF72D
:10E8800003FF78B1FFE700F01FF9019902900298A9
:10E89000886000F00DFA01460198C160039900F00C
:10E8A0006FF9FFE7059806B080BD0000000000008A
:10E8B00080B586B0049003910498019005900830CB
:10E8C00000F03AF900F0BCF90199C8600398FFF72D
:10E8D000E3FE78B1FFE700F003F901990290029896
:10E8E000886000F0EDF901460198C160039900F0DD
:10E8F0005FF9FFE7059806B080BD0000000000004A
:10E9000080B586B00490039104980190059008307A
:10E9100000F012F900F094F90199C8600398FFF72C
:10E92000C3FE78B1FFE700F0E7F801990290029882
:10E93000886000F0CDF901460198C160039900F0AC
:10E940004FF9FFE7059806B080BD00000000000009
:10E9500080B586B00490039104980190059008302A
:10E9600000F0EAF800F06CF90199C8600398FFF72D
:10E97000A3FE78B1FFE700F0CBF80199029002986E
:10E98000886000F0ADF901460198C160039900F07C
:10E990003FF9FFE7059806B080BD000000000000C9
:10E9A00080B584B00290029801900390C0684068DE
:10E9B00030B1FFE701990868C96849688847FFE7EF
:10E9C000039804B080BD000080B584B0039002912C
:10E9D000019203980090009802A901AA00F0C4F8DF
:10E9E00004B080BD0000000084B003900291019249
:10E9F00005F09EFE0000000080B582B04EF6C91101
:10EA0000C0F6020101A800F003F8019802B080BD31
:10EA100082B00190009101980099016002B07047A6
:10EA200081B0009000984EF6E911C0F60201016035
:10EA300001B070470000000080B584B003900291DF
:10EA40000192039800900098029901AA00F0A4F89E
:10EA500004B080BD0000000080B584B00390029136
:10EA60000192039800900098029901AA00F0ACF876
:10EA700004B080BD0000000080B584B00390029116
:10EA80000192039800900098029901AA00F0B4F84E
:10EA900004B080BD0000000080B584B003900291F6
:10EAA0000192039800900098029901AA00F0BCF826
:10EAB00004B080BD0000000084B003900291019278
:10EAC00005F036FE0000000080B582B04EF6392118
:10EAD000C0F6020101A800F027F8019802B080BD3D
:10EAE00080B582B04EF65921C0F6020101A800F0AF
:10EAF0001BF8019802B080BD80B582B04EF6792136
:10EB0000C0F6020101A800F00FF8019802B080BD24
:10EB100080B582B04EF69921C0F6020101A800F03E
:10EB200003F8019802B080BD82B001900091019875
:10EB30000099016002B0704781B0009000984EF6D5
:10EB4000B921C0F60201016001B070470000000069
:10EB500082B001900091019800990968016002B0AB
:10EB6000704700000000000080B584B0039002915F
:10EB7000019203980299019A05F0C6FE04B080BD87
:10EB800082B001900091019800990968016002B07B
:10EB9000704700000000000080B584B0039002912F
:10EBA000019203980299019A05F0BAFE04B080BD63
:10EBB00082B001900091019800990968016002B04B
:10EBC000704700000000000080B584B003900291FF
:10EBD000019203980299019A05F0AEFE04B080BD3F
:10EBE00082B001900091019800990968016002B01B
:10EBF000704700000000000080B584B003900291CF
:10EC0000019203980299019A05F0A2FE04B080BD1A
:10EC100082B001900091019800990968016002B0EA
:10EC2000704700000000000080B584B0039002919E
:10EC3000019203980299019A05F096FE04B080BDF6
:10EC400045F64810C0F604007047000000000000C0
:10EC500081B045F65810C0F6040001B070470000BE
:10EC600081B045F66810C0F6040001B0704700009E
:10EC700081B045F67810C0F6040001B0704700007E
:10EC800081B045F68810C0F6040001B0704700005E
:10EC900081B045F69810C0F6040001B0704700003E
:10ECA00080B582B0FFF7D4FF02B080BD0000000045
:10ECB00080B582B0FFF7D4FF02B080BD0000000035
:10ECC00080B582B0FFF7D4FF02B080BD0000000025
:10ECD00080B582B0FFF7D4FF02B080BD0000000015
:10ECE00080B582B0FFF7D4FF02B080BD0000000005
:10ECF00080B582B001900198083003F0D5FE02B0D3
:10ED000080BD00000000000080B58CB00B900A911F
:10ED1000099208930B98FFF7EBFF079004A8019066
:10ED2000012103F031FF0198FEF702FA0AA909AAAE
:10ED300001F0AAFA019807990091FEF7F9F900F09D
:10ED400027FE01460098089A02F01EFC019803F085
:10ED5000FFFE01460198029103F026FF02980CB0D5
:10ED600080BD00000000000080B584B003900291D7
:10ED70000398FFF7BDFF019001980090029800F002
:10ED800007FE0146009802F0DFFB029800F0E0FE6B
:10ED900001980299012202F0CBFB04B080BD000073
:10EDA00082B001900091009840680199096848601C
:10EDB0000198006800994968086002B07047000037
:10EDC00080B582B000900098FDF76EFB014601A867
:10EDD00002F096F8019802B080BD0000000000002B
:10EDE00080B582B001900198083003F055FE02B062
:10EDF00080BD00000000000080B582B00090009847
:10EE0000416801A802F07CF8019802B080BD0000C2
:10EE100080B586B0059005980190FDF75DFB28BB95
:10EE2000FFE7019841680491FDF73EFB03900498C9
:10EE300003990968FFF7B4FF0198FFF7D1FF014676
:10EE400000200860FFE70498039988420DD0FFE78F
:10EE5000049802F0CDF9014601980291049949689D
:10EE600004910299FFF780FFEDE7FFE706B080BD50
:10EE700080B584B003900398009002F0CDF900981B
:10EE800008300021029102A90DF1070203F014FEDF
:10EE9000009804B080BD000080B582B00190019858
:10EEA0000090FFF7B5FF009802B080BD00000000A1
:10EEB00080B582B001900198083003F015FE02B0D1
:10EEC00080BD00000000000080B58CB00B900A915E
:10EED000099208930B98FFF7EBFF079004A80190A5
:10EEE000012103F089FE0198FEF72AF90AA909AA6F
:10EEF00001F0DEF9019807990091FEF721F900F081
:10EF00006FFD01460098089A02F076FB019803F025
:10EF100057FE01460198029103F07EFE02980CB064
:10EF200080BD00000000000080B584B00390029115
:10EF30000398FFF7BDFF019001980090029800F040
:10EF40004FFD0146009802F037FB029800F008FEE2
:10EF500001980299012202F023FB04B080BD000059
:10EF600082B001900091009840680199096848605A
:10EF70000198006800994968086002B07047000075
:10EF800080B582B000900098FDF7B2FA014601A862
:10EF900001F0C6FF019802B080BD00000000000033
:10EFA00080B582B001900198083003F095FD02B061
:10EFB00080BD00000000000080B582B00090009885
:10EFC000416801A801F0ACFF019802B080BD0000CB
:10EFD00080B586B0059005980190FDF7A1FA28BB91
:10EFE000FFE7019841680491FDF782FA03900498C5
:10EFF00003990968FFF7B4FF0198FFF7D1FF0146B5
:10F0000000200860FFE70498039988420DD0FFE7CD
:10F01000049802F021F90146019802910499496887
:10F0200004910299FFF780FFEDE7FFE706B080BD8E
:10F0300080B584B003900398009002F021F9009805
:10F0400008300021029102A90DF1070203F054FDDE
:10F05000009804B080BD000080B582B00190019896
:10F060000090FFF7B5FF009802B080BD00000000DF
:10F0700081B00090FFE70098006820B1FFE700989A
:10F0800000680090F7E7009801B0704700000000AA
:10F0900080B582B00190019803F0BAFA02B080BD49
:10F0A00080B584B0039002910398009003F0A8FA11
:10F0B000014600980968019103F0A2FA0146002078
:10F0C0000860019838B1FFE7009803F0A1FA0199B0
:10F0D000FDF76EFDFFE704B080BD000000000000FA
:10F0E00080B586B0059004910598019003F088FAE8
:10F0F00001460198096803910499029103F080FA8E
:10F10000014602980860039838B1FFE7019803F0C0
:10F110007FFA0399FDF74CFDFFE706B080BD0000C4
:10F1200080B584B003900398019003F069FA01461A
:10F1300001980968029103F063FA01460020086013
:10F14000029804B080BD000080B584B003900291A5
:10F15000039800900298FFF7E3FF01900298FFF7F1
:10F1600097FF0246009801A903F07AFA009804B0CC
:10F1700080BD00000000000080B584B003900291C3
:10F18000039800900DF107010DF1060203F048FA13
:10F19000009804B080BD000080B584B00390029157
:10F1A0000398009002A90DF1070203F049FA0098B4
:10F1B00004B080BD0000000080B582B001900198CD
:10F1C00000900021FFF76CFF009802B080BD0000A6
:10F1D00080B584B003900291039801900298FFF7E4
:10F1E0009FFF01460198FFF77BFF0298FFF750FF52
:10F1F000019803F00DFA019804B080BD00000000F2
:10F2000080B582B00190019802F072FF02B080BD1B
:10F2100080B586B0059004910598019002F060FFDA
:10F2200001460198096803910499029102F058FF80
:10F23000014602980860039838B1FFE7019802F090
:10F2400057FF039904F0FCFEFFE706B080BD000005
:10F2500080B584B003900398019002F041FF01460D
:10F2600001980968029102F03BFF01460020086006
:10F27000029804B080BD000080B584B00390029174
:10F28000019203980090019A02A902F03DFF0098B4
:10F2900004B080BD0000000080B582B001900198EC
:10F2A00000900021FFF7B4FF009802B080BD00007D
:10F2B00080B582B00190019802F042FF02B080BD9B
:10F2C00080B586B0059004910598019002F030FF5A
:10F2D00001460198096803910499029102F028FF00
:10F2E000014602980860039838B1FFE7019802F0E0
:10F2F00027FF039904F0D8FEFFE706B080BD0000A9
:10F3000080B584B003900398019002F011FF01468C
:10F3100001980968029102F00BFF01460020086085
:10F32000029804B080BD000080B584B003900291C3
:10F33000019203980090019A02A902F00DFF009833
:10F3400004B080BD0000000080B582B0019001983B
:10F3500000900021FFF7B4FF009802B080BD0000CC
:10F3600080B582B00190019802F012FF02B080BD1A
:10F3700080B586B0059004910598019002F000FFD9
:10F3800001460198096803910499029102F0F8FE80
:10F39000014602980860039838B1FFE7019802F02F
:10F3A000F7FE039904F0B4FEFFE706B080BD00004D
:10F3B00080B584B003900398019002F0E1FE01460D
:10F3C00001980968029102F0DBFE01460020086006
:10F3D000029804B080BD000080B584B00390029113
:10F3E000019203980090019A02A902F0DDFE0098B4
:10F3F00004B080BD0000000080B582B0019001988B
:10F4000000900021FFF7B4FF009802B080BD00001B
:10F4100080B582B00190019802F0E2FE02B080BD9A
:10F4200080B586B0059004910598019002F0D0FE59
:10F4300001460198096803910499029102F0C8FEFF
:10F44000014602980860039838B1FFE7019802F07E
:10F45000C7FE039904F090FEFFE706B080BD0000F0
:10F4600080B584B003900398019002F0B1FE01468C
:10F4700001980968029102F0ABFE01460020086085
:10F48000029804B080BD000080B584B00390029162
:10F49000019203980090019A02A902F0ADFE009833
:10F4A00004B080BD0000000080B582B001900198DA
:10F4B00000900021FFF7B4FF009802B080BD00006B
:10F4C00080B582B00190019802F0B2FE02B080BD1A
:10F4D00080B586B0059004910598019002F0A0FED9
:10F4E00001460198096803910499029102F098FE7F
:10F4F000014602980860039838B1FFE7019802F0CE
:10F5000097FE039904F06CFEFFE706B080BD000093
:10F5100080B584B003900398019002F081FE01460B
:10F5200001980968029102F07BFE01460020086004
:10F53000029804B080BD000080B584B003900291B1
:10F54000019203980090019A02A902F07DFE0098B2
:10F5500004B080BD0000000080B582B00190019829
:10F5600000900021FFF7B4FF009802B080BD0000BA
:10F5700080B582B00190019802F082FE02B080BD99
:10F5800080B586B0059004910598019002F070FE58
:10F5900001460198096803910499029102F068FEFE
:10F5A000014602980860039838B1FFE7019802F01D
:10F5B00067FE039904F048FEFFE706B080BD000037
:10F5C00080B584B003900398019002F051FE01468B
:10F5D00001980968029102F04BFE01460020086084
:10F5E000029804B080BD000080B584B00390029101
:10F5F000019203980090019A02A902F04DFE009832
:10F6000004B080BD0000000080B582B00190019878
:10F6100000900021FFF7B4FF009802B080BD000009
:10F6200080B582B00190019802F052FE02B080BD18
:10F6300080B586B0059004910598019002F040FED7
:10F6400001460198096803910499029102F038FE7D
:10F65000014602980860039838B1FFE7019802F06C
:10F6600037FE039904F024FEFFE706B080BD0000DA
:10F6700080B584B003900398019002F021FE01460A
:10F6800001980968029102F01BFE01460020086003
:10F69000029804B080BD000080B584B00390029150
:10F6A000019203980090019A02A902F01DFE0098B1
:10F6B00004B080BD0000000080B582B001900198C8
:10F6C00000900021FFF7B4FF009802B080BD000059
:10F6D00080B582B00190019802F022FE02B080BD98
:10F6E00080B586B0059004910598019002F010FE57
:10F6F00001460198096803910499029102F008FEFD
:10F70000014602980860039838B1FFE7019802F0BB
:10F7100007FE039904F000FEFFE706B080BD00007D
:10F7200080B584B003900398019002F0F1FD01468A
:10F7300001980968029102F0EBFD01460020086083
:10F74000029804B080BD000080B584B0039002919F
:10F75000019203980090019A02A902F0EDFD009831
:10F7600004B080BD0000000080B582B00190019817
:10F7700000900021FFF7B4FF009802B080BD0000A8
:10F7800080B582B00190019802F0F2FD02B080BD18
:10F7900080B586B0059004910598019002F0E0FDD7
:10F7A00001460198096803910499029102F0D8FD7D
:10F7B000014602980860039838B1FFE7019802F00B
:10F7C000D7FD039904F0DCFDFFE706B080BD000023
:10F7D00080B584B003900398019002F0C1FD01460A
:10F7E00001980968029102F0BBFD01460020086003
:10F7F000029804B080BD000080B584B003900291EF
:10F80000019203980090019A02A902F0BDFD0098B0
:10F8100004B080BD0000000080B582B00190019866
:10F8200000900021FFF7B4FF009802B080BD0000F7
:10F8300080B582B00190019802F0C2FD02B080BD97
:10F8400080B586B0059004910598019002F0B0FD56
:10F8500001460198096803910499029102F0A8FDFC
:10F86000014602980860039838B1FFE7019802F05A
:10F87000A7FD039904F0B8FDFFE706B080BD0000C6
:10F8800080B584B003900398019002F091FD014689
:10F8900001980968029102F08BFD01460020086082
:10F8A000029804B080BD000080B584B0039002913E
:10F8B000019203980090019A02A902F08DFD009830
:10F8C00004B080BD0000000080B582B001900198B6
:10F8D00000900021FFF7B4FF009802B080BD000047
:10F8E00080B582B00190019802F092FD02B080BD17
:10F8F00080B586B0059004910598019002F080FDD6
:10F9000001460198096803910499029102F078FD7B
:10F91000014602980860039838B1FFE7019802F0A9
:10F9200077FD039904F094FDFFE706B080BD000069
:10F9300080B584B003900398019002F061FD014608
:10F9400001980968029102F05BFD01460020086001
:10F95000029804B080BD000080B584B0039002918D
:10F96000019203980090019A02A902F05DFD0098AF
:10F9700004B080BD0000000080B582B00190019805
:10F9800000900021FFF7B4FF009802B080BD000096
:10F9900081B000900098083001B07047000000006E
:10F9A00080B582B00190019801F01AFC02B080BDD0
:10F9B00080B584B00390029101920398009002995F
:10F9C000019A01F01DFC009804B080BD0000000009
:10F9D00081B00090009801B0704700000000000066
:10F9E00081B000900098083001B07047000000001E
:10F9F00080B582B00190019801F026FC02B080BD74
:10FA000080B584B00390029101920398009002990E
:10FA1000019A01F029FC009804B080BD00000000AC
:10FA200081B00090009801B0704700000000000015
:10FA300080B582B000900098406830B1FFE7009830
:10FA40004068FFF715FB01900FE0FFE7009803F017
:10FA500053FC28B9FFE70098FDF7FAF90090F5E7A5
:10FA60000098FDF7F5F90190FFE7019802B080BD1D
:10FA700082B00190009101980099016002B0704736
:10FA800081B0009000980021016001B07047000033
:10FA900081B00090009801680C31016001B070479E
:10FAA00082B00190009101980099016002B0704706
:10FAB00081B00090009801681031016001B070477A
:10FAC00082B00190009101980099016002B07047E6
:10FAD00081B00090009801681031016001B070475A
:10FAE00082B00190009101980099016002B07047C6
:10FAF00082B0019000910198009A01681144016060
:10FB000002B070470000000081B0009000980168CA
:10FB10000131016001B0704780B584B00290029855
:10FB20008100800F019110B1FFE711F07EFD019877
:10FB300013F041FE01990090D0F722FF009903A82D
:10FB4000FFF72AFB039804B080BD0000000000000E
:10FB500080B582B001900198FFF73AFF02B080BDF6
:10FB600080B582B001900198FFF75AFF02B080BDC6
:10FB700081B0009001B0704781B0009001B0704733
:10FB800081B0009001B0704781B0009001B0704723
:10FB900081B0009001B0704781B0009001B0704713
:10FBA00081B0009001B0704781B0009001B0704703
:10FBB00081B0009001B0704781B0009001B07047F3
:10FBC00081B0009001B0704781B0009001B07047E3
:10FBD00081B0009001B0704781B00090009801B0F2
:10FBE000704700000000000081B00090009801B054
:10FBF000704700000000000081B00090009801B044
:10FC0000704700000000000081B00090009801B033
:10FC1000704700000000000081B00090009801B023
:10FC2000704700000000000080B582B0019001988C
:10FC300003F00AFB02B080BD81B00090009801B0D3
:10FC4000704700000000000081B00090009801B0F3
:10FC5000704700000000000081B00090009801B0E3
:10FC6000704700000000000081B00090009801B0D3
:10FC7000704700000000000081B00090009801B0C3
:10FC8000704700000000000080B584B00290019130
:10FC900002980090019900F00BF8009804B080BD24
:10FCA00081B000900098006801B07047000000002B
:10FCB00082B00190009101980099016002B07047F4
:10FCC00080B582B0019001980DF036FB02B080BD86
:10FCD00080B582B0019001980DF036FB02B080BD76
:10FCE00080B582B0019001980DF036FB02B080BD66
:10FCF00080B582B0019001980DF036FB02B080BD56
:10FD000080B582B0019001980DF036FB02B080BD45
:10FD100080B582B0019001980DF036FB02B080BD35
:10FD200080B582B0019001980DF036FB02B080BD25
:10FD300080B582B0019001980DF036FB02B080BD15
:10FD400080B582B0019001980DF036FB02B080BD05
:10FD500080B582B0019001980DF036FB02B080BDF5
:10FD600080B582B0019001980DF036FB02B080BDE5
:10FD700080B584B00290019102980090019900989A
:10FD800002F08AFF0390039804B080BD00000000D9
:10FD900080B586B004900391049802900398019076
:10FDA0000298019902F094FF0590059806B080BD75
:10FDB00080B586B004900391049802900398019056
:10FDC0000298019902F094FF0590059806B080BD55
:10FDD00080B582B0019000910198009902F098FFDF
:10FDE00002B080BD0000000080B582B0019000919B
:10FDF0000198009902F0A8FF02B080BD0000000049
:10FE000080B582B0019000910198009902F0B8FF8E
:10FE100002B080BD0000000080B582B0019000916A
:10FE20000198009902F0C8FF02B080BD00000000F8
:10FE300080B582B0019000910198009902F0D8FF3E
:10FE400002B080BD0000000080B58CB00B900A911C
:10FE50000A98006820B1FFE70A98406818B9FFE7E0
:10FE60000A98059004E00A98FFF7E2FD0590FFE785
:10FE7000059809900998006820B1FFE70998006883
:10FE8000049003E0099840680490FFE70498089004
:10FE900000200790089828B1FFE709988068089922
:10FEA0008860FFE7099803F027FA98B1FFE7089800
:10FEB00009998968086009980B99884206D0FFE77C
:10FEC0000998FCF7C5FF4068079002E008980B907E
:10FED000FFE70CE0089803900998FCF7B9FF01468A
:10FEE000039848600998806800680790FFE70998C0
:10FEF000007B00F001008DF81B0009980A998842E8
:10FF000039D0FFE70A988068099988600A9803F059
:10FF1000F3F920B1FFE709988168086007E00998C4
:10FF20000290FCF795FF014602984860FFE70A98A7
:10FF30000068099908600999086801F081FA0A982F
:10FF40004068099948600998406828B1FFE7099915
:10FF5000486801F075FAFFE70A98007B099900F0FC
:10FF6000010008730B980A99884203D1FFE70998AA
:10FF70000B90FFE7FFE79DF81B00C007002800F08B
:10FF80003481FFE70B98002800F02F81FFE70898E5
:10FF900020B1FFE708990120087325E1FFE70798E2
:10FFA00003F0AAF9002840F08F80FFE70798007B54
:10FFB000C007E0B9FFE70799012008730798FCF72D
:10FFC00047FF0146002008730798FCF741FF02F045
:10FFD0002FFE0B9807990968884203D1FFE707981D
:10FFE0000B90FFE70798006840680790FFE70798C5
:10FFF000006830B1FFE707980068007BC00790B346
:020000040803EF
:10000000FFE70798406830B1FFE707984068007B3A
:10001000C00740B3FFE70799002008730798FCF773
:1000200017FF089008980B99884205D0FFE70898B9
:10003000007BC00720B9FFE7089901200873D2E0D0
:10004000089803F059F930B1FFE70898FCF700FF72
:100050004068019004E00898806800680190FFE71C
:10006000019807902FE00798406830B1FFE70798A4
:100070004068007BC00778B1FFE70798016801205E
:100080000873079900200873079803F0E9F80798A8
:10009000FCF7DEFE0790FFE70798FCF7D9FE007B30
:1000A000079900F0010008730798FCF7D1FE01469C
:1000B000012008730799496808730798FCF7C8FE80
:1000C00002F0B6FD8FE08DE00798007BC007E0B935
:1000D000FFE70799012008730798FCF7B9FE01466E
:1000E000002008730798FCF7B3FE03F0B9F80B98EB
:1000F00007994968884203D1FFE707980B90FFE70B
:100100000798406800680790FFE70798006830B1DB
:10011000FFE707980068007BC00790B3FFE70798E8
:10012000406830B1FFE707984068007BC00740B3E4
:10013000FFE70799002008730798FCF789FE0890ED
:100140000898007BC00728B1FFE708980B99884200
:1001500004D1FFE708990120087344E0089803F0F0
:10016000CBF830B1FFE70898FCF772FE40680090CA
:1001700004E00898806800680090FFE70098079006
:100180002FE00798006830B1FFE707980068007B10
:10019000C00778B1FFE70798416801200873079905
:1001A00000200873079802F043FD0798FCF750FE03
:1001B0000790FFE70798FCF74BFE007B079900F0DC
:1001C000010008730798FCF743FE014601200873FD
:1001D0000799096808730798FCF73AFE03F040F89E
:1001E00001E0FFE7DBE6FFE7FFE70CB080BD0000C2
:1001F00080B582B0019001980090009802F060FDF7
:1002000002B080BD0000000080B584B0029002986A
:100210000190019802F064FD0390039804B080BD42
:1002200080B584B0029002980190019802F068FDB8
:100230000390039804B080BD80B582B0019001980E
:1002400002F07AFD02B080BD80B582B001900198C5
:1002500002F08EFD02B080BD80B582B001900198A1
:1002600002F0A2FD02B080BD80B582B0019001987D
:1002700002F0B6FD02B080BD80B582B00190019859
:1002800002F0CAFD02B080BD80B586B00490039133
:100290000292049805900598019003990968029AC2
:1002A0001268FFF785FB019806B080BD00000000D2
:1002B00080B586B004900391029204980590059849
:1002C000019003990968029A1268FFF799FB019857
:1002D00006B080BD0000000082B00191009000983F
:1002E0000199016002B0704780B582B00190019819
:1002F000009000F03DFE009802B080BD00000000BC
:1003000082B00191009000980199016002B070479D
:1003100080B582B001900198009000F049FE0098ED
:1003200002B080BD0000000082B0019100900098F2
:100330000199016002B0704782B00191009000986D
:100340000199016002B0704780B582B001900198B8
:10035000009000F06DFE009802B080BD000000002B
:1003600082B00191009000980199016002B070473D
:1003700082B00191009000980199016002B070472D
:1003800080B582B001900198009000F079FE00984D
:1003900002B080BD0000000082B001910090009882
:1003A0000199016002B0704780B582B00190019858
:1003B000009000F085FE009802B080BD00000000B3
:1003C00082B00191009000980199016002B07047DD
:1003D00082B00191009000980199016002B07047CD
:1003E00080B582B001900198009000F0A9FE0098BD
:1003F00002B080BD0000000082B001910090009822
:100400000199016002B0704782B00191009000989C
:100410000199016002B0704780B582B001900091EF
:1004200001980099FFF7D4FC02B080BD00000000E5
:1004300080B582B00190009101980099FFF7D4FC3B
:1004400002B080BD0000000080B582B00190009134
:1004500001980099FFF7D4FC02B080BD00000000B5
:1004600080B582B00190009101980099FFF7D4FC0B
:1004700002B080BD0000000080B582B00190009104
:1004800001980099FFF7D4FC02B080BD0000000085
:1004900080B584B0039002910398029900F004F8AB
:1004A00004B080BD0000000080B586B004900391C8
:1004B00004980290FFE702990398896888420FD058
:1004C000FFE7029800F060F8029901908868103800
:1004D0008860FFF799FB0146019800F0DDFFEAE72D
:1004E00006B080BD0000000080B588B0079006917E
:1004F0000798029000F10801069A03A800F01CF882
:10050000FFE703980499884210D0FFE7029800F0B3
:100510003BF801900398FFF777FB0146019800F044
:10052000CFFFFFE7039810300390EAE703A800F03D
:1005300017F808B080BD000083B0029001910092CE
:10054000029801990968016001990968009A01EB14
:10055000021141600199816003B070470000000002
:1005600081B00090009801688268116001B0704706
:1005700080B582B0019001984168FFF789FF02B011
:1005800080BD00000000000080B582B0019001989D
:100590000C3001F065FD02B080BD000000000000DD
:1005A00080B582B0019001980C3001F051FD02B08D
:1005B00080BD00000000000080B58AB0089007915F
:1005C000069205930898019009900C30002104913F
:1005D000059A04A901F050FD079820B9FFE7019999
:1005E000002008600DE00198FFF7CEFF0146079A52
:1005F00002A802F019FC019902980860039807907C
:10060000FFE701980168069A01EB021181604160E1
:100610000168079A01EB02110091FFF7C1FF014643
:100620000098086009980AB080BD00000000000032
:1006300080B586B00490049803900590FFF798FF6A
:100640000398006880B1FFE70398FFF79DFF01461C
:100650000398029101680191FCF71AFA0199024688
:10066000029800F00DFFFFE7059806B080BD00007E
:1006700080B584B0039002910398029900F004F8C9
:1006800004B080BD0000000080B586B004900391E6
:1006900004980290FFE702990398896888420FD076
:1006A000FFE7029800F064F80299019088680C381E
:1006B0008860FFF7C1FA0146019801F035FAEAE7D0
:1006C00006B080BD0000000080B588B0079006919C
:1006D00005920798019000F10801069A02A800F01F
:1006E0001FF8FFE702980399884211D0FFE70198AD
:1006F00000F03EF800900298FFF79EFA014600983D
:10070000059A01F025FAFFE702980C300290E9E71C
:1007100002A800F019F808B080BD00000000000039
:1007200083B00290019100920298019909680160DA
:1007300001990968009A02EB420201EB82014160D3
:100740000199816003B0704781B000900098016802
:100750008268116001B0704780B582B00190019845
:100760004168FFF785FF02B080BD00000000000077
:1007700080B582B0019001980C3001F091FE02B07A
:1007800080BD00000000000080B582B0019001989B
:100790000C3001F07DFE02B080BD000000000000C2
:1007A00080B58AB008900791069205930898019049
:1007B00009900C3000210491059A04A901F07CFEF7
:1007C000079820B9FFE70199002008600DE0019823
:1007D000FFF7CEFF0146079A02A802F045FB0199F8
:1007E0000298086003980790FFE701980168069A4D
:1007F00002EB420201EB8201816041600168079ACD
:1008000002EB420201EB82010091FFF7BDFF0146BE
:100810000098086009980AB080BD00000000000040
:1008200080B586B00490049803900590FFF794FF7C
:100830000398006880B1FFE70398FFF799FF01462E
:100840000398029101680191FCF73EF90199024673
:10085000029801F05DF9FFE7059806B080BD000041
:1008600080B584B0039002910398029900F004F8D7
:1008700004B080BD0000000080B586B004900391F4
:1008800004980290FFE702990398896888420FD084
:10089000FFE7029800F01CF8029901908868103870
:1008A0008860FFF7D1F90146019801F069F9EAE79C
:1008B00006B080BD0000000080B582B001900198B4
:1008C0004168FFF7CDFF02B080BD000000000000CE
:1008D00080B582B0019001980C3001F029FE02B081
:1008E00080BD00000000000080B582B0019001983A
:1008F0000C3001F015FE02B080BD000000000000C9
:1009000080B58AB0089007910692059308980190E7
:1009100009900C3000210491059A04A901F014FEFD
:10092000079820B9FFE70199002008600DE00198C1
:10093000FFF7CEFF0146079A02A802F0A5FA019937
:100940000298086003980790FFE701980168069AEB
:1009500001EB0211816041600168079A01EB02110D
:100960000091FFF7C1FF01460098086009980AB09E
:1009700080BD00000000000080B586B0049004989F
:1009800003900590FFF798FF0398006880B1FFE798
:100990000398FFF79DFF01460398029101680191BA
:1009A000FCF7B2F801990246029801F0DDF8FFE782
:1009B000059806B080BD000080B584B00390029118
:1009C0000398029900F004F804B080BD0000000014
:1009D00080B586B00490039104980290FFE70299D5
:1009E0000398896888420FD0FFE7029800F01CF84E
:1009F00002990190886810388860FFF72DF9014648
:100A0000019801F0F5F8EAE706B080BD00000000AB
:100A100080B582B0019001984168FFF7CDFF02B028
:100A200080BD00000000000080B582B001900198F8
:100A30000C3001F0C5FD02B080BD000000000000D8
:100A400080B582B0019001980C3001F0B1FD02B088
:100A500080BD00000000000080B58AB008900791BA
:100A6000069205930898019009900C30002104919A
:100A7000059A04A901F0B0FD079820B9FFE7019994
:100A8000002008600DE00198FFF7CEFF0146079AAD
:100A900002A802F009FA01990298086003980790E9
:100AA000FFE701980168069A01EB0211816041603D
:100AB0000168079A01EB02110091FFF7C1FF01469F
:100AC0000098086009980AB080BD0000000000008E
:100AD00080B586B00490049803900590FFF798FFC6
:100AE0000398006880B1FFE70398FFF79DFF014678
:100AF0000398029101680191FCF722F801990246DE
:100B0000029801F069F8FFE7059806B080BD000083
:100B100080B584B0039002910398029900F004F824
:100B200004B080BD0000000080B586B00490039141
:100B300004980290FFE702990398896888420FD0D1
:100B4000FFE7029800F064F8029901908868013884
:100B50008860FFF791F80146019801F0B1F8EAE7E3
:100B600006B080BD0000000080B588B007900691F7
:100B700005920798019000F10801069A02A800F07A
:100B80001FF8FFE702980399884211D0FFE7019808
:100B900000F03EF800900298FFF76EF801460098CA
:100BA000059A01F0A1F8FFE7029801300290E9E709
:100BB00002A800F019F808B080BD00000000000095
:100BC00083B0029001910092029801990968016036
:100BD00001990968009A114441600199816003B04C
:100BE000704700000000000081B00090009801688C
:100BF0008268116001B0704780B582B001900198A1
:100C00004168FFF785FF02B080BD000000000000D2
:100C100080B582B0019001980C3001F091FD02B0D6
:100C200080BD00000000000080B582B001900198F6
:100C30000C3001F07DFD02B080BD0000000000001E
:100C400080B58AB0089007910692059308980190A4
:100C500009900C3000210491059A04A901F07CFD53
:100C6000079820B9FFE70199002008600DE001987E
:100C7000FFF7CEFF0146079A02A802F035F9019965
:100C80000298086003980790FFE701980168069AA8
:100C90001144816041600168079A11440091FFF797
:100CA000C3FF01460098086009980AB080BD0000A3
:100CB00080B586B00490049803900590FFF79CFFE0
:100CC0000398006880B1FFE70398FFF7A1FF014692
:100CD0000398029101680191FBF74EFF01990246CA
:100CE000029800F0DDFFFFE7059806B080BD000028
:100CF00080B586B00190059104920598FFF79CFAA3
:100D000003900498FFF798FA01460198029103A90D
:100D100002AA0DF021FC06B080BD0000000000001A
:100D200080B586B00190059104920598FFF78CFA82
:100D300003900498FFF788FA01460198029103A9ED
:100D400002AA0DF021FC06B080BD000000000000EA
:100D500080B586B00190059104920598FFF77CFA62
:100D600003900498FFF778FA01460198029103A9CD
:100D700002AA0DF015FC06B080BD000000000000C6
:100D800080B586B00190059104920598FFF76CFA42
:100D900003900498FFF768FA01460198029103A9AD
:100DA00002AA0DF009FC06B080BD000000000000A2
:100DB00080B586B00190059104920598FFF75CFA22
:100DC00003900498FFF758FA01460198029103A98D
:100DD00002AA0DF009FC06B080BD00000000000072
:100DE00080B503F059FB80BD80B582B0019001A8A9
:100DF000FBF752FDFEF740FF02B080BD000000008F
:100E000081B00090009801B0704700000000000021
:100E100081B00090009801B0704700000000000011
:100E200081B00090009801B0704700000000000001
:100E300081B00090009801B07047000000000000F1
:100E400081B00090009801B07047000000000000E1
:100E500081B00090009801B07047000000000000D1
:100E600081B00090009801B07047000000000000C1
:100E700081B00090009801B07047000000000000B1
:100E800081B00090009801B07047000000000000A1
:100E900081B00090009801B0704700000000000091
:100EA00081B00090009801B0704700000000000081
:100EB00081B00090009801B0704700000000000071
:100EC00081B00090009801B0704700000000000061
:100ED00081B00090009801B0704700000000000051
:100EE00081B00090009801B0704700000000000041
:100EF00081B00090009801B0704700000000000031
:100F000082B00190009101980099016002B0704791
:100F100081B00090009801684968016001B0704795
:100F200082B00190009101980099016002B0704771
:100F300081B00090009801684968016001B0704775
:100F400081B0009000980021016001B0704700005E
:100F500082B00190009101980099016002B0704741
:100F600082B00190009101980099016002B0704731
:100F700080B582B0019001980090006800F040FABE
:100F800001460098016002B080BD00000000000032
:100F900082B00190009101980099016002B0704701
:100FA00082B00190009101980099016002B07047F1
:100FB00080B582B0019001980090006800F020FA9E
:100FC00001460098016002B080BD000000000000F2
:100FD00082B00190009101980099016002B07047C1
:100FE00082B00190009101980099016002B07047B1
:100FF00080B582B0019001980090006800F000FA7E
:1010000001460098016002B080BD000000000000B1
:1010100082B00190009101980099016002B0704780
:1010200082B00190009101980099016002B0704770
:1010300080B582B0019001980090006800F0E0F95E
:1010400001460098016002B080BD00000000000071
:1010500082B00190009101980099016002B0704740
:1010600082B00190009101980099016002B0704730
:1010700082B00190009101980099016002B0704720
:1010800080B582B0019001980090006800F0B8F936
:1010900001460098016002B080BD00000000000021
:1010A00082B00190009101980099016002B07047F0
:1010B00082B00190009101980099016002B07047E0
:1010C00080B582B0019001980090006800F098F916
:1010D00001460098016002B080BD000000000000E1
:1010E00082B00190009101980099016002B07047B0
:1010F00082B00190009101980099016002B07047A0
:1011000080B582B0019001980090006800F078F9F5
:1011100001460098016002B080BD000000000000A0
:1011200082B00190009101980099016002B070476F
:1011300082B00190009101980099016002B070475F
:1011400080B582B0019001980090006800F058F9D5
:1011500001460098016002B080BD00000000000060
:1011600082B00190009101980099016002B070472F
:1011700082B00190009101980099016002B070471F
:1011800080B582B0019001980090006800F038F9B5
:1011900001460098016002B080BD00000000000020
:1011A00082B00190009101980099016002B07047EF
:1011B00082B00190009101980099016002B07047DF
:1011C00080B582B0019001980090006800F018F995
:1011D00001460098016002B080BD000000000000E0
:1011E00080B582B001900198FFF752FE02B080BD39
:1011F00080B582B001900198FFF7F2FF02B080BD88
:1012000083B00290019100920298019901600099C7
:10121000416003B07047000080B582B00190019832
:101220000090FFF7DDFF03F08BFA014600980160A4
:10123000FFF7D6FF03F084FA01460098416002B040
:1012400080BD00000000000080B582B001900198D0
:10125000FFF726FE02B080BD80B582B001900198F4
:10126000FFF7F2FF02B080BD83B0029001910092BF
:101270000298019901600099416003B07047000035
:1012800080B582B0019001980090FFF7DDFF03F078
:101290005FFA014600980160FFF7D6FF03F058FAA5
:1012A00001460098416002B080BD000000000000CF
:1012B00081B00090009801B070470000000000006D
:1012C00081B00090009801B070470000000000005D
:1012D00081B00090009801B070470000000000004D
:1012E00081B00090009801B070470000000000003D
:1012F00081B00090009801B070470000000000002D
:1013000081B00090009801B070470000000000001C
:1013100081B00090009801B070470000000000000C
:1013200081B00090009801B07047000000000000FC
:1013300081B00090009801B07047000000000000EC
:1013400081B00090009801B07047000000000000DC
:1013500081B00090009801B07047000000000000CC
:1013600081B00090009801B07047000000000000BC
:1013700081B00090009801B07047000000000000AC
:1013800081B00090009801B070470000000000009C
:1013900081B00090009801B070470000000000008C
:1013A00081B00090009801B070470000000000007C
:1013B00081B00090009801B070470000000000006C
:1013C00081B00090009801B070470000000000005C
:1013D00081B00090009801B070470000000000004C
:1013E00081B00090009801B070470000000000003C
:1013F00081B00090009801B070470000000000002C
:1014000080B582B000900098406830B1FFE7009846
:101410004068FDF72DFE01900EE0FFE7009801F017
:101420006BFF28B9FFE70098FBF712FD0090F5E786
:10143000009880680190FFE7019802B080BD00002D
:1014400082B00190009101990098886002B07047C5
:1014500080B584B003900291019203980299019A99
:101460000CF09AFA04B080BD80B582B00190009172
:10147000019800990CF0A0FA02B080BD00000000B5
:1014800080B584B003900291019203980299019A69
:101490000CF0A6FA04B080BD80B582B00190009136
:1014A000019800990CF0ACFA02B080BD0000000079
:1014B00080B582B001900198FCF7FEFF02B080BDBC
:1014C00080B582B001900091019800990CF0B8FAB3
:1014D00002B080BD0000000080B584B0039002918E
:1014E000019203980299019A0CF0C6FA04B080BDEB
:1014F00080B582B001900091019800990CF0CCFA6F
:1015000002B080BD0000000080B582B0019001985B
:10151000FCF7DAFF02B080BD80B582B00190009187
:10152000019800990CF0DCFA02B080BD00000000C8
:1015300080B584B003900291019203980299019AB8
:101540000CF0EAFA04B080BD80B582B00190009141
:101550000098FEF739FB02B080BD000000000000DB
:1015600080B582B001900091019800990CF0E4FAE6
:1015700002B080BD0000000080B582B001900198EB
:10158000FCF7AAFF02B080BD80B584B00390029141
:10159000019203980299019A0CF0EAFA04B080BD16
:1015A00080B584B003900291019203980299019A48
:1015B0000CF0F6FA04B080BD80B582B001900091C5
:1015C0000098FEF705FB02B080BD0000000000009F
:1015D00080B582B001900091019800990CF0F0FA6A
:1015E00002B080BD0000000080B582B0019001987B
:1015F000FCF77AFF02B080BD80B584B00390029101
:10160000019203980299019A0CF0F6FA04B080BD99
:1016100080B584B003900291019203980299019AD7
:101620000CF002FB04B080BD80B582B00190009147
:101630000098FEF79DFA02B080BD00000000000097
:1016400080B582B001900091019800990CF0FCFAED
:1016500002B080BD0000000080B582B0019001980A
:10166000FCF74AFF02B080BD80B584B003900291C0
:10167000019203980299019A0CF002FB04B080BD1C
:1016800080B584B003900291019203980299019A67
:101690000CF00EFB04B080BD80B582B001900091CB
:1016A0000098FEF769FA02B080BD0000000000005B
:1016B00080B582B001900091019800990CF008FB70
:1016C00002B080BD0000000080B582B0019001989A
:1016D000FCF71AFF02B080BD80B584B00390029180
:1016E000019203980299019A0CF00EFB04B080BDA0
:1016F00080B584B003900291019203980299019AF7
:101700000CF01AFB04B080BD80B582B0019000914E
:101710000098FEF735FA02B080BD0000000000001E
:1017200080B582B001900091019800990CF014FBF3
:1017300002B080BD0000000080B582B00190019829
:10174000FCF7EAFE02B080BD80B584B00390029140
:10175000019203980299019A0CF01AFB04B080BD23
:1017600080B584B003900291019203980299019A86
:101770000CF026FB04B080BD80B582B001900091D2
:101780000098FEF701FA02B080BD000000000000E2
:1017900080B582B001900091019800990CF020FB77
:1017A00002B080BD0000000080B582B001900198B9
:1017B000FCF7BAFE02B080BD80B584B00390029100
:1017C000019203980299019A0CF026FB04B080BDA7
:1017D00080B586B0DDF820C0059004910392029395
:1017E00005980499039A029BDDF820C0EE46CEF8D6
:1017F00000C00CF01DFB06B080BD00000000000022
:1018000080B584B003900291019203980299019AE5
:101810000CF02EFB04B080BD80B582B00190009129
:101820000098FEF7B5F902B080BD0000000000008E
:1018300080B582B001900091019800990CF028FBCE
:1018400002B080BD0000000080B582B00190019818
:10185000FCF772FE02B080BD80B584B003900291A7
:10186000019203980299019A0CF02EFB04B080BDFE
:1018700080B584B003900291019203980299019A75
:101880000CF03AFB04B080BD80B582B001900091AD
:101890000098FEF781F902B080BD00000000000052
:1018A00080B582B001900091019800990CF034FB52
:1018B00002B080BD0000000080B582B001900198A8
:1018C000FCF742FE02B080BD80B584B00390029167
:1018D000019203980299019A0CF03AFB04B080BD82
:1018E00080B584B003900291019203980299019A05
:1018F0000CF046FB04B080BD80B582B00190009131
:101900000098FEF74DF902B080BD00000000000015
:1019100080B582B001900091019800990CF040FBD5
:1019200002B080BD0000000080B582B00190019837
:10193000FCF712FE02B080BD80B584B00390029126
:10194000019203980299019A0CF046FB04B080BD05
:1019500080B584B003900291019203980299019A94
:101960000CF052FB04B080BD80B582B001900091B4
:101970000098FEF719F902B080BD000000000000D9
:1019800080B582B001900091019800990CF04CFB59
:1019900002B080BD0000000080B582B001900198C7
:1019A000FCF7E2FD02B080BD80B584B003900291E7
:1019B000019203980299019A0CF052FB04B080BD89
:1019C00080B584B003900291019203980299019A24
:1019D0000CF05EFB04B080BD80B582B00190009138
:1019E0000098FEF7E5F802B080BD0000000000009E
:1019F00080B582B001900091019800990CF058FBDD
:101A000002B080BD0000000080B582B00190019856
:101A1000FCF7B2FD02B080BD80B584B003900291A6
:101A2000019203980299019A0CF05EFB04B080BD0C
:101A300080B584B003900291019203980299019AB3
:101A40000CF06AFB04B080BD80B582B001900091BB
:101A50000098FEF7B1F802B080BD00000000000061
:101A600080B582B001900091019800990CF064FB60
:101A700002B080BD0000000080B582B001900198E6
:101A8000FCF782FD02B080BD80B584B00390029166
:101A9000019203980299019A0CF06AFB04B080BD90
:101AA00080B584B003900291019203980299019A43
:101AB0000CF076FB04B080BD80B582B0019000913F
:101AC0000098FEF77DF802B080BD00000000000025
:101AD00080B582B001900091019800990CF070FBE4
:101AE00002B080BD0000000080B582B00190019876
:101AF000FCF752FD02B080BD80B584B00390029126
:101B0000019203980299019A0CF076FB04B080BD13
:101B100080B584B003900291019203980299019AD2
:101B20000CF082FB04B080BD80B582B001900091C2
:101B3000019800990CF088FB02B080BD0000000005
:101B400080B582B001900198FCF72EFD02B080BDF7
:101B500080B584B003900291019203980299019A92
:101B60000CF09AFB04B080BD80B584B00390029164
:101B7000019203980299019A0CF0A6FB04B080BD73
:101B800080B582B001900091019800990CF0ACFBF7
:101B900002B080BD0000000080B582B001900198C5
:101BA000FCF70AFD02B080BD80B584B003900291BD
:101BB000019203980299019A0CF0BAFB04B080BD1F
:101BC00080B584B003900291019203980299019A22
:101BD0000CF0BAFB04B080BD80B584B003900291D4
:101BE000019203980299019A0CF0C6FB04B080BDE3
:101BF00080B582B001900091019800990CF0CCFB67
:101C000002B080BD0000000080B582B00190019854
:101C1000FCF7DAFC02B080BD80B584B0039002917D
:101C2000019203980299019A0CF0DAFB04B080BD8E
:101C300080B584B003900291019203980299019AB1
:101C40000CF0DAFB04B080BD80B584B00390029143
:101C5000019203980299019A0CF0E6FB04B080BD52
:101C600080B582B001900091019800990CF0ECFBD6
:101C700002B080BD0000000080B582B001900198E4
:101C8000FCF7AAFC02B080BD80B584B0039002913D
:101C9000019203980299019A0CF0F6FB04B080BD02
:101CA00080B584B003900291019203980299019A41
:101CB0000CF002FC04B080BD81B0009001B0704710
:101CC00080B582B001900091019800990CF000FC61
:101CD00002B080BD0000000080B582B00190019884
:101CE000FCF782FC02B080BD80B584B00390029105
:101CF000019203980299019A0CF00AFC04B080BD8D
:101D0000704700000000000080B582B0009000998C
:101D100001A804F0A9FD019802B080BD00000000F8
:101D200080B582B00190019801F07EFB02B080BDC9
:101D300080B582B00190019801F07AFD02B080BDBB
:101D400080B584B003900398019001F075FB019871
:101D500001F076FD019804B080BD00000000000095
:101D600080B582B00190019801F05EFB02B080BDA9
:101D700080B582B00190019801F06EFD02B080BD87
:101D800080B584B003900398019001F055FB019851
:101D900001F06AFD019804B080BD00000000000061
:101DA00080B582B00190019801F03EFB02B080BD89
:101DB00080B582B00190019801F062FD02B080BD53
:101DC00080B584B003900398019001F035FB019831
:101DD00001F05EFD019804B080BD0000000000002D
:101DE00080B582B00190019801F01EFB02B080BD69
:101DF00080B582B00190019801F056FD02B080BD1F
:101E000080B584B003900398019001F015FB019810
:101E100001F052FD019804B080BD000000000000F8
:101E200080B582B00190019801F0FEFA02B080BD49
:101E300080B582B00190019801F04AFD02B080BDEA
:101E400080B584B003900398019001F0F5FA0198F1
:101E500001F046FD019804B080BD000000000000C4
:101E600080B582B00190019801F0DEFA02B080BD29
:101E700080B582B00190019801F03EFD02B080BDB6
:101E800080B584B003900398019001F0D5FA0198D1
:101E900001F03AFD019804B080BD00000000000090
:101EA00080B582B00190019801F0BEFA02B080BD09
:101EB00080B582B00190019801F032FD02B080BD82
:101EC00080B584B003900398019001F0B5FA0198B1
:101ED00001F02EFD019804B080BD0000000000005C
:101EE00080B582B00190019801F09EFA02B080BDE9
:101EF00080B582B00190019801F026FD02B080BD4E
:101F000080B584B003900398019001F095FA019890
:101F100001F022FD019804B080BD00000000000027
:101F200080B582B00190019801F07EFA02B080BDC8
:101F300080B582B00190019801F01AFD02B080BD19
:101F400080B584B003900398019001F075FA019870
:101F500001F016FD019804B080BD000000000000F3
:101F600080B582B00190019801F05EFA02B080BDA8
:101F700080B582B00190019801F00EFD02B080BDE5
:101F800080B584B003900398019001F055FA019850
:101F900001F00AFD019804B080BD000000000000BF
:101FA00080B582B00190019801F03EFA02B080BD88
:101FB00080B582B00190019801F002FD02B080BDB1
:101FC00080B584B003900398019001F035FA019830
:101FD00001F0FEFC019804B080BD0000000000008C
:101FE00080B582B00190019801F0BEFB02B080BDC7
:101FF00080B586B0059004910392059801900499EC
:1020000001F05EFD019801F0B7FB019806B080BDBC
:1020100080B582B00190019801F05AFD02B080BDF8
:1020200080B582B00190019801F0B2FB02B080BD92
:1020300080B586B0059004910392059801900499AB
:1020400001F04EFD019801F0ABFB019806B080BD98
:1020500080B582B00190019801F03AFD02B080BDD8
:1020600080B582B001900198043001F09DFE02B06D
:1020700080BD00000000000080B584B00390029194
:10208000019203980090029901F02AFD0098043013
:10209000019901F091FE009804B080BD000000009D
:1020A00080B582B00190019801F022FD02B080BDA0
:1020B00080B582B00190019801F07EFB02B080BD36
:1020C00080B586B00590049103920598019004991B
:1020D00001F016FD019801F077FB019806B080BD74
:1020E00080B582B00190019801F012FD02B080BD70
:1020F00080B582B001900198043001F059FA02B025
:1021000080BD00000000000080B584B00390029103
:10211000019203980090029901F002FD00980430AA
:10212000019901F04DFA009804B080BD0000000054
:1021300080B582B00190019801F0FEFC02B080BD34
:1021400080B582B001900198043001F045FA02B0E8
:1021500080BD00000000000080B584B003900291B3
:10216000019203980090029901F0EEFC009804306F
:10217000019901F039FA009804B080BD0000000018
:1021800080B582B00190019801F0EAFC02B080BDF8
:1021900080B582B001900198043001F031FA02B0AC
:1021A00080BD00000000000080B584B00390029163
:1021B000019203980090029901F0DAFC0098043033
:1021C000019901F025FA009804B080BD00000000DC
:1021D00080B582B00190019801F0D6FC02B080BDBC
:1021E00080B582B001900198043001F01DFA02B070
:1021F00080BD00000000000080B584B00390029113
:10220000019203980090029901F0C6FC00980430F6
:10221000019901F011FA009804B080BD000000009F
:1022200080B582B00190019801F0C2FC02B080BD7F
:1022300080B582B001900198043001F009FA02B033
:1022400080BD00000000000080B584B003900291C2
:10225000019203980090029901F0B2FC00980430BA
:10226000019901F0FDF9009804B080BD0000000064
:1022700080B582B00190019801F0AEFC02B080BD43
:1022800080B582B001900198043001F0F5F902B0F8
:1022900080BD00000000000080B584B00390029172
:1022A000019203980090029901F09EFC009804307E
:1022B000019901F0E9F9009804B080BD0000000028
:1022C00080B582B00190019801F09AFC02B080BD07
:1022D00080B582B001900198043001F0E1F902B0BC
:1022E00080BD00000000000080B584B00390029122
:1022F000019203980090029901F08AFC0098043042
:10230000019901F0D5F9009804B080BD00000000EB
:1023100080B582B00190019801F086FC02B080BDCA
:1023200080B582B001900198043001F0CDF902B07F
:1023300080BD00000000000080B584B003900291D1
:10234000019203980090029901F076FC0098043005
:10235000019901F0C1F9009804B080BD00000000AF
:1023600080B582B00190019801F072FC02B080BD8E
:1023700080B582B001900198043001F0B9F902B043
:1023800080BD00000000000080B584B00390029181
:10239000019203980090029901F062FC00980430C9
:1023A000019901F0ADF9009804B080BD0000000073
:1023B00080B582B00190019801F05EFC02B080BD52
:1023C00080B582B001900198043001F0A5F902B007
:1023D00080BD00000000000080B584B00390029131
:1023E000019203980090029901F04EFC009804308D
:1023F000019901F099F9009804B080BD0000000037
:1024000080B582B00190019801F04AFC02B080BD15
:1024100080B582B001900198043001F091F902B0CA
:1024200080BD00000000000080B584B003900291E0
:10243000019203980090029901F03AFC0098043050
:10244000019901F085F9009804B080BD00000000FA
:1024500080B582B00190019801F036FC02B080BDD9
:1024600080B582B00190019801F0BEFA02B080BD43
:1024700080B586B005900491039205980190049967
:1024800001F02AFC019801F0B7FA019806B080BD6E
:1024900080B582B00190019801F016FC02B080BDB9
:1024A00080B582B001900198043001F08DFC02B03B
:1024B00080BD00000000000080B584B00390029150
:1024C000019203980090029901F006FC00980430F4
:1024D000019901F081FC009804B080BD000000006B
:1024E00080B582B00190019801F0FEFB02B080BD82
:1024F00080B582B00190019801F08AFA02B080BDE7
:1025000080B586B0059004910392059801900499D6
:1025100001F0F2FB019801F083FA019806B080BD4A
:1025200080B582B00190019801F0DEFB02B080BD61
:1025300080B582B001900198043001F055FC02B0E2
:1025400080BD00000000000080B584B003900291BF
:10255000019203980090029901F0CEFB009804309C
:10256000019901F049FC009804B080BD0000000012
:1025700080B582B00190019801F0C6FB02B080BD29
:1025800080B582B00190019801F056FA02B080BD8A
:1025900080B586B005900491039205980190049946
:1025A00001F0BAFB019801F04FFA019806B080BD26
:1025B00080B582B00190019801F0A6FB02B080BD09
:1025C00080B582B001900198043001F01DFC02B08A
:1025D00080BD00000000000080B584B0039002912F
:1025E000019203980090029901F096FB0098043044
:1025F000019901F011FC009804B080BD00000000BA
:1026000080B582B00190019801F08EFB02B080BDD0
:1026100080B582B00190019800F0EEFE02B080BD5E
:1026200080B586B00590049103920598019001F061
:1026300083FB019800F0E8FE019806B080BD000021
:1026400080B586B005900491039205980190049995
:1026500001F082FB019800F0D7FE019806B080BD22
:1026600080B584B003900291019203980090029982
:1026700001F07EFB0098019900F0CEFE009804B0B6
:1026800080BD00000000000080B582B0019001987C
:1026900001F04AFB02B080BD80B582B00190019884
:1026A00001F0DEF902B080BD80B586B005900491DE
:1026B000039205980190049901F046FB019801F0FE
:1026C000D7F9019806B080BD80B582B0019001981D
:1026D00001F05AFB02B080BD80B582B00190019834
:1026E00001F0D2F902B080BD80B586B005900491AA
:1026F000039205980190049901F04EFB019801F0B6
:10270000CBF9019806B080BD80B584B003900291EA
:10271000019203980090029901F03EFB0098019904
:1027200001F0C6F9009804B080BD00000000000070
:1027300080B582B00190019801F026FB02B080BD07
:1027400080B582B001900198043001F06DFB02B0B9
:1027500080BD00000000000080B584B003900291AD
:10276000019203980090029901F016FB0098043042
:10277000019901F061FB009804B080BD00000000E9
:1027800080B582B00190019801F05EFB02B080BD7F
:1027900080B582B00190019800F05AFE02B080BD71
:1027A00080B584B003900291019203980090029941
:1027B00001F052FB0098019900F052FE009804B01D
:1027C00080BD00000000000080B582B0019001983B
:1027D00001F03AFB02B080BD80B582B00190019853
:1027E00000F046FE02B080BD80B584B00390029137
:1027F000019203980090029901F02EFB0098019934
:1028000000F03EFE009804B080BD00000000000013
:1028100080B582B00190019801F016FB02B080BD36
:1028200080B582B00190019800F032FE02B080BD08
:1028300080B584B0039002910192039800900299B0
:1028400001F00AFB0098019900F02AFE009804B0FC
:1028500080BD00000000000080B582B001900198AA
:1028600001F0F2FA02B080BD80B582B0019001980B
:1028700000F01EFE02B080BD80B584B003900291CE
:10288000019203980090029901F0E6FA00980199EC
:1028900000F016FE009804B080BD000000000000AB
:1028A00080B582B00190019801F0CEFA02B080BDEF
:1028B00080B582B00190019800F00AFE02B080BDA0
:1028C00080B584B003900291019203980090029920
:1028D00001F0C2FA0098019900F002FE009804B0DD
:1028E00080BD00000000000080B582B0019001981A
:1028F00001F0AAFA02B080BD80B582B001900198C3
:1029000000F0F6FD02B080BD80B584B00390029166
:10291000019203980090029901F09EFA00980199A3
:1029200000F0EEFD009804B080BD00000000000043
:1029300080B582B00190019801F086FA02B080BDA6
:1029400080B582B00190019800F0E2FD02B080BD38
:1029500080B584B00390029101920398009002998F
:1029600001F07AFA0098019900F0DAFD009804B0BD
:1029700080BD00000000000080B582B00190019889
:1029800001F062FA02B080BD80B582B0019001987A
:1029900000F0CEFD02B080BD80B584B003900291FE
:1029A000019203980090029901F056FA009801995B
:1029B00000F0C6FD009804B080BD000000000000DB
:1029C00080B582B00190019801F03EFA02B080BD5E
:1029D00080B582B00190019800F0BAFD02B080BDD0
:1029E00080B584B0039002910192039800900299FF
:1029F00001F032FA0098019900F0B2FD009804B09D
:102A000080BD00000000000080B582B001900198F8
:102A100001F01AFA02B080BD80B582B00190019831
:102A200000F0A6FD02B080BD80B584B00390029195
:102A3000019203980090029901F00EFA0098019912
:102A400000F09EFD009804B080BD00000000000072
:102A500080B582B00190019801F0F6F902B080BD16
:102A600080B582B00190019800F092FD02B080BD67
:102A700080B584B00390029101920398009002996E
:102A800001F0EAF90098019900F08AFD009804B07D
:102A900080BD00000000000080B582B00190019868
:102AA00001F0D2F902B080BD80B582B001900198EA
:102AB00000F096FE02B080BD80B586B0059004910E
:102AC000039205980190049901F0C6F9019800F06D
:102AD0008FFE019806B080BD80B582B0019001984C
:102AE00001F0B2F902B080BD80B582B001900198CA
:102AF00000F08AFE02B080BD80B586B005900491DA
:102B0000039205980190049901F0A6F9019800F04C
:102B100083FE019806B080BD80B584B0029001911B
:102B2000019801F0E1FD40B1FFE7019800900298A3
:102B3000009900F005FC039004E0029800F0F8FB17
:102B40000390FFE7039804B080BD00000000000080
:102B500082B00190019988680090002088600098F8
:102B600002B070470000000080B582B0019001986B
:102B70000090806830B1FFE7009842688168FEF7F6
:102B8000D7FCFFE702B080BD80B584B00290019110
:102B900002980090019941604168FEF7E1FC01460E
:102BA0000098816004B080BD80B582B0019001982A
:102BB0000090FFF7D9FF009802B080BD0000000030
:102BC00082B0019001998868009000208860009888
:102BD00002B070470000000080B582B001900198FB
:102BE0000090806830B1FFE7009842688168FEF786
:102BF000D7FCFFE702B080BD80B584B002900191A0
:102C000002980090019941604168FEF7E1FC01469D
:102C10000098816004B080BD80B582B001900198B9
:102C20000090FFF7D9FF009802B080BD00000000BF
:102C300080B584B0039003984068029002980068C1
:102C4000039948600398406828B1FFE703994868F2
:102C5000FEF7F6FBFFE70398806802998860039807
:102C600000F04AFB28B1FFE70298039989680860E1
:102C700008E0029801900398FAF7EAF801460198F3
:102C80004860FFE703980299086003980299FEF7ED
:102C9000D7FB04B080BD000080B586B004900391DE
:102CA0000398019004A80290FCF7BEFF0199024628
:102CB0000298891AF9F700FE0590059806B080BDC4
:102CC00080B582B0019001A8FCF7AEFF02B080BDD4
:102CD00083B00190009100980290029803B0704771
:102CE00082B0009000980190019802B070470000F7
:102CF00083B00190009100980290029803B0704751
:102D000082B0009000980190019802B070470000D6
:102D100080B584B0039002910398019002990091CC
:102D2000FCF75AFF009902460198891A084404B03A
:102D300080BD00000000000080B582B001900198C5
:102D4000FCF74AFF02B080BD80B584B003900291C9
:102D50000398019002990091FCF746FF0099024602
:102D60000198891A084404B080BD000000000000EA
:102D700080B582B001900198FCF736FF02B080BDAB
:102D800080B584B00390029103980190029900915C
:102D9000FCF73AFF009902460198891A084404B0EA
:102DA00080BD00000000000080B582B00190019855
:102DB000FCF72AFF02B080BD80B584B00390029179
:102DC0000398019002990091FCF74EFF009902468A
:102DD0000198891A084404B080BD0000000000007A
:102DE00080B582B001900198FCF73EFF02B080BD33
:102DF00080B584B0039002910398019002990091EC
:102E0000FCF73AFF009902460198891A084404B079
:102E100080BD00000000000080B582B001900198E4
:102E2000FCF72AFF02B080BD80B584B00190039109
:102E30000292039802990AF0EBFD0199086002984A
:102E4000486004B080BD000080B584B0019003915B
:102E50000292039802990AF027FE019908600298ED
:102E6000486004B080BD000080B584B0019003913B
:102E70000292039802990BF0F3F901990860029805
:102E8000486004B080BD000080B584B0019003911B
:102E90000292039802990BF033FA019908600298A4
:102EA000486004B080BD000080B584B001900391FB
:102EB0000292039802990BF07BFA0199086002983C
:102EC000486004B080BD000080B584B001900391DB
:102ED0000292039802990BF0BFFA019908600298D8
:102EE000486004B080BD000080B584B001900391BB
:102EF0000292039802990BF0F3FA01990860029884
:102F0000486004B080BD000080B584B00390029199
:102F10000192FFE70298019988420ED0FFE70398DB
:102F200000900298FCF790FE01460098FEF728FEFC
:102F3000FFE7029810300290ECE704B080BD00007B
:102F400080B584B0039002910192FFE70298019945
:102F500088420ED0FFE7039800900298FCF77CFEB1
:102F600001460098FEF744FEFFE7029810300290F9
:102F7000ECE704B080BD000080B584B003900291FE
:102F8000019201980090009850B1FFE703980299D0
:102F9000009B6FF0010202EB0312CDF78AFCFFE702
:102FA000039804B080BD000080B584B00390029106
:102FB000019201980090009838B1FFE703980299B8
:102FC000009A9200CDF775FCFFE7039804B080BD2E
:102FD00080B584B00390029101920198009000980E
:102FE00038B1FFE703980299009A9200CDF761FC8F
:102FF000FFE7039804B080BD80B584B003900291D0
:10300000019201980090009830B1FFE7039802996F
:10301000009ACDF7DAFBFFE7039804B080BD00000B
:1030200080B584B0039002910192019800900098BD
:1030300030B1FFE703980299009ACDF7C6FBFFE78E
:10304000039804B080BD000080B586B00090059163
:103050000492039304980599401A801002900398F3
:103060000599029AFFF7A0FF00980399029A01EBD5
:103070008201019104A901AA0BF046FB06B080BDB4
:1030800080B586B000900591049203930498059949
:10309000401A029003980599029AFFF7ADFF009835
:1030A0000399029A1144019104A901AA0BF038FB7B
:1030B00006B080BD0000000080B586B0009005918C
:1030C0000492039304980599401A00110290039802
:1030D0000599029AFFF750FF00980399029A01EBB5
:1030E0000211019104A901AA0BF026FB06B080BDD4
:1030F00080B586B0009005910492039304980599D9
:10310000401A8010029003980599029AFFF760FF19
:1031100000980399029A01EB8201019104A901AA86
:103120000BF016FB06B080BD80B586B0009005910F
:103130000492039304980599401A02900398059904
:10314000029AFFF76DFF00980399029A11440191CA
:1031500004A901AA0BF008FB06B080BD0000000026
:1031600080B584B0039002910192019801F0BCFAFD
:1031700040B1FFE70198009003980299009A01F08E
:10318000FBFA04E00398029901F0EAFAFFE704B0C1
:1031900080BD00000000000082B00090009802B0E6
:1031A000704700000000000082B00090009802B05C
:1031B000704700000000000082B00090009802B04C
:1031C000704700000000000082B00090009802B03C
:1031D000704700000000000082B00090009802B02C
:1031E000704700000000000082B00090009802B01C
:1031F000704700000000000082B00090009802B00C
:10320000704700000000000082B00090009802B0FB
:10321000704700000000000082B00090009802B0EB
:10322000704700000000000082B00090009802B0DB
:10323000704700000000000082B00090009802B0CB
:10324000704700000000000080B582B00190019836
:10325000006800900098FDF7C7FD02B080BD000037
:1032600080B584B00390039800680290029840688B
:10327000039908600398006828B1FFE7039908687C
:10328000FEF7DEF8FFE703988068029988600398EC
:1032900000F032F828B1FFE70298039989680860C6
:1032A00008E0029801900398F9F7D2FD01460198D1
:1032B0004860FFE703980299486003980299FEF777
:1032C000BFF804B080BD000082B00190019945F6BE
:1032D0008720C0F6040000F0C8FD000000000000D8
:1032E00082B00190019945F6D020C0F6040000F0AC
:1032F000BCFD00000000000081B0009000988168D3
:103300000968401AB0FA80F0400901B07047000027
:1033100081B00090009801B07047000000000000EC
:1033200081B00090009801B07047000000000000DC
:1033300080B582B00190019810F036FA02B080BDDD
:1033400080B582B0019000910198009910F035FA93
:1033500002B080BD0000000082B001910090009892
:103360000199016002B0704782B00191009000980D
:103370000199016002B0704782B0019100900098FD
:103380000199016002B0704782B0019100900098ED
:103390000199016002B0704782B0019100900098DD
:1033A0000199016002B0704782B0019100900098CD
:1033B0000199016002B0704782B0019100900098BD
:1033C0000199016002B0704782B0019100900098AD
:1033D0000199016002B0704782B00191009000989D
:1033E0000199016002B0704782B00191009000988D
:1033F0000199016002B0704781B00090009801B05F
:10340000704700000000000082B00090009802B0F9
:10341000704700000000000082B001900091019808
:1034200002B070470000000081B00090009801B029
:10343000704700000000000080B584B00290029840
:103440000190FDF77DFD019804B080BD00000000F3
:1034500081B00090009801B07047000000000000AB
:1034600082B001900091019802B070470000000006
:1034700081B00090009801B070470000000000008B
:1034800082B001900091019802B0704700000000E6
:1034900081B00090009801B070470000000000006B
:1034A00082B001900091019802B0704700000000C6
:1034B00081B00090009801B070470000000000004B
:1034C00082B001900091019802B0704700000000A6
:1034D00081B00090009801B070470000000000002B
:1034E00082B001900091019802B070470000000086
:1034F00081B00090009801B070470000000000000B
:1035000082B001900091019802B070470000000065
:1035100081B00090009801B07047000000000000EA
:1035200082B001900091019802B070470000000045
:1035300081B00090009801B07047000000000000CA
:1035400082B001900091019802B070470000000025
:1035500081B00090009801B07047000000000000AA
:1035600082B001900091019802B070470000000005
:1035700081B00090009801B070470000000000008A
:1035800082B001900091019802B0704700000000E5
:1035900081B00090009801B070470000000000006A
:1035A00082B001900091019802B0704700000000C5
:1035B00081B00090009801B070470000000000004A
:1035C00082B0019000910198009A1168526842609F
:1035D000016002B07047000081B00090009801B017
:1035E000704700000000000082B001900091019837
:1035F000009A116852684260016002B07047000092
:1036000081B00090009801B07047000000000000F9
:1036100082B0019000910198009A1168526842604E
:10362000016002B07047000081B00090009801B0C6
:10363000704700000000000082B0019000910198E6
:10364000009A116852684260016002B07047000041
:1036500081B00090009801B07047000000000000A9
:1036600082B0019000910198009A116852684260FE
:10367000016002B07047000081B00090009801B076
:10368000704700000000000082B001900091019896
:10369000009A116852684260016002B070470000F1
:1036A00081B00090009801B0704700000000000059
:1036B00082B0019000910198009A116852684260AE
:1036C000016002B07047000081B00090009801B026
:1036D000704700000000000082B001900091019846
:1036E000009A116852684260016002B070470000A1
:1036F00081B00090009801B0704700000000000009
:1037000082B0019000910198009A1168526842605D
:10371000016002B07047000081B00090009801B0D5
:10372000704700000000000082B0019000910198F5
:10373000009A116852684260016002B07047000050
:1037400081B00090009801B07047000000000000B8
:1037500082B0019000910198009A1168526842600D
:10376000016002B07047000081B00090009801B085
:10377000704700000000000080B584B002900298FD
:1037800001900AF021F9019804B080BD000000000A
:1037900081B00090009801B0704700000000000068
:1037A00080B584B00290029801900AF059F901980E
:1037B00004B080BD0000000081B00090009801B00E
:1037C000704700000000000080B584B002900298AD
:1037D00001900AF095F9019804B080BD0000000046
:1037E00081B00090009801B0704700000000000018
:1037F00080B584B00290029801900AF0C5F9019852
:1038000004B080BD0000000081B00090009801B0BD
:10381000704700000000000080B584B0029002985C
:1038200001900AF0F5F9019804B080BD0000000095
:1038300081B00090009801B07047000000000000C7
:1038400080B584B00290029801900AF025FA0198A0
:1038500004B080BD0000000081B00090009801B06D
:10386000704700000000000080B584B0029002980C
:1038700001900AF055FA019804B080BD00000000E4
:1038800081B00090009801B0704700000000000077
:1038900080B584B00290029801900AF085FA0198F0
:1038A00004B080BD0000000081B00090009801B01D
:1038B000704700000000000080B584B002900298BC
:1038C00001900AF0C9FA019804B080BD0000000020
:1038D00081B00090009801B0704700000000000027
:1038E00080B584B00290029801900AF0F9FA01982C
:1038F00004B080BD0000000081B00090009801B0CD
:10390000704700000000000080B584B0029002986B
:1039100001900AF029FB019804B080BD000000006E
:1039200081B00090009801B07047000000000000D6
:1039300080B584B00290029801900AF059FB01987A
:1039400004B080BD0000000081B00090009801B07C
:10395000704700000000000080B584B0029002981B
:1039600001900AF089FB019804B080BD00000000BE
:1039700081B00090009801B0704700000000000086
:1039800080B584B00290029801900AF0B9FB0198CA
:1039900004B080BD0000000081B00090009801B02C
:1039A000704700000000000080B584B002900298CB
:1039B00001900AF0E9FB019804B080BD000000000E
:1039C00081B00090009801B0704700000000000036
:1039D00080B584B00290029801900AF019FC019819
:1039E00004B080BD0000000081B00090009801B0DC
:1039F000704700000000000080B584B0029002987B
:103A000001900AF055FC019804B080BD0000000050
:103A100081B00090009801B07047000000000000E5
:103A200080B584B00290029801900AF099FC019848
:103A300004B080BD0000000081B00090009801B08B
:103A4000704700000000000080B584B0029002982A
:103A500001900AF0DDFC019804B080BD0000000078
:103A600081B00090009801B0704700000000000095
:103A700080B584B00290029801900AF011FD01987F
:103A800004B080BD0000000081B00090009801B03B
:103A9000704700000000000080B584B002900298DA
:103AA00001900AF041FD019804B080BD00000000C3
:103AB00082B001900091019802B0704700000000B0
:103AC00082B00190009101980021016002B070471E
:103AD00081B00090009801B0704700000000000025
:103AE00082B00190009101980021016002B07047FE
:103AF00081B00090009801B0704700000000000005
:103B000082B00190009101980021016002B07047DD
:103B100081B00090009801B07047000000000000E4
:103B200082B001900091019800990968016002B08B
:103B3000704700000000000081B00090009801B0C4
:103B4000704700000000000082B0019000910198D1
:103B500000990968016002B0704700000000000091
:103B600081B00090009801B0704700000000000094
:103B700082B001900091019800990968016002B03B
:103B8000704700000000000081B00090009801B074
:103B9000704700000000000082B001900091019881
:103BA00000990968016002B0704700000000000041
:103BB00081B00090009801B0704700000000000044
:103BC00082B001900091019800990968016002B0EB
:103BD000704700000000000081B00090009801B024
:103BE000704700000000000082B001900091019831
:103BF00000990968016002B07047000000000000F1
:103C000081B00090009801B07047000000000000F3
:103C100082B001900091019800990968016002B09A
:103C2000704700000000000081B00090009801B0D3
:103C3000704700000000000082B0019000910198E0
:103C400000990968016002B07047000000000000A0
:103C500081B00090009801B07047000000000000A3
:103C600082B001900091019800990968016002B04A
:103C7000704700000000000081B00090009801B083
:103C8000704700000000000082B001900091019890
:103C900000990968016002B0704700000000000050
:103CA00081B00090009801B0704700000000000053
:103CB00082B001900091019800990968016002B0FA
:103CC000704700000000000081B00090009801B033
:103CD000704700000000000082B001900091019840
:103CE0000021016002B0704781B00090009801B0DF
:103CF000704700000000000082B001900091019820
:103D00000021016002B0704781B00090009801B0BE
:103D1000704700000000000082B0019000910198FF
:103D20000021016002B0704781B00090009801B09E
:103D3000704700000000000082B000900098002151
:103D4000016002B07047000082B0019000910198BC
:103D50000021016002B0704782B00190009101988B
:103D600000990968016002B070470000000000007F
:103D700082B001900091019800990968016002B039
:103D8000704700000000000081B00090009801B072
:103D9000704700000000000082B00190009101987F
:103DA0000021016002B0704781B000900098006867
:103DB00001B070470000000082B0019000910198AE
:103DC0000099016002B0704781B0009000980068CF
:103DD00001B070470000000082B00190009101988E
:103DE0000099016002B0704781B0009000980068AF
:103DF00001B070470000000082B00190009101986E
:103E00000099016002B0704781B00090009800688E
:103E100001B070470000000082B00190009101984D
:103E20000099016002B0704781B00090009800686E
:103E300001B070470000000082B00190009101982D
:103E40000099016002B0704781B00090009801B005
:103E5000704700000000000082B0019000910198BE
:103E600000990968016002B0704784B0844601A8D7
:103E70000EC040F2703001AAC2F2004061460092CA
:103E8000CCF777FECDF78CFC80B588B00790069311
:103E9000059204910499059A069B0393029201915D
:103EA0000199029A039B00F0B3FD08B080BD0000A9
:103EB00080B588B007900693059204910499059AFD
:103EC000069B0393029201910199029A039B00F0D1
:103ED000BBFD08B080BD000080B588B00790069398
:103EE000059204910499059A069B0393029201910D
:103EF0000199029A039B00F0C3FD08B080BD000049
:103F000080B588B007900693059204910499059AAC
:103F1000069B0393029201910199029A039B00F080
:103F2000CBFD08B080BD000080B584B00390029145
:103F300002990191019900F0DBFD04B080BD000001
:103F400080B584B00390029102990191019900F02B
:103F5000E7FD04B080BD000080B584B003900291FD
:103F600002990191019900F0F3FD04B080BD0000B9
:103F700080B582B001900198FBF7A2FE02B080BD2F
:103F800080B582B001900198FBF7A2FE02B080BD1F
:103F900080B582B001900198FBF7A2FE02B080BD0F
:103FA00080B582B001900198FBF7A2FE02B080BDFF
:103FB00080B582B001900198FBF7A2FE02B080BDEF
:103FC00080B582B001900198FBF7A2FE02B080BDDF
:103FD00080B582B001900198FBF7A2FE02B080BDCF
:103FE00080B582B001900198FBF7A2FE02B080BDBF
:103FF00080B582B001900198FBF7A2FE02B080BDAF
:1040000080B582B001900198FBF7A2FE02B080BD9E
:1040100080B582B001900198FBF7A2FE02B080BD8E
:1040200083B0029001918DF80320029801990160FC
:104030009DF8031001F00101017103B07047000009
:1040400080B584B003900291039801900079C00775
:1040500060B1FFE701980068009002981030FFF708
:1040600087FF01460098FDF7DFFAFFE7029838B1B5
:10407000FFE70198006802990122FDF7C9FAFFE7FE
:1040800004B080BD0000000083B0029001918DF863
:1040900003200298019901609DF8031001F00101CD
:1040A000017103B07047000080B584B003900291A5
:1040B000039801900079C00760B1FFE7019800689C
:1040C000009002981030FFF75BFF01460098FDF763
:1040D000E3FAFFE7029838B1FFE701980068029918
:1040E0000122FDF7CDFAFFE704B080BD000000001B
:1040F00083B0029001918DF803200298019901602C
:104100009DF8031001F00101017103B07047000038
:1041100080B584B003900291039801900079C007A4
:1041200060B1FFE701980068009002981030FFF737
:104130002FFF01460098FDF7E7FAFFE7029838B134
:10414000FFE70198006802990122FDF7D1FAFFE725
:1041500004B080BD0000000083B0029001918DF892
:1041600003200298019901609DF8031001F00101FC
:10417000017103B07047000080B584B003900291D4
:10418000039801900079C00760B1FFE701980068CB
:10419000009002981030FFF703FF01460098FDF7EA
:1041A000EBFAFFE7029838B1FFE70198006802993F
:1041B0000122FDF7D5FAFFE704B080BD0000000042
:1041C00083B0029001918DF803200298019901605B
:1041D0009DF8031001F00101017103B07047000068
:1041E00080B584B003900291039801900079C007D4
:1041F00060B1FFE701980068009002981030FFF767
:10420000D7FE01460098FDF707FBFFE7029838B19B
:10421000FFE70198006802990122FDF7F1FAFFE734
:1042200004B080BD0000000083B0029001918DF8C1
:1042300003200298019901609DF8031001F001012B
:10424000017103B07047000080B584B00390029103
:10425000039801900079C00760B1FFE701980068FA
:10426000009002981030FFF7ABFE01460098FDF772
:104270000BFBFFE7029838B1FFE70198006802994D
:104280000122FDF7F5FAFFE704B080BD0000000051
:1042900083B0029001918DF803200298019901608A
:1042A0009DF8031001F00101017103B07047000097
:1042B00080B584B003900291039801900079C00703
:1042C00060B1FFE701980068009002981030FFF796
:1042D0007FFE01460098FDF70FFBFFE7029838B11B
:1042E000FFE70198006802990122FDF7F9FAFFE75C
:1042F00004B080BD0000000083B0029001918DF8F1
:1043000003200298019901609DF8031001F001015A
:10431000017103B07047000080B584B00390029132
:10432000039801900079C00760B1FFE70198006829
:10433000009002981030FFF753FE01460098FDF7F9
:1043400013FBFFE7029838B1FFE701980068029974
:104350000122FDF7FDFAFFE704B080BD0000000078
:1043600083B0029001918DF80320029801990160B9
:104370009DF8031001F00101017103B070470000C6
:1043800080B584B003900291039801900079C00732
:1043900060B1FFE701980068009002981030FFF7C5
:1043A00027FE01460098FDF717FBFFE7029838B19A
:1043B000FFE70198006802990122FDF701FBFFE782
:1043C00004B080BD0000000083B0029001918DF820
:1043D00003200298019901609DF8031001F001018A
:1043E000017103B07047000080B584B00390029162
:1043F000039801900079C00760B1FFE70198006859
:10440000009002981030FFF7FBFD01460098FDF781
:104410001BFBFFE7029838B1FFE70198006802999B
:104420000122FDF705FBFFE704B080BD000000009E
:1044300083B0029001918DF80320029801990160E8
:104440009DF8031001F00101017103B070470000F5
:1044500080B584B003900291039801900079C00761
:1044600060B1FFE701980068009002981030FFF7F4
:10447000CFFD01460098FDF71FFBFFE7029838B11A
:10448000FFE70198006802990122FDF709FBFFE7A9
:1044900004B080BD000000006FF0004070470000D5
:1044A00080B58EB003900D910C920B930D990C9AE0
:1044B00009A8FCF71DFC099801900A9802900B9836
:1044C000FBF7D2FE019A029B6946086007A80DF12E
:1044D0001B01F8F755F90D980799FBF79DFF05901B
:1044E0000B980899FBF798FC01460398049105A9DD
:1044F00004AA0AF025F80EB080BD000000000000FC
:1045000080B58EB003900D910C920B930D990C9A7F
:1045100009A8FCF705FC099801900A9802900B98ED
:10452000FBF7AAFE019A029B6946086007A80DF1F5
:104530001B01F8F735F90D980799FBF779FF0590FE
:104540000B980899FBF774FC01460398049105A9A0
:1045500004AA0AF00DF80EB080BD000000000000B3
:1045600080B58EB003900D910C920B930D990C9A1F
:1045700009A8FCF7EDFB099801900A9802900B98A6
:10458000FBF76AFE019A029B6946086007A80DF1D5
:104590001B01F8F715F90D980799FBF755FF0590E2
:1045A0000B980899FBF72CFC01460398049105A988
:1045B00004AA09F0F5FF0EB080BD00000000000065
:1045C00080B58EB003900D910C920B930D990C9ABF
:1045D00009A8FCF7D5FB099801900A9802900B985E
:1045E000FBF742FE019A029B6946086007A80DF19D
:1045F0001B01F8F7F5F80D980799FBF731FF0590C7
:104600000B980899FBF708FC01460398049105A94B
:1046100004AA09F0D1FF0EB080BD00000000000028
:1046200080B590B003900F930E910D920E990D9A54
:104630000BA8FCF7BDFB0B9801900C9802900F980B
:1046400007900798FBF7D4FD019A029B6946086022
:1046500009A80DF12301F8F7D3F80E980999FBF793
:104660000BFF06900F9804900A990498FBF780FBC3
:1046700001460398059106A905AA09F0A9FF10B003
:1046800080BD00000000000080B58EB003900D9149
:104690000C920B930D990C9A09A8FCF789FB0998C9
:1046A00001900A9802900B98FBF7E6FD019A029B95
:1046B0006946086007A80DF11B01F8F7A1F80D98ED
:1046C0000799FBF7D9FE05900B980899FBF7B0FB0B
:1046D00001460398049105A904AA09F085FF0EB0CC
:1046E00080BD00000000000081B000900099002013
:1046F000082988BF012001B07047000000000000B9
:1047000080B582B001900091019800990AF05BFC9D
:1047100002B080BD0000000080B584B0039002911B
:10472000019203980299019A0AF04FFC04B080BDEF
:1047300045F6BD30C0F60400FFF797FB000000000F
:1047400081B00090009801B07047000000000000A8
:1047500081B00090009801B0704700000000000098
:1047600080B582B00190009101980099FFF7C8FFD1
:1047700002B080BD0000000080B584B003900291BB
:10478000019203980299019AFFF7C6FF04B080BD19
:1047900080B588B00790069106990798081AB0FA74
:1047A00080F040090873FFE70699079A00209142BC
:1047B000039008D0FFE70698F8F74AFB007B80F0EB
:1047C00001000390FFE70398C007002800F09780DE
:1047D000FFE70698F8F73CFBFEF78EFD002847D070
:1047E000FFE70698F8F734FBF8F732FB40680590CE
:1047F0000598E8B1FFE70598007BC007C0B9FFE75F
:104800000698F8F725FB0690069901200290087398
:104810000698F8F71DFB014602980691069A07993B
:10482000511AB1FA81F149091173059908731EE013
:104830000698FEF761FD40B9FFE70698F8F708FB18
:1048400006900698FEF7F4F9FFE70698F8F700FBE4
:1048500006900699012008730698F8F7F9FA069071
:104860000699002008730698FEF7FAFC47E045E039
:104870000698F8F7EDFA8068006804900498E8B1AB
:10488000FFE70498007BC007C0B9FFE70698F8F778
:10489000DFFA069006990120019008730698F8F750
:1048A000D7FA014601980691069A0799511AB1FA6A
:1048B00081F149091173049908731EE00698FEF707
:1048C0001BFD40B1FFE70698F8F7C2FA069006987C
:1048D000FEF7C6FCFFE70698F8F7BAFA06900699C5
:1048E000012008730698F8F7B3FA0690069900209D
:1048F00008730698FEF79CF901E0FFE754E708B05B
:1049000080BD00000000000080B584B003900291DB
:10491000019203980299019A08F032FE04B080BD1A
:1049200080B584B003900291019203980299019A94
:1049300008F036FE04B080BD80B584B003900291CB
:10494000019203980299019A08F03AFE04B080BDE2
:1049500080B584B003900291019203980299019A64
:1049600008F03EFE04B080BD80B584B00390029193
:10497000019203980299019A08F042FE04B080BDAA
:1049800084B0039002910192009303980299016010
:10499000019941600099816004B0704700000000F7
:1049A00084B00390029101920093039802990160F0
:1049B000019941600099816004B0704700000000D7
:1049C00084B00390029101920093039802990160D0
:1049D000019941600099816004B0704700000000B7
:1049E00084B00390029101920093039802990160B0
:1049F000019941600099816004B070470000000097
:104A000081B0009000990120087001B0704700004B
:104A100084B00393029201910090009800210170EC
:104A200004B070470000000081B00090009801B011
:104A3000704700000000000081B000900099012044
:104A4000087001B07047000084B003930292019196
:104A5000009000980021017004B070470000000031
:104A600081B00090009801B0704700000000000085
:104A700081B0009000990120087001B070470000DB
:104A800084B003930292019100900098002101707C
:104A900004B070470000000081B00090009801B0A1
:104AA000704700000000000081B0009000990120D4
:104AB000087001B07047000084B003930292019126
:104AC000009000980021017004B0704700000000C1
:104AD00081B00090009801B0704700000000000015
:104AE00081B0009000990120087001B0704700006B
:104AF00082B00191009000980021017002B07047CF
:104B000081B00090009801B07047000000000000E4
:104B100081B0009000990120087001B0704700003A
:104B200082B00191009000980021017002B070479E
:104B300081B00090009801B07047000000000000B4
:104B400081B0009000990120087001B0704700000A
:104B500082B00191009000980021017002B070476E
:104B600081B00090009801B0704700000000000084
:104B700080B58AB009900891079206930899079A20
:104B800004A8FCF7E5F809980290049800900598AD
:104B900001900698FBF760FB0099019A0346029882
:104BA00000F03AF9039006980399FBF729F90AB047
:104BB00080BD00000000000080B58AB00990089117
:104BC000079206930899079A04A8FCF791F80998A8
:104BD000029004980090059801900698FBF744FB1A
:104BE0000099019A0346029800F026F9039006986E
:104BF0000399FBF711F90AB080BD00000000000026
:104C000080B58AB009900891079206930899079A8F
:104C100004A8FCF7B5F8099802900498009005984C
:104C200001900698FBF720FB0099019A0346029831
:104C300000F03EF9039006980399FBF7EDF80AB0EF
:104C400080BD00000000000080B58AB00990089186
:104C5000079206930899079A04A8FCF761F8099847
:104C6000029004980090059801900698FBF704FBC9
:104C70000099019A0346029800F02AF903900698D9
:104C80000399FBF7D5F80AB080BD000000000000D2
:104C900080B58AB009900891079206930899079AFF
:104CA00004A8FCF785F809980290049800900598EC
:104CB00001900698FBF7E0FA0099019A03460298E2
:104CC00000F042F9039006980399FBF7B1F80AB097
:104CD00080BD00000000000080B584B00390029108
:104CE0000192009300980299019A521ACBF7AFFDF6
:104CF00004B080BD0000000080B584B00390029134
:104D00000192009300980299019A521ACBF79FFDE5
:104D100004B080BD0000000080B58CB00B900A91FB
:104D200009920893089807900B9903A807AA08AB63
:104D3000FFF726FE0399049A059B0DF11B00FFF770
:104D4000A3F80A980290FFE70298099988420CD0CC
:104D5000FFE70B980899029AFCF732FF029810308F
:104D60000290089810300890EEE70DF11B000190BA
:104D7000FFF746FE0B980A99099AFEF7C5F80198C5
:104D8000FFF752FE0CB080BD80B58CB00B900A913D
:104D900009920893089807900B9903A807AA08ABF3
:104DA000FFF7FEFD0399049A059B0DF11B00FFF729
:104DB0007FF80A980290FFE70298099988420CD080
:104DC000FFE70B980899029AFCF732FF029810301F
:104DD0000290089810300890EEE70DF11B0001904A
:104DE000FFF72AFE0B980A99099AFEF7A9F801988D
:104DF000FFF736FE0CB080BD80B584B00390029101
:104E00000192009300980299019A521ACBF798FCEC
:104E100004B080BD0000000080B584B00390029112
:104E20000192009302980199009A00F0FDFD04B0F0
:104E300080BD00000000000080B58CB00B900A918E
:104E400009920893089807900B9903A807AA08AB42
:104E5000FFF7B6FD0399049A059B0DF11B00FFF7C0
:104E60003BF8FFE70A980999884211D0FFE70B98B1
:104E700002900898FAF7F8FE014602980A9AFCF7A1
:104E800003FF0A9804300A90089804300890E9E774
:104E90000DF11B000090FFF7EBFD009808990191C0
:104EA000FFF7FAFD01980CB080BD00000000000083
:104EB00080B584B003900291019200930298019909
:104EC000009A00F0C1FD04B080BD000000000000A9
:104ED00080B58CB00B900A910992089308980790BE
:104EE0000B9903A807AA08ABFFF77AFD0399049A68
:104EF000059B0DF11B00FFF703F8FFE70A980999DE
:104F0000884211D0FFE70B9802900898FAF7B4FE98
:104F1000014602980A9AFCF7E7FE0A9801300A90C7
:104F2000089801300890E9E70DF11B000090FFF7A9
:104F3000BBFD009808990191FFF7CAFD01980CB0DC
:104F400080BD00000000000080B584B00390029195
:104F50000192009302980199009A00F099FD04B023
:104F600080BD00000000000081B000900098043077
:104F700001B070470000000081B00090009800F57B
:104F8000007001B07047000080B582B001900198B8
:104F9000FAF786FE02B080BD80B584B0039002911E
:104FA0000398029A01A901F007FE0090009800689A
:104FB00030B9FFE745F68130C0F60400FEF790F9FE
:104FC000009800681030FAF77BFE043004B080BD12
:104FD00080B584B00290029801F0C2FF019001995F
:104FE00003A8FBF779F9039804B080BD0000000026
:104FF00080B584B0029001910298019901F0C0FF40
:105000000090009903A8FBF767F9039804B080BDEE
:1050100080B584B00290029802F006F801900199E0
:1050200003A8FBF759F9039804B080BD0000000005
:1050300080B582B0019000910198009901F054FE72
:1050400002B080BD0000000080B586B000900591E0
:1050500004920599049A02A8019001F071FE00984B
:10506000019900F0C5FF06B080BD000000000000FF
:1050700080B584B00390039801900DF10B0000906F
:10508000FEF78AF80198009902F036F8019804B00A
:1050900080BD00000000000080B582B00190019842
:1050A000009002F049F8009802B080BD00000000B6
:1050B00080B584B0039002910398029A01A902F08E
:1050C0006BF800900098006830B9FFE745F6813032
:1050D000C0F60400FEF704F9009800681030FAF7F3
:1050E000F7FD043004B080BD80B584B00290029812
:1050F00002F026FA0190019903A8FBF701F9039841
:1051000004B080BD0000000080B584B00290029819
:1051100002F07AFA0190019903A8FBF7F1F80398DD
:1051200004B080BD0000000080B582B00190009105
:105130000198009902F0C8F802B080BD000000009C
:1051400080B586B00090059104920599049A02A852
:10515000019002F0E5F80098019900F05DFF06B0BB
:1051600080BD00000000000080B584B0039003986B
:1051700001900DF10B000090FEF716F801980099D0
:1051800002F0AAFA019804B080BD000000000000FF
:1051900080B582B001900198009002F0BDFA0098AD
:1051A00002B080BD0000000080B584B00390029181
:1051B0000398029A01A902F0DFFA009000980068B3
:1051C00030B9FFE745F68130C0F60400FEF788F8F5
:1051D000009800681030FAF783FD043004B080BDF9
:1051E00080B582B0019000910198009902F05CFBBB
:1051F00002B080BD0000000080B586B0009005912F
:1052000004920599049A02A8019002F079FB009893
:10521000019900F015FF06B080BD000000000000FD
:1052200080B584B00390039801900DF10B000090BD
:10523000FDF7C2FF0198009902F02EFD019804B01D
:1052400080BD00000000000080B582B00190019890
:10525000009002F041FD009802B080BD0000000007
:1052600080B584B00290029802F0CEFF01900199BF
:1052700003A8FBF761F8039804B080BD00000000AC
:1052800080B584B0029001910298019902F0CCFFA0
:105290000090009903A8FBF74FF8039804B080BD75
:1052A00080B584B00290029803F012F80190019941
:1052B00003A8FBF741F8039804B080BD000000008C
:1052C00080B582B0019000910198009902F0CCFD68
:1052D00002B080BD0000000080B586B0009005914E
:1052E00004920599049A02A8019002F0E9FD009841
:1052F000019900F0B9FE06B080BD0000000000007A
:1053000080B584B00390039801900DF10B000090DC
:10531000FDF75AFF0198009903F042F8019804B094
:1053200080BD00000000000080B582B001900198AF
:10533000009003F055F8009802B080BD0000000016
:1053400080B58CB00B900A910B9803900A9804904A
:10535000FCF7DAFC0790FCF7D3FC0399049A6B4640
:105360000DF11B00586007A8186045F2E043C0F635
:10537000040308A8059002F0EFFE0598F7F7A8FCD3
:10538000FAF7B6FC04300CB080BD0000000000004D
:1053900080B584B0039002910398029A01A903F0AA
:1053A0004FF800900098006830B9FFE745F681306B
:1053B000C0F60400FDF794FF009800681030FAF77B
:1053C0009FFC043004B080BD80B586B0009005918C
:1053D00004920599049A02A8019003F0A1F800989C
:1053E000019900F055FE06B080BD000000000000ED
:1053F00080B584B00390039801900DF10B000090EC
:10540000FDF7EAFE0198009903F0A2F9019804B0B3
:1054100080BD00000000000080B582B001900198BE
:10542000009003F0B5F9009802B080BD00000000C4
:1054300080B584B0039002910398029A01A903F009
:10544000D7F900900098006830B9FFE745F6813041
:10545000C0F60400FDF744FF009800681030FAF72A
:1054600057FC043004B080BD80B584B0029002982F
:1054700003F092FB0190019903A8FAF779FF0398D2
:1054800004B080BD0000000080B584B0029001919E
:105490000298019903F090FB0090009903A8FAF795
:1054A00067FF039804B080BD80B584B00290029875
:1054B00003F0D6FB0190019903A8FAF759FF03986E
:1054C00004B080BD0000000080B582B00190009162
:1054D0000198009903F024FA02B080BD000000009A
:1054E00080B586B00090059104920599049A02A8AF
:1054F000019003F041FA0098019900F0DDFD06B03B
:1055000080BD00000000000080B584B003900398C7
:1055100001900DF10B000090FDF766FE01980099D7
:1055200003F006FC019804B080BD000000000000FC
:1055300080B582B001900198009003F019FC0098AA
:1055400002B080BD0000000080B584B002900298D7
:1055500003F012FE0190019903A8FAF71DFF0398CA
:1055600004B080BD0000000080B584B002900298B5
:1055700003F066FE0190019903A8FAF70DFF039866
:1055800004B080BD0000000080B582B001900091A1
:105590000198009903F0B4FC02B080BD0000000047
:1055A00080B586B00090059104920599049A02A8EE
:1055B000019003F0D1FC0098019900F091FD06B034
:1055C00080BD00000000000080B584B00390039807
:1055D00001900DF10B000090FDF70EFE019800996F
:1055E00003F096FE019804B080BD000000000000AA
:1055F00080B582B001900198009003F0A9FE009858
:1056000002B080BD0000000080B584B00290029816
:1056100004F0A2F80190019903A8FAF7D1FE0398CB
:1056200004B080BD0000000080B584B002900191FC
:105630000298019904F0A0F80090009903A8FAF7E5
:10564000BFFE039804B080BD80B582B00190009188
:105650000198009903F044FF02B080BD00000000F3
:1056600080B586B00090059104920599049A02A82D
:10567000019003F061FF0098019900F045FD06B02C
:1056800080BD00000000000080B584B00390039846
:1056900001900DF10B000090FDF7B6FD0198009907
:1056A00004F016F9019804B080BD0000000000006D
:1056B00080B582B001900198009004F029F900981B
:1056C00002B080BD0000000080B584B00290029856
:1056D00004F022FB0190019903A8FAF779FE0398E0
:1056E00004B080BD0000000080B584B00290029834
:1056F00004F076FB0190019903A8FAF769FE03987C
:1057000004B080BD0000000080B582B0019000911F
:105710000198009904F0C4F902B080BD00000000B7
:1057200080B586B00090059104920599049A02A86C
:10573000019004F0E1F90098019900F0F9FC06B03D
:1057400080BD00000000000080B584B00390039885
:1057500001900DF10B000090FDF75EFD019800999E
:1057600004F0A6FB019804B080BD0000000000001A
:1057700080B582B001900198009004F0B9FB0098C8
:1057800002B080BD0000000080B582B001900091A1
:105790000198009904F074FC02B080BD0000000084
:1057A00080B586B00090059104920599049A02A8EC
:1057B000019004F091FC0098019900F0CDFC06B036
:1057C00080BD00000000000080B584B00390039805
:1057D00001900DF10B000090FDF726FD0198009956
:1057E00004F046FE019804B080BD000000000000F7
:1057F00080B582B001900198009004F059FE0098A5
:1058000002B080BD0000000080B584B00290029814
:1058100005F052F80190019903A8FAF7F5FD0398F5
:1058200004B080BD0000000080B584B002900191FA
:105830000298019905F050F80090009903A8FAF732
:10584000E3FD039804B080BD80B582B00190009163
:105850000198009904F0F4FE02B080BD0000000041
:1058600080B586B00090059104920599049A02A82B
:10587000019004F011FF0098019900F081FC06B03E
:1058800080BD00000000000080B584B00390039844
:1058900001900DF10B000090FDF7CEFC01980099EE
:1058A00005F0C6F8019804B080BD000000000000BB
:1058B00080B582B001900198009005F0D9F8009869
:1058C00002B080BD0000000080B584B0039002915A
:1058D0000398029900F004F804B080BD00000000B5
:1058E00080B584B0029001910299019A0DF10F00E8
:1058F000F8F73EF818B1FFE70198009002E002982F
:105900000090FFE7009804B080BD00000000000098
:1059100080B584B0039002910398029900F004F8D6
:1059200004B080BD0000000080B584B002900191F9
:105930000299019A0DF10F00F8F72EF818B1FFE760
:105940000198009002E002980090FFE7009804B0F0
:1059500080BD00000000000080B584B0039002917B
:105960000398029900F004F804B080BD0000000024
:1059700080B584B0029001910199029A0DF10F0057
:10598000F7F7F6FF18B1FFE70198009002E00298E0
:105990000090FFE7009804B080BD00000000000008
:1059A00080B584B0039002910398029900F004F846
:1059B00004B080BD0000000080B584B00290019169
:1059C0000199029A0DF10F00F7F7E6FF18B1FFE712
:1059D0000198009002E002980090FFE7009804B060
:1059E00080BD00000000000080B586B005900491E5
:1059F00003920599049A039B01A800F041FF0298C5
:105A000006B080BD0000000080B586B0059004910E
:105A100003920599049A039B01A800F03DFF0298A8
:105A200006B080BD0000000080B586B005900491EE
:105A300003920599049A039B01A800F039FF02988C
:105A400006B080BD0000000080B586B005900491CE
:105A500003920599049A039B01A800F035FF029870
:105A600006B080BD0000000080B588B006920590A9
:105A700004910599049A06980190019B02A800F0F0
:105A80002FFF03980790079808B080BD0000000022
:105A900080B586B00590049103920599049A039B02
:105AA00001A800F02DFF029806B080BD00000000A4
:105AB00080B586B0059004910392059802900498F1
:105AC0000190039A0298019900F026FF06B080BD6C
:105AD00080B584B003900291019203980299019AD3
:105AE00000F02EFF04B080BD80B584B00390029119
:105AF000019203980299019A00F032FF04B080BD30
:105B000080B584B003900291019203980299019AA2
:105B100000F036FF04B080BD80B58CB00A900991CA
:105B200008920A9806900A9803900398FAF76CFB7B
:105B30000490099801900198FAF766FB0290089A80
:105B4000049802990DF11F0300F02AFF05900698B2
:105B50000599FAF71DF90B900B980CB080BD000069
:105B600080B58CB00A90099108920A9806900A981C
:105B700003900398FAF754FB049009980190019858
:105B8000FAF74EFB0290089A049802990DF11F0350
:105B900000F02EFF059006980599FAF709F90B9089
:105BA0000B980CB080BD000080B584B003900291CA
:105BB000019203980090F6F777FC0099019A5060E3
:105BC0000868029A106002980268506001980860A4
:105BD00004B080BD0000000080B582B00090009845
:105BE000F9F7EEF80190019802B080BD00000000C6
:105BF00080B582B000900098F9F7FEF80190019806
:105C000002B080BD0000000080B586B00590049110
:105C100005980190049B00221146F9F775F803904E
:105C20000398F9F7BDFE014601980291029A1146C8
:105C3000FFF7BAFF0198F9F7D3F801460868013079
:105C4000086006B080BD000080B582B00190019868
:105C50000090F9F70DF9009802B080BD0000000037
:105C600080B582B0019001980090F9F715F900987D
:105C700002B080BD0000000080B584B003900291A6
:105C8000019203980090F6F733FC0099019A506056
:105C90000868029A106002980268506001980860D3
:105CA00004B080BD0000000080B582B00090009874
:105CB000F9F766F90190019802B080BD000000007C
:105CC00080B582B000900098F9F776F901900198BC
:105CD00002B080BD0000000080B586B00590049140
:105CE00005980190049B00221146F9F7EDF8039006
:105CF0000398F9F77DFE014601980291029A114638
:105D0000FFF7BAFF0198F9F74BF90146086801302F
:105D1000086006B080BD000080B582B00190019897
:105D20000090F9F785F9009802B080BD00000000EE
:105D300080B582B0019001980090F9F78DF9009834
:105D400002B080BD0000000080B582B001900091DB
:105D5000009901A807F048FA019802B080BD000040
:105D600080B582B001900091009901A807F04CFA2B
:105D7000019802B080BD000080B582B00190009112
:105D8000009901A807F050FA019802B080BD000008
:105D900080B582B001900091009901A807F054FAF3
:105DA000019802B080BD000080B582B001900091E2
:105DB000009901A807F058FA019802B080BD0000D0
:105DC00082B00190009101980099096801600099E2
:105DD0004968416002B0704782B00190009101981B
:105DE00000990968016000994968416002B07047F4
:105DF00082B00190009101980099096801600099B2
:105E00004968416002B0704780B586B00491029045
:105E10000298009004A90DF10F0200F005F8009817
:105E200006B080BD0000000080B586B004900391EC
:105E30000292049801900398FFF7A6F80146019892
:105E4000096801600021416006B080BD00000000CB
:105E500082B0019000910198009909680160009951
:105E60004968416002B0704782B00190009101988A
:105E700000990968016000994968416002B0704763
:105E800082B0019000910198009909680160009921
:105E90004968416002B0704782B00190009101985A
:105EA00000990968016000994968416002B0704733
:105EB00082B00190009101980099096801600099F1
:105EC0004968416002B0704782B00190009101982A
:105ED00000990968016000994968416002B0704703
:105EE00082B00190009101980099096801600099C1
:105EF0004968416002B0704782B0019000910198FA
:105F000000990968016000994968416002B07047D2
:105F100083B0029001910092029801990968016092
:105F200000990968416003B070470000000000005C
:105F300083B0029001910092029801990968016072
:105F400000990968416003B070470000000000003C
:105F500083B0029001910092029801990968016052
:105F600000990968416003B070470000000000001C
:105F700083B0029001910092029801990968016032
:105F800000990968416003B07047000000000000FC
:105F900083B0029001910092029801990968016012
:105FA00000990968416003B07047000000000000DC
:105FB00083B00290019100920298019909680160F2
:105FC00000990968416003B07047000000000000BC
:105FD00083B00290019100920298019909680160D2
:105FE00000990968416003B070470000000000009C
:105FF00080B584B0039002910398009002990968DB
:1060000001910199FAF768F900980299097901F06C
:106010000101017104B080BD80B584B0039002918C
:10602000039800900299096801910199FAF768F9BB
:1060300000980299097901F00101017104B080BD55
:1060400080B584B00390029103980090029909688A
:1060500001910199FAF768F900980299097901F01C
:106060000101017104B080BD80B584B0039002913C
:10607000039800900299096801910199FAF75CF977
:1060800000980299097901F00101017104B080BD05
:1060900080B584B00390029103980090029909683A
:1060A00001910199FAF75CF900980299097901F0D8
:1060B0000101017104B080BD80B584B003900291EC
:1060C000039800900299096801910199FAF750F933
:1060D00000980299097901F00101017104B080BDB5
:1060E00080B584B0039002910398009002990968EA
:1060F00001910199FAF750F900980299097901F094
:106100000101017104B080BD80B584B0039002919B
:10611000039800900299096801910199FAF750F9E2
:1061200000980299097901F00101017104B080BD64
:1061300080B584B003900291039800900299096899
:1061400001910199FAF744F900980299097901F04F
:106150000101017104B080BD80B584B0039002914B
:10616000039800900299096801910199FAF744F99E
:1061700000980299097901F00101017104B080BD14
:1061800080B584B003900291039800900299096849
:1061900001910199FAF738F900980299097901F00B
:1061A0000101017104B080BD83B0029001910092A1
:1061B00002980199096801600099097801F00101CC
:1061C000017103B07047000083B00290019100920A
:1061D00002980199096801600099097801F00101AC
:1061E000017103B07047000083B0029001910092EA
:1061F00002980199096801600099097801F001018C
:10620000017103B07047000083B0029001910092C9
:1062100002980199096801600099097801F001016B
:10622000017103B07047000083B0029001910092A9
:1062300002980199096801600099097801F001014B
:10624000017103B07047000083B002900191009289
:1062500002980199096801600099097801F001012B
:10626000017103B07047000083B002900191009269
:1062700002980199096801600099097801F001010B
:10628000017103B07047000083B002900191009249
:1062900002980199096801600099097801F00101EB
:1062A000017103B07047000083B002900191009229
:1062B00002980199096801600099097801F00101CB
:1062C000017103B07047000083B002900191009209
:1062D00002980199096801600099097801F00101AB
:1062E000017103B07047000083B0029001910092E9
:1062F00002980199096801600099097801F001018B
:10630000017103B07047000083B0029001910092C8
:10631000029801990968016000990968416003B019
:10632000704700000000000083B0029001910092CD
:10633000029801990968016000990968416003B0F9
:10634000704700000000000083B0029001910092AD
:10635000029801990968016000990968416003B0D9
:10636000704700000000000083B00290019100928D
:10637000029801990968016000990968416003B0B9
:10638000704700000000000083B00290019100926D
:10639000029801990968016000990968416003B099
:1063A000704700000000000083B00290019100924D
:1063B000029801990968016000990968416003B079
:1063C000704700000000000083B00290019100922D
:1063D000029801990968016000990968416003B059
:1063E000704700000000000083B00290019100920D
:1063F000029801990968016000990968416003B039
:10640000704700000000000083B0029001910092EC
:10641000029801990968016000990968416003B018
:10642000704700000000000083B0029001910092CC
:10643000029801990968016000990968416003B0F8
:10644000704700000000000083B0029001910092AC
:10645000029801990968016000990968416003B0D8
:10646000704700000000000083B00290019100928C
:10647000029801990968016000990968416003B0B8
:10648000704700000000000083B00290019100926C
:10649000029801990968016000990968416003B098
:1064A000704700000000000083B00290019100924C
:1064B000029801990968016000990968416003B078
:1064C000704700000000000083B00290019100922C
:1064D000029801990968016000990968416003B058
:1064E000704700000000000083B00290019100920C
:1064F000029801990968016000990968416003B038
:10650000704700000000000083B0029001910092EB
:10651000029801990968016000990968416003B017
:10652000704700000000000083B0029001910298C3
:10653000006800900198006802990860009801992D
:10654000086003B07047000083B002900191029888
:10655000006800900198006802990860009801990D
:10656000086003B07047000083B002900191029868
:1065700000680090019800680299086000980199ED
:10658000086003B07047000083B002900191029848
:1065900000680090019800680299086000980199CD
:1065A000086003B07047000083B002900191029828
:1065B00000680090019800680299086000980199AD
:1065C000086003B07047000080B586B0049004985E
:1065D000059000F1D00102910390FFE7039801902C
:1065E000F3F722FE0198029A00F134010846914225
:1065F0000390F3D1FFE7059806B080BD00000000CE
:1066000082B001900091019A0098342100FB012092
:1066100002B070470000000080B582B00190019880
:1066200000F006F800F5887002B080BD00000000A0
:1066300081B00090009801B0704700000000000099
:1066400080B582B001900198FFF7F2FF02B080BDE3
:1066500080B586B004900498059000F58871029189
:106660000390FFE703980190F3F7D6FE0198029A92
:1066700000F14401084691420390F3D1FFE70598E9
:1066800006B080BD0000000080B586B0049004987C
:106690000290059000F588700390FFE70398443856
:1066A000019001460091F3F7DBFE0098029A0199F0
:1066B00091420390F2D1FFE7059806B080BD00003B
:1066C00082B0019000910198009901EB011100EB5B
:1066D000810002B07047000082B0019000910198E3
:1066E000009900EB810002B070470000000000003C
:1066F00081B00090009801B07047000000000000D9
:1067000080B582B0019000910198FFF7F1FF009AE7
:10671000042104F0F9F902B080BD0000000000007F
:1067200082B0019000910198009900EB810002B0C5
:10673000704700000000000081B00090009801B098
:10674000704700000000000080B582B00190009109
:106750000198FFF7F1FF009A4FF4007104F0FCF983
:1067600002B080BD0000000082B00190009101984D
:106770000099084402B0704781B00090009801B0C1
:10678000704700000000000082B001900091019865
:10679000009900EB810002B070470000000000008B
:1067A00081B00090009801B0704700000000000028
:1067B00080B582B0019000910198FFF7F1FF009A37
:1067C000042104F0DDF902B080BD000000000000EB
:1067D00082B0019000910198009900EB410002B055
:1067E000704700000000000081B00090009801B0E8
:1067F000704700000000000081B00090009801B0D8
:10680000704700000000000080B584B00390029142
:10681000019203980299019A00F002F804B080BD39
:1068200080B586B00490039102920499039A0DF109
:106830001700F7F79DF818B1FFE70398019010E0F3
:106840000299049A0DF11700F7F792F818B1FFE7D3
:106850000298009002E004980090FFE700980190F1
:10686000FFE7019806B080BD80B584B00390029127
:10687000039800900299F9F707FA009804B080BDD8
:1068800080B584B00391029201930399029A019B0F
:10689000FDF706FE04B080BD80B584B0039102927E
:1068A00001930399029A019BFDF72AFE04B080BD73
:1068B00080B584B00391029201930399029A019BDF
:1068C000FDF74EFE04B080BD80B584B00391029206
:1068D00001930399029A019BFDF772FE04B080BDFB
:1068E00080B584B00393029101920299019A039BAF
:1068F0000093009BFDF794FE04B080BD00000000F3
:1069000080B584B00391029201930399029A019B8E
:10691000FDF7BAFE04B080BD80B586B00590049145
:1069200002920598019004A805A908F03DF80146D7
:10693000029A019804F0ACF8009006B080BD000007
:1069400080B584B002900191009202980199091AD1
:106950008910009A04F0B0F804B080BD0000000077
:1069600080B584B002900191009202980199091AB1
:106970008910009A04F0B4F804B080BD0000000053
:1069800080B584B002900191009202980199091A91
:10699000009A04F0CDF804B080BD000000000000B3
:1069A00080B586B00490039102920193FFE704A89A
:1069B00003A908F069F8A8B1FFE70198009004A8BE
:1069C000F6F706F90146009806F0C2FD0068029944
:1069D0000968884201D1FFE704E0FFE704A8FAF75D
:1069E00097FAE4E704980590059806B080BD00008A
:1069F00080B586B00490039102920193FFE704A84A
:106A000003A908F04DF8A8B1FFE70198009004A889
:106A1000F6F7EAF80146009806F0A6FD006802992C
:106A20000968884201D1FFE704E0FFE704A8FAF70C
:106A30007FFAE4E704980590059806B080BD000051
:106A400080B582B08DED010A9DED010A0DF0A2F82E
:106A500002B080BD0000000080B582B08DED010A5B
:106A600000909DED010AB7EEC00A9DED001AB8EE48
:106A7000C11B00F005F802B080BD0000000000005E
:106A800080B584B08DED020B8DED001B9DED020BEA
:106A90009DED001B0DF088F904B080BD00000000E2
:106AA00081B08DED000A9DED000AB0EEC00A01B084
:106AB000704700000000000080B582B08DED010A33
:106AC0009DED010A0DF09AFE02B080BD00000000AD
:106AD00080B582B08DED010ACDED000A9DED010A71
:106AE000DDED000A0CF000FF02B080BD00000000E8
:106AF00081B08DED000A009820F000410020B1F136
:106B0000FF4FC8BF012001B0704700000000000027
:106B100080B582B08DED010A9DED010A0DF0E2F81D
:106B200002B080BD0000000082B08DED010ACDED05
:106B3000000A0098C10F019861F3DF7000EE100A9F
:106B400002B070470000000082B0019000919DEDFE
:106B5000010AB8EE401B9DED000AB8EEC00B51ECE7
:106B6000110B52EC103BD20F62F3DF7141EC100BB2
:106B700002B070470000000080B582B0019001981B
:106B80000430FBF7CDF8FAF77BF902B080BD0000C6
:106B900080B582B0019001980830FBF7F9FD02B092
:106BA00080BD00000000000081B00090009801B09E
:106BB000704700000000000080B588B00690059185
:106BC000049206980190F6F70BFF01460198039195
:106BD000F6F7FEFE02900398002842D0FFE7FFE799
:106BE0000198FFF7D5FF0499039A1032F6F7B0FA2F
:106BF00090B1FFE70398006830B1FFE70398029077
:106C000003980068039006E00398059908600598CA
:106C1000006807902EE023E00198FFF7B9FF039981
:106C20001031049AF6F7A8FA98B1FFE70398406884
:106C300038B1FFE70398043002900398406803904E
:106C400006E003980599086003980430079011E066
:106C500005E0039805990860029807900AE0FFE7AD
:106C6000BEE70198FFF788FF05990860059800685E
:106C70000790FFE7079808B080BD00000000000003
:106C800080B582B0019001980430FBF751F802B052
:106C900080BD00000000000080B586B00490039124
:106CA0000292019304980090FFE70298A8B1FFE7D1
:106CB0000098FFF76DFF02991031039AF6F75CFA1E
:106CC00030B9FFE70298019002980068029003E053
:106CD000029840680290FFE7E7E7019905A8FAF7F4
:106CE00037F9059806B080BD80B58AB00890079145
:106CF00008980190079900F043F901460198069120
:106D000000F02EF9059006A805A907F059FD18B165
:106D1000FFE7002009900DE006980390039904A86E
:106D2000FCF71AFB0198049900F08EF902900120FB
:106D30000990FFE709980AB080BD0000000000003C
:106D400080B582B0019100920199009A00F044F858
:106D500002B080BD0000000080B58CB004900B91A3
:106D60000A920B98FFF78CFF0990002000908DF895
:106D70002300099801210591FAF762FC009A01901D
:106D8000099906A80290FDF74BF904980199029A17
:106D9000F8F772FA049809990391F5F7F5FB1030AA
:106DA000FDF7E6F8014603980A9AFAF75DFC0498A5
:106DB000F8F726FA0146059808718DF823009DF82A
:106DC000230020B9FFE70498F8F766FAFFE70CB054
:106DD00080BD00000000000080B584B003910292E5
:106DE0000399029A00F0B0F804B080BD00000000E2
:106DF00080B586B0059004910392029305980190A6
:106E0000029A00211160029A51600499029A9160DD
:106E10000299039A1160FFF7C7FE0068006870B11D
:106E2000FFE70198FFF7C0FE01460198096809686D
:106E30000091FFF7B9FE014600980860FFE701984E
:106E4000FFF79AFE006803990968FDF7A1FC019815
:106E500000F0DEF8014608680130086006B080BD29
:106E600080B586B00490039104980290039905A818
:106E70000190FAF775F80198FAF77AF80298FFF797
:106E800093FE00680399884209D1FFE702980599AB
:106E90000091FFF789FE014600980860FFE702981D
:106EA00000F0B6F802460298116801391160FFF748
:106EB00063FE00680399F8F7C7FF059806B080BD28
:106EC00080B592B00590119110920F931198069091
:106ED000109A0EA9FFF770FE0D900D9800680C90A7
:106EE00000208DF82F000D980068F8B9FFE706998B
:106EF0000F9A08A80490FFF72FFF04980E990291AB
:106F00000D990391F5F734FB0299039A034606980D
:106F1000FFF76EFF0498F8F79BF9014604980C916F
:106F200001218DF82F10F8F7B7F9FFE70C9907A8A2
:106F30000190FAF715F8059801990DF12F02FFF766
:106F400033F912B080BD000080B584B00291019287
:106F50000299019B1A46FFF7B3FF04B080BD000001
:106F600080B582B000900098FFF706FE014601A8A8
:106F7000F9F7EEFF019802B080BD000000000000AC
:106F800080B58CB00A9009910A98059009990391EF
:106F9000F6F726FD014605980491FFF7EDFD0399EC
:106FA000049A03460598FFF777FE01460598089175
:106FB000FFF7D6FF079008A807A907F07DFD014657
:106FC0000020069091B1FFE70598FFF7E1FD0290E0
:106FD0000998019008A8F5F71BFE0199024602984E
:106FE000F6F7B6F880F001000690FFE70698C007B4
:106FF00018B1FFE708980B9004E00598FFF7B0FF81
:107000000B90FFE70B980CB080BD00000000000063
:1070100080B582B0019001980830FBF7B1FB02B057
:1070200080BD00000000000080B582B00090009894
:10703000FFF7BAFD016801A8F9F78AFF019802B0CD
:1070400080BD00000000000080B588B0069105906A
:107050000598009006A80190F6F732FA01460098CC
:1070600004910499FFF7FCFE014600980791FFF791
:1070700007FE01460198039103990291F6F728FA59
:10708000FCF776FF01460298FAF7CEFA03980499C6
:107090000122FAF7BDFA079808B080BD0000000091
:1070A00080B586B005900491059802900498F0B1DF
:1070B000FFE7029804990968FFF7F2FF0298049924
:1070C0004968FFF7EDFF0298FFF7DAFD0390039898
:1070D000019004981030FCF74BFF01460198FAF735
:1070E000A3FA039804990122FAF792FAFFE706B08F
:1070F00080BD00000000000080B586B005900491BE
:10710000059802900430FAF71BFE0298083000211F
:107110000391049A03A9FBF743FB0298FFF72CFDA8
:10712000014602980191FFF73FFD0199024602983E
:10713000116006B080BD000080B582B0019001985A
:107140000090F6F74DFC01460098FFF7A9FF009864
:1071500002B080BD0000000080B582B001900198AF
:107160000430FAF7FDFDF9F78BFE02B080BD000098
:1071700080B582B0019001980830FBF72DFB02B07A
:1071800080BD00000000000081B00090009801B0B8
:10719000704700000000000080B588B0069005919F
:1071A000049206980190F6F73BFC01460198039182
:1071B000F6F72EFC02900398002842D0FFE7FFE785
:1071C0000198FFF7D5FF0499039A1032F5F7E8FF0D
:1071D00090B1FFE70398006830B1FFE70398029091
:1071E00003980068039006E00398059908600598E5
:1071F000006807902EE023E00198FFF7B9FF03999C
:107200001031049AF5F7E0FF98B1FFE70398406862
:1072100038B1FFE703980430029003984068039068
:1072200006E003980599086003980430079011E080
:1072300005E0039805990860029807900AE0FFE7C7
:10724000BEE70198FFF788FF059908600598006878
:107250000790FFE7079808B080BD0000000000001D
:1072600080B582B0019001980430FAF781FD02B038
:1072700080BD00000000000080B586B0049003913E
:107280000292019304980090FFE70298A8B1FFE7EB
:107290000098FFF76DFF02991031039AF5F794FFFC
:1072A00030B9FFE70298019002980068029003E06D
:1072B000029840680290FFE7E7E7019905A8F9F70F
:1072C00067FE059806B080BD80B58AB0089007912A
:1072D00008980190079900F043F90146019806913A
:1072E00000F02EF9059006A805A907F079FA18B163
:1072F000FFE7002009900DE006980390039904A889
:10730000FCF732F80198049900F08EF90290012000
:107310000990FFE709980AB080BD00000000000056
:1073200080B582B0019100920199009A00F044F872
:1073300002B080BD0000000080B58CB004900B91BD
:107340000A920B98FFF78CFF0990002000908DF8AF
:107350002300099801210591FAF7AAF9009A0190F2
:10736000099906A80290FCF78FFE04980199029AE9
:10737000F7F7DAFF049809990391F5F71DF9103032
:10738000FCF7FEFD014603980A9AFAF7A5F904985E
:10739000F7F78EFF0146059808718DF823009DF8D8
:1073A000230020B9FFE70498F7F7CEFFFFE70CB002
:1073B00080BD00000000000080B584B003910292FF
:1073C0000399029A00F0B0F804B080BD00000000FC
:1073D00080B586B0059004910392029305980190C0
:1073E000029A00211160029A51600499029A9160F8
:1073F0000299039A1160FFF7C7FE0068006870B138
:10740000FFE70198FFF7C0FE014601980968096887
:107410000091FFF7B9FE014600980860FFE7019868
:10742000FFF79AFE006803990968FDF7B1F9019822
:1074300000F0DEF8014608680130086006B080BD43
:1074400080B586B00490039104980290039905A832
:107450000190F9F7A5FD0198F9F7AAFD0298FFF749
:1074600093FE00680399884209D1FFE702980599C5
:107470000091FFF789FE014600980860FFE7029837
:1074800000F0B6F802460298116801391160FFF762
:1074900063FE00680399F8F7D7FC059806B080BD35
:1074A00080B592B00590119110920F9311980690AB
:1074B000109A0EA9FFF770FE0D900D9800680C90C1
:1074C00000208DF82F000D980068F8B9FFE70699A5
:1074D0000F9A08A80490FFF72FFF04980E990291C5
:1074E0000D990391F5F75CF80299039A0346069803
:1074F000FFF76EFF0498F7F703FF014604980C911D
:1075000001218DF82F10F7F71FFFFFE70C9907A84F
:107510000190F9F745FD059801990DF12F02FEF74D
:1075200053FE12B080BD000080B584B0029101927C
:107530000299019B1A46FFF7B3FF04B080BD00001B
:1075400080B582B000900098FFF706FE014601A8C2
:10755000F9F71EFD019802B080BD00000000000098
:1075600080B58CB00A9009910A9805900999039109
:10757000F6F756FA014605980491FFF7EDFD0399D9
:10758000049A03460598FFF777FE0146059808918F
:10759000FFF7D6FF079008A807A907F099FA014658
:1075A0000020069091B1FFE70598FFF7E1FD0290FA
:1075B0000998019008A8F5F74BFB0199024602983B
:1075C000F5F7EEFD80F001000690FFE70698C00792
:1075D00018B1FFE708980B9004E00598FFF7B0FF9B
:1075E0000B90FFE70B980CB080BD0000000000007E
:1075F00080B582B0019001980830FBF7E5F802B041
:1076000080BD00000000000080B582B000900098AE
:10761000FFF7BAFD016801A8F9F7BAFC019802B0BA
:1076200080BD00000000000080B588B00691059084
:107630000598009006A80190F5F756FF01460098BE
:1076400004910499FFF7FCFE014600980791FFF7AB
:1076500007FE01460198039103990291F5F74CFF4B
:10766000FCF78EFC01460298FAF716F80398049985
:107670000122FAF705F8079808B080BD0000000065
:1076800080B586B005900491059802900498F0B1F9
:10769000FFE7029804990968FFF7F2FF029804993E
:1076A0004968FFF7EDFF0298FFF7DAFD03900398B2
:1076B000019004981030FCF763FC01460198F9F73B
:1076C000EBFF039804990122F9F7DAFFFFE706B010
:1076D00080BD00000000000080B586B005900491D8
:1076E000059802900430FAF74BFB0298083000210D
:1076F0000391049A03A9FBF777F80298FFF72CFD92
:10770000014602980191FFF73FFD01990246029858
:10771000116006B080BD000080B582B00190019874
:107720000090F6F77DF901460098FFF7A9FF009851
:1077300002B080BD0000000080B582B001900198C9
:107740000430FAF72DFBF9F79BFB02B080BD000077
:1077500080B582B0019001980830FBF761F802B063
:1077600080BD00000000000081B00090009801B0D2
:10777000704700000000000080B588B006900591B9
:10778000049206980190F6F76BF90146019803916F
:10779000F6F75EF902900398002842D0FFE7FFE772
:1077A0000198FFF7D5FF0499039A1032F5F720FDF1
:1077B00090B1FFE70398006830B1FFE703980290AB
:1077C00003980068039006E00398059908600598FF
:1077D000006807902EE023E00198FFF7B9FF0399B6
:1077E0001031049AF5F718FD98B1FFE70398406847
:1077F00038B1FFE703980430029003984068039083
:1078000006E003980599086003980430079011E09A
:1078100005E0039805990860029807900AE0FFE7E1
:10782000BEE70198FFF788FF059908600598006892
:107830000790FFE7079808B080BD00000000000037
:1078400080B582B0019001980430FAF7B1FA02B025
:1078500080BD00000000000080B586B00490039158
:107860000292019304980090FFE70298A8B1FFE705
:107870000098FFF76DFF02991031039AF5F7CCFCE1
:1078800030B9FFE70298019002980068029003E087
:10789000029840680290FFE7E7E7019905A8F9F729
:1078A00097FB059806B080BD80B58AB00890079117
:1078B00008980190079900F043F901460198069154
:1078C00000F02EF9059006A805A906F099FF18B159
:1078D000FFE7002009900DE006980390039904A8A3
:1078E000FBF74AFD0198049900F07EF9029001200F
:1078F0000990FFE709980AB080BD00000000000071
:1079000080B582B0019100920199009A00F044F88C
:1079100002B080BD0000000080B58CB004900B91D7
:107920000A920B98FFF78CFF0990002000908DF8C9
:107930002300099801210591F9F7F2FE009A0190C0
:10794000099906A80290FCF7D3FB04980199029AC2
:10795000F7F742FD049809990391F4F745FE1030BA
:10796000FCF716FB014603980A9AF9F7EDFE049816
:10797000F7F7F6FC0146059808718DF823009DF88D
:10798000230020B9FFE70498F7F736FDFFE70CB0B6
:1079900080BD00000000000080B584B00391029219
:1079A0000399029A00F0B0F804B080BD0000000016
:1079B00080B586B0059004910392029305980190DA
:1079C000029A00211160029A51600499029A916012
:1079D0000299039A1160FFF7C7FE0068006870B152
:1079E000FFE70198FFF7C0FE0146019809680968A2
:1079F0000091FFF7B9FE014600980860FFE7019883
:107A0000FFF79AFE006803990968FCF7C1FE019828
:107A100000F0DEF8014608680130086006B080BD5D
:107A200080B586B00490039104980290039905A84C
:107A30000190F9F7D5FA0198F9F7DAFA0298FFF709
:107A400093FE00680399884209D1FFE702980599DF
:107A50000091FFF789FE014600980860FFE7029851
:107A600000F0B6F802460298116801391160FFF77C
:107A700063FE00680399F8F7E7F9059806B080BD42
:107A800080B592B00590119110920F9311980690C5
:107A9000109A0EA9FFF770FE0D900D9800680C90DB
:107AA00000208DF82F000D980068F8B9FFE70699BF
:107AB0000F9A08A80490FFF72FFF04980E990291DF
:107AC0000D990391F4F784FD0299039A03460698F1
:107AD000FFF76EFF0498F7F76BFC014604980C91D2
:107AE00001218DF82F10F7F787FCFFE70C9907A805
:107AF0000190F9F775FA059801990DF12F02FEF73B
:107B000073FB12B080BD000080B584B00291019279
:107B10000299019B1A46FFF7B3FF04B080BD000035
:107B200080B582B000900098FFF706FE014601A8DC
:107B3000F9F74EFA019802B080BD00000000000085
:107B400080B58CB00A9009910A9805900999039123
:107B5000F5F786FF014605980491FFF7EDFD0399BF
:107B6000049A03460598FFF777FE014605980891A9
:107B7000FFF7D6FF079008A807A906F0B5FF014652
:107B80000020069091B1FFE70598FFF7E1FD029014
:107B90000998019008A8F5F77BF801990246029828
:107BA000F5F726FB80F001000690FFE70698C00776
:107BB00018B1FFE708980B9004E00598FFF7B0FFB5
:107BC0000B90FFE70B980CB080BD00000000000098
:107BD00080B582B0019001980830FAF719FE02B022
:107BE00080BD00000000000080B588B006910590BF
:107BF0000598009006A80190F5F78AFC01460098C8
:107C000004910499FFF70CFF014600980791FFF7D4
:107C100017FE01460198039103990291F5F780FC44
:107C2000FCF7B6F901460298F9F76EFD039804993E
:107C30000122F9F75DFD079808B080BD0000000043
:107C400080B586B005900491059802900498F0B133
:107C5000FFE7029804990968FFF7F2FF0298049978
:107C60004968FFF7EDFF0298FFF7EAFD03900398DC
:107C7000019004981030FCF78BF901460198F9F750
:107C800043FD039804990122F9F732FDFFE706B09E
:107C900080BD00000000000080B586B00590049112
:107CA000059802900430FAF78BF80298083000210A
:107CB0000391049A03A9FAF7BBFD0298FFF73CFD74
:107CC000014602980191FFF74FFD01990246029883
:107CD000116006B080BD000080B582B001900198AF
:107CE0000090F5F7BDFE01460098FFF7A9FF009848
:107CF00002B080BD0000000080B582B00190019804
:107D00000430FAF76DF8F9F7BBF802B080BD000057
:107D100080B582B0019001980830FAF7A5FD02B055
:107D200080BD00000000000081B00090009801B00C
:107D3000704700000000000080B588B006900591F3
:107D4000049206980190F5F7ABFE01460198039165
:107D5000F5F79EFE02900398002842D0FFE7FFE768
:107D60000198FFF7D5FF0499039A1032F5F768FAE6
:107D700090B1FFE70398006830B1FFE703980290E5
:107D800003980068039006E0039805990860059839
:107D9000006807902EE023E00198FFF7B9FF0399F0
:107DA0001031049AF5F760FA98B1FFE7039840683C
:107DB00038B1FFE7039804300290039840680390BD
:107DC00006E003980599086003980430079011E0D5
:107DD00005E0039805990860029807900AE0FFE71C
:107DE000BEE70198FFF788FF0599086005980068CD
:107DF0000790FFE7079808B080BD00000000000072
:107E000080B582B0019001980430F9F7F1FF02B01B
:107E100080BD00000000000080B586B00490039192
:107E20000292019304980090FFE70298A8B1FFE73F
:107E30000098FFF76DFF02991031039AF5F714FAD5
:107E400030B9FFE70298019002980068029003E0C1
:107E5000029840680290FFE7E7E7019905A8F9F763
:107E6000D7F8059806B080BD80B58AB00890079114
:107E700008980190079900F0D7F9014601980691FA
:107E800000F0C2F9059006A805A906F0C9FC18B1D2
:107E9000FFE7002009900DE006980390039904A8DD
:107EA000FBF772FA0198049900F022FA029001207F
:107EB0000990FFE709980AB080BD000000000000AB
:107EC00080B582B0019100920199009A00F08CF87F
:107ED00002B080BD0000000080B58CB004900B9112
:107EE0000A920B98FFF78CFF0990002000908DF804
:107EF0002300099801210591F9F74AFC009A0190A5
:107F0000099906A80290FCF727F904980199029AAA
:107F1000F7F7BAFA049809990391F4F77DFB10304A
:107F2000FCF73EF8014603980A9AF9F745FC0498D5
:107F3000F7F76EFA0146059808718DF823009DF851
:107F4000230020B9FFE70498F7F7AEFAFFE70CB07B
:107F500080BD00000000000080B58EB00590109834
:107F60000D910C920B930D98FFF74AFF0A90002099
:107F700001908DF827000A9801210691F9F708FC75
:107F8000019A02900A9907A80390FCF7E5F8059872
:107F90000299039AF7F778FA05980A990491F4F789
:107FA0003BFB1030FBF7FCFF014604980C9A0B9B3F
:107FB000DDF840C0EE46CEF800C0F9F709FC0598A0
:107FC000F7F726FA0146069808718DF827009DF804
:107FD000270020B9FFE70598F7F766FAFFE70EB02C
:107FE00080BD00000000000080B584B003910292C3
:107FF0000399029A00F0FCF804B080BD0000000074
:1080000080B586B005900491039202930598019083
:10801000029A00211160029A51600499029A9160BB
:108020000299039A1160FFF77FFE0068006870B143
:10803000FFE70198FFF778FE014601980968096893
:108040000091FFF771FE014600980860FFE7019874
:10805000FFF752FE006803990968FCF799FB019845
:1080600000F02AF9014608680130086006B080BDBA
:1080700080B586B00490039104980290039905A8F6
:108080000190F8F7CDFF0198F8F7D2FF0298FFF7BB
:108090004BFE00680399884209D1FFE702980599D1
:1080A0000091FFF741FE014600980860FFE7029843
:1080B00000F002F902460298116801391160FFF7D9
:1080C0001BFE00680399F7F7BFFE059806B080BD58
:1080D00080B592B00590119110920F93119806906F
:1080E000109A0EA9FFF728FE0D900D9800680C90CD
:1080F00000208DF82F000D980068F8B9FFE7069969
:108100000F9A08A80490FFF7E7FE04980E990291D1
:108110000D990391F4F774FA0299039A03460698AD
:10812000FFF76EFF0498F7F79BF9014604980C914E
:1081300001218DF82F10F7F7B7F9FFE70C9907A881
:108140000190F8F76DFF059801990DF12F02FEF7E8
:108150005BF812B080BD000080B592B00590159814
:108160001498119110920F9311980690109A0EA9DD
:10817000FFF7E2FD0D900D9800680C9000208DF83F
:108180002F000D98006820BBFFE706990F9A149BFB
:108190001598EC46CCF8000008A80490FFF7DCFE28
:1081A00004980E9902910D990391F4F729FA029916
:1081B000039A03460698FFF723FF0498F7F750F950
:1081C000014604980C9101218DF82F10F7F76CF9F6
:1081D000FFE70C9907A80190F8F722FF059801998D
:1081E0000DF12F02FEF710F812B080BD0000000064
:1081F00080B584B0029101920299019B1A46FFF763
:1082000067FF04B080BD000080B582B00090009888
:10821000FFF772FD014601A8F8F7FAFE019802B0D7
:1082200080BD00000000000080B58CB00A9009916C
:108230000A98059009990391F5F732FC01460598D3
:108240000491FFF759FD0399049A03460598FFF737
:10825000E3FD014605980891FFF7D6FF079008A8AF
:1082600007A906F04DFC01460020069091B1FFE7FA
:108270000598FFF74DFD02900998019008A8F4F7C2
:108280001BFD019902460298F4F7DAFF80F0010025
:108290000690FFE70698C00718B1FFE708980B9013
:1082A00004E00598FFF7B0FF0B90FFE70B980CB0C8
:1082B00080BD00000000000080B582B001900198F0
:1082C0000830FAF7C9FA02B080BD000000000000D3
:1082D00080B582B000900098FFF726FD016801A8E4
:1082E000F8F796FE019802B080BD00000000000083
:1082F00080B588B0069105900598009006A8019079
:10830000F5F71AF90146009804910499FFF7B0FEB9
:10831000014600980791FFF773FD0146019803910C
:1083200003990291F5F710F9FBF73AFE014602981E
:10833000F9F722FA039804990122F9F711FA07983C
:1083400008B080BD0000000080B586B005900491A3
:10835000059802900498F0B1FFE702980499096823
:10836000FFF7F2FF029804994968FFF7EDFF0298C2
:10837000FFF746FD03900398019004981030FBF737
:108380000FFE01460198F9F7F7F9039804990122C5
:10839000F9F7E6F9FFE706B080BD00000000000035
:1083A00080B586B005900491059802900430F9F7E5
:1083B00027FD0298083000210391049A03A9FAF7D7
:1083C0005BFA0298FFF798FC014602980191FFF7CB
:1083D000ABFC019902460298116006B080BD000016
:1083E00080B582B0019001980090F5F759FB0146E5
:1083F0000098FFF7A9FF009802B080BD00000000C0
:1084000080B582B0019001980430F9F709FDF8F7C2
:1084100037FD02B080BD000080B582B001900198A8
:108420000830FAF745FA02B080BD000000000000F5
:1084300081B00090009801B070470000000000007B
:1084400080B588B006900591049206980190F5F7E2
:1084500047FB014601980391F5F73AFB0290039818
:10846000002842D0FFE7FFE70198FFF7D5FF049906
:10847000039A1032F4F70CFF90B1FFE703980068FD
:1084800030B1FFE70398029003980068039006E07C
:108490000398059908600598006807902EE023E08E
:1084A0000198FFF7B9FF03991031049AF4F704FF1C
:1084B00098B1FFE70398406838B1FFE703980430AC
:1084C000029003984068039006E0039805990860BD
:1084D00003980430079011E005E0039805990860BF
:1084E000029807900AE0FFE7BEE70198FFF788FFD0
:1084F00005990860059800680790FFE7079808B09D
:1085000080BD00000000000080B582B0019001989D
:108510000430F9F78DFC02B080BD000000000000BF
:1085200080B582B0019100920199009A00F044F860
:1085300002B080BD0000000080B58CB004900B91AB
:108540000A920B98FFF7E0FF0990002000908DF849
:108550002300099801210591F9F76AF9009A019021
:10856000099906A80290FBF72BFE04980199029A3C
:10857000F6F7E2FF049809990391F4F765F81030D3
:10858000FBF716FD014603980A9AF9F765F9049876
:10859000F6F796FF0146059808718DF823009DF8BF
:1085A000230020B9FFE70498F6F7D6FFFFE70CB0E9
:1085B00080BD00000000000080B584B003910292ED
:1085C0000399029A00F080F804B080BD000000001A
:1085D00080B586B0059004910392029305980190AE
:1085E000029A00211160029A51600499029A9160E6
:1085F0000299039A1160FFF71BFF0068006870B1D1
:10860000FFE70198FFF714FF014601980968096820
:108610000091FFF70DFF014600980860FFE7019801
:10862000FFF7EEFE006803990968FCF7B1F80198BE
:1086300000F056F8014608680130086006B080BDB9
:1086400080B592B00590119110920F9311980690F9
:10865000109A0EA9FFF7F4FE0D900D9800680C908B
:1086600000208DF82F000D980068F8B9FFE70699F3
:108670000F9A08A80490FFF75FFF04980E990291E3
:108680000D990391F3F7D4FF0299039A03460698D4
:10869000FFF79EFF0498F6F73BFF014604980C9104
:1086A00001218DF82F10F6F757FFFFE70C9907A867
:1086B0000190F8F7CDFC059801990DF12F02FDF717
:1086C000B3FD12B080BD000080B584B0029101926C
:1086D0000299019B1A46FFF7B3FF04B080BD00006A
:1086E00080B582B0019001980830FAF7D9F802B04D
:1086F00080BD00000000000080B586B005900491A8
:10870000059802900498F0B1FFE70298049909686F
:10871000FFF7F2FF029804994968FFF7EDFF02980E
:10872000FFF7F2FE03900398019004981030FBF7D6
:108730003FFC01460198F9F76FF80398049901226C
:10874000F9F75EF8FFE706B080BD0000000000000A
:1087500080B586B005900491059802900430F9F731
:108760006FFB0298083000210391049A03A9FAF7DD
:10877000A7F80298FFF744FE014602980191FFF71F
:1087800057FE019902460298116006B080BD0000B4
:1087900080B582B0019001980090F5F7A1F90146EB
:1087A0000098FFF7A9FF009802B080BD000000000C
:1087B00080B582B0019001980430F9F751FBF8F7C9
:1087C0005FFB02B080BD000080B582B001900198CF
:1087D0000830FAF791F802B080BD000000000000F8
:1087E00081B00090009801B07047000000000000C8
:1087F00080B588B006900591049206980190F5F72F
:108800008FF9014601980391F5F782F902900398D8
:10881000002842D0FFE7FFE70198FFF7D5FF049952
:10882000039A1032F4F75CFD90B1FFE703980068FB
:1088300030B1FFE70398029003980068039006E0C8
:108840000398059908600598006807902EE023E0DA
:108850000198FFF7B9FF03991031049AF4F754FD1A
:1088600098B1FFE70398406838B1FFE703980430F8
:10887000029003984068039006E003980599086009
:1088800003980430079011E005E00398059908600B
:10889000029807900AE0FFE7BEE70198FFF788FF1C
:1088A00005990860059800680790FFE7079808B0E9
:1088B00080BD00000000000080B582B001900198EA
:1088C0000430F9F7D5FA02B080BD000000000000C6
:1088D00080B586B0049003910292019304980090B1
:1088E000FFE70298A8B1FFE70098FFF76DFF029934
:1088F0001031039AF4F708FD30B9FFE702980190B0
:1089000002980068029003E0029840680290FFE736
:10891000E7E7019905A8F8F7A3FB059806B080BD25
:1089200080B58AB00890079108980190079900F0E7
:1089300043F901460198069100F02EF9059006A82A
:1089400005A905F07DFF18B1FFE7002009900DE0B3
:1089500006980390039904A8FAF71EFD019804995C
:1089600000F08EF9029001200990FFE709980AB003
:1089700080BD00000000000080B582B0019100922F
:108980000199009A00F044F802B080BD0000000098
:1089900080B58CB004900B910A920B98FFF78CFF76
:1089A0000990002000908DF823000998012105917D
:1089B000F8F776FF009A0190099906A80290FBF754
:1089C00033FC04980199029AF6F70EFE049809996F
:1089D0000391F3F751FE1030FBF7F2FA01460398CA
:1089E0000A9AF8F771FF0498F6F7C2FD0146059858
:1089F00008718DF823009DF8230020B9FFE7049843
:108A0000F6F702FEFFE70CB080BD0000000000009A
:108A100080B584B0039102920399029A00F0B0F8F5
:108A200004B080BD0000000080B586B005900491C0
:108A30000392029305980190029A00211160029A14
:108A400051600499029A91600299039A1160FFF7AC
:108A5000C7FE0068006870B1FFE70198FFF7C0FE2D
:108A600001460198096809680091FFF7B9FE0146BF
:108A700000980860FFE70198FFF79AFE00680399E5
:108A80000968FBF785FE019800F0DEF801460868EA
:108A90000130086006B080BD80B586B004900391B7
:108AA00004980290039905A80190F8F7E1FA01985B
:108AB000F8F7E6FA0298FFF793FE006803998842F8
:108AC00009D1FFE7029805990091FFF789FE014659
:108AD00000980860FFE7029800F0B6F80246029896
:108AE000116801391160FFF763FE00680399F7F719
:108AF000ABF9059806B080BD80B592B00590119194
:108B000010920F9311980690109A0EA9FFF770FE1D
:108B10000D900D9800680C9000208DF82F000D9896
:108B20000068F8B9FFE706990F9A08A80490FFF7C4
:108B30002FFF04980E9902910D990391F3F790FD80
:108B40000299039A03460698FFF76EFF0498F6F71A
:108B500037FD014604980C9101218DF82F10F6F78E
:108B600053FDFFE70C9907A80190F8F781FA0598E3
:108B700001990DF12F02FDF767FB12B080BD0000D7
:108B800080B584B0029101920299019B1A46FFF7C9
:108B9000B3FF04B080BD000080B582B000900098A3
:108BA000FFF706FE014601A8F8F75AFA019802B04D
:108BB00080BD00000000000080B58CB00A900991D3
:108BC0000A98059009990391F4F7AAFF01460598C0
:108BD0000491FFF7EDFD0399049A03460598FFF70A
:108BE00077FE014605980891FFF7D6FF079008A881
:108BF00007A905F091FF01460020069091B1FFE71B
:108C00000598FFF7E1FD02900998019008A8F4F794
:108C100073F8019902460298F4F762FB80F00100B4
:108C20000690FFE70698C00718B1FFE708980B9079
:108C300004E00598FFF7B0FF0B90FFE70B980CB02E
:108C400080BD00000000000080B582B00190019856
:108C50000830F9F749FE02B080BD000000000000B6
:108C600080B582B000900098FFF7BAFD016801A8B6
:108C7000F8F7F6F9019802B080BD0000000000008E
:108C800080B588B0069105900598009006A80190DF
:108C9000F4F766FC0146009804910499FFF7FCFE86
:108CA000014600980791FFF707FE014601980391DE
:108CB00003990291F4F75CFCFBF782F901460298F4
:108CC000F8F7E2FD039804990122F8F7D1FD07981F
:108CD00008B080BD0000000080B586B0059004910A
:108CE000059802900498F0B1FFE70298049909688A
:108CF000FFF7F2FF029804994968FFF7EDFF029829
:108D0000FFF7DAFD03900398019004981030FBF709
:108D100057F901460198F8F7B7FD03980499012225
:108D2000F8F7A6FDFFE706B080BD000000000000D8
:108D300080B586B005900491059802900430F9F74B
:108D40009FF80298083000210391049A03A9F9F7CB
:108D5000DBFD0298FFF72CFD014602980191FFF719
:108D60003FFD019902460298116006B080BD0000E7
:108D700080B582B0019001980090F4F7D1FE0146D1
:108D80000098FFF7A9FF009802B080BD0000000026
:108D900080B582B0019001980430F9F781F8F8F7B6
:108DA0006FF802B080BD000080B582B001900198DC
:108DB0000830F9F7C5FD02B080BD000000000000DA
:108DC00081B00090009801B07047000000000000E2
:108DD00080B588B006900591049206980190F4F74A
:108DE000BFFE014601980391F4F7B2FE029003988A
:108DF000002842D0FFE7FFE70198FFF7D5FF04996D
:108E0000039A1032F4F794FA90B1FFE703980068E0
:108E100030B1FFE70398029003980068039006E0E2
:108E20000398059908600598006807902EE023E0F4
:108E30000198FFF7B9FF03991031049AF4F78CFAFF
:108E400098B1FFE70398406838B1FFE70398043012
:108E5000029003984068039006E003980599086023
:108E600003980430079011E005E003980599086025
:108E7000029807900AE0FFE7BEE70198FFF788FF36
:108E800005990860059800680790FFE7079808B003
:108E900080BD00000000000080B582B00190019804
:108EA0000430F9F705F802B080BD000000000000B2
:108EB00080B586B0049003910292019304980090CB
:108EC000FFE70298A8B1FFE70098FFF76DFF02994E
:108ED0001031039AF4F740FA30B9FFE70298019095
:108EE00002980068029003E0029840680290FFE751
:108EF000E7E7019905A8F8F7D3F8059806B080BD13
:108F000080B58AB00890079108980190079900F001
:108F100043F901460198069100F02EF9059006A844
:108F200005A905F09DFC18B1FFE7002009900DE0B0
:108F300006980390039904A8FAF736FA0198049961
:108F400000F08EF9029001200990FFE709980AB01D
:108F500080BD00000000000080B582B00191009249
:108F60000199009A00F044F802B080BD00000000B2
:108F700080B58CB004900B910A920B98FFF78CFF90
:108F80000990002000908DF8230009980121059197
:108F9000F8F7BEFC009A0190099906A80290FBF729
:108FA00077F904980199029AF6F776FB04980999E3
:108FB0000391F3F779FB1030FBF70AF801460398A9
:108FC0000A9AF8F7B9FC0498F6F72AFB01460598C7
:108FD00008718DF823009DF8230020B9FFE704985D
:108FE000F6F76AFBFFE70CB080BD00000000000050
:108FF00080B584B0039102920399029A00F0B0F810
:1090000004B080BD0000000080B586B005900491DA
:109010000392029305980190029A00211160029A2E
:1090200051600499029A91600299039A1160FFF7C6
:10903000C7FE0068006870B1FFE70198FFF7C0FE47
:1090400001460198096809680091FFF7B9FE0146D9
:1090500000980860FFE70198FFF79AFE00680399FF
:109060000968FBF795FB019800F0DEF801460868F7
:109070000130086006B080BD80B586B004900391D1
:1090800004980290039905A80190F8F711F8019847
:10909000F8F716F80298FFF793FE006803998842E4
:1090A00009D1FFE7029805990091FFF789FE014673
:1090B00000980860FFE7029800F0B6F802460298B0
:1090C000116801391160FFF763FE00680399F6F734
:1090D000BBFE059806B080BD80B592B00590119199
:1090E00010920F9311980690109A0EA9FFF770FE38
:1090F0000D900D9800680C9000208DF82F000D98B1
:109100000068F8B9FFE706990F9A08A80490FFF7DE
:109110002FFF04980E9902910D990391F3F7B8FA75
:109120000299039A03460698FFF76EFF0498F6F734
:109130009FFA014604980C9101218DF82F10F6F743
:10914000BBFAFFE70C9907A80190F7F7B1FF059864
:1091500001990DF12F02FDF787F812B080BD0000D4
:1091600080B584B0029101920299019B1A46FFF7E3
:10917000B3FF04B080BD000080B582B000900098BD
:10918000FFF706FE014601A8F7F78AFF019802B033
:1091900080BD00000000000080B58CB00A900991ED
:1091A0000A98059009990391F4F7DAFC01460598AD
:1091B0000491FFF7EDFD0399049A03460598FFF724
:1091C00077FE014605980891FFF7D6FF079008A89B
:1091D00007A905F0ADFC01460020069091B1FFE71C
:1091E0000598FFF7E1FD02900998019008A8F3F7B0
:1091F000A3FD019902460298F4F79AF880F0010065
:109200000690FFE70698C00718B1FFE708980B9093
:1092100004E00598FFF7B0FF0B90FFE70B980CB048
:1092200080BD00000000000080B582B00190019870
:109230000830F9F77DFB02B080BD0000000000009F
:1092400080B582B000900098FFF7BAFD016801A8D0
:10925000F7F726FF019802B080BD00000000000073
:1092600080B588B0069105900598009006A80190F9
:10927000F4F78AF90146009804910499FFF7FCFE7F
:10928000014600980791FFF707FE014601980391F8
:1092900003990291F4F780F9FAF79AFE01460298D1
:1092A000F8F72AFB039804990122F8F719FB0798AD
:1092B00008B080BD0000000080B586B00590049124
:1092C000059802900498F0B1FFE7029804990968A4
:1092D000FFF7F2FF029804994968FFF7EDFF029843
:1092E000FFF7DAFD03900398019004981030FAF725
:1092F0006FFE01460198F8F7FFFA039804990122DE
:10930000F8F7EEFAFFE706B080BD000000000000AD
:1093100080B586B005900491059802900430F8F766
:10932000CFFD0298083000210391049A03A9F9F7B0
:109330000FFB0298FFF72CFD014602980191FFF701
:109340003FFD019902460298116006B080BD000001
:1093500080B582B0019001980090F4F701FC0146BD
:109360000098FFF7A9FF009802B080BD0000000040
:1093700080B582B0019001980430F8F7B1FDF7F79D
:109380007FFD02B080BD000080B582B001900198E1
:109390000830F9F7F9FA02B080BD000000000000C3
:1093A00081B00090009801B07047000000000000FC
:1093B00080B588B006900591049206980190F4F764
:1093C000EFFB014601980391F4F7E2FB029003984A
:1093D000002842D0FFE7FFE70198FFF7D5FF049987
:1093E000039A1032F3F7CCFF90B1FFE703980068BF
:1093F00030B1FFE70398029003980068039006E0FD
:109400000398059908600598006807902EE023E00E
:109410000198FFF7B9FF03991031049AF3F7C4FFDD
:1094200098B1FFE70398406838B1FFE7039804302C
:10943000029003984068039006E00398059908603D
:1094400003980430079011E005E00398059908603F
:10945000029807900AE0FFE7BEE70198FFF788FF50
:1094600005990860059800680790FFE7079808B01D
:1094700080BD00000000000080B582B0019001981E
:109480000430F8F735FD02B080BD00000000000098
:1094900080B586B0049003910292019304980090E5
:1094A000FFE70298A8B1FFE70098FFF76DFF029968
:1094B0001031039AF3F778FF30B9FFE70298019073
:1094C00002980068029003E0029840680290FFE76B
:1094D000E7E7019905A8F7F703FE059806B080BDF8
:1094E00080B58AB00890079108980190079900F01C
:1094F00043F901460198069100F02EF9059006A85F
:1095000005A905F0BDF918B1FFE7002009900DE0AD
:1095100006980390039904A8F9F74EFF019804995F
:1095200000F07EF9029001200990FFE709980AB047
:1095300080BD00000000000080B582B00191009263
:109540000199009A00F044F802B080BD00000000CC
:1095500080B58CB004900B910A920B98FFF78CFFAA
:109560000990002000908DF82300099801210591B1
:10957000F8F706FA009A0190099906A80290FAF7FE
:10958000BBFE04980199029AF6F7DEF8049809994F
:109590000391F3F7A1F81030FAF722FD0146039882
:1095A0000A9AF8F701FA0498F6F792F80146059836
:1095B00008718DF823009DF8230020B9FFE7049877
:1095C000F6F7D2F8FFE70CB080BD00000000000005
:1095D00080B584B0039102920399029A00F0B0F82A
:1095E00004B080BD0000000080B586B005900491F5
:1095F0000392029305980190029A00211160029A49
:1096000051600499029A91600299039A1160FFF7E0
:10961000C7FE0068006870B1FFE70198FFF7C0FE61
:1096200001460198096809680091FFF7B9FE0146F3
:1096300000980860FFE70198FFF79AFE0068039919
:109640000968FBF7A5F8019800F0DEF80146086804
:109650000130086006B080BD80B586B004900391EB
:1096600004980290039905A80190F7F741FD01982D
:10967000F7F746FD0298FFF793FE006803998842CA
:1096800009D1FFE7029805990091FFF789FE01468D
:1096900000980860FFE7029800F0B6F802460298CA
:1096A000116801391160FFF763FE00680399F6F74E
:1096B000CBFB059806B080BD80B592B005901191A6
:1096C00010920F9311980690109A0EA9FFF770FE52
:1096D0000D900D9800680C9000208DF82F000D98CB
:1096E0000068F8B9FFE706990F9A08A80490FFF7F9
:1096F0002FFF04980E9902910D990391F2F7E0FF64
:109700000299039A03460698FFF76EFF0498F6F74E
:1097100007F8014604980C9101218DF82F10F6F7F7
:1097200023F8FFE70C9907A80190F7F7E1FC0598EB
:1097300001990DF12F02FCF7A7FD12B080BD0000CA
:1097400080B584B0029101920299019B1A46FFF7FD
:10975000B3FF04B080BD000080B582B000900098D7
:10976000FFF706FE014601A8F7F7BAFC019802B020
:1097700080BD00000000000080B58CB00A90099107
:109780000A98059009990391F4F70AFA0146059899
:109790000491FFF7EDFD0399049A03460598FFF73E
:1097A00077FE014605980891FFF7D6FF079008A8B5
:1097B00007A905F0C9F901460020069091B1FFE71D
:1097C0000598FFF7E1FD02900998019008A8F3F7CA
:1097D000D3FA019902460298F3F7D2FD80F0010016
:1097E0000690FFE70698C00718B1FFE708980B90AE
:1097F00004E00598FFF7B0FF0B90FFE70B980CB063
:1098000080BD00000000000080B582B0019001988A
:109810000830F9F7B1F802B080BD00000000000088
:1098200080B588B0069105900598009006A8019033
:10983000F3F7BEFE0146009804910499FFF70CFF70
:10984000014600980791FFF717FE01460198039122
:1098500003990291F3F7B4FEFAF7C2FB01460298AE
:10986000F8F782F8039804990122F8F771F807983D
:1098700008B080BD0000000080B586B0059004915E
:10988000059802900498F0B1FFE7029804990968DE
:10989000FFF7F2FF029804994968FFF7EDFF02987D
:1098A000FFF7EAFD03900398019004981030FAF74F
:1098B00097FB01460198F8F757F80398049901229D
:1098C000F8F746F8FFE706B080BD00000000000092
:1098D00080B586B005900491059802900430F8F7A1
:1098E0000FFB0298083000210391049A03A9F9F7AD
:1098F00053F80298FFF73CFD014602980191FFF7EB
:109900004FFD019902460298116006B080BD00002B
:1099100080B582B0019001980090F4F741F90146BA
:109920000098FFF7A9FF009802B080BD000000007A
:1099300080B582B0019001980430F8F7F1FAF7F79A
:109940009FFA02B080BD000080B582B001900198FE
:109950000830F9F73DF802B080BD000000000000BB
:1099600081B00090009801B0704700000000000036
:1099700080B588B006900591049206980190F4F79E
:109980002FF9014601980391F4F722F90290039808
:10999000002842D0FFE7FFE70198FFF7D5FF0499C1
:1099A000039A1032F3F714FD90B1FFE703980068B3
:1099B00030B1FFE70398029003980068039006E037
:1099C0000398059908600598006807902EE023E049
:1099D0000198FFF7B9FF03991031049AF3F70CFDD2
:1099E00098B1FFE70398406838B1FFE70398043067
:1099F000029003984068039006E003980599086078
:109A000003980430079011E005E003980599086079
:109A1000029807900AE0FFE7BEE70198FFF788FF8A
:109A200005990860059800680790FFE7079808B057
:109A300080BD00000000000080B582B00190019858
:109A40000430F8F775FA02B080BD00000000000095
:109A500080B586B00490039102920193049800901F
:109A6000FFE70298A8B1FFE70098FFF76DFF0299A2
:109A70001031039AF3F7C0FC30B9FFE70298019068
:109A800002980068029003E0029840680290FFE7A5
:109A9000E7E7019905A8F7F743FB059806B080BDF5
:109AA00080B58AB00890079108980190079900F056
:109AB00043F901460198069100F02EF9059006A899
:109AC00005A904F0EDFE18B1FFE7002009900DE0B4
:109AD00006980390039904A8F9F776FC0198049975
:109AE00000F08EF9029001200990FFE709980AB072
:109AF00080BD00000000000080B582B0019100929E
:109B00000199009A00F044F802B080BD0000000006
:109B100080B58CB004900B910A920B98FFF78CFFE4
:109B20000990002000908DF82300099801210591EB
:109B3000F7F75EFF009A0190099906A80290FAF7DC
:109B40000FFC04980199029AF5F756FE04980999BA
:109B50000391F2F7D9FD1030FAF74AFA014603985B
:109B60000A9AF7F759FF0498F5F70AFE0146059897
:109B700008718DF823009DF8230020B9FFE70498B1
:109B8000F5F74AFEFFE70CB080BD000000000000C2
:109B900080B584B0039102920399029A00F0B0F864
:109BA00004B080BD0000000080B586B0059004912F
:109BB0000392029305980190029A00211160029A83
:109BC00051600499029A91600299039A1160FFF71B
:109BD000C7FE0068006870B1FFE70198FFF7C0FE9C
:109BE00001460198096809680091FFF7B9FE01462E
:109BF00000980860FFE70198FFF79AFE0068039954
:109C00000968FAF7C5FD019800F0DEF8014608681A
:109C10000130086006B080BD80B586B00490039125
:109C200004980290039905A80190F7F781FA01982A
:109C3000F7F786FA0298FFF793FE006803998842C7
:109C400009D1FFE7029805990091FFF789FE0146C7
:109C500000980860FFE7029800F0B6F80246029804
:109C6000116801391160FFF763FE00680399F6F788
:109C7000EBF8059806B080BD80B592B005901191C3
:109C800010920F9311980690109A0EA9FFF770FE8C
:109C90000D900D9800680C9000208DF82F000D9805
:109CA0000068F8B9FFE706990F9A08A80490FFF733
:109CB0002FFF04980E9902910D990391F2F718FD68
:109CC0000299039A03460698FFF76EFF0498F5F78A
:109CD0007FFD014604980C9101218DF82F10F5F7B6
:109CE0009BFDFFE70C9907A80190F7F721FA05986B
:109CF00001990DF12F02FCF7D7FA12B080BD0000D8
:109D000080B584B0029101920299019B1A46FFF737
:109D1000B3FF04B080BD000080B582B00090009811
:109D2000FFF706FE014601A8F7F7FAF9019802B01D
:109D300080BD00000000000080B58CB00A90099141
:109D40000A98059009990391F3F74AFF014605988F
:109D50000491FFF7EDFD0399049A03460598FFF778
:109D600077FE014605980891FFF7D6FF079008A8EF
:109D700007A904F0F5FE01460020069091B1FFE727
:109D80000598FFF7E1FD02900998019008A8F3F704
:109D900013F8019902460298F3F71AFB80F00100CC
:109DA0000690FFE70698C00718B1FFE708980B90E8
:109DB00004E00598FFF7B0FF0B90FFE70B980CB09D
:109DC00080BD00000000000080B582B001900198C5
:109DD0000830F8F7F5FD02B080BD0000000000007B
:109DE00080B582B000900098FFF7BAFD016801A825
:109DF000F7F796F9019802B080BD0000000000005E
:109E000080B588B0069105900598009006A801904D
:109E1000F3F7E2FB0146009804910499FFF7FCFE7A
:109E2000014600980791FFF707FE0146019803914C
:109E300003990291F3F7D8FBFAF7DAF80146029892
:109E4000F7F7CAFD039804990122F7F7B9FD0798BF
:109E500008B080BD0000000080B586B00590049178
:109E6000059802900498F0B1FFE7029804990968F8
:109E7000FFF7F2FF029804994968FFF7EDFF029897
:109E8000FFF7DAFD03900398019004981030FAF779
:109E9000AFF801460198F7F79FFD03980499012256
:109EA000F7F78EFDFFE706B080BD00000000000060
:109EB00080B586B005900491059802900430F8F7BB
:109EC0003FF80298083000210391049A03A9F8F79B
:109ED00087FD0298FFF72CFD014602980191FFF7DC
:109EE0003FFD019902460298116006B080BD000056
:109EF00080B582B0019001980090F3F771FE0146A1
:109F00000098FFF7A9FF009802B080BD0000000094
:109F100080B582B0019001980430F8F721F8F6F787
:109F2000AFFF02B080BD000080B582B00190019803
:109F30000830F8F771FD02B080BD0000000000009D
:109F400081B00090009801B0704700000000000050
:109F500080B588B006900591049206980190F3F7B9
:109F60005FFE014601980391F3F752FE02900398B9
:109F7000002842D0FFE7FFE70198FFF7D5FF0499DB
:109F8000039A1032F3F74CFA90B1FFE70398006898
:109F900030B1FFE70398029003980068039006E051
:109FA0000398059908600598006807902EE023E063
:109FB0000198FFF7B9FF03991031049AF3F744FAB7
:109FC00098B1FFE70398406838B1FFE70398043081
:109FD000029003984068039006E003980599086092
:109FE00003980430079011E005E003980599086094
:109FF000029807900AE0FFE7BEE70198FFF788FFA5
:10A0000005990860059800680790FFE7079808B071
:10A0100080BD00000000000080B582B00190019872
:10A020000430F7F7A5FF02B080BD0000000000007B
:10A0300080B586B004900391029201930498009039
:10A04000FFE70298A8B1FFE70098FFF76DFF0299BC
:10A050001031039AF3F7F8F930B9FFE7029801904D
:10A0600002980068029003E0029840680290FFE7BF
:10A07000E7E7019905A8F7F773F8059806B080BDE2
:10A0800080B58AB00890079108980190079900F070
:10A0900043F901460198069100F02EF9059006A8B3
:10A0A00005A904F00DFC18B1FFE7002009900DE0B0
:10A0B00006980390039904A8F9F78EF9019804997A
:10A0C00000F07EF9029001200990FFE709980AB09C
:10A0D00080BD00000000000080B582B001910092B8
:10A0E0000199009A00F044F802B080BD0000000021
:10A0F00080B58CB004900B910A920B98FFF78CFFFF
:10A100000990002000908DF8230009980121059105
:10A11000F7F7A6FC009A0190099906A80290FAF7B1
:10A1200053F904980199029AF5F7BEFB049809992E
:10A130000391F2F701FB1030F9F762FF0146039833
:10A140000A9AF7F7A1FC0498F5F772FB0146059807
:10A1500008718DF823009DF8230020B9FFE70498CB
:10A16000F5F7B2FBFFE70CB080BD00000000000077
:10A1700080B584B0039102920399029A00F0B0F87E
:10A1800004B080BD0000000080B586B00590049149
:10A190000392029305980190029A00211160029A9D
:10A1A00051600499029A91600299039A1160FFF735
:10A1B000C7FE0068006870B1FFE70198FFF7C0FEB6
:10A1C00001460198096809680091FFF7B9FE014648
:10A1D00000980860FFE70198FFF79AFE006803996E
:10A1E0000968FAF7D5FA019800F0DEF80146086828
:10A1F0000130086006B080BD80B586B00490039140
:10A2000004980290039905A80190F6F7B1FF019810
:10A21000F6F7B6FF0298FFF793FE006803998842AD
:10A2200009D1FFE7029805990091FFF789FE0146E1
:10A2300000980860FFE7029800F0B6F8024602981E
:10A24000116801391160FFF763FE00680399F5F7A3
:10A25000FBFD059806B080BD80B592B005901191C8
:10A2600010920F9311980690109A0EA9FFF770FEA6
:10A270000D900D9800680C9000208DF82F000D981F
:10A280000068F8B9FFE706990F9A08A80490FFF74D
:10A290002FFF04980E9902910D990391F2F740FA5D
:10A2A0000299039A03460698FFF76EFF0498F5F7A4
:10A2B000E7FA014604980C9101218DF82F10F5F76B
:10A2C00003FBFFE70C9907A80190F6F751FF0598EB
:10A2D00001990DF12F02FBF7F7FF12B080BD0000CE
:10A2E00080B584B0029101920299019B1A46FFF752
:10A2F000B3FF04B080BD000080B582B0009000982C
:10A30000FFF706FE014601A8F6F72AFF019802B002
:10A3100080BD00000000000080B58CB00A9009915B
:10A320000A98059009990391F3F77AFC014605987C
:10A330000491FFF7EDFD0399049A03460598FFF792
:10A3400077FE014605980891FFF7D6FF079008A809
:10A3500007A904F011FC01460020069091B1FFE727
:10A360000598FFF7E1FD02900998019008A8F2F71F
:10A3700043FD019902460298F3F752F880F001007C
:10A380000690FFE70698C00718B1FFE708980B9002
:10A3900004E00598FFF7B0FF0B90FFE70B980CB0B7
:10A3A00080BD00000000000080B582B001900198DF
:10A3B0000830F8F729FB02B080BD00000000000063
:10A3C00080B588B0069105900598009006A8019088
:10A3D000F3F716F90146009804910499FFF70CFF72
:10A3E000014600980791FFF717FE01460198039177
:10A3F00003990291F3F70CF9F9F702FE014602986E
:10A40000F7F722FB039804990122F7F711FB07984D
:10A4100008B080BD0000000080B586B005900491B2
:10A42000059802900498F0B1FFE702980499096832
:10A43000FFF7F2FF029804994968FFF7EDFF0298D1
:10A44000FFF7EAFD03900398019004981030F9F7A4
:10A45000D7FD01460198F7F7F7FA0398049901220E
:10A46000F7F7E6FAFFE706B080BD00000000000045
:10A4700080B586B005900491059802900430F7F7F6
:10A480007FFD0298083000210391049A03A9F8F790
:10A49000CBFA0298FFF73CFD014602980191FFF7C5
:10A4A0004FFD019902460298116006B080BD000080
:10A4B00080B582B0019001980090F3F7B1FB01469E
:10A4C0000098FFF7A9FF009802B080BD00000000CF
:10A4D00080B582B0019001980430F7F761FDF6F77E
:10A4E000CFFC02B080BD000080B582B00190019821
:10A4F0000830F8F7B5FA02B080BD00000000000097
:10A5000081B00090009801B070470000000000008A
:10A5100080B588B006900591049206980190F3F7F3
:10A520009FFB014601980391F3F792FB0290039879
:10A53000002842D0FFE7FFE70198FFF7D5FF049915
:10A54000039A1032F2F794FF90B1FFE70398006886
:10A5500030B1FFE70398029003980068039006E08B
:10A560000398059908600598006807902EE023E09D
:10A570000198FFF7B9FF03991031049AF2F78CFFA5
:10A5800098B1FFE70398406838B1FFE703980430BB
:10A59000029003984068039006E0039805990860CC
:10A5A00003980430079011E005E0039805990860CE
:10A5B000029807900AE0FFE7BEE70198FFF788FFDF
:10A5C00005990860059800680790FFE7079808B0AC
:10A5D00080BD00000000000080B582B001900198AD
:10A5E0000430F7F7E5FC02B080BD00000000000079
:10A5F00080B586B004900391029201930498009074
:10A60000FFE70298A8B1FFE70098FFF76DFF0299F6
:10A610001031039AF2F740FF30B9FFE7029801903A
:10A6200002980068029003E0029840680290FFE7F9
:10A63000E7E7019905A8F6F7B3FD059806B080BDD8
:10A6400080B58AB00890079108980190079900F0AA
:10A6500043F901460198069100F02EF9059006A8ED
:10A6600005A904F03DF918B1FFE7002009900DE0BD
:10A6700006980390039904A8F8F7B6FE0198049988
:10A6800000F07EF9029001200990FFE709980AB0D6
:10A6900080BD00000000000080B582B001910092F2
:10A6A0000199009A00F044F802B080BD000000005B
:10A6B00080B58CB004900B910A920B98FFF78CFF39
:10A6C0000990002000908DF8230009980121059140
:10A6D000F7F7FEF9009A0190099906A80290F9F798
:10A6E000A7FE04980199029AF5F736F9049809999A
:10A6F0000391F2F739F81030F9F78AFC0146039814
:10A700000A9AF7F7F9F90498F5F7EAF80146059877
:10A7100008718DF823009DF8230020B9FFE7049805
:10A72000F5F72AF9FFE70CB080BD0000000000003B
:10A7300080B584B0039102920399029A00F0B0F8B8
:10A7400004B080BD0000000080B586B00590049183
:10A750000392029305980190029A00211160029AD7
:10A7600051600499029A91600299039A1160FFF76F
:10A77000C7FE0068006870B1FFE70198FFF7C0FEF0
:10A7800001460198096809680091FFF7B9FE014682
:10A7900000980860FFE70198FFF79AFE00680399A8
:10A7A0000968F9F7F5FF019800F0DEF8014608683E
:10A7B0000130086006B080BD80B586B0049003917A
:10A7C00004980290039905A80190F6F7F1FC01980E
:10A7D000F6F7F6FC0298FFF793FE006803998842AB
:10A7E00009D1FFE7029805990091FFF789FE01461C
:10A7F00000980860FFE7029800F0B6F80246029859
:10A80000116801391160FFF763FE00680399F5F7DD
:10A810001BFB059806B080BD80B592B005901191E4
:10A8200010920F9311980690109A0EA9FFF770FEE0
:10A830000D900D9800680C9000208DF82F000D9859
:10A840000068F8B9FFE706990F9A08A80490FFF787
:10A850002FFF04980E9902910D990391F1F778FF5B
:10A860000299039A03460698FFF76EFF0498F5F7DE
:10A870005FF8014604980C9101218DF82F10F5F72F
:10A880007BF8FFE70C9907A80190F6F791FC059873
:10A8900001990DF12F02FBF727FD12B080BD0000DA
:10A8A00080B584B0029101920299019B1A46FFF78C
:10A8B000B3FF04B080BD000080B582B00090009866
:10A8C000FFF706FE014601A8F6F76AFC019802B000
:10A8D00080BD00000000000080B58CB00A90099196
:10A8E0000A98059009990391F3F7BAF9014605987A
:10A8F0000491FFF7EDFD0399049A03460598FFF7CD
:10A9000077FE014605980891FFF7D6FF079008A843
:10A9100007A904F03DF901460020069091B1FFE738
:10A920000598FFF7E1FD02900998019008A8F2F759
:10A9300077FA019902460298F2F79AFD80F0010039
:10A940000690FFE70698C00718B1FFE708980B903C
:10A9500004E00598FFF7B0FF0B90FFE70B980CB0F1
:10A9600080BD00000000000080B582B00190019819
:10A970000830F8F76DF802B080BD0000000000005C
:10A9800080B588B0069105900598009006A80190C2
:10A99000F2F74AFE0146009804910499FFF70CFF74
:10A9A000014600980791FFF717FE014601980391B1
:10A9B00003990291F2F740FEF9F72AFB014602984B
:10A9C000F7F77AF8039804990122F7F769F80798DE
:10A9D00008B080BD0000000080B586B005900491ED
:10A9E000059802900498F0B1FFE70298049909686D
:10A9F000FFF7F2FF029804994968FFF7EDFF02980C
:10AA0000FFF7EAFD03900398019004981030F9F7DE
:10AA1000FFFA01460198F7F74FF8039804990122CD
:10AA2000F7F73EF8FFE706B080BD00000000000029
:10AA300080B586B005900491059802900430F7F730
:10AA4000BFFA0298083000210391049A03A9F8F78D
:10AA50000FF80298FFF73CFD014602980191FFF7BD
:10AA60004FFD019902460298116006B080BD0000BA
:10AA700080B582B0019001980090F3F7F1F801469B
:10AA80000098FFF7A9FF009802B080BD0000000009
:10AA900080B586B0049003910292049801900398C7
:10AAA000F8F736FC0146029A019802F09DFC0590E9
:10AAB000059806B080BD000080B584B00390029177
:10AAC0000192039800900298F8F722FC0146009842
:10AAD000019A02F0A9FC04B080BD00000000000053
:10AAE00080B584B00390029101920398009002987F
:10AAF000F8F70EFC01460098019A02F0ADFC04B094
:10AB000080BD00000000000080B584B00390029179
:10AB10000192039800900298F8F702FC0146009811
:10AB2000019A02F0B5FC04B080BD000000000000F6
:10AB300080B584B00390029101920398009002982E
:10AB4000F8F7E6FB01460098019A02F0B9FC04B060
:10AB500080BD00000000000080B584B00390029129
:10AB60000192039800900298F8F7DAFB01460098EA
:10AB7000019A02F0BDFC04B080BD0000000000009E
:10AB800080B584B0039002910192039800900298DE
:10AB9000F8F7C6FB01460098019A02F0C1FC04B028
:10ABA00080BD00000000000082B00190009101987B
:10ABB0000099016002B0704780B584B0039003989B
:10ABC000029000680068D0B1FFE70298006800F0CA
:10ABD0004BF802980068F3F74FF80298006800F00D
:10ABE00037F8014602980191006801680091F3F777
:10ABF00047F8009902460198F6F72AFCFFE704B0EF
:10AC000080BD00000000000080B586B00590049172
:10AC10000598029040680390FFE7049803998842E2
:10AC20000ED0FFE7029800F013F801900398023865
:10AC30000390F4F7E1FF01460198F6F715FCECE705
:10AC400002990498486006B080BD00000000000032
:10AC500080B582B0019001980830F7F7C1F902B0D1
:10AC600080BD00000000000080B582B00190019816
:10AC70000168FFF7C9FF02B080BD000000000000BE
:10AC800080B584B00390039800900021016041607A
:10AC90000830029102A90DF10702F7F7A9F900980F
:10ACA00004B080BD0000000080B584B0039003991B
:10ACB000019102A80090FFF777FF0098FFF77CFF53
:10ACC000019804B080BD000080B588B0079006915F
:10ACD0000798029006990391F3F75EF801460398EE
:10ACE000884203D9FFE70298F3F726F8029800F0AC
:10ACF00033FA0146069A04A8F8F796F802980499E0
:10AD00000160049941600168059A01EB021101910B
:10AD100000F07AFA01990246029811600021F2F7D8
:10AD2000F7FF08B080BD000080B584B003900398A1
:10AD300002900068F8B1FFE7029800F0B9F90298B4
:10AD4000F2F7EEFF029800F007FA0146029801912F
:10AD500001680091F3F710F8009902460198F6F7A0
:10AD60008FFB029800F050FA029902460020106012
:10AD700048600860FFE704B080BD000000000000EC
:10AD800082B00190009101980099016002B0704773
:10AD900080B584B003900398029000680068D0B139
:10ADA000FFE70298006800F0E3F902980068F2F704
:10ADB000B7FF0298006800F0CFF9014602980191B0
:10ADC000006801680091F2F7D7FF009902460198E8
:10ADD000F6F756FBFFE704B080BD0000000000005E
:10ADE00080B584B00390029103980090F2F7ACFF15
:10ADF000014600980191029900F0E2F8009801994B
:10AE0000F2F792FF04B080BD80B590B00F900E9124
:10AE10000D920C930F9805900C990B910B9906913C
:10AE2000F2F7AAFF0146069888423CD8FFE705984A
:10AE30000B990491F2F788FF01460498884223D9C0
:10AE4000FFE705980E990091F2F77EFF0146009802
:10AE5000FAF792FF059A0A900E980A991268FAF783
:10AE6000E3FD05980A9902910D9903910B990191BF
:10AE7000F2F76AFF019B0299039A84460598A3EBB7
:10AE80000C0300F051F80DE005980E990D9A036837
:10AE900007A8FBF70DFD0598089909910999FFF797
:10AEA0009FFFFFE711E00598FFF73EFF05980B991C
:10AEB000F2F702FF01460598FFF706FF05980E9985
:10AEC0000D9A0B9B00F030F8FFE710B080BD00003A
:10AED00080B58AB00990089109990291089A05A84D
:10AEE00000F052F80798049006980390FFE7039843
:10AEF0000499884211D0FFE7029800F02DF90190E3
:10AF00000398F4F781FE01460198F6F7D9FAFFE7B6
:10AF10000398103003900690E9E705A800F048F880
:10AF20000AB080BD0000000080B58AB00990089189
:10AF30000792069309990191069A03A8029000F0DE
:10AF400023F8019800F008F90899079A049BF9F78B
:10AF50000FFE01460298049100F02AF80AB080BD65
:10AF600080B584B0039002910398029900F004F830
:10AF700004B080BD0000000083B00190009103B0D8
:10AF8000704700000000000083B002900191009221
:10AF900002980199016001994968416001994968E5
:10AFA000009A01EB0211816003B0704700000000BD
:10AFB00081B00090009802684168516001B070470C
:10AFC00080B586B005900491059802904068039082
:10AFD000FFE70498039988420ED0FFE7029800F03B
:10AFE000BBF80190039810380390F4F70DFE01466A
:10AFF0000198F6F751FAECE702990498486006B018
:10B0000080BD00000000000080B58AB00990089162
:10B0100009980690F2F784FE069808994968024656
:10B0200052F8043F04920268D21A1144079100F0CA
:10B0300093F80146069803910068F4F7E5FD014690
:10B04000049801910068F4F7DFFD02900798F4F787
:10B05000DBFD0199029A03460398F9F73DFE049A35
:10B0600006980799089B5960016811600899043196
:10B07000FBF75AFA049808990831FBF755FA069835
:10B0800000F0C2F805900898F5F78AFA014605988D
:10B09000FBF74AFA0698089A51681160F2F754FED5
:10B0A00001460698F2F734FE0AB080BD00000000A9
:10B0B00080B584B0039003980190F2F745FE0146F5
:10B0C0000198029100F054F801980299F2F72CFED1
:10B0D00004B080BD0000000080B586B005900491EA
:10B0E000039205980290049800900399019102F050
:10B0F000BFFA0099019A03460298FFF785FE06B051
:10B1000080BD00000000000080B584B00390029173
:10B1100003980090F2F718FE019001980299884276
:10B1200007D2FFE700980299019A891A00F02CF8DB
:10B130000DE001980299884208D9FFE7009801685C
:10B14000029A01EB0211FFF74BFEFFE7FFE704B0A5
:10B1500080BD00000000000080B582B00190019821
:10B160000830F6F75DFF02B080BD0000000000006F
:10B1700080B582B0019001980168FFF721FF02B00D
:10B1800080BD00000000000080B58CB00B900A91DB
:10B190000B98039000F038F8039900684968411A49
:10B1A0000A98B0EB211F05D8FFE703980A99FFF72B
:10B1B0008FFE25E00398FFF7CFFF01460398099122
:10B1C000F2F7C2FD014603980A9A1144F2F774FDA2
:10B1D000014603980191F2F7B7FD01990246099BD8
:10B1E00004A80290F5F7E8F902980A99F5F77CF9B6
:10B1F00003980299FFF708FF0298F5F719FAFFE79D
:10B200000CB080BD0000000080B582B001900198B4
:10B210000830F6F7FDFE02B080BD0000000000001F
:10B2200080B584B0039003980090002101604160D4
:10B230000830029102A90DF10702F6F7F9FE009815
:10B2400004B080BD0000000080B584B00390039975
:10B25000019102A80090FFF793FD0098FFF798FD79
:10B26000019804B080BD000080B584B003900291C5
:10B2700003980190029988420BD0FFE70198029948
:10B28000FFF76EFE0198029A11685268FFF724FFDB
:10B29000FFE7019804B080BD82B001900091019851
:10B2A0000068009900EB011002B070470000000038
:10B2B00080B588B00790069107980290069903918F
:10B2C000F2F7D6FD01460398884203D9FFE70298BA
:10B2D000F2F796FD029800F043F90146069A04A899
:10B2E000F7F7B2FD02980499016004994160016882
:10B2F000059A02EB820201EBC201019100F048F9CC
:10B3000001990246029811600021F2F765FD08B02C
:10B3100080BD00000000000080B586B0049003915D
:10B320000498019000F024F80198039900F0A8F81F
:10B330000199039800680860039840684860039882
:10B3400000F026F9014601980968029100F020F901
:10B35000014602980860039800F01AF9014600209F
:10B360000860039948600399086006B080BD00003A
:10B3700080B584B00390039802900068F8B1FFE7AD
:10B38000029800F0D9F80298F2F72EFD029800F02A
:10B39000E7F801460298019101680091F2F754FD27
:10B3A000009902460198F6F797F8029800F0F0F835
:10B3B000029902460020106048600860FFE704B070
:10B3C00080BD00000000000082B001900091019853
:10B3D0000099016002B0704780B584B00390039873
:10B3E000029000680068D0B1FFE70298006800F0A2
:10B3F000C3F802980068F2F7F7FC0298006800F0C2
:10B40000AFF8014602980191006801680091F2F7D7
:10B410001BFD009902460198F6F75EF8FFE704B0BD
:10B4200080BD00000000000080B58AB0099008913E
:10B4300009990291089A05A800F03EF8079804902F
:10B4400006980390FFE703980499884211D0FFE71C
:10B45000029800F085F801900398F4F7DDFB0146AF
:10B460000198F6F759F8FFE7039828300390069003
:10B47000E9E705A800F034F80AB080BD000000003C
:10B4800080B584B0039002910398029900F004F80B
:10B4900004B080BD0000000080B584B0029001912E
:10B4A00002980090019800F05BF8009800F058F8BE
:10B4B00004B080BD0000000083B0029001910092B2
:10B4C00002980199016001994968416001994968B0
:10B4D000009A02EB820201EBC201816003B0704767
:10B4E00081B00090009802684168516001B07047D7
:10B4F00080B586B00590049105980290406803904D
:10B50000FFE70498039988420ED0FFE7029800F005
:10B5100027F80190039828380390F4F77DFB014643
:10B520000198F5F7E5FFECE702990498486006B04A
:10B5300080BD00000000000080B584B00390039837
:10B540000190F2F765FC01460198029100F014F8B1
:10B5500001980299F2F74CFC04B080BD0000000095
:10B5600080B582B0019001980830F6F7A1FD02B0D5
:10B5700080BD00000000000080B582B001900198FD
:10B580000168FFF7B5FF02B080BD000000000000B9
:10B5900080B582B0019001980830F6F781FD02B0C5
:10B5A00080BD00000000000080B588B006900591C5
:10B5B00006980190079000210160416008300491D5
:10B5C00004A90DF10F02F6F77BFD019902A8FFF720
:10B5D000FBFE02990DF10E00F8F7A6FC059848B1A4
:10B5E000FFE701980599FFF763FE01980599FFF7BA
:10B5F0001BFFFFE70DF10E000090F9F771FA0098BC
:10B60000F9F77EFA079808B080BD0000000000003E
:10B6100080B584B0039003980090002101604160E0
:10B620000830029102A90DF10702F6F749FD0098D2
:10B6300004B080BD0000000080B584B00390039981
:10B64000019102A80090FFF7BFFE0098FFF7C4FE2B
:10B65000019804B080BD000080B584B003900291D1
:10B66000039800900299FFF757FE009804B080BD40
:10B6700082B00190009101980068009901EB81016E
:10B6800000EBC10002B0704780B584B00290019118
:10B69000019903A8F4F7ECF9039804B080BD000009
:10B6A00082B00190009101980099016002B070474A
:10B6B00080B584B003900398029000680068D0B110
:10B6C000FFE70298006800F047F902980068F2F777
:10B6D00023FC0298006800F033F9014602980191BA
:10B6E000006801680091F2F747FC00990246019852
:10B6F000F6F70EFAFFE704B080BD0000000000007E
:10B7000080B584B00390029103980090F2F718FC82
:10B71000014600980191029900F04EF800980199B5
:10B72000F2F7FEFB04B080BD80B58AB009900891A5
:10B73000079209990191089A04A800F021F8069847
:10B74000039005980290FFE702980399884212D06F
:10B75000FFE7019800F0F4F800900298F4F76CFA13
:10B7600001460098079AF6F7F3F9FFE702980C30C4
:10B7700002900590E8E704A800F016F80AB080BD32
:10B7800083B00290019100920298019901600199A1
:10B790004968416001994968009A02EB420201EB55
:10B7A0008201816003B0704781B000900098026808
:10B7B0004168516001B0704780B586B00590049132
:10B7C0000598029040680390FFE704980399884227
:10B7D0000ED0FFE7029800F0B3F8019003980C3800
:10B7E0000390F4F729FA01460198F6F79DF9ECE782
:10B7F00002990498486006B080BD00000000000077
:10B8000080B58AB00990089109980690F2F784FBF8
:10B81000069808994968034653F8042F049303686F
:10B82000D21A92084AF6AB23CAF6AA235A435242C6
:10B8300002EB420201EB8201079100F081F8014620
:10B84000069803910068F4F7F7F90146049801910E
:10B850000068F4F7F1F902900798F4F7EDF901990F
:10B86000029A03460398F9F747FA049A069807994B
:10B87000089B59600168116008990431FAF764FE69
:10B88000049808990831FAF75FFE069800F0B8F8B6
:10B8900005900898F4F778FF01460598FAF754FEEA
:10B8A0000698089A51681160F2F74AFB014606981B
:10B8B000F2F72AFB0AB080BD80B582B000900098F4
:10B8C0004168FFF7E1FE0190019802B080BD0000E1
:10B8D00080B582B0009000980168FFF7D5FE019016
:10B8E000019802B080BD000080B586B0059004913B
:10B8F000039205980190F2F723FB029002980499B5
:10B90000884208D2FFE701980499029A891A039A9B
:10B9100000F02EF80FE00298049988420AD9FFE758
:10B9200001980168049A02EB420201EB8201FFF7E1
:10B93000E7FEFFE7FFE706B080BD00000000000063
:10B9400080B582B0019001980830F6F789FD02B009
:10B9500080BD00000000000080B582B00190019819
:10B960000168FFF729FF02B080BD00000000000061
:10B9700080B58CB00B900A9109920B98029000F060
:10B980003FF8029900684968401A80104AF6AB21D6
:10B99000CAF6AA2148430A99884206D3FFE70298CB
:10B9A0000A99099AFFF7C0FE26E00298FFF7C8FF40
:10B9B000014602980891F2F7C3FA014602980A9AE2
:10B9C0001144F2F775FA014602980091F2F7B8FABD
:10B9D00000990246089B03A80190F4F7E1FE019844
:10B9E0000A99099AF4F770FE02980199FFF708FF87
:10B9F0000198F4F715FFFFE70CB080BD00000000D0
:10BA000080B582B0019001980830F6F721FD02B0B0
:10BA100080BD00000000000080B584B00390039852
:10BA200000900021016041600830029102A90DF1EF
:10BA30000702F6F71DFD009804B080BD000000006D
:10BA400080B584B003900399019102A80090FFF79C
:10BA500027FE0098FFF72CFE019804B080BD00007F
:10BA600080B584B002900191019903A8F4F718F809
:10BA7000039804B080BD000082B00190009101984D
:10BA80000099016002B0704780B584B003900398BC
:10BA9000029000680068D0B1FFE70298006800F0EB
:10BAA0003FF902980068F2F7CFFA0298006800F0B8
:10BAB0002BF9014602980191006801680091F2F7A4
:10BAC000EFFA009902460198F6F74EF8FFE704B046
:10BAD00080BD00000000000083B002900191009240
:10BAE000029801990160019949684160019949688A
:10BAF000009A01EB0211816003B070470000000062
:10BB000081B00090009802684168516001B07047B0
:10BB100080B58EB00D900C910D98039000F0F4F864
:10BB2000014603980B91F2F7A3FA014603980131FD
:10BB3000F2F756FA014603980191F2F799FA019942
:10BB400002460B9B06A80490F4F7DAFE0B980290CD
:10BB50000898F4F779F8014602980C9AF6F724F859
:10BB600003980499089A1032089200F04DF803994E
:10BB7000049849680591F4F7FFFE05980EB080BD62
:10BB800080B586B0059004910598029040680390B6
:10BB9000FFE70498039988420ED0FFE7029800F06F
:10BBA000B3F80190039810380390F4F74DF801466C
:10BBB0000198F5F7E5FFECE702990498486006B0B4
:10BBC00080BD00000000000080B588B0079006919D
:10BBD0000799009103A802900122FFF77DFF0098CA
:10BBE00000F092F801900498F4F72EF801460198BD
:10BBF000069AF5F7D9FF0298049910310491FFF7DE
:10BC00007FFF08B080BD000080B58AB00990089120
:10BC100009980690F2F718FA0698089949680246BA
:10BC200052F8043F04920268D21A1144079100F0BE
:10BC30006BF80146069803910068F4F705F8014691
:10BC4000049801910068F3F7FFFF02900798F3F75B
:10BC5000FBFF0199029A03460398F9F75DF8049AED
:10BC600006980799089B596001681160089904318A
:10BC7000FAF77AFC049808990831FAF775FC0698E7
:10BC800000F05AF805900898F4F72EFE0146059842
:10BC9000FAF76AFC0698089A51681160F2F7E8F919
:10BCA00001460698F2F7C8F90AB080BD000000000E
:10BCB00080B582B0009000984168FFF7D1FE0190F6
:10BCC000019802B080BD000080B582B0009000985D
:10BCD0000168FFF7C5FE0190019802B080BD000029
:10BCE00080B584B0039003980190F2F7C1F9014642
:10BCF0000198029100F014F801980299F2F7A8F95E
:10BD000004B080BD0000000080B582B001900198B1
:10BD10000830F6F7EDFB02B080BD00000000000027
:10BD200080B582B0019001980168FFF729FF02B049
:10BD300080BD00000000000080B582B00190019835
:10BD40000830F6F7CDFB02B080BD00000000000017
:10BD500080B586B0059004910598019041680391E3
:10BD600003990291FFF7E8FF0146029809688842AB
:10BD700008D2FFE701980499FFF726FF03981030D7
:10BD8000039005E001980499FFF7C2FE0390FFE7D6
:10BD900001990398486006B080BD000000000000D3
:10BDA00080B584B003900398009000210160416049
:10BDB0000830029102A90DF10702F6F7A1FB0098E5
:10BDC00004B080BD0000000080B584B003900399EA
:10BDD000019102A80090FFF74FFE0098FFF754FE74
:10BDE000019804B080BD000080B584B0029001913C
:10BDF000019903A8F3F764FE039804B080BD000026
:10BE000082B00190009101980099016002B07047E2
:10BE100080B584B003900398029000680068D0B1A8
:10BE2000FFE70298006800F03FF902980068F2F717
:10BE30009BF90298006800F02BF9014602980191E5
:10BE4000006801680091F2F7BBF900990246019879
:10BE5000F5F7C2FEFFE704B080BD0000000000005F
:10BE600083B00290019100920298019901600199BA
:10BE70004968416001994968009A01EB02118160AB
:10BE800003B070470000000081B000900098026885
:10BE90004168516001B0704780B58EB00D900C9133
:10BEA0000D98039000F0F4F8014603980B91F2F717
:10BEB0006FF9014603980131F2F722F90146039820
:10BEC0000191F2F765F9019902460B9B06A80490CF
:10BED000F4F7C2FD0B9802900898F3F7BDFE0146F7
:10BEE00002980C9AF5F798FE03980499089A103274
:10BEF000089200F04DF80399049849680591F4F709
:10BF0000E7FD05980EB080BD80B586B00590049120
:10BF10000598029040680390FFE7049803998842CF
:10BF20000ED0FFE7029800F0B3F8019003981038A4
:10BF30000390F3F791FE01460198F5F759FEECE7FF
:10BF400002990498486006B080BD0000000000001F
:10BF500080B588B0079006910799009103A80290D8
:10BF60000122FFF77DFF009800F092F801900498FD
:10BF7000F3F772FE01460198069AF5F74DFE029816
:10BF8000049910310491FFF77FFF08B080BD0000D5
:10BF900080B58AB00990089109980690F2F7E4F804
:10BFA000069808994968024652F8043F04920268CC
:10BFB000D21A1144079100F06BF8014606980391DC
:10BFC0000068F3F749FE0146049801910068F3F711
:10BFD00043FE02900798F3F73FFE0199029A034649
:10BFE0000398F8F7D1FE049A06980799089B5960C0
:10BFF0000168116008990431FAF7C6FA04980899A3
:10C000000831FAF7C1FA069800F05AF80590089836
:10C01000F4F716FD01460598FAF7B6FA0698089A5D
:10C0200051681160F2F7B4F801460698F2F794F8F7
:10C030000AB080BD0000000080B582B0009000987A
:10C040004168FFF7D1FE0190019802B080BD000069
:10C0500080B582B0009000980168FFF7C5FE01909E
:10C06000019802B080BD000080B584B003900398B1
:10C070000190F2F78DF801460198029100F014F852
:10C0800001980299F2F774F804B080BD0000000036
:10C0900080B582B0019001980830F6F771FA02B0CD
:10C0A00080BD00000000000080B582B001900198C2
:10C0B0000168FFF729FF02B080BD0000000000000A
:10C0C00080B582B0019001980830F6F751FA02B0BD
:10C0D00080BD00000000000080B586B0059004918E
:10C0E000059801904168039103990291FFF7E8FFD9
:10C0F000014602980968884208D2FFE7019804992E
:10C10000FFF726FF03981030039005E0019804998B
:10C11000FFF7C2FE0390FFE701990398486006B05D
:10C1200080BD00000000000080B584B0039003983B
:10C1300000900021016041600830029102A90DF1D8
:10C140000702F6F725FA009804B080BD0000000051
:10C1500080B584B003900399019102A80090FFF785
:10C160004FFE0098FFF754FE019804B080BD000018
:10C1700080B588B0079006910798029006990391C0
:10C18000F2F7CAF801460398884203D9FFE70298FC
:10C19000F2F786F8029800F04FFA0146069A04A8D2
:10C1A000F6F792FE029804990160049941600168D3
:10C1B000059A01EB8201019100F056FA01990246BD
:10C1C000029811600021F2F757F808B080BD000016
:10C1D00080B584B00390039802900068F8B1FFE73F
:10C1E000029800F0E5F90298F2F74EF8029800F094
:10C1F00023FA01460298019101680091F2F77CF858
:10C20000009902460198F5F71FFD029800F02CFAFC
:10C21000029902460020106048600860FFE704B001
:10C2200080BD00000000000082B0019000910198E4
:10C230000099016002B0704780B584B00390039804
:10C24000029000680068D0B1FFE70298006800F033
:10C25000FFF902980068F2F717F80298006800F0FA
:10C26000EBF9014602980191006801680091F2F72C
:10C2700043F8009902460198F5F7E6FCFFE704B0A1
:10C2800080BD00000000000080B584B003900291E2
:10C2900003980090F2F70CF801460098019102997A
:10C2A00000F062F900980199F1F7F2FF04B080BD47
:10C2B00080B590B00F900E910D920C930F98059051
:10C2C0000C990B910B990691F2F716F80146069816
:10C2D00088423CD8FFE705980B990491F1F7E8FFF5
:10C2E00001460498884223D9FFE705980E990091EA
:10C2F000F1F7DEFF01460098F9F726FD059A0A904E
:10C300000E980A991268F9F76FFB05980A9902913D
:10C310000D9903910B990191F1F7CAFF019B0299C5
:10C32000039A84460598A3EB0C0300F0B5F80DE0E2
:10C3300005980E990D9A036807A8FAF7A1FA0598CF
:10C34000089909910999FFF79FFFFFE711E0059808
:10C35000FFF73EFF05980B99F1F762FF014605983C
:10C36000FFF706FF05980E990D9A0B9B00F094F8C5
:10C37000FFE710B080BD000080B590B00F900E9127
:10C380000D920C930F9805900C990B910B990691B7
:10C39000F1F7B2FF0146069888423CD8FFE70598BE
:10C3A0000B990491F1F784FF01460498884223D940
:10C3B000FFE705980E990091F1F77AFF0146009882
:10C3C000F9F7E6FC059A0A900E980A991268F9F7AF
:10C3D0003BFB05980A9902910D9903910B990191E4
:10C3E000F1F766FF019B0299039A84460598A3EB37
:10C3F0000C0300F06DF80DE005980E990D9A036896
:10C4000007A8FAF761FA0598089909910999FFF7C1
:10C410003BFFFFE711E00598FFF7DAFE05980B995F
:10C42000F1F7FEFE01460598FFF7A2FE05980E996A
:10C430000D9A0B9B00F04CF8FFE710B080BD000098
:10C4400080B58AB009900891079209990191089ADC
:10C4500004A800F06DF80698039005980290FFE795
:10C4600002980399884212D0FFE7019800F0E4F89F
:10C4700000900298F3F7F8FB01460098079AF5F749
:10C4800003FCFFE70298043002900590E8E704A857
:10C4900000F062F80AB080BD80B58AB009900891BA
:10C4A0000792069309990191069A03A8029000F059
:10C4B0003FF8019800F0C0F80899079A049BF8F734
:10C4C0007BFB01460298049100F046F80AB080BD5B
:10C4D00080B58AB009900891079206930999019155
:10C4E000069A03A8029000F023F8019800F0A4F83F
:10C4F0000899079A049BF8F783FB01460298049178
:10C5000000F02AF80AB080BD80B584B00390029193
:10C510000398029900F004F804B080BD0000000008
:10C5200083B00190009103B070470000000000004C
:10C5300083B00290019100920298019901600199E3
:10C540004968416001994968009A01EB8201816064
:10C5500003B070470000000081B0009000980268AE
:10C560004168516001B0704780B586B00590049174
:10C570000598029040680390FFE704980399884269
:10C580000ED0FFE7029800F057F8019003980438A6
:10C590000390F3F769FB01460198F5F761FBECE7BF
:10C5A00002990498486006B080BD000000000000B9
:10C5B00080B584B0039003980190F1F779FE0146AD
:10C5C0000198029100F044F801980299F1F760FE99
:10C5D00004B080BD0000000080B586B005900491D5
:10C5E000039205980290049800900399019101F03C
:10C5F00027F80099019A03460298FFF759FE06B002
:10C6000080BD00000000000080B586B00590049158
:10C61000039205980290049800900399019101F00B
:10C6200033F80099019A03460298FFF7A5FE06B079
:10C6300080BD00000000000080B582B0019001982C
:10C640000830F6F729F802B080BD000000000000B5
:10C6500080B582B0019001980168FFF785FF02B0B4
:10C6600080BD00000000000080B582B001900198FC
:10C670000830F6F709F802B080BD000000000000A5
:10C6800080B58CB00A9209910890089804900B909C
:10C690000021016041600830079107A90DF11B02DC
:10C6A000F6F702F8049905A8FFF7BEFD05990DF10C
:10C6B0001A00F7F745FC09A8EFF7A6FEE0B1FFE77F
:10C6C00009A80190EFF7A0FE01460498FFF750FD7E
:10C6D0000198EFF7A1FE014601980291EFF788FE5D
:10C6E000014601980391EFF78FFE0299039A0346E2
:10C6F0000498FFF7D1FEFFE70DF11A000090F8F75C
:10C7000007FA0098F8F714FA0B980CB080BD0000F7
:10C7100080B58AB008900791069208980290099017
:10C720000021016041600830059105A90DF1130257
:10C73000F5F7BAFF029903A8FFF776FD03990DF10B
:10C740001200F7F7FDFB079850B1FFE70298079931
:10C75000FFF70EFD02980799069AFFF771FEFFE7B3
:10C760000DF112000190F8F7D3F90198F8F7E0F90C
:10C7700009980AB080BD000080B584B0039003988A
:10C7800000900021016041600830029102A90DF182
:10C790000702F5F789FF009804B080BD0000000093
:10C7A00080B584B003900399019102A80090FFF72F
:10C7B0003BFD0098FFF740FD019804B080BD0000EC
:10C7C00080B584B003900291039801900299884249
:10C7D0000BD0FFE701980299FFF796FE0198029AA5
:10C7E00011685268FFF710FFFFE7019804B080BDA1
:10C7F00080B586B00592049103900398029004A836
:10C800000090EFF709FE014600980191EFF7F0FD67
:10C81000019902460298FFF7DFFE029806B080BD3C
:10C8200082B00190009101980068009900EB8100AE
:10C8300002B070470000000080B584B00290019102
:10C84000019903A8F3F74CF9039804B080BD0000E8
:10C8500080B588B0079006910798029006990391D9
:10C86000F1F7F2FD01460398884203D9FFE70298E9
:10C87000F1F7BEFD029800F06FFB0146069A04A88E
:10C88000F6F732FB0298049901600499416001684F
:10C89000059A1144019100F0B7FB019902460298F4
:10C8A00011600021F1F790FD08B080BD000000008C
:10C8B00080B584B00390039802900068F8B1FFE758
:10C8C000029800F0DDFA0298F1F786FD029800F078
:10C8D00043FB01460298019101680091F1F7A4FD24
:10C8E000009902460198F5F7DBF9029800F08CFBFD
:10C8F000029902460020106048600860FFE704B01B
:10C9000080BD00000000000082B0019000910198FD
:10C910000099016002B0704780B584B0039003981D
:10C92000029000680068D0B1FFE70298006800F04C
:10C930001FFB02980068F1F74FFD0298006800F0B5
:10C940000BFB014602980191006801680091F1F724
:10C950006BFD009902460198F5F7A2F9FFE704B0D4
:10C9600080BD00000000000080B588B007900691EF
:10C97000059204930799019102A8FFF7C5FF029958
:10C980000DF10F00F7F7E8FA049858B1FFE70198A6
:10C990000499FFF75DFF01980699059A049B00F042
:10C9A0002FF9FFE70DF10F000090F8F7C9F8009894
:10C9B000F8F7D6F808B080BD80B584B00390029136
:10C9C00003980090F1F71CFD01460098019102992F
:10C9D00000F09AF900980199F1F702FD04B080BDCA
:10C9E00080B590B00F900E910D920C930F9805901A
:10C9F0000C990B910B990691F1F716FD01460698DB
:10CA000088423CD8FFE705980B990491F1F7F8FCB0
:10CA100001460498884223D9FFE705980E990091B2
:10CA2000F1F7EEFC01460098F9F79AF9059A0A9099
:10CA30000E980A991268F8F7E7FF05980A9902918B
:10CA40000D9903910B990191F1F7DAFC019B029981
:10CA5000039A84460598A3EB0C0300F0B5F80DE0AB
:10CA600005980E990D9A036807A8F9F715FF059820
:10CA7000089909910999FFF79FFFFFE711E00598D1
:10CA8000FFF716FF05980B99F1F772FC0146059820
:10CA9000FFF7DEFE05980E990D9A0B9B00F094F8B7
:10CAA000FFE710B080BD000080B590B00F900E91F0
:10CAB0000D920C930F9805900C990B910B99069180
:10CAC000F1F7B2FC0146069888423CD8FFE705988A
:10CAD0000B990491F1F794FC01460498884223D9FC
:10CAE000FFE705980E990091F1F78AFC014600983E
:10CAF000F9F75AF9059A0A900E980A991268F8F708
:10CB0000C7FF05980A9902910D9903910B9901911C
:10CB1000F1F776FC019B0299039A84460598A3EBF2
:10CB20000C0300F06DF80DE005980E990D9A03685E
:10CB300007A8F9F7E5FE0598089909910999FFF703
:10CB40003BFFFFE711E00598FFF7B2FE05980B9950
:10CB5000F1F70EFC01460598FFF77AFE05980E994D
:10CB60000D9A0B9B00F04CF8FFE710B080BD000061
:10CB700080B58AB009900891079209990191089AA5
:10CB800004A800F06DF80698039005980290FFE75E
:10CB900002980399884212D0FFE7019800F0DCF96F
:10CBA00000900298F3F768F801460098079AF5F7A5
:10CBB0009BF8FFE70298013002900590E8E704A88F
:10CBC00000F062F80AB080BD80B58AB00990089183
:10CBD0000792069309990191069A03A8029000F022
:10CBE0003FF8019800F0B8F90899079A049BF8F704
:10CBF0002BF801460298049100F046F80AB080BD77
:10CC000080B58AB00990089107920693099901911D
:10CC1000069A03A8029000F023F8019800F09CF90E
:10CC20000899079A049BF8F733F801460298049193
:10CC300000F02AF80AB080BD80B584B0039002915C
:10CC40000398029900F004F804B080BD00000000D1
:10CC500083B00190009103B0704700000000000015
:10CC600083B00290019100920298019901600199AC
:10CC70004968416001994968009A1144816003B094
:10CC8000704700000000000081B00090009802682A
:10CC90004168516001B0704780B58EB00D900C9125
:10CCA0000D98039000F058F9014603980B91F1F7A5
:10CCB000A7FB014603980131F1F75AFB014603989F
:10CCC0000191F1F79DFB019902460B9B06A8049088
:10CCD000F3F7B6FF0B9802900898F2F7CDFF0146E4
:10CCE00002980C9AF5F700F803980499089A013213
:10CCF000089200F04DF80399049849680591F3F7FC
:10CD0000D7FF05980EB080BD80B586B00590049120
:10CD10000598029040680390FFE7049803998842C1
:10CD20000ED0FFE7029800F017F901900398013840
:10CD30000390F2F7A1FF01460198F4F7C1FFECE779
:10CD400002990498486006B080BD00000000000011
:10CD500080B588B0079006910799009103A80290CA
:10CD60000122FFF77DFF009800F0F6F8019004988B
:10CD7000F2F782FF01460198069AF4F7B5FF029890
:10CD8000049901310491FFF77FFF08B080BD0000D6
:10CD900080B58AB00990089109980690F1F71CFBBC
:10CDA000069808994968024652F8043F04920268BE
:10CDB000D21A1144079100F0CFF80146069803916A
:10CDC0000068F2F759FF0146049801910068F2F7F4
:10CDD00053FF02900798F2F74FFF0199029A03461A
:10CDE0000398F8F709F8049A06980799089B596080
:10CDF0000168116008990431F9F7D6FB0498089985
:10CE00000831F9F7D1FB069800F0FEF80590089874
:10CE1000F3F70AFF01460598F9F7C6FB0698089A4A
:10CE200051681160F1F7ECFA01460698F1F7CCFA77
:10CE30000AB080BD0000000080B582B0009000986C
:10CE40004168FFF7F9FC0190019802B080BD000035
:10CE500080B582B0019001980068F2F70DFF02B032
:10CE600080BD00000000000080B582B000900098F6
:10CE70000168FFF7E1FC0190019802B080BD00005D
:10CE800080B584B0039003980190F1F7B9FA014698
:10CE90000198029100F06CF801980299F1F7A0FA5C
:10CEA00004B080BD0000000080B586B005900491FC
:10CEB000039205980290049800900399019100F064
:10CEC000CBFB0099019A03460298FFF789FD06B053
:10CED00080BD00000000000080B586B00590049180
:10CEE000039205980290049800900399019100F034
:10CEF000D7FB0099019A03460298FFF7D5FD06B0CB
:10CF000080BD00000000000080B586B0059004914F
:10CF1000039205980190F1F773FA02900298049930
:10CF2000884208D2FFE701980499029A891A039A65
:10CF300000F02AF80CE002980499884207D9FFE72C
:10CF400001980168049A1144FFF736FDFFE7FFE7F7
:10CF500006B080BD0000000080B582B0019001984D
:10CF60000830F5F7B9FB02B080BD000000000000FA
:10CF700080B582B0019001980168FFF7C5FE02B04C
:10CF800080BD00000000000080B58CB00B900A91BD
:10CF900009920B98029000F037F8029900684968EE
:10CFA000401A0A99884206D3FFE702980A99099A1B
:10CFB000FFF7DEFD26E00298FFF7CEFF014602985C
:10CFC0000891F1F71DFA014602980A9A1144F1F707
:10CFD000CFF9014602980091F1F712FA0099024642
:10CFE000089B03A80190F3F72BFE01980A99099A70
:10CFF000F3F7BAFD02980199FFF7CAFE0198F3F71B
:10D0000057FEFFE70CB080BD80B582B0019001985B
:10D010000830F5F759FB02B080BD000000000000A9
:10D0200080B586B005900491059801904168039100
:10D0300003990291FFF7E8FF0146029809688842C8
:10D0400008D2FFE701980499FFF782FE03980130A8
:10D05000039005E001980499FFF71EFE0390FFE797
:10D0600001990398486006B080BD000000000000F0
:10D0700080B58AB0089007910692089802900990AE
:10D080000021016041600830059105A90DF11302EE
:10D09000F5F72AFB029903A8FFF736FC03990DF177
:10D0A0001200F6F759FF079850B1FFE70298079969
:10D0B000FFF7CEFB02980799069AFFF759FDFFE7A5
:10D0C0000DF112000190F7F73BFD0198F7F748FDCD
:10D0D00009980AB080BD000080B584B00390039821
:10D0E00000900021016041600830029102A90DF119
:10D0F0000702F5F7F9FA009804B080BD00000000BF
:10D1000080B588B0079006910799039100200860C8
:10D1100048600831009105900698F1F779F9F4F725
:10D12000CBFD009805A90DF11302F5F7EDFA06986D
:10D130000168019141680291F1F762F90199029A3F
:10D1400003460398FFF710FC039808B080BD000069
:10D1500080B584B003900399019102A80090FFF775
:10D16000D3FB0098FFF7D8FB019804B080BD000006
:10D1700080B584B00390029103980190029988428F
:10D180000BD0FFE701980299FFF756FD0198029A2C
:10D1900011685268FFF7A0FEFFE7019804B080BD58
:10D1A00080B586B00592049103900398029004A87C
:10D1B0000090EFF741F9014600980191EFF734F93B
:10D1C000019902460298FFF76FFE029806B080BDF3
:10D1D00082B001900091019800680099084402B063
:10D1E000704700000000000080B584B003900291F9
:10D1F0000298F6F78DF801900398019900F0E0FA93
:10D2000004B080BD0000000080B584B0039002919E
:10D210000298F6F77DF801900398019900F0DCFA86
:10D2200004B080BD0000000080B584B0039002917E
:10D230000298F6F76DF801900398019900F0D8FA7A
:10D2400004B080BD0000000080B584B0039002915E
:10D250000298F6F75DF801900398019900F0D4FA6E
:10D2600004B080BD0000000080B584B0039002913E
:10D270000298F6F74DF801900398019900F0D0FA62
:10D2800004B080BD0000000080B582B0019001981C
:10D2900000F0D2FA02B080BD80B582B00190019852
:10D2A00000F0D2FA02B080BD80B582B00190019842
:10D2B00000F0D2FA02B080BD80B582B00190019832
:10D2C00000F0D2FA02B080BD80B582B00190019822
:10D2D00000F0D2FA02B080BD80B582B00190019812
:10D2E00000F0D2FA02B080BD80B582B00190019802
:10D2F00000F0D2FA02B080BD80B582B001900198F2
:10D3000000F0D2FA02B080BD80B582B001900198E1
:10D3100000F0D2FA02B080BD80B582B001900198D1
:10D3200000F0D2FA02B080BD80B582B001900198C1
:10D3300000F0D2FA02B080BD80B582B001900198B1
:10D3400000F0D2FA02B080BD80B582B001900198A1
:10D3500000F0D2FA02B080BD80B582B00190019891
:10D3600000F0D2FA02B080BD80B582B00190019881
:10D3700000F0D2FA02B080BD80B582B00190019871
:10D3800000F0D2FA02B080BD80B582B00190019861
:10D3900000F0D2FA02B080BD80B582B00190019851
:10D3A00000F0D2FA02B080BD80B582B00190019841
:10D3B00000F0D2FA02B080BD80B582B00190019831
:10D3C00000F0D2FA02B080BD80B582B00190019821
:10D3D00000F0D2FA02B080BD80B582B00190019811
:10D3E00000F0D2FA02B080BD80B586B004900391FF
:10D3F0000292FFE70398012811DBFFE7029800681B
:10D40000019004A8EFF750FA014601980870FFE771
:10D4100004A8F2F779FB039801380390EAE704982F
:10D420000590059806B080BD83B0029001910092EE
:10D43000FFE7019801280CDBFFE7009800680299DC
:10D440000860FFE7029804300290019801380190CB
:10D45000EFE7029803B0704783B002900191009209
:10D46000FFE70198012810DBFFE7009890ED000A24
:10D47000B8EEC00A029880ED000AFFE70298043077
:10D480000290019801380190EBE7029803B07047D1
:10D4900083B0029001910092FFE7019860B1FFE72D
:10D4A0000098006802990860FFE702980430029033
:10D4B000019801380190F0E7029803B0704700002E
:10D4C00083B0029001910092FFE7019801280CDBE4
:10D4D000FFE70098006802990870FFE702980130A2
:10D4E0000290019801380190EFE7029803B070476D
:10D4F00083B0029001910092FFE7019860B1FFE7CD
:10D500000098007802990870FFE7029801300290B5
:10D51000019801380190F0E7029803B070470000CD
:10D5200083B0029001910092FFE7019860B1FFE79C
:10D530000098008802990880FFE702980230029064
:10D54000019801380190F0E7029803B0704700009D
:10D5500080B582B00190009101980099EEF794FF98
:10D5600002B080BD0000000080B582B00190009143
:10D5700001980099EEF790FF02B080BD0000000016
:10D5800080B584B0039002910192039802990968D2
:10D59000019A126801F06CFB04B080BD000000002D
:10D5A00080B584B003900291019203980299019A88
:10D5B000126801F099FB04B080BD0000000000007B
:10D5C00080B584B003900291019203980299019A68
:10D5D000126801F06DFC04B080BD00000000000086
:10D5E00080B584B003900291019203980299019A48
:10D5F000126801F089FC04B080BD0000000000004A
:10D6000080B584B003900291019203980299019A27
:10D61000126801F09DFC04B080BD00000000000015
:10D6200080B586B005900491059803900498029007
:10D6300003980299F0F7E0FF06B080BD00000000FB
:10D6400080B584B00390029103980299F0F7E0FF4F
:10D6500004B080BD0000000080B584B0039002914A
:10D6600003980299F0F7E0FF04B080BD00000000CD
:10D6700080B584B00390029103980299F0F7DCFF23
:10D6800004B080BD0000000080B584B0039002911A
:10D6900003980299F0F7DCFF04B080BD00000000A1
:10D6A00080B584B00390029103980299F0F7DCFFF3
:10D6B00004B080BD0000000080B584B003900291EA
:10D6C000039801900299F0F7FFFF019804B080BD24
:10D6D00080B584B003900291039801900299F1F70C
:10D6E00017F8019804B080BD80B584B00391029012
:10D6F0000298019003A9F1F72FF8019804B080BDBA
:10D7000080B582B0019001980090F1F74DF8009833
:10D7100002B080BD0000000080B584B0039002918B
:10D72000039801900299F1F753F8019804B080BD75
:10D7300080B584B003900291039801900299F1F7AB
:10D740006BF8019804B080BD80B584B0039102905D
:10D750000298019003A9F1F783F8019804B080BD05
:10D7600080B584B0039102900298019003A9F1F76B
:10D770009FF8019804B080BD80B584B003910290F9
:10D780000298019003A9F1F7BBF8019804B080BD9D
:10D7900080B584B0039102900298019003A9F1F73B
:10D7A000D7F8019804B080BD80B582B0019001988F
:10D7B0000090F1F7F5F8009802B080BD000000007D
:10D7C00083B001900091009A0199086800EB8200F3
:10D7D000086003B07047000083B001900091009A88
:10D7E000019908681044086003B070470000000009
:10D7F00083B001900091009A0199086800EB021033
:10D80000086003B07047000083B001900091009A57
:10D810000199086800EB8200086003B070470000BF
:10D8200083B001900091009A019908681044086043
:10D8300003B070470000000081B00090009801B074
:10D84000704700000000000081B00090009801B017
:10D85000704700000000000081B00090009801B007
:10D86000704700000000000081B00090009801B0F7
:10D87000704700000000000081B00090009801B0E7
:10D88000704700000000000081B00090009801B0D7
:10D89000704700000000000081B00090009801B0C7
:10D8A000704700000000000081B00090009801B0B7
:10D8B000704700000000000081B00090009801B0A7
:10D8C000704700000000000081B00090009801B097
:10D8D000704700000000000081B00090009801B087
:10D8E000704700000000000081B00090009801B077
:10D8F000704700000000000081B00090009801B067
:10D90000704700000000000081B00090009801B056
:10D91000704700000000000081B00090009801B046
:10D92000704700000000000081B00090009801B036
:10D93000704700000000000081B00090009801B026
:10D94000704700000000000081B00090009801B016
:10D95000704700000000000081B00090009801B006
:10D96000704700000000000081B00090009801B0F6
:10D97000704700000000000081B00090009801B0E6
:10D98000704700000000000081B00090009801B0D6
:10D99000704700000000000080B584B00390029141
:10D9A00001920298019949000122F5F7D9FB04B0D0
:10D9B00080BD00000000000082B00190009102B024
:10D9C000704700000000000080B582B0019001980F
:10D9D0000090F3F76DFC009802B080BD00000000DD
:10D9E00080B584B0039002910192029801990901D7
:10D9F0000422F5F7B5FB04B080BD00000000000074
:10DA000082B00190009102B0704700000000000059
:10DA100080B584B003900291039802990191F3F7C5
:10DA200047FD01460198884202D9FFE701F010F94D
:10DA3000029800010421F5F76FF804B080BD0000E2
:10DA400080B582B00190009100980021C160816092
:10DA500041600160EBF73CFC02B080BD00000000BB
:10DA600080B582B0019001980090F3F729FC0098EE
:10DA700002B080BD0000000080B584B00390029128
:10DA800001920298019901EB8101C9000422F5F786
:10DA900067FB04B080BD000082B00190009102B02D
:10DAA000704700000000000080B584B00390029130
:10DAB000039802990191F3F727FD014601988842E6
:10DAC00002D9FFE701F0C4F8029800EB8000C00023
:10DAD0000421F5F721F804B080BD0000000000002B
:10DAE00080B584B003900291029801902821C2F77A
:10DAF00047FF0198ECF758FB04B080BD0000000020
:10DB000080B582B0019001980090F3F7E1FB009896
:10DB100002B080BD0000000080B584B00390029187
:10DB200001920298019901EB410189000422F5F765
:10DB300017FB04B080BD000080B584B00390029153
:10DB4000039802990191F3F717FD01460198884265
:10DB500002D9FFE701F07CF8029800EB400080005A
:10DB60000421F4F7D9FF04B080BD000000000000DC
:10DB700083B00290019100920199009800680860BA
:10DB800003B070470000000080B582B0019001989A
:10DB90000090F3F7A5FB009802B080BD00000000E4
:10DBA00080B584B00390029101920298019901EB33
:10DBB000410189000422F5F7D3FA04B080BD0000CA
:10DBC00080B584B003900291039802990191F3F714
:10DBD0000BFD01460198884202D9FFE701F038F8B1
:10DBE000029800EB400080000421F4F795FF04B098
:10DBF00080BD00000000000083B0029001910092FF
:10DC0000019900980068086003B0704700000000A8
:10DC100080B582B0019001980090F3F769FB0098FD
:10DC200002B080BD0000000080B584B00390029176
:10DC300001920298019901EB4101C9000422F5F714
:10DC40008FFA04B080BD000080B584B003900291CB
:10DC5000039802990191F3F7FFFC0146019888426D
:10DC600002D9FFE700F0F4FF029800EB4000C0008B
:10DC70000421F4F751FF04B080BD00000000000053
:10DC800080B584B003900291019202980199F8F74F
:10DC900097F804B080BD000080B582B00190019873
:10DCA0000090F3F72DFB009802B080BD000000004B
:10DCB00080B584B00390029101920298019901EB22
:10DCC0004101C9000422F5F74BFA04B080BD000001
:10DCD00080B584B003900291039802990191F3F703
:10DCE000F3FC01460198884202D9FFE700F0B0FF3B
:10DCF000029800EB4000C0000421F4F70DFF04B0CF
:10DD000080BD00000000000080B584B00390029147
:10DD1000019202980199F8F75FF804B080BD000005
:10DD200080B582B0019001980090F3F7F1FA009865
:10DD300002B080BD0000000080B584B00390029165
:10DD400001920298019901EB4101C9000422F5F703
:10DD500007FA04B080BD000080B584B00390029142
:10DD6000039802990191F3F7E7FC01460198884274
:10DD700002D9FFE700F06CFF029800EB4000C00002
:10DD80000421F4F7C9FE04B080BD000000000000CB
:10DD900080B584B003900291019202980199F8F73E
:10DDA00027F804B080BD000080B582B001900198D2
:10DDB0000090F3F7B5FA009802B080BD00000000B3
:10DDC00080B584B00390029101920298019901EB11
:10DDD0004101C9000422F5F7C3F904B080BD000079
:10DDE00080B584B003900291039802990191F3F7F2
:10DDF000DBFC01460198884202D9FFE700F028FFCA
:10DE0000029800EB4000C0000421F4F785FE04B046
:10DE100080BD00000000000080B584B00390029136
:10DE2000019202980199F8F713F804B080BD000040
:10DE300080B588B0DDF828C007900691059204935C
:10DE400006980499096802910299F7F7DDFF08B076
:10DE500080BD00000000000080B582B001900198F4
:10DE60000090F3F765FA009802B080BD0000000052
:10DE700080B584B00390029101920298019901EB60
:10DE80004101C9000422F5F76BF904B080BD000020
:10DE900080B584B003900291039802990191F3F741
:10DEA000D3FC01460198884202D9FFE700F0D0FE7A
:10DEB000029800EB4000C0000421F4F72DFE04B0EE
:10DEC00080BD00000000000080B584B00390029186
:10DED000019202980199F7F7C7FF04B080BD0000D6
:10DEE00080B582B0019001980090F3F729FA00986C
:10DEF00002B080BD0000000080B584B003900291A4
:10DF000001920298019901EB4101C9000422F5F741
:10DF100027F904B080BD000080B584B00390029161
:10DF2000039802990191F3F7C7FC014601988842D2
:10DF300002D9FFE700F08CFE029800EB4000C00021
:10DF40000421F4F7E9FD04B080BD000000000000EA
:10DF500080B584B003900291019202980199F7F77D
:10DF60008FFF04B080BD000080B582B001900198A1
:10DF70000090F3F7EDF9009802B080BD00000000BA
:10DF800080B584B00390029101920298019901EB4F
:10DF90004101C9000422F5F7E3F804B080BD000098
:10DFA00080B584B003900291039802990191F3F730
:10DFB000BBFC01460198884202D9FFE700F048FE09
:10DFC000029800EB4000C0000421F4F7A5FD04B066
:10DFD00080BD00000000000080B584B00390029175
:10DFE000019202980199F7F757FF04B080BD000035
:10DFF00080B582B0019001980090F3F7B1F90098D4
:10E0000002B080BD0000000080B584B00390029192
:10E0100001920298019901EB4101C9000422F5F730
:10E020009FF804B080BD000080B584B003900291D9
:10E03000039802990191F3F7AFFC014601988842D9
:10E0400002D9FFE700F004FE029800EB4000C00098
:10E050000421F4F761FD04B080BD00000000000061
:10E0600080B584B003900291019202980199F7F76C
:10E070001FFF04B080BD000080B582B00190019800
:10E080000090F3F775F9009802B080BD0000000021
:10E0900080B584B00390029101920298019901EB3E
:10E0A0004101C9000422F5F75BF804B080BD00000F
:10E0B00080B584B003900291039802990191F3F71F
:10E0C000A3FC01460198884202D9FFE700F0C0FD99
:10E0D000029800EB4000C0000421F4F71DFD04B0DD
:10E0E00080BD00000000000080B584B00390029164
:10E0F000019202980199F7F7E7FE04B080BD000095
:10E1000080B582B0019001980090F3F739F900983A
:10E1100002B080BD0000000080B584B00390029181
:10E1200001920298019901EB4101C9000422F5F71F
:10E1300017F804B080BD000080B584B00390029150
:10E14000039802990191F3F797FC014601988842E0
:10E1500002D9FFE700F07CFD029800EB4000C00010
:10E160000421F4F7D9FC04B080BD000000000000D9
:10E1700080B584B003900291019202980199F7F75B
:10E18000AFFE04B080BD000080B582B00190019860
:10E190000090F3F7FDF8009802B080BD0000000089
:10E1A00080B584B00390029101920298019901EB2D
:10E1B0004101C9000422F4F7D3FF04B080BD000080
:10E1C00080B584B003900291039802990191F3F70E
:10E1D0008BFC01460198884202D9FFE700F038FD28
:10E1E000029800EB4000C0000421F4F795FC04B055
:10E1F00080BD00000000000080B584B00390029153
:10E20000019202980199F7F777FE04B080BD0000F3
:10E2100080B582B0019001980090F3F7C1F80098A2
:10E2200002B080BD0000000080B584B00390029170
:10E2300001920298019901EB410189000422F4F74F
:10E240008FFF04B080BD000080B582B001900091C6
:10E250000098FEF77DFF02B080BD000000000000C6
:10E2600080B584B003900291039802990191F3F76D
:10E2700067FC01460198884202D9FFE700F0E8FCFC
:10E28000029800EB400080000421F4F745FC04B044
:10E2900080BD00000000000080B584B003900291B2
:10E2A000019202980199FEF72BFF04B080BD000097
:10E2B00080B582B0019001980090F3F779F800984A
:10E2C00002B080BD0000000080B584B003900291D0
:10E2D00001920298019909010422F4F741FF04B068
:10E2E00080BD00000000000080B582B00190009168
:10E2F0000098FFF705FA02B080BD000000000000A2
:10E3000080B584B003900291039802990191F3F7CC
:10E3100043FC01460198884202D9FFE700F098FCCF
:10E32000029800010421F4F7F7FB04B080BD00005F
:10E3300080B584B003900291019202980199FFF791
:10E34000C7F904B080BD000080B584B0039002918D
:10E35000019202980199FFF7AFF904B080BD000067
:10E3600080B582B0019001980090F3F729F80098E9
:10E3700002B080BD0000000080B584B0039002911F
:10E3800001920298019909010422F4F7E9FE04B010
:10E3900080BD00000000000080B582B001900091B7
:10E3A0000098FFF701FA02B080BD000000000000F5
:10E3B00080B584B003900291039802990191F3F71C
:10E3C00023FC01460198884202D9FFE700F040FC97
:10E3D000029800010421F4F79FFB04B080BD000007
:10E3E00080B584B003900291019202980199FFF7E1
:10E3F0009FF904B080BD000080B584B00390029105
:10E40000019202980199FFF787F904B080BD0000DE
:10E4100080B582B0019001980090F2F7D9FF009882
:10E4200002B080BD0000000080B584B0039002916E
:10E4300001920298019989000422F4F791FE04B038
:10E4400080BD00000000000082B00190009102B089
:10E45000704700000000000080B584B00390029176
:10E46000039802990191F3F707FC0146019888424D
:10E4700002D9FFE700F0ECFB029880000421F4F7DA
:10E480004BFB04B080BD000083B00290019100926C
:10E49000019900980068086003B070470000000010
:10E4A00080B582B0019001980090F2F799FF009832
:10E4B00002B080BD0000000080B584B003900291DE
:10E4C0000192029801990122F4F74AFE04B080BD3E
:10E4D00082B00190009102B070470000000000007F
:10E4E00080B584B003900291039802990191F3F7EB
:10E4F000F3FB01460198884202D9FFE700F0A8FB30
:10E5000002980121F4F708FB04B080BD0000000070
:10E5100083B00290019100920199009800780870F0
:10E5200003B070470000000080B582B001900198F0
:10E530000090F2F75DFF009802B080BD000000007F
:10E5400080B582B0019100920199009AF7F72CFFF3
:10E5500002B080BD0000000080B582B00191009241
:10E560000199009AF7F730FF02B080BD000000006B
:10E5700080B582B0019100920199009AF7F744FFAB
:10E5800002B080BD0000000080B582B00191009211
:10E590000199009AF7F748FF02B080BD0000000023
:10E5A00080B582B0019100920199009AF7F75CFF63
:10E5B00002B080BD0000000080B582B001910092E1
:10E5C0000199009AF7F770FF02B080BD00000000CB
:10E5D00080B582B0019100920199009AF7F774FF1B
:10E5E00002B080BD0000000080B582B001910092B1
:10E5F0000199009AF7F788FF02B080BD0000000083
:10E6000080B582B0019100920199009AF7F780FCE1
:10E6100002B080BD0000000080B582B00191009280
:10E620000199009AF7F784FC02B080BD0000000059
:10E6300080B582B0019100920199009AF7F788FCA9
:10E6400002B080BD0000000080B582B00191009250
:10E650000199009AF7F78CFC02B080BD0000000021
:10E6600080B582B0019100920199009AF7F790FC71
:10E6700002B080BD0000000080B582B00191009220
:10E680000199009AF7F794FC02B080BD00000000E9
:10E6900080B582B0019100920199009AF7F798FC39
:10E6A00002B080BD0000000080B582B001910092F0
:10E6B0000199009AF7F728FE02B080BD0000000023
:10E6C00080B582B0019100920199009AF7F72CFE73
:10E6D00002B080BD0000000080B582B001910092C0
:10E6E0000199009AF7F730FE02B080BD00000000EB
:10E6F00080B582B0019100920199009AF7F734FE3B
:10E7000002B080BD0000000080B582B0019100928F
:10E710000199009AF7F738FE02B080BD00000000B2
:10E7200080B582B0019100920199009AF7F75CFEE2
:10E7300002B080BD0000000080B582B0019100925F
:10E740000199009AF7F780FE02B080BD000000003A
:10E7500080B582B0019100920199009AF7F794FE7A
:10E7600002B080BD0000000080B582B0019100922F
:10E770000199009AF7F7B8FE02B080BD00000000D2
:10E7800082B0019000910198006800990968401AD0
:10E79000B0FA80F0400902B07047000000000000AD
:10E7A00082B0019000910198006800990968401AB0
:10E7B000B0FA80F0400902B070470000000000008D
:10E7C00082B0019000910198006800990968401A90
:10E7D000B0FA80F0400902B070470000000000006D
:10E7E00082B0019000910198006800990968401A70
:10E7F000B0FA80F0400902B070470000000000004D
:10E8000082B0019000910198006800990968401A4F
:10E81000B0FA80F0400902B070470000000000002C
:10E8200082B0019000910198006800990968401A2F
:10E83000B0FA80F0400902B070470000000000000C
:10E8400082B0019000910198006800990968401A0F
:10E85000B0FA80F0400902B07047000000000000EC
:10E8600082B0019000910198006800990968401AEF
:10E87000B0FA80F0400902B07047000000000000CC
:10E8800082B0019000910198006800990968401ACF
:10E89000B0FA80F0400902B07047000000000000AC
:10E8A00082B0019000910198006800990968401AAF
:10E8B000B0FA80F0400902B070470000000000008C
:10E8C00082B0019000910198006800990968401A8F
:10E8D000B0FA80F0400902B070470000000000006C
:10E8E00082B0019000910198006800990968401A6F
:10E8F000B0FA80F0400902B070470000000000004C
:10E9000080B584B0039002910398EDF789FF0190E0
:10E910000298EDF785FF01460198401AB0FA80F0A1
:10E92000400904B080BD000080B584B0039002911E
:10E930000398EDF791FF01900298EDF78DFF0146E6
:10E940000198401AB0FA80F0400904B080BD000080
:10E9500080B584B0039002910398EDF78DFF01908C
:10E960000298EDF789FF01460198401AB0FA80F04D
:10E97000400904B080BD000080B584B003900291CE
:10E980000398EDF74DFF01900298EDF749FF01461E
:10E990000198401A80104AF6AB21CAF6AA214843D2
:10E9A00004B080BD0000000080B584B003900291E7
:10E9B0000398EDF771FF01900298EDF76DFF0146A6
:10E9C0000198401A04B080BD80B582B001900091DA
:10E9D0000198009900F070F802B080BD00000000BE
:10E9E00080B582B0019000910198009900F070F814
:10E9F00002B080BD0000000080B582B0019000919F
:10EA00000198009900F07CF802B080BD0000000081
:10EA100080B582B0019000910198009900F07CF8D7
:10EA200002B080BD0000000080B582B0019000916E
:10EA30000198009900F07CF802B080BD0000000051
:10EA400080B582B0019000910198009900F07CF8A7
:10EA500002B080BD0000000080B582B0019000913E
:10EA60000198009900F07CF802B080BD0000000021
:10EA700080B582B0019000910198009900F088F86B
:10EA800002B080BD0000000080B582B0019000910E
:10EA900001980099FFF774FE80F0010002B080BD7C
:10EAA00080B582B00190009101980099FFF778FE3F
:10EAB00080F0010002B080BD80B582B0019000916D
:10EAC00001980099FFF77CFE80F0010002B080BD44
:10EAD00080B582B00190009101980099FFF780FE07
:10EAE00080F0010002B080BD80B582B0019000913D
:10EAF00001980099FFF784FE80F0010002B080BD0C
:10EB000080B582B00190009101980099FFF788FECE
:10EB100080F0010002B080BD80B582B0019000910C
:10EB200001980099FFF78CFE80F0010002B080BDD3
:10EB300080B582B00190009101980099FFF790FE96
:10EB400080F0010002B080BD80B582B001900091DC
:10EB500001980099FFF794FE80F0010002B080BD9B
:10EB600080B582B00190009101980099FFF798FE5E
:10EB700080F0010002B080BD80B582B001900091AC
:10EB800001980099FFF79CFE80F0010002B080BD63
:10EB900080B582B00190009101980099FFF7A0FE26
:10EBA00080F0010002B080BD80B582B0019000917C
:10EBB00001980099FFF7B8FE80F0010002B080BD17
:10EBC00080B582B00190009101980099FFF7C0FED6
:10EBD00080F0010002B080BD804701A002F027FD57
:10EBE0007465726D696E6174655F68616E646C6591
:10EBF0007220756E65787065637465646C792072D7
:10EC0000657475726E65640043F27070C2F2004004
:10EC10000068704701A0F5F728F900BF6261645FE2
:10EC2000616C6C6F6320776173207468726F776EAC
:10EC300020696E202D666E6F2D657863657074692E
:10EC40006F6E73206D6F64650000000000000000AF
:10EC500045F64620C0F60400F5F707F940F2B82063
:10EC6000C2F200400068FFF7B7FF0000000000009C
:10EC700080B586B0059004910392059800680190D4
:10EC80000398B0F5807F01D9FFE72AE0049802904D
:10EC9000FFE702980499039A114488420BD2FFE7D8
:10ECA00002980078A52801D1FFE704E0FFE7029869
:10ECB00001300290EDE702980499039A11448842CA
:10ECC00001D1FFE70DE0019A02980499039B1944D2
:10ECD0007C32F6F7DDFECCF79BF80199C1F87C0198
:10ECE000FFE706B080BD000080B586B005900491B6
:10ECF00003920598006802900398B0F5007F01D94F
:10ED0000FFE719E00498FEF7A3F801900498FEF7D6
:10ED10009FF801460298039A11440091CC30F7F70E
:10ED20000BFD009902460198F6F7B2FECCF770F899
:10ED30000299C1F8CC02FFE706B080BD00000000D8
:10ED400080B588B0069005910492049818B9FFE741
:10ED50000020079025E00021039105980190049878
:10ED60001C30F7F711FD90ED000AB8EEC00A8DEDEA
:10ED7000000A04981C300521F7F706FD9DED000AF6
:10ED80000146019891ED001AF8EEC10AE8F7E4FD9A
:10ED90008DED020A03A802A9F6F796FD0068079018
:10EDA000FFE79DED070A08B080BD000000000000ED
:10EDB00080B584B003908DED020A0020019001A877
:10EDC00002A9F6F781FD90ED000AF7F7A1FE80B2E7
:10EDD00004B080BD0000000088B00790ADF81A10A4
:10EDE0008DED050ACDED040A8DF80F209DED040A86
:10EDF0009DED051A30EE410A8DED020ABDF81A00AC
:10EE000000EE100AB8EE400A9DF80F10012088406D
:10EE1000013801EE100AB8EEC11A80EE010A8DED3C
:10EE2000010A9DED011A9DED022A9DED050AA1EE54
:10EE3000020A8DED000A9DED000A08B0704700003F
:10EE400082B001908DED000AFFE79DED000A9FED75
:10EE5000141AB4EE410AF1EE10FA09DDFFE79DED58
:10EE6000000A9FED121A30EE010A8DED000AECE760
:10EE7000FFE79DED000A9FED0B1AB4EE410AF1EE9B
:10EE800010FA09DAFFE79DED000A9FED071A30EE50
:10EE9000010A8DED000AECE79DED000A02B0704713
:10EEA00000003443000034C30000B4430000B4C386
:10EEB00080B586B005900491039205980068029091
:10EEC0000398B0F5007F01D9FFE719E00498FDF73A
:10EED000BFFF01900498FDF7BBFF01460298039A1B
:10EEE000114400916830F7F727FC00990246019819
:10EEF000F6F7CEFDCBF78CFF0299C1F86802FFE769
:10EF000006B080BD0000000080B586B00590049179
:10EF100003920598006802900398122801D0FFE739
:10EF200013E00498FDF794FF01900498FDF790FF1B
:10EF3000029A01460198039B19443C32F6F7A8FD5A
:10EF4000CBF766FF02998863FFE706B080BD00003B
:10EF500080B588B0079006910592079800680390E5
:10EF60000598B0F5807F01D9FFE724E00398403091
:10EF70000190F7F741FC014601980091F5F7FCFF7D
:10EF8000014600980022049204AAF6F7B9FD0698FB
:10EF9000FDF75EFF02900698FDF75AFF019A0146C1
:10EFA0000298059B1944F6F773FDCBF731FF0399DF
:10EFB000C1F84002FFE708B080BDAFF30080C1F7A1
:10EFC0004FBDC1F74DBDFFF7FABF1146FFF7F9BFBF
:10EFD00082B041EC100B8DED000B0198C00F02B018
:10EFE000704700000000000081B000EE100A0090A1
:10EFF0000098C00F01B0704781B0ADF80200BDF9B4
:10F00000020000280ED4FFE7BDF9021001F01F0234
:10F01000012090404A094EF20011CEF2000141F861
:10F020002200FFE701B070474EF60C50CEF2000010
:10F030000068C0F30220704782B0ADF8060000916E
:10F04000BDF9060000280AD4FFE700980001BDF9C9
:10F0500006104EF20042CEF2000288540BE00098F7
:10F060000001BDF8061001F00F014EF61452CEF269
:10F0700000028854FFE702B0704700000000000063
:10F0800083B00290029800F0070000904EF60C51F9
:10F09000CEF200010868019001984FF6FF0210407F
:10F0A00001900198009A40EA02200022C0F2FA5230
:10F0B000104301900198086003B0704701A002F06E
:10F0C000B6FA00BF50757265207669727475616C0E
:10F0D0002066756E6374696F6E2063616C6C656425
:10F0E000210000000000000080B582B041F6D01081
:10F0F000C2F200400190E9F753FD019948F6B9309A
:10F10000C0F6020040F20002C0F60002C1F7BEFAEB
:10F1100002B080BD0000000080B582B041F628102A
:10F12000C2F200400190F6F74FFA019945F2F15012
:10F13000C0F6030040F20002C0F60002C1F7A6FAD2
:10F1400002B080BD0000000080B543F2A170C0F69F
:10F15000020040F25821C2F2004140F20002C0F623
:10F160000002C1F793FA80BD80B543F2C130C0F60A
:10F17000020040F2F011C2F2004140F20002C0F67B
:10F180000002C1F783FA80BD80B548F26160C0F625
:10F19000020040F28811C2F2004140F20002C0F6C3
:10F1A0000002C1F773FA80BD80B582B041F204401D
:10F1B000C2F200400190E7F743FE019946F629703C
:10F1C000C0F6020040F20002C0F60002C1F75EFA8B
:10F1D00002B080BD0000000080B547F2F120C0F60B
:10F1E000020040F25811C2F2004140F20002C0F6A3
:10F1F0000002C1F74BFA80BD80B582B041F6FC0039
:10F20000C2F200400190F6F77FF9019945F23150C2
:10F21000C0F6030040F20002C0F60002C1F736FA61
:10F2200002B080BD0000000080B582B041F62840E9
:10F23000C2F200400190F5F797FF019945F2911055
:10F24000C0F6030040F20002C0F60002C1F71EFA49
:10F2500002B080BD0000000080B582B041F6F00031
:10F26000C2F200400190F6F74BF8019945F22930BF
:10F27000C0F6030040F20002C0F60002C1F706FA31
:10F2800002B080BD0000000080B582B041F2B8300D
:10F29000C2F200400190F5F7C3FF019945F2492001
:10F2A000C0F6030040F20002C0F60002C1F7EEF91A
:10F2B00002B080BD0000000080B582B041F634404D
:10F2C000C2F200400190F6F793F8019945F2194017
:10F2D000C0F6030040F20002C0F60002C1F7D6F902
:10F2E00002B080BD0000000080B582B041F64C1035
:10F2F000C2F200400190E9F713FB019948F6511062
:10F30000C0F6020040F20002C0F60002C1F7BEF9EA
:10F3100002B080BD0000000080B582B041F634101C
:10F32000C2F200400190F6F7AFF9019945F2B160E1
:10F33000C0F6030040F20002C0F60002C1F7A6F9D1
:10F3400002B080BD0000000080B582B041F64010E0
:10F35000C2F200400190F6F737FA019945F2F170D8
:10F36000C0F6030040F20002C0F60002C1F78EF9B9
:10F3700002B080BD0000000080B582B041F66C1084
:10F38000C2F200400190F6F77FFA019945F6B1000C
:10F39000C0F6030040F20002C0F60002C1F776F9A1
:10F3A00002B080BD0000000080B582B041F6C830D8
:10F3B000C2F200400190F6F7C7F9019945F2717069
:10F3C000C0F6030040F20002C0F60002C1F75EF989
:10F3D00002B080BD0000000080B582B041F67C1014
:10F3E000C2F200400190F5F743FE019945F2990001
:10F3F000C0F6030040F20002C0F60002C1F746F971
:10F4000002B080BD0000000080B582B041F6AC10B3
:10F41000C2F200400190E9F7C3FB019948F6B93008
:10F42000C0F6020040F20002C0F60002C1F72EF959
:10F4300002B080BD0000000080B582B041F68810A7
:10F44000C2F200400190E9F76BFA019948F65110B9
:10F45000C0F6020040F20002C0F60002C1F716F941
:10F4600002B080BD0000000080B582B041F6F4100B
:10F47000C2F200400190E9F793FB019948F6B930D8
:10F48000C0F6020040F20002C0F60002C1F7FEF82A
:10F4900002B080BD0000000080B582B041F684203B
:10F4A000C2F200400190E9F77BFB019948F6B930C0
:10F4B000C0F6020040F20002C0F60002C1F7E6F812
:10F4C00002B080BD0000000080B582B041F6383047
:10F4D000C2F200400190E9F763FB019948F6B930A8
:10F4E000C0F6020040F20002C0F60002C1F7CEF8FA
:10F4F00002B080BD0000000080B582B041F6A820B7
:10F50000C2F200400190E9F74BFB019948F6B9308F
:10F51000C0F6020040F20002C0F60002C1F7B6F8E1
:10F5200002B080BD0000000080B582B041F65C30C2
:10F53000C2F200400190E9F733FB019948F6B93077
:10F54000C0F6020040F20002C0F60002C1F79EF8C9
:10F5500002B080BD0000000080B582B041F61820E6
:10F56000C2F200400190E9F71BFB019948F6B9305F
:10F57000C0F6020040F20002C0F60002C1F786F8B1
:10F5800002B080BD0000000080B582B041F2E430DE
:10F59000C2F200400190E9F7C3F9019948F6511011
:10F5A000C0F6020040F20002C0F60002C1F76EF899
:10F5B00002B080BD0000000080B582B041F660203E
:10F5C000C2F200400190E9F7EBFA019948F6B93030
:10F5D000C0F6020040F20002C0F60002C1F756F881
:10F5E00002B080BD0000000080B582B041F6081076
:10F5F000C2F200400190E9F793F9019948F65110E1
:10F60000C0F6020040F20002C0F60002C1F73EF868
:10F6100002B080BD0000000080B582B041F63C2001
:10F62000C2F200400190E9F7BBFA019948F6B930FF
:10F63000C0F6020040F20002C0F60002C1F726F850
:10F6400002B080BD0000000080B582B041F60840E5
:10F65000C2F200400190E9F763F9019948F65110B0
:10F66000C0F6020040F20002C0F60002C1F70EF838
:10F6700002B080BD0000000080B582B041F6CC2011
:10F68000C2F200400190E9F78BFA019948F6B930CF
:10F69000C0F6020040F20002C0F60002C0F7F6FF1A
:10F6A00002B080BD0000000080B582B041F2C430DD
:10F6B000C2F200400190E9F733F9019948F6511080
:10F6C000C0F6020040F20002C0F60002C0F7DEFF02
:10F6D00002B080BD0000000080B582B041F6143059
:10F6E000C2F200400190E9F75BFA019948F6B9309F
:10F6F000C0F6020040F20002C0F60002C0F7C6FFEA
:10F7000002B080BD0000000080B582B041F6F0205C
:10F71000C2F200400190E9F743FA019948F6B93086
:10F72000C0F6020040F20002C0F60002C0F7AEFFD1
:10F7300002B080BD0000000080B582B041F680308C
:10F74000C2F200400190E9F72BFA019948F6B9306E
:10F75000C0F6020040F20002C0F60002C0F796FFB9
:10F7600002B080BD0000000080B582B041F6A43038
:10F77000C2F200400190E9F713FA019948F6B93056
:10F78000C0F6020040F20002C0F60002C0F77EFFA1
:10F7900002B080BD0000000081B00090FFE7FEE7EE
:10F7A00081B0009001B0704780B5A0B08DED030A24
:10F7B000CDED020A01909DED020AB5EE400AF1EE90
:10F7C00010FA40F39E80FFE79DED030A9DED021ABB
:10F7D00080EE010A8DED0D0A00200C900B909DED3E
:10F7E0000D0AB5EE400AF1EE10FA09DAFFE7012042
:10F7F0000C909DED0D0AB1EE400A8DED0D0AFFE76C
:10F800009DED0D0AB7EE001AB4EE410AF1EE10FAC2
:10F8100037DDFFE79DED0D1AB7EE000A80EE010A15
:10F820008DED0D0A0D98109049F2A520CBF60450ED
:10F830000F9001200E900E90FFE70E98092817DC1C
:10F84000FFE79DED101A9DED0F2A0E98C0F10901FA
:10F8500045F6A810C0F6040000EB810090ED000A08
:10F86000A1EE020A8DED0F0A0E9801300E90E4E72A
:10F870009DED0F1A9FEDDD0A30EE410A8DED0B0A6A
:10F880002EE00D98139049F2A520CBF6045012906B
:10F89000012011901190FFE71198092817DCFFE76C
:10F8A0009DED131A9DED122A1198C0F1090145F63C
:10F8B000A810C0F6040000EB810090ED000AA1EE54
:10F8C000020A8DED120A119801301190E4E79DEDC6
:10F8D000121A9DED0B0A30EE010A8DED0B0AFFE7BF
:10F8E0000C9838B1FFE79DED0B0AB1EE400A8DEDA3
:10F8F0000B0AFFE70B980199086000208DF81300B0
:10F90000B4E19DED020AB5EE400AF1EE10FA80F284
:10F910007C81FFE79DED030AB5EE400AF1EE10FA97
:10F9200040F3A180FFE79DED030A9DED021A80EEF2
:10F93000010A8DED0A0A0020099008909DED0A0A3F
:10F94000B5EE400AF1EE10FA09DAFFE7012009905E
:10F950009DED0A0AB1EE400A8DED0A0AFFE79DED22
:10F960000A0AB7EE001AB4EE410AF1EE10FA37DDDA
:10F97000FFE79DED0A1AB7EE000A80EE010A8DED51
:10F980000A0A0A98169049F2A520CBF60450159061
:10F99000012014901490FFE71498092817DCFFE762
:10F9A0009DED161A9DED152A1498C0F1090145F632
:10F9B000A810C0F6040000EB810090ED000AA1EE53
:10F9C000020A8DED150A149801301490E4E79DEDBC
:10F9D000151A9FEDA80A30EE410A8DED080A2EE0B7
:10F9E0000A98199049F2A520CBF6045018900120EE
:10F9F00017901790FFE71798092817DCFFE79DED90
:10FA0000191A9DED182A1798C0F1090145F6A8109A
:10FA1000C0F6040000EB810090ED000AA1EE020A9E
:10FA20008DED180A179801301790E4E79DED181A2C
:10FA30009DED080A30EE010A8DED080AFFE70998EE
:10FA400038B1FFE79DED080AB1EE400A8DED080AD6
:10FA5000FFE79DED080A9FED891A30EE010A019833
:10FA600080ED000ACDE09DED030AB5EE400AF1EE0F
:10FA700010FA80F2A180FFE79DED030A9DED021AC6
:10FA800080EE010A8DED070A0020069005909DED9D
:10FA9000070AB5EE400AF1EE10FA09DAFFE7012095
:10FAA00006909DED070AB1EE400A8DED070AFFE7CB
:10FAB0009DED070AB7EE001AB4EE410AF1EE10FA16
:10FAC00037DDFFE79DED071AB7EE000A80EE010A69
:10FAD0008DED070A07981C9049F2A520CBF604503B
:10FAE0001B9001201A901A90FFE71A98092817DC3A
:10FAF000FFE79DED1C1A9DED1B2A1A98C0F1090124
:10FB000045F6A810C0F6040000EB810090ED000A55
:10FB1000A1EE020A8DED1B0A1A9801301A90E4E753
:10FB20009DED1B1A9FED530A30EE410A8DED050A3B
:10FB30002EE007981F9049F2A520CBF604501E90A6
:10FB400001201D901D90FFE71D98092817DCFFE795
:10FB50009DED1F1A9DED1E2A1D98C0F1090145F665
:10FB6000A810C0F6040000EB810090ED000AA1EEA1
:10FB7000020A8DED1E0A1D9801301D90E4E79DEDEF
:10FB80001E1A9DED050A30EE010A8DED050AFFE70C
:10FB9000069838B1FFE79DED050AB1EE400A8DEDFC
:10FBA000050AFFE79DED050A9FED331A30EE010AC5
:10FBB000019880ED000A23E0002028B9FFE70398B0
:10FBC000FFF712FA50B913E09DED030AB7EEC00A31
:10FBD00051EC100BFFF7FCF950B1FFE7019940F62B
:10FBE000DB70CCF24900086009E000BFDB0FC93FC1
:10FBF000019940F6DB70C4F249000860FFE7FFE7B7
:10FC0000FFE700208DF8130030E09DED020AB5EE0D
:10FC1000400AF1EE10FA25D1FFE79DED030AB5EE9B
:10FC2000400AF1EE10FA0ADDFFE7019940F6DB70B9
:10FC3000C3F6C970086000208DF8130016E09DED32
:10FC4000030AB5EE400AF1EE10FA0ADAFFE701996D
:10FC500040F6DB70CBF6C970086000208DF8130009
:10FC600004E0FFE7FC208DF81300FFE79DF9130087
:10FC700020B080BDDB0FC93FDB0F49C0DB0F49401F
:10FC800089B00890079106920898406805900798F7
:10FC9000406804900698406803900899088849884D
:10FCA0004843029002980190FFE70198A8B1FFE74E
:10FCB0000598011D059190ED000A0498011D04911D
:10FCC00090ED001A30EE010A0398011D039180EDBA
:10FCD000000A019801380190E7E700208DF8030041
:10FCE0009DF9030009B0704783B00290ADF806108B
:10FCF000ADF804200093BDF8060002990880BDF815
:10FD000004000299488000980299486003B0704747
:10FD1000BBB039903891399840683790389840682E
:10FD20003690399800883490399840883390002074
:10FD3000329031902B903698359034982C90FFE784
:10FD40002C9858B3FFE734982C99401A2A90FFE773
:10FD50002A9848B1FFE73599081D359000200860C2
:10FD60002A9801382A90F3E73599081D35904FF00D
:10FD70007E5008602C9801382A90FFE72A9848B1F5
:10FD8000FFE73599081D3590002008602A98013852
:10FD90002A90F3E72C9801382C90D1E70020299085
:10FDA000FFE729983399884280F04B82FFE7299832
:10FDB0002F90399948684988299A01FB022100EB64
:10FDC00081003590359800683290299830902998B4
:10FDD00001302D90FFE72D983499884225D2FFE716
:10FDE0003999486849882D9A299B01FB023100EB1B
:10FDF000810035903598006831909DED310AB0EE64
:10FE0000C00A9DED321AB0EEC11AB4EE410AF1EE0D
:10FE100010FA05DDFFE72D98309031983290FFE71A
:10FE2000FFE72D9801302D90D5E79DED320AB5EE14
:10FE3000400AF1EE10FA76D0FFE73098299988420F
:10FE400071D0FFE739984068259039984068249030
:10FE500039984088239023982999401A22902F9806
:10FE60002399299A00FB0121259800EB8100259018
:10FE700030982399299A00FB0121249800EB8100F6
:10FE8000249000202790FFE727982299884213DAD0
:10FE9000FFE72598006826902498006825990A1D98
:10FEA00025920860269824990A1D24920860FFE78D
:10FEB000279801302790E7E7389840681F903898D6
:10FEC00040681E90389840881D901D981C902F986F
:10FED0001D9941431F9800EB81001F9030981D9998
:10FEE00041431E9800EB81001E9000202190FFE707
:10FEF00021981C99884213DAFFE71F980068209028
:10FF00001E9800681F990A1D1F92086020981E996C
:10FF10000A1D1E920860FFE7219801302190E7E753
:10FF200001202B90FFE72B9801280CD0FFE79DEDD7
:10FF3000320AB5EE400AF1EE10FA04D1FFE7FB20D9
:10FF40008DF8EB00BCE19DED321AB7EE000A80EEB1
:10FF5000010A8DED320A399840681A903998408824
:10FF6000199019982999401A18902F981999299A37
:10FF700000FB01211A9800EB81001A9000201B90D1
:10FF8000FFE71B981899884210DAFFE79DED321AB7
:10FF90001A98011D1A9190ED000A20EE010A80EDD9
:10FFA000000AFFE71B9801301B90EAE73898406889
:10FFB0001690389840881590159814902F98159998
:10FFC0004143169800EB8100169000201790FFE740
:10FFD00017981499884210DAFFE79DED321A1698A7
:10FFE000011D169190ED000A20EE010A80ED000A35
:10FFF000FFE7179801301790EAE700202D90FFE700
:020000040804EE
:100000002D982F99884280F08780FFE739994868BA
:1000100049882D9A299B01FB023100EB8100359024
:100020003598006832903998406812903998406845
:10003000119039984088109010982999401A0F9083
:1000400012982D99109A514300EB8100299900EBE9
:100050008100129011982F99109A514300EB810062
:10006000299900EB8100119000201390FFE713986D
:100070000F99884215DAFFE79DED321A1198011D9C
:10008000119190ED002A1298011D129190ED000A35
:10009000A1EE420A80ED000AFFE7139801301390A9
:1000A000E5E7389840680D90389840680C9038988B
:1000B00040880B900B980A900D982D990B9A5143FC
:1000C00000EB81000D900C982F990B9A514300EB97
:1000D00081000C9000200E90FFE70E980A9988424C
:1000E00015DAFFE79DED321A0C98011D0C9190ED89
:1000F000002A0D98011D0D9190ED000AA1EE420A13
:1001000080ED000AFFE70E9801300E90E5E7FFE76B
:100110002D9801302D9073E72F9801302D90FFE737
:100120002D983499884280F08780FFE73999486894
:1001300049882D9A299B01FB023100EB8100359003
:10014000359800683290399840680890399840682E
:10015000079039984088069006982999401A05908A
:1001600008982D99069A514300EB8100299900EBDC
:100170008100089007982F99069A514300EB81005F
:10018000299900EB8100079000200990FFE709986A
:100190000599884215DAFFE79DED321A0798011D8F
:1001A000079190ED002A0898011D089190ED000A32
:1001B000A1EE420A80ED000AFFE70998013009909C
:1001C000E5E738984068039038984068029038987E
:1001D000408801900198009003982D99019A51430D
:1001E00000EB8100039002982F99019A514300EB94
:1001F0008100029000200490FFE704980099884253
:1002000015DAFFE79DED321A0298011D029190ED7B
:10021000002A0398011D039190ED000AA1EE420A05
:1002200080ED000AFFE7049801300490E5E7FFE75E
:100230002D9801302D9073E7FFE729980130299020
:10024000AFE500208DF8A3002B98012833D0FFE7FD
:100250009DED320AB5EE400AF1EE10FA2BD1FFE720
:1002600039984068379000202E90FFE72E983499F7
:10027000339A5143884212D2FFE737982E9900EB08
:10028000810090ED000AB5EE400AF1EE10FA01D0BF
:10029000FFE704E0FFE72E9801302E90E6E72E9866
:1002A0003499339A5143884204D1FFE7FB208DF8FB
:1002B000A300FFE7FFE79DF8A3008DF8EB00FFE741
:1002C0009DF9EB003BB0704792B008AB00931190E2
:1002D00010910F92119840680E90109840680D9000
:1002E000119840680C90109840680B900F984068E7
:1002F0000A9011980088ADF81E0010984088ADF85B
:100300001C0011984088ADF81A0000200490BDF838
:100310001E000390FFE70A98049900EB8100099002
:10032000BDF81C000590109840680D90FFE7002074
:1003300008900C980E90BDF81A000290FFE7029802
:10034000C8B1FFE700980E990A1D0E9291ED001AB0
:100350000D9991ED002A90ED000AA1EE020A80EDC0
:10036000000ABDF81C100D9800EB81000D9002985A
:1003700001380290E3E7089809990A1D099208607C
:100380000598013805900B98BDF81C10059A891A3C
:1003900000EB81000D90FFE705980028C7D1FFE72B
:1003A0000498BDF81C10084404900C98BDF81A106D
:1003B00000EB81000C90039801380390FFE703984D
:1003C0000028A8D1FFE700208DF807009DF907005D
:1003D00012B070470000000089B0089007910692A3
:1003E000089840680590079840680490069840680F
:1003F0000390089908884988484302900298019020
:10040000FFE70198A8B1FFE70598011D059190ED60
:10041000000A0498011D049190ED001A30EE410A83
:100420000398011D039180ED000A019801380190A5
:10043000E7E700208DF803009DF9030009B070473D
:100440008AB0099008910998406807900898406818
:10045000069009980088ADF8120009984088ADF818
:100460001000BDF81200029000200190FFE70698EE
:10047000019900EB81000590BDF810000390FFE7A3
:10048000039880B1FFE70798011D0791006805995F
:100490000860BDF81210059800EB810005900398E4
:1004A00001380390ECE7019801300190029801387F
:1004B0000290FFE702980028D9D1FFE700208DF8CD
:1004C00003009DF903000AB070470000000000001F
:1004D00080B5CAF79DFC45F21411C2F200410968CB
:1004E0004A6A4FF47A7100FB012040F20001C2F227
:1004F000000100224A60086080BD0000000000008A
:1005000082B001900091019802B070470000000095
:1005100080B582B0CAF77CFC45F21411C2F20041EA
:1005200009684A6A4FF47A7100FB012000210191A9
:100530000090009840F20001C2F200010968401AE0
:1005400002B080BD0000000080B582B000200190A4
:100550004EF61450CEF2000000688003002801D54A
:10056000FFE71AE0BFF34F8FBFF36F8F4EF6507166
:10057000CEF2000100200860BFF34F8FBFF36F8FF2
:100580004EF61451CEF20001086840F400300860C5
:10059000BFF34F8FBFF36F8FFFE7CAF75DFCD4F750
:1005A0002FFBD3F799FED3F7D7F8D2F79DFFD2F7F9
:1005B000E7FED2F745FFD3F783FAD3F72DFAD3F747
:1005C000B3F9D3F7EDF9D3F7CBFAD3F715FBD3F79C
:1005D000A3FBD3F759FBD3F70FF8D3F745F8D3F7BD
:1005E0007FF8D3F7E1FBDBF78BF8E7F7A1FEC4F761
:1005F000BBF84FF0FF3002B080BD000000000000EB
:1006000080B586B00590049145F6B400C2F2004072
:100610000068029045F2CC40C2F20040006804300D
:1006200001F00AF888B9FFE745F2CC40C2F2004079
:100630000068C16A012000FA01F245F2A871C2F215
:10064000004108689043086000E0FFE7059801302A
:1006500018BBFFE7049800B3FFE745F68C01C2F230
:10066000004148680190019A45F2CC40C2F2004036
:1006700003689A60019A92680368DA60026804323B
:10068000019B9B685A6002680432019B9A60006873
:1006900041610868013008603DE00298059908440E
:1006A0000390039845F2CC41C2F2004109684860CA
:1006B0000398029988420ED2FFE745F2DC40C2F26D
:1006C0000040006845F2CC41C2F2004109680431A3
:1006D00001F026F81EE045F2D440C2F20040006866
:1006E00045F2CC41C2F200410968043101F018F82A
:1006F000039845F61801C2F200410968884207D202
:10070000FFE7039845F61801C2F20041086000E0D7
:10071000FFE7FFE7FFE706B080BD00000000000034
:1007200080B582B0019001F05FF845F29871C2F295
:10073000004108680130086045F2CC40C2F2004038
:10074000006898B9FFE7019845F2CC41C2F2004138
:10075000086045F29870C2F200400068012803D199
:10076000FFE700F0B9FA00E0FFE71CE045F6800083
:10077000C2F200400068A0B9FFE745F2CC40C2F2E7
:1007800000400068C06A0199C96A884207D8FFE73B
:10079000019845F2CC41C2F20041086000E0FFE759
:1007A00000E0FFE7FFE745F2A470C2F200400168F5
:1007B000013101600068019988650198C16A0120D2
:1007C00000FA01F245F2A871C2F200410868104334
:1007D00008600198C06A00EB800045F2E441C2F273
:1007E000004101EB8000406800900098019A906001
:1007F00000988068019AD06001980430009A92684D
:10080000506001980430009A9060019AD06A00EB21
:10081000800001EB800050610198C06A00EB80020B
:1008200051F82200013041F8220001F00DF845F6A0
:100830008000C2F200400068C8B1FFE745F2CC403A
:10084000C2F200400068C06A0199C96A88420CD2AD
:10085000FFE74EF60451CEF200014FF080500860E1
:10086000BFF34F8FBFF36F8F00E0FFE700E0FFE7BC
:1008700002B080BD0000000080B584B000F0B4FF7D
:1008800045F6B800C2F200400068002840D1FFE7FA
:1008900045F2BC70C2F20040029000F021FF45F228
:1008A000D070C2F20040039000F01AFF0299039842
:1008B00045F2D042C2F20042116045F2E041C2F27C
:1008C0000041086069460020086045F2D832C2F253
:1008D000004245F27843C2F200430A20102101F0A1
:1008E000F7FB014645F6B800C2F20040016000681F
:1008F00060B1FFE745F6B800C2F20040006845F677
:10090000E451C0F6040101F053F800E0FFE700E015
:10091000FFE700F099FF04B080BD00000000000078
:1009200080B582B0FFE745F29C70C2F200400068DB
:1009300008B3FFE700F058FF45F6A000C2F2004000
:10094000C068C06801900198043000F075FE45F25F
:100950009871C2F2004108680138086045F29C7144
:10096000C2F2004108680138086000F06DFF01988C
:1009700000F02AF8D7E702B080BD000000000000B8
:1009800080B582B0019000910198006CB8B1FFE78A
:100990000199C8680A6C1044C86001988168C068F1
:1009A000884204D3FFE701990868C86000E0FFE7C8
:1009B0000098019AD168126CBFF7C2FEFFE702B03F
:1009C00080BD00000000000080B582B0009000985B
:1009D00090F8710040B9FFE70098006B00F05CFFF1
:1009E000009800F059FF1EE0009890F8710001286F
:1009F00004D1FFE7009800F04FFF13E0009890F853
:100A0000710002280DD0FFE74FF0500072B680F35E
:100A10001188BFF36F8FBFF34F8F62B60190FFE76E
:100A2000FEE7FFE7FFE702B080BD00000000000026
:100A300082B0019045F2D040C2F2004000680068E8
:100A4000B0FA80F04009019908600198006848B93F
:100A5000FFE745F2D040C2F200400068C06800687D
:100A6000009002E000200090FFE7009802B070477D
:100A700084B04FF4C030009040F20800C2F2000091
:100A800001909DF80400400788B1FFE70198073006
:100A90000190019820F007000190019A40F20801AE
:100AA000C2F200010098891A08440090FFE70198FB
:100AB0000290029945F68400C2F2004001600021D4
:100AC00041600298009A1044019001980838019002
:100AD000019820F007000190019A45F2D840C2F237
:100AE000004002600268516002681160029903913F
:100AF0000199039A891A5160006803990860039864
:100B0000406845F61401C2F200410860039840684D
:100B100045F60C01C2F20041086004B070470000C5
:100B200080B582B00190FFE7FFF7FAFE45F2E4409E
:100B3000C2F20040006802280CD3FFE74EF60451D1
:100B4000CEF200014FF080500860BFF34F8FBFF32B
:100B50006F8F00E0FFE7E7E780B584B0DDF818C0ED
:100B60000390029101928DF80330029818B9FFE7C3
:100B70000698006003E0019806990860FFE7039873
:100B80000699C8630298069908640698012101F045
:100B90000BFB9DF80300069981F84C0004B080BD62
:100BA00080B588B0DDF834C0DDF830C0DDF82CC089
:100BB000DDF828C005900491039202930C98006B15
:100BC00003998900A522BFF7B1FE0C98006B039929
:100BD00000EB810004380190019820F0070001909B
:100BE0009DF80400400768B1FFE74FF0500072B66F
:100BF00080F31188BFF36F8FBFF34F8F62B60790FA
:100C0000FFE7FEE701980C9948650498F8B1FFE703
:100C100000200090FFE700981F2813D8FFE70498F2
:100C2000009A805C0C99114481F834000498009972
:100C3000405C08B9FFE705E0FFE7FFE700980130F7
:100C40000090E8E70C99002081F8530000E0FFE7EE
:100C50000A9820280DD3FFE74FF0500072B680F3BA
:100C60001188BFF36F8FBFF34F8F62B60690FFE717
:100C7000FEE70A98202803D3FFE71F200A9000E030
:100C8000FFE70A980C99C8620A980C9908660C98B4
:100C9000043000F03DFD0C98183000F039FD0C9840
:100CA00000610A98C0F120000C9988610C9840629C
:100CB00001980599029A00F06FFC0C9908600B9856
:100CC00020B1FFE70C980B99086000E0FFE708B03F
:100CD00080BD00000000000080B584B000200390BB
:100CE000FFE703981F2810D8FFE7039800EB800167
:100CF00045F2E440C2F2004000EB810000F0F0FC5D
:100D0000FFE7039801300390EBE745F2E470C2F28D
:100D10000040019000F0E4FC45F2F870C2F200409F
:100D2000029000F0DDFC45F62C00C2F2004000F01D
:100D3000D7FC45F6A000C2F2004000F0D1FC45F619
:100D40008C00C2F2004000F0CBFC0199029845F201
:100D5000D442C2F20042116045F2DC41C2F20041CD
:100D6000086004B080BD000083B0029045F68400A6
:100D7000C2F200400190FFE70198006802998842A2
:100D800005D2FFE7FFE7019800680190F4E70198BA
:100D9000009000980199496808440299884209D155
:100DA000FFE702984268019948681044486001983A
:100DB000029000E0FFE702980090009802994968CD
:100DC000084401990968884220D1FFE7019800682A
:100DD00045F2D841C2F20041096888420DD0FFE7D0
:100DE0000198006842680299486810444860019878
:100DF000006800680299086007E045F2D840C2F236
:100E00000040006802990860FFE704E0019800686C
:100E100002990860FFE701980299884204D0FFE731
:100E200002980199086000E0FFE703B070470000F6
:100E300080B586B005900491039202930020019042
:100E400004980599486005980061049803998842C0
:100E500016D8FFE703980299401A059989698842D4
:100E600003D3FFE70120019009E045F2E040C2F220
:100E7000004000680599043100F052FCFFE717E0DC
:100E800003980299884208D2FFE7049802998842A1
:100E900003D3FFE70120019009E045F2D040C2F200
:100EA000004000680599043100F03AFCFFE7FFE7D5
:100EB000019806B080BD000080B582B0019000F0BE
:100EC00093FC0198806B18B9FFE70120009002E0C5
:100ED00000200090FFE700F0B7FC009802B080BD52
:100EE00008480068006880F308884FF0000080F32D
:100EF000148862B661B6BFF34F8FBFF36F8F00DF08
:100F000000BF000008ED00E080B584B003900291BE
:100F100045F2D040C2F200400068C068C06801904D
:100F20000198043000F088FB019890F828004007F1
:100F3000002806D5FFE701980399029A00F024F9EA
:100F400007E0019991F8280000F0FE0081F82800E0
:100F5000FFE70198016A884704B080BD00000000E7
:100F600080B58CB0FFE745F6B800C2F200400068DB
:100F700006A9002201F0A0F9002800F0B380FFE7E5
:100F80000698B0F1FF3F19DCFFE706A80430029095
:100F9000029868B9FFE74FF0500072B680F31188ED
:100FA000BFF36F8FBFF34F8F62B60B90FFE7FEE783
:100FB00002990A6848688968904700E0FFE7069848
:100FC000002800F18E80FFE7089805900598406999
:100FD00028B1FFE70598043000F02EFB00E0FFE7A2
:100FE00004A800F00DF9039006980138014601911C
:100FF000082800F274800199DFE801F00505323A13
:101000005D0505323A00059991F8280040F001008D
:1010100081F828000598079B81691944039AFFF716
:1010200007FFD8B1FFE7059890F82800400700288F
:1010300008D5FFE70598079982691144039A00F0E3
:10104000A3F807E0059991F8280000F0FE0081F868
:101050002800FFE70598016A884700E0FFE73FE0C6
:10106000059991F8280000F0FE0081F8280037E08B
:10107000059991F8280040F0010081F828000798B0
:10108000059988610598806968B9FFE74FF05000BD
:1010900072B680F31188BFF36F8FBFF34F8F62B6C4
:1010A0000A90FFE7FEE70598039B816919441A46F9
:1010B000FFF7BEFE14E0059890F82800800700288E
:1010C00004D4FFE7059800F0E7FB07E0059991F8E5
:1010D000280000F0FE0081F82800FFE700E0FFE7AD
:1010E000FFE740E70CB080BD80B584B0039002916B
:1010F00000F0D2FE684600F083F801900098D8BB5B
:10110000FFE7029860B9FFE703980199884207D882
:10111000FFE701F0B5FD03980199FFF7F5FE2AE01E
:10112000029858B1FFE745F2E040C2F20040006883
:101130000068B0FA80F040090290FFE745F6B80079
:10114000C2F2004000680399019A891A029A00F0DD
:101150008FFC01F095FD60B9FFE74EF60451CEF229
:1011600000014FF080500860BFF34F8FBFF36F8FC7
:1011700000E0FFE7FFE702E001F082FDFFE704B0D7
:1011800080BD00000000000080B584B00390029193
:101190000192FFE70398029B81691944019AFFF7C6
:1011A00047FE48B1FFE7039881690298084402901E
:1011B0000398016A8847EDE704B080BD0000000095
:1011C00045F2D440C2F200400068006840B9FFE731
:1011D00045F61801C2F200414FF0FF3008600CE004
:1011E00045F2D440C2F200400068C068006845F68D
:1011F0001801C2F200410860FFE7704700000000DC
:1012000080B582B0019001F033FB0090009845F268
:10121000C841C2F200410968884206D2FFE700F0E7
:1012200013F801990120086003E00199002008608B
:10123000FFE7009845F2C841C2F2004108600098FB
:1012400002B080BD0000000080B582B0FFE745F22B
:10125000D040C2F200400068006870B1FFE745F27C
:10126000D040C2F200400068C06800680190019858
:101270004FF0FF31FFF748FEE9E745F2D042C2F2F6
:1012800000421068009045F2E041C2F20041086857
:1012900010600098086002B080BD000000000000EF
:1012A00083B00020009040F2C420C2F200400068E9
:1012B000013068B1FFE74FF0500072B680F311883B
:1012C000BFF36F8FBFF34F8F62B60290FFE7FEE769
:1012D0004FF0500072B680F31188BFF36F8FBFF3E9
:1012E0004F8F62B60190FFE7009808B9FFE7FBE770
:1012F00003B070470000000080B584B00390FFE7A2
:1013000001A8FFF795FB029002980199FFF7ECFE08
:10131000FFF726FEF4E7000080B582B0019000F0F0
:1013200063FA019890F845008DF80300FFE79DF9F6
:101330000300012816DBFFE70198406A58B1FFE778
:101340000198243001F0D4FB18B1FFE700F0C0FC95
:1013500000E0FFE700E005E09DF8030001388DF8AC
:101360000300E4E70199FF2081F8450000F06CFAE2
:1013700000F03AFA019890F844008DF80200FFE777
:101380009DF90200012816DBFFE70198006980B192
:10139000FFE70198103001F0ABFB18B1FFE700F058
:1013A00097FC00E0FFE79DF8020001388DF802008D
:1013B00000E000E0E4E70199FF2081F8440000F03C
:1013C00043FA02B080BD000080B58AB007900020CB
:1013D000039000F061FD45F2D840C2F20040006881
:1013E00018B9FFE7FFF744FB00E0FFE70798A8B153
:1013F000FFE7079800F00700C0F11000029007987F
:101400000299C943884205D8FFE702990798084422
:10141000079002E000200790FFE700E0FFE79DF85B
:101420001F000006002800F19F80FFE707980028B2
:1014300000F09880FFE7079845F60C01C2F20041E2
:101440000968884200F28E80FFE745F68400C2F208
:101450000040059000680690FFE706984168079AEB
:1014600000209142019007D2FFE70698006800280B
:1014700018BF01200190FFE70198C00730B1FFE7D6
:1014800006980590069800680690E6E7069845F2EB
:10149000D841C2F200410968884261D0FFE705984F
:1014A000006808300390069800680599086006985F
:1014B00040680799401A112823D3FFE70698079937
:1014C000084404909DF81000400768B1FFE74FF012
:1014D000500072B680F31188BFF36F8FBFF34F8F48
:1014E00062B60990FFE7FEE7069840680799401A40
:1014F000049948600798069948600498FFF734FCFF
:1015000000E0FFE70698426845F60C00C2F2004092
:101510000168891A0160006845F61401C2F20041B1
:10152000096888420BD2FFE745F60C00C2F2004082
:10153000006845F61401C2F20041086000E0FFE7D0
:101540000699486840F0004048600699002008600D
:1015500045F62001C2F2004108680130086000E051
:10156000FFE700E0FFE700E0FFE701F089FB9DF8FF
:101570000C00400768B1FFE74FF0500072B680F3EF
:101580001188BFF36F8FBFF34F8F62B60890FFE7EC
:10159000FEE703980AB080BD83B0029001910092EB
:1015A00002980438029002994FF080700860029807
:1015B00004380290019820F0010002990860029816
:1015C00004380290029941F2A120C0F6040008609C
:1015D0000298143802900098029908600298043822
:1015E000029002996FF00200086002982038029081
:1015F000029803B07047017809B100207047417824
:10160000012903D08A0705D402224270481E18BF60
:101610000120704780B545F6DB70C0F6040000F08D
:1016200006F80121017041707047FDF717FBC0F704
:10163000B7F800000000000082B001900198006936
:1016400000900198416880688860019948688968BD
:101650004860009840680199884205D1FFE70198E9
:1016600080680099486000E0FFE701990020086168
:1016700000990868013808600098006802B0704757
:1016800083B0029001910092029948F20820C2F2C0
:1016900001000860019948F20800C2F201000860E8
:1016A00000998020086003B070470000000000002F
:1016B00083B0029001910092029948F27C60C2F2DC
:1016C00001000860019948F27C20C2F20100086024
:1016D00000994FF48070086003B07047000000006C
:1016E00081B00090009901F10800486000994FF026
:1016F000FF308860009901F10800C860009901F18D
:101700000800086100990020086001B070470000DF
:1017100081B0009000990020086101B0704700007E
:1017200084B0039002910298006800900098013004
:1017300020B9FFE703980069019010E00398083092
:101740000190FFE70198406800680099884205D839
:10175000FFE7FFE7019840680190F3E7FFE7019892
:10176000406802994860029841688860019802992F
:10177000886002980199486003980299086103996A
:1017800008680130086004B07047000000000000E5
:1017900083B00290019102984068009000980199EE
:1017A000486000988068019988600198009989686C
:1017B000486001980099886002980199086102992F
:1017C00008680130086003B07047000000000000A6
:1017D000DFF80C00016841F47001016070470000FF
:1017E00088ED00E00000000082B04FF0500072B6BB
:1017F00080F31188BFF36F8FBFF34F8F62B60190F4
:1018000040F2C420C2F2004001680131016000686A
:10181000012816D1FFE74EF60450CEF20000006812
:10182000000668B1FFE74FF0500072B680F31188F0
:10183000BFF36F8FBFF34F8F62B60090FFE7FEE7F5
:10184000FFE702B07047000082B040F2C420C2F24D
:101850000040006868B9FFE74FF0500072B680F3AF
:101860001188BFF36F8FBFF34F8F62B60090FFE711
:10187000FEE740F2C420C2F2004001680139016075
:10188000006830B9FFE700200190019880F31188CB
:10189000FFE702B07047000080B586B00390039860
:1018A0000290039800285DD0FFE702980838029064
:1018B000029801900198C1790020B0EBD11F0DD1A1
:1018C000FFE74FF0500072B680F31188BFF36F8FBF
:1018D000BFF34F8F62B60590FFE7FEE701980068FF
:1018E00068B1FFE74FF0500072B680F31188BFF384
:1018F0006F8FBFF34F8F62B60490FFE7FEE701984A
:10190000C1790020B0EBD11F2AD0FFE70198006811
:1019100020BBFFE70199486820F00040486002982A
:101920000830019949680839BFF708F800F0B4FA9F
:101930000198426845F60C01C2F200410868104463
:1019400008600198FFF710FA45F62401C2F2004141
:1019500008680130086001F093F900E0FFE700E05B
:10196000FFE7FFE706B080BD4EF21001CEF20001A6
:10197000002008604EF21802CEF20002106040F221
:101980003C00C2F20040006844F6D352C1F2620249
:10199000A0FB02024FF0FF3000EB92104EF2140257
:1019A000CEF20002106007200860704700000000BF
:1019B00085B00390029100200090039868B9FFE77A
:1019C0004FF0500072B680F31188BFF36F8FBFF3F2
:1019D0004F8F62B60490FFE7FEE70298C8B3FFE7B7
:1019E00000200190FFE70198072831D8FFE703980E
:1019F000019A45F64001C2F2004101EBC20149687B
:101A0000884209D1FFE7019945F64000C2F2004043
:101A100000EBC10000901BE0009890B9FFE701992E
:101A200045F64000C2F2004050F8310048B9FFE7E7
:101A3000019945F64000C2F2004000EBC100009061
:101A400000E0FFE7FFE7FFE7019801300190CAE7F8
:101A5000FFE7009838B1FFE7029800990860039803
:101A600000994860FFE705B07047000000000000E3
:101A700080B584B003900291019203980090FFF723
:101A8000B3FE009890F94400013028B9FFE70099AF
:101A9000002081F84400FFE7009890F945000130EC
:101AA00028B9FFE70099002081F84500FFE7FFF71C
:101AB000CBFE0098806B38B9FFE70098243002997C
:101AC000019A00F031F900E0FFE70098FFF724FCED
:101AD00004B080BD0000000080B584B002900020FA
:101AE00001900298F0B1FFE745F2A070C2F2004009
:101AF000006868B1FFE74FF0500072B680F31188BC
:101B0000BFF36F8FBFF34F8F62B60390FFE7FEE71F
:101B100000F0C2F902980021FEF772FD01F0B0F862
:101B2000019000E0FFE7019860B9FFE74EF604512D
:101B3000CEF200014FF080500860BFF34F8FBFF32B
:101B40006F8F00E0FFE704B080BD000000000000E0
:101B500080B584B00290FFF747FE029838B9FFE7DE
:101B600045F2CC40C2F200400068009002E00298CA
:101B70000090FFE70098019001980430FFF75CFDAA
:101B8000D0B9FFE70198C06A00EB800145F2E4405C
:101B9000C2F2004050F8210068B9FFE70198C16A1D
:101BA000012000FA01F245F2A871C2F20041086872
:101BB00090430860FFE700E0FFE70198806A28B1E2
:101BC000FFE701981830FFF737FD00E0FFE745F227
:101BD000A471C2F20041086801300860019845F222
:101BE000CC41C2F200410968884210D1FFE7019858
:101BF000011D45F6A000C2F20040FFF7C9FD45F205
:101C00009C71C2F2004108680130086009E045F2A9
:101C10009871C2F20041086801380860FFF7D0FAF5
:101C2000FFE7FFF711FE019845F2CC41C2F20041F7
:101C30000968884204D0FFE70198FEF7C5FEFFE778
:101C400045F68000C2F20040006858B3FFE70198F3
:101C500045F2CC41C2F200410968884220D1FFE739
:101C600045F2A070C2F20040006868B1FFE74FF093
:101C7000500072B680F31188BFF36F8FBFF34F8FA0
:101C800062B60390FFE7FEE74EF60451CEF2000184
:101C90004FF080500860BFF34F8FBFF36F8F00E0AD
:101CA000FFE7FFE704B080BD81B0009045F61C005F
:101CB000C2F2004000680099086045F6B400C2F224
:101CC000004000680099486001B0704700000000C3
:101CD00045F6C001C2F200410120086070470000D3
:101CE00080B584B002900191029868B9FFE74FF087
:101CF000500072B680F31188BFF36F8FBFF34F8F20
:101D000062B60390FFE7FEE7029845F2CC41C2F2CB
:101D1000004109681831FFF703FD01980121FEF722
:101D20006FFC04B080BD000080B586B004900391C4
:101D30000292049868B9FFE74FF0500072B680F342
:101D40001188BFF36F8FBFF34F8F62B60590FFE727
:101D5000FEE7049840680190019845F2CC41C2F238
:101D600000410A68D061019880680A6810620868BA
:101D70001830019A9268506008681830019A906093
:101D8000049809688862049908680130086002981C
:101D900020B1FFE74FF0FF300390FFE7039802996F
:101DA000FEF72EFC06B080BD80B58AB000200390FF
:101DB0000690059006A805A904AAFFF761FC039BFD
:101DC000049A0599DDF818C06846C0F808C041605B
:101DD000036040F62130C0F6040045F6DF51C0F63E
:101DE000040100F021FC014645F61000C2F200405B
:101DF0000160006818B1FFE70120079002E00020B1
:101E00000790FFE70798012804D1FFE701F04CF89D
:101E1000079000E0FFE70798012823D1FFE74FF084
:101E2000500072B680F31188BFF36F8FBFF34F8FEE
:101E300062B6099045F61801C2F200414FF0FF303A
:101E4000086045F68001C2F200410120086045F6B5
:101E5000B401C2F2004100200860FEF739FB00F037
:101E6000B7F811E00798013068B9FFE74FF050006C
:101E700072B680F31188BFF36F8FBFF34F8F62B6D6
:101E80000890FFE7FEE7FFE746F27000C0F60400A7
:101E900000680AB080BD000045F2A071C2F20041A6
:101EA000086801300860704780B586B045F2A070C0
:101EB000C2F20040006838B1FFE745F6C001C2F247
:101EC0000041012008607FE045F6C001C2F20041F8
:101ED00000200860FEF71CFB014645F29070C2F23C
:101EE00000400160006845F28C71C2F2004109684F
:101EF000884214D9FFE745F29070C2F200400068B2
:101F000045F28C71C2F200410968421A45F2CC4098
:101F1000C2F200400168886E1044886600E0FFE766
:101F200045F29070C2F20040006845F28C71C2F236
:101F30000041086045F2A870C2F2004000680590B8
:101F40000598B0FA80F08DF813009DF81300C0F1E9
:101F50001F000290029800EB800145F2E440C2F2BB
:101F6000004050F8210068B9FFE74FF0500072B60A
:101F700080F31188BFF36F8FBFF34F8F62B603906A
:101F8000FFE7FEE7029800EB800145F2E440C2F271
:101F9000004000EB8100019001994868406848606A
:101FA000019948680831884205D1FFE701994868DE
:101FB00040684860FFE701984068C06845F2CC413E
:101FC000C2F200410860FFE706B080BD00000000DB
:101FD00080B586B04EF20040CEF20000039001784A
:101FE0000491FF21017000788DF80B009DF80B0023
:101FF00000F0500045F28471C2F20041087045F2D1
:102000008871C2F2004107200860FFE79DF80B00CD
:10201000000600280DD5FFE745F28871C2F20041A5
:102020000868013808609DF80B0040008DF80B002F
:10203000ECE745F28870C2F20040006803280DD03A
:10204000FFE74FF0500072B680F31188BFF36F8F37
:10205000BFF34F8F62B60590FFE7FEE745F2887148
:10206000C2F20041086800020860086800F4E060FD
:10207000086004984EF20041CEF2000108704EF65E
:102080002051CEF20001086840F470000860086832
:1020900040F070400860FFF767FC40F2C421C2F2D4
:1020A0000041002001900860FFF792FB4EF634716A
:1020B000CEF20001086840F040400860FEF710FFD3
:1020C000FFF7F2FEFFF7ECF8019806B080BD0000C4
:1020D00080B58CB084460E98CDF820C0079106924A
:1020E00005938DF8130000200390059868B9FFE769
:1020F0004FF0500072B680F31188BFF36F8FBFF3BB
:102100004F8F62B60B90FFE7FEE70898002836D0A5
:10211000FFE7059898B3FFE7069818B1FFE707981F
:1021200068B3FFE7069818B9FFE7079838BBFFE7E1
:1021300050200290029850280DD0FFE74FF0500039
:1021400072B680F31188BFF36F8FBFF34F8F62B603
:102150000A90FFE7FEE70298059803900399012093
:1021600081F8460008980799069A9DF81330DDF823
:102170000CC0EE46CEF800C0FEF7EEFC10E003986F
:1021800068B9FFE74FF0500072B680F31188BFF3D3
:102190006F8FBFF34F8F62B60990FFE7FEE7FFE74F
:1021A00003980CB080BD000080B586B0039002910A
:1021B0000120019003980090009868B9FFE74FF064
:1021C000500072B680F31188BFF36F8FBFF34F8F4B
:1021D00062B60590FFE7FEE70098002856D0FFE7BB
:1021E0000098C06B002851D0FFE70098C26B016CCB
:1021F0004FF0FF30B0FBF2F0884247D3FFE7FFF724
:10220000F3FA00990B68C86B0A6C00FB0230886017
:1022100000990020886300990868486000990B685D
:10222000C86B0A6C013800FB0230C8600099FF20BF
:1022300081F84400009981F845000298D0B9FFE781
:1022400000980069A0B1FFE70098103000F050FC42
:1022500060B1FFE74EF60451CEF200014FF080501E
:102260000860BFF34F8FBFF36F8F00E0FFE700E020
:10227000FFE708E000981030FFF732FA00982430AA
:10228000FFF72EFAFFE7FFF7DFFA02E000200190E8
:10229000FFE7019868B9FFE74FF0500072B680F38E
:1022A0001188BFF36F8FBFF34F8F62B60490FFE7C3
:1022B000FEE7019806B080BD80B58EB00990089108
:1022C00007920020069009980390039868B9FFE7E9
:1022D0004FF0500072B680F31188BFF36F8FBFF3D9
:1022E0004F8F62B60D90FFE7FEE70899002001903E
:1022F00039B9FFE70398006C002818BF012001904E
:10230000FFE70198C00768B1FFE74FF0500072B6D1
:1023100080F31188BFF36F8FBFF34F8F62B60C90BD
:10232000FFE7FEE700F088FA01460020009031B98F
:10233000FFE70798002818BF01200090FFE70098EA
:10234000C00768B1FFE74FF0500072B680F3118804
:10235000BFF36F8FBFF34F8F62B60B90FFE7FEE7BF
:10236000FFE7FFF741FA0398806B0290029830B3C1
:10237000FFE703980899FEF703FB029801380399D9
:10238000886303980069A0B1FFE70398103000F05C
:10239000AFFB60B1FFE74EF60451CEF200014FF003
:1023A00080500860BFF34F8FBFF36F8F00E0FFE7EF
:1023B00000E0FFE7FFF748FA01200A906DE0079878
:1023C00028B9FFE7FFF740FA00200A9065E0069879
:1023D00030B9FFE704A8FFF767FC0120069000E092
:1023E000FFE7FFE7FFE7FFF72FFAFFF755FDFFF7DE
:1023F000FBF9039890F94400013028B9FFE70399ED
:10240000002081F84400FFE7039890F9450001306F
:1024100028B9FFE70399002081F84500FFE7FFF79F
:1024200013FA04A807A900F03BF830BBFFE70398B4
:10243000FEF742FDD0B1FFE7039824300799FFF77C
:102440004FFC0398FEF768FF00F01AFC60B9FFE745
:102450004EF60451CEF200014FF080500860BFF3F9
:102460004F8FBFF36F8F00E0FFE705E00398FEF7A3
:1024700053FF00F005FCFFE70EE00398FEF74CFF6A
:1024800000F0FEFB0398FEF717FD18B1FFE70020F0
:102490000A9002E0FFE7FFE763E70A980EB080BD0D
:1024A00080B588B005900491059868B9FFE74FF0B2
:1024B000500072B680F31188BFF36F8FBFF34F8F58
:1024C00062B60790FFE7FEE7049868B9FFE74FF0B0
:1024D000500072B680F31188BFF36F8FBFF34F8F38
:1024E00062B60690FFE7FEE7FFF77EF945F6B40017
:1024F000C2F2004000680290029805994968401AAB
:10250000019004980068013018B9FFE7002003909B
:102510002EE045F61C00C2F20040006805990968EB
:1025200088420CD0FFE7029805994968884206D393
:10253000FFE70120039004990020086017E001984C
:102540000499096888420BD2FFE7019A0499086848
:10255000801A08600598FFF7A7FB0020039005E0AC
:1025600004990020086001200390FFE7FFE7FFE7E0
:10257000FFF76AF9039808B080BD00000000000072
:1025800070B58CB0DDF844C0DDF840C00B900A9106
:10259000ADF826200893BDF826008000FEF714FF52
:1025A00005900598A0B1FFE77420FEF70DFF079096
:1025B000079840B1FFE707987421BEF7BFF9059867
:1025C0000799086303E00598FFF766F9FFE702E063
:1025D00000200790FFE70798F0B1FFE70798002673
:1025E00080F871600B980A99BDF82620089BDDF8E9
:1025F00040C0119C079DEE46CEF80C60CEF8085006
:10260000CEF80440CEF800C0FEF7CAFA0798FEF7ED
:1026100087F80120069003E04FF0FF300690FFE7B7
:1026200006980CB070BD0000B0B58EB0DDF850C09B
:10263000DDF84CC0DDF848C00A9009910892079374
:10264000139868B9FFE74FF0500072B680F3118815
:10265000BFF36F8FBFF34F8F62B60D90FFE7FEE7BA
:10266000149868B9FFE74FF0500072B680F31188F4
:10267000BFF36F8FBFF34F8F62B60C90FFE7FEE79B
:1026800074200490049874280DD0FFE74FF0500098
:1026900072B680F31188BFF36F8FBFF34F8F62B6AE
:1026A0000B90FFE7FEE70498149840B3FFE71398F8
:1026B00028B3FFE71498069006987421BEF73EF9F8
:1026C0001398069908630699022081F871000A9808
:1026D0000999089A079BDDF848C0069CEE4600253C
:1026E000CEF80C50CEF8084005ACCEF80440CEF839
:1026F00000C0FEF755FA0698FEF712F802E0002037
:102700000590FFE705980EB0B0BD00000000000086
:1027100080B58AB00690059100200290069868B9AD
:10272000FFE74FF0500072B680F31188BFF36F8F50
:10273000BFF34F8F62B60990FFE7FEE7059868B9CF
:10274000FFE74FF0500072B680F31188BFF36F8F30
:10275000BFF34F8F62B60890FFE7FEE745F2A07027
:10276000C2F20040006868B1FFE74FF0500072B657
:1027700080F31188BFF36F8FBFF34F8F62B607905E
:10278000FFE7FEE7FFF788FB45F6B400C2F2004022
:102790000068019006980068059908440490019823
:1027A00006990968884210D2FFE7049806990968DB
:1027B000884208D2FFE704980199884203D9FFE7CD
:1027C0000120029000E0FFE70FE0049806990968F5
:1027D000884205D3FFE704980199884203D9FFE7AF
:1027E0000120029000E0FFE7FFE7049806990860E7
:1027F000029838B1FFE704980199401A0021FDF7CB
:10280000FFFE00E0FFE700F03BFA0390039860B999
:10281000FFE74EF60451CEF200014FF08050086001
:10282000BFF34F8FBFF36F8F00E0FFE702980AB04E
:1028300080BD00000000000081B045F68000C2F2BB
:102840000040006818B9FFE7012000900DE045F254
:10285000A070C2F20040006818B9FFE702200090A3
:1028600002E000200090FFE7FFE7009801B070470A
:1028700081B045F6B400C2F20040006800900098B4
:1028800001B070470000000080B58AB000200690BB
:1028900045F2A070C2F200400068002840F01B81A1
:1028A000FFE745F6B401C2F2004108680130059027
:1028B00005980860059868BBFFE745F2D440C2F26E
:1028C00000400068006868B1FFE74FF0500072B642
:1028D00080F31188BFF36F8FBFF34F8F62B60990FB
:1028E000FFE7FEE745F2D442C2F2004210680490CE
:1028F00045F2DC41C2F200410868106004980860AB
:1029000045F61C01C2F20041086801300860FEF77C
:1029100057FC00E0FFE7059845F61801C2F20041B8
:1029200009688842C0F0B680FFE7FFE745F2D4406F
:10293000C2F200400068006840B9FFE745F61801A0
:10294000C2F200414FF0FF300860A2E045F2D440EF
:10295000C2F200400068C068C068089008984068EB
:10296000079005980799884207D2FFE7079845F630
:102970001801C2F2004108608BE0FFE70898406947
:10298000039008988168C068886008998868C96859
:1029900048600398406808990431884205D1FFE7F0
:1029A0000898C06803994860FFE7089900204861CB
:1029B00003990868013808600898806AF8B1FFE751
:1029C0000898806A02900898C169006A886008992E
:1029D000C869096A486002984068089918318842B5
:1029E00005D1FFE70898006A02994860FFE7089957
:1029F00000208862029908680138086000E0FFE75B
:102A00000898C16A012000FA01F245F2A871C2F2E9
:102A100000410868104308600898C06A00EB800015
:102A200045F2E441C2F2004101EB800040680190B0
:102A30000198089A906001988068089AD060089878
:102A40000430019A9268506008980430019A9060AE
:102A5000089AD06A00EB800001EB80005061089872
:102A6000C06A00EB800251F82200013041F82200D8
:102A70000898C06A45F2CC41C2F200410968C96AAF
:102A8000884203D9FFE70120069000E0FFE7FFE757
:102A90004CE7FFE745F2CC40C2F200400068C06A54
:102AA00000EB800145F2E440C2F2004050F8210002
:102AB000022803D3FFE70120069000E0FFE745F678
:102AC000C000C2F20040006818B1FFE70120069084
:102AD00000E0FFE707E045F62801C2F20041086880
:102AE00001300860FFE706980AB080BD00000000D2
:102AF00088B006900698C068C0680590059868B9C7
:102B0000FFE74FF0500072B680F31188BFF36F8F6C
:102B1000BFF34F8F62B60790FFE7FEE70598806A24
:102B200003900598C169006A88600599C869096AB7
:102B300048600398406805991831884205D1FFE73D
:102B40000598006A03994860FFE7059900208862AC
:102B5000039908680138086045F2A070C2F200408D
:102B60000068002857D1FFE7059840690290059852
:102B70008168C068886005998868C968486002985B
:102B8000406805990431884205D1FFE70598C0687F
:102B900002994860FFE7059900204861029908689A
:102BA000013808600598C16A012000FA01F245F277
:102BB000A871C2F200410868104308600598C06A15
:102BC00000EB800045F2E441C2F2004101EB8000DD
:102BD000406801900198059A906001988068059A74
:102BE000D06005980430019A9268506005980430CE
:102BF000019A9060059AD06A00EB800001EB80009A
:102C000050610598C06A00EB800251F82200013043
:102C100041F822001BE045F62C01C2F20041486851
:102C200000900098059AD06100988068059A10621B
:102C300005981830009A9268506005981830009AEC
:102C4000906005988162086801300860FFE7059888
:102C5000C06A45F2CC41C2F200410968C96A8842A3
:102C600008D9FFE70120049045F6C001C2F20041F7
:102C7000086002E000200490FFE7049808B0704765
:102C800080B588B000200690059045F2A070C2F291
:102C90000040006868B9FFE74FF0500072B680F35B
:102CA0001188BFF36F8FBFF34F8F62B60790FFE7B6
:102CB000FEE7FEF799FD45F2A070C2F20040016800
:102CC000013901600068002840F0E780FFE745F225
:102CD0009870C2F200400068002800F0DD80FFE735
:102CE000FFE745F62C00C2F200400068002800F023
:102CF0009080FFE745F62C00C2F20040C068C06833
:102D000006900698806A04900698C169006A8860F7
:102D10000699C869096A486004984068069918319C
:102D2000884205D1FFE70698006A04994860FFE7EA
:102D3000069900208862049908680138086006989E
:102D40004069039006988168C06888600699886821
:102D5000C96848600398406806990431884205D1E3
:102D6000FFE70698C06803994860FFE706990020CE
:102D7000486103990868013808600698C16A012013
:102D800000FA01F245F2A871C2F20041086810434E
:102D900008600698C06A00EB800045F2E441C2F288
:102DA000004101EB8000406802900298069A906012
:102DB00002988068069AD06006980430029A926859
:102DC000506006980430029A9060069AD06A00EB30
:102DD000800001EB800050610698C06A00EB800221
:102DE00051F82200013041F822000698C06A45F2ED
:102DF000CC41C2F200410968C96A884207D3FFE7A3
:102E000045F6C001C2F200410120086000E0FFE782
:102E100067E7069818B1FFE7FEF7D2F9FFE745F636
:102E20002800C2F20040006801900198E0B1FFE77D
:102E3000FFE7FFF729FD38B1FFE745F6C001C2F211
:102E400000410120086000E0FFE70198013801908F
:102E5000FFE701980028ECD1FFE745F62801C2F210
:102E600000410020086000E0FFE745F6C000C2F224
:102E70000040006870B1FFE7012005904EF6045154
:102E8000CEF200014FF080500860BFF34F8FBFF3C8
:102E90006F8F00E0FFE7FFE700E0FFE7FEF7D4FCFD
:102EA000059808B080BD000080B58AB00020089069
:102EB000FDF7E2FC45F6B800C2F20040006858B3E6
:102EC000FFE7002004900790069007A806A905AA2E
:102ED000FEF7EEFB049B059A0698DDF81CC06946D8
:102EE000C1F808C048600220086041F2F920C0F62D
:102EF000040045F6E951C0F60401FFF795FB0146D1
:102F000045F6BC00C2F200400160006818B1FFE75E
:102F100001200890FFE700E0FFE7089868B9FFE7A5
:102F20004FF0500072B680F31188BFF36F8FBFF37C
:102F30004F8F62B60990FFE7FEE708980AB080BDA0
:102F40005FEA400C08BF91F0000F4FEA8C234FEA74
:102F5000C12243EA51514FEA1C5018BF00F5F0401E
:102F60004FEA300018BF41F000415FEA6C5C00F0AE
:102F70002980BCF1FF3F08BF40F080407047130C30
:102F800006BF12044FF0100C4FF0000C130E04BFDC
:102F900012020CF1080C130F04BF12010CF1040C07
:102FA000930F04BF92000CF1020CD30F04BF520028
:102FB0000CF1010C11464FF00002A0F11F00A0EB34
:102FC0000C00704711F0004F08BF704731F000410E
:102FD0003FF4D5AF0B0C06BF09044FF0100C4FF0B7
:102FE000000C0B0E04BF09020CF1080C0B0F04BF00
:102FF00009010CF1040C8B0F04BF89000CF1020CC9
:10300000CB0F04BF49000CF1010CCCF1200322FAD4
:1030100003F341EA030102FA0CF2A0EB0C0000F109
:103020000100704723F07F4720F07F4C80EA0300C7
:1030300000F00040ACEB070303F57C5303F1FF0302
:103040002DE9804909B44FEA144324EA03484FEAC2
:10305000154B25EA0B4E0FF2042606EB13273E789C
:1030600003FB0667C7F5000707FB06F64FEAD646DF
:1030700006F102064FEA543707FB066CCCF1005C00
:103080004FEA1C472CEA074C0CFB06F507FB06F43D
:1030900004EB15464FEA961649085FEA320234BF40
:1030A00000204FF000404FEAD13706FB07FC4FEA03
:1030B0001C4C0CFB0BF7D21B03FB0CF761EB07015D
:1030C0000CFB0EF7B0EB074072EB17420CFB08F756
:1030D00034BFA2EB0742B2EB074261EB17414FEA64
:1030E0000C444FEA910706FB07FC4FEA1C4C0CFB13
:1030F0000BF7B0EBC74072EB573203FB0CF734BF52
:10310000A2EBC742B2EBC74261EB57310CFB0EF7A3
:10311000B0EBC70072EB57720CFB08F734BFA2EBA1
:10312000C702B2EBC70261EB57714FEA816141EA16
:1031300092114FEA826242EA90124FEA806004EBF9
:10314000CC04039F4FEAD13706FB07FC4FEA1C4C27
:103150000CFB0BF7D21B03FB0CF761EB07010CFB1D
:103160000EF7B0EB074072EB17420CFB08F734BFC9
:10317000A2EB0742B2EB074261EB17414FEA8C55D5
:1031800004EB9C244FEA910706FB07FC4FEA1C4C1A
:103190000CFB0BF7B0EBC74072EB573203FB0CF79D
:1031A00034BFA2EBC742B2EBC74261EB57310CFB15
:1031B0000EF7B0EBC70072EB57720CFB08F734BF89
:1031C000A2EBC702B2EBC70261EB57714FEA816114
:1031D00041EA92114FEA826242EA90124FEA80601D
:1031E00015EB4C2544F100044FEAD13706FB07FCF0
:1031F0004FEA1C4C0CFB0BF7D21B03FB0CF761EBEB
:1032000007010CFB0EF7B0EB074072EB17420CFB0B
:1032100008F734BFA2EB0742B2EB074261EB17415C
:103220004FEA813141EA92414FEA823242EA9042CA
:103230004FEA80304FEA0C7615EB1C1544F1000480
:1032400048EA03434EEA0B484FF0000EB2EB080C7D
:1032500071EB030724BF624639464EEB0E0E4FF06A
:10326000000B0018524149414BEB0B0BB2EB080C21
:1032700071EB03077BF1000B24BF624639464EEB2E
:103280000E0E4FF0000B0018524149414BEB0B0B57
:10329000B2EB080C71EB03077BF1000B24BF624615
:1032A00039464EEB0E0E51EA020718BF46F00106F2
:1032B00016EB0E7655F1000254F1000103D5BDE87E
:1032C0008901BDE80088BDE88901BDE80048B6195C
:1032D000524141EB0101A3F10103704780807F7EE1
:1032E0007D7C7B7A7978777676757473727171707C
:1032F0006F6E6E6D6C6C6B6A6A696868676666652E
:103300006464636362616160605F5F5E5E5D5D5CBB
:103310005C5B5B5A5A59595858575756565555552C
:103320005454535352525251515050504F4F4F4E8C
:103330004E4D4D4D4C4C4C4B4B4B4A4A4A494949DA
:10334000484848474747474646464545454444441C
:1033500044434343434242424241414110B546EA5D
:1033600006464FEA164646EA42564FEAD22242EA5B
:1033700041524FEAD121A3F57053A3F1010300F0AC
:103380002FF820F0004000F0004700F1020CBCF5DF
:10339000006F01EB0050114640EA070000D210BD5B
:1033A000BAF1000F0AD01CB503B44FF004004FF07F
:1033B00004014FF000000FBCBDE810404FF00001C9
:1033C000BBF1010FB9BF04484FF0FF3103480021A2
:1033D00040EA070010BD00BFFFFFEF7F0000F07F55
:1033E0009C46002B30D477002BD04FEA37071CB512
:1033F00003B44FF010004FF01001BAF1000F06D0E7
:10340000BCF1000FDCBF40F0080040F008014FF0B5
:1034100000000FBCBDE810400BF1010BBBF1010F28
:1034200008BF5FEA170722BF12F1010211F1010183
:103430004FF0004143F1000300F0004043EA000078
:103440007047F9D35708D0E746EA06464FEA1646D2
:1034500013F1400F1FDD13F1200FDFBF16430A46A3
:10346000002120335B42BED0C3F1200746EA064666
:103470004FEA164602FA07F746EA070622FA03F26F
:10348000C3F1200701FA07F742EA070221FA03F124
:103490004FF00003A7E746EA020646EA06464FEA6F
:1034A000164646EA0106BCBF46EA0646360C4FF011
:1034B00000034FF000024FF0000194E72DE9804C2B
:1034C00070B49A46934691E8380007C831EA400C38
:1034D00048BF34EA430C03D5FFF7A4FDFFF780FF94
:1034E000F0BCBDE8008C2DE9804C70B49A46934640
:1034F00091E8380007C831EA400C48BF34EA430C71
:1035000003D5FFF78FFDFFF729FFF0BCBDE8008C66
:103510002DE9804C70B49A46934691E8380007C86C
:1035200010F0804F08BF13F0804F03D100F01AF85D
:10353000FFF756FFF0BCBDE8008C2DE9804C70B45D
:103540009A46934691E8380007C810F0804F08BFAC
:1035500013F0804F03D100F005F8FFF7FFFEF0BC39
:10356000BDE8008C20F07F4723F07F4C80EA030009
:1035700000F0004007EB0C03A3F57C53A3F1FE031E
:1035800092F0000F00F0B38095F0000F00F077800C
:103590002DE901494FEA114021EA00484FEA14465B
:1035A00024EA064700FB06FC08FB06F607FB08F8C2
:1035B00018EB06484CEB164C00FB07F718EB0748D6
:1035C0004CEB17404FEA124B22EA0B4E4FEA1546DE
:1035D00025EA06470BFB06FC0EFB06F607FB0EFE74
:1035E0001EEB064E4CEB164C0BFB07F71EEB074E83
:1035F0004CEB174B18EB0B0840F1000018EB0E0BCF
:1036000058EB000840F100008F1A4FF000014FF016
:1036100000063CBFC943661B14BFB5EB040C002178
:103620003CBFC943F61B4FEA174427EA04454FEA5B
:103630001C472CEA074C04FB076205FB07F70CFB51
:1036400005F616EB074642EB174204FB0CFC16EBA3
:103650000C4642EB1C421BEB060658EB02024141B2
:103660004EEA8E0E46EA9E0601D5BDE80189B619DE
:10367000524141EB0101A3F10103BDE801894FEA89
:10368000144524EA05464FEA114721EA074C05FB99
:1036900007F406FB07F70CFB06F111EB074144EBBF
:1036A000174405FB0CFC11EB0C4144EB1C444FEAA6
:1036B000124722EA074C05FB07F206FB07F70CFB53
:1036C00006F616EB074642EB174205FB0CFC16EB21
:1036D0000C4642EB1C456A1854F1000148BF704784
:1036E000B619524141EB0101A3F10103704795F076
:1036F000000F37D04FEA114221EA02464FEA144741
:1037000024EA074C02FB07F106FB07F70CFB06F463
:1037100014EB074441EB174102FB0CFC14EB0C4487
:1037200041EB1C414FEA154725EA074C02FB07F520
:1037300006FB07F70CFB06F616EB074645EB1745AD
:1037400002FB0CFC16EB0C4645EB1C42121951F126
:10375000000148BF7047B619524141EB0101A3F186
:10376000010370474FEA144524EA05464FEA114722
:1037700021EA074C05FB07F106FB07F70CFB06F2F5
:1037800012EB074241EB174105FB0CFC12EB0C421C
:1037900051EB1C414FF0000648BF7047921841EBB7
:1037A0000101A3F10103704780B5D7F7BDFE00B159
:1037B00080BDFBF72FFAFFF7F7BF80B5D7F778FF8B
:1037C00000B180BDFBF726FAFFF7F7BF03B40198FD
:1037D0004100009850EAC12018BF04204A0D18BFCC
:1037E00040F0010040F2FF72B2EB515F08BF40F0C1
:1037F0000200012808BF052002B0704741000802FE
:1038000018BF04200A0E18BF40F001004FF07F429D
:1038100032EA010108BF40F00200012808BF05207C
:103820007047000030B52DED048B81B0B0EE409BA9
:103830006A4651EC190B01F09BF900987E30B7EE07
:10384000C98B0090002819DCB5EEC09BF1EE10FA90
:1038500014D0002140F608004FF0000040F60801A7
:10386000014040F608004FF00000B5EEC08AF1EECE
:1038700010FA04BF0220BDF776F92AE0FF2828DB02
:10388000002108464FF0000000F44005B5EEC09B53
:10389000F1EE10FAB4BF002401240220BDF763F951
:1038A0009FED0F8A4DB1002C0CBF4FF400004FF478
:1038B0008000A84218BF9FED0B8A042108464FF0F4
:1038C0000000002C01BFB1EE480A01B0BDEC048B32
:1038D00030BDB0EE480A01B0BDEC048B30BD000035
:1038E0000000807FFFFF7F7F70B54FF068422DEDB5
:1038F000048BF0EE408A18EE900AB0EE608A18EE63
:10390000101A02EB4003B3F1654F3CBF02EB4102DA
:10391000B2F1654F7DD200BFC0F3C753C1F3C752A8
:103920009A1A1B2A09DD10F0004F14BF9FED830A7D
:103930009FED830ABDEC048B70BD12F11A0F36DACD
:1039400011F0004F09D010F0004F0CBF9FED7D0A21
:103950009FED7D0ABDEC048B70BD88EE889A19EE50
:10396000100AFFF74BFF042808BF00F0DFFF18EE36
:10397000900AFFF743FF054618EE100AFFF73EFFD7
:10398000044619EE100AFFF739FF042D18BF052D64
:1039900008D1042C18BF052C04D1002804BF022034
:1039A000BDF7E1F8B0EE490ABDEC048B70BD4200F2
:1039B000B2EB410F3AD910F0004F19BFDFED630AA7
:1039C0009FED630ADFED630A9FED630AB0EE481ACC
:1039D0000A46B1EE688A80F00041F0EE418A104656
:1039E0000A1A5200B2F1807F34D2484010F0004FE2
:1039F000DFED5A1A9FED5A2A1DBFBEEE001A70EE77
:103A0000E10A30EE420AB6EE001A08BF70EEA10AD3
:103A100000E040E008BF30EE020AB0EE682A01EE96
:103A2000482A08EE818AC2EE081A15E011F0004F0C
:103A300004BF9FED4C0AF0EE400AD1D010F0004FC9
:103A400019BFDFED490A9FED490ADFED490A9FEDF5
:103A5000490AC5E7C8EE881A21EEA11A9FED462A49
:103A6000DFED462A41EE022A9FED452A01EE222A89
:103A7000DFED442A41EE022A9FED432ABDEC048B80
:103A800001EE222A21EE811A01EE020A30EE210A0D
:103A900030EE200A70BD4FF07F42B2EB400F28BFDE
:103AA000B2EB410F09D2F0EE480AB0EE680ABDEC65
:103AB000048BBDE8704000F02EBF40EA01035B00BC
:103AC00008BF41F0FF410BD0B2EB400F08BFB2EB93
:103AD000410F08D120F0804008EE900A21F080418B
:103AE00008EE101A18E7B2EB400F12BF5FEA41036D
:103AF00040F0FF4001F000413FF40EAFB2EB410F48
:103B000012BF5FEA400200F0004041F0FF413FF485
:103B100003AF4A0092EA40033FF5FEAE002AACBF75
:103B20009FED1A0A9FED1A0A68EE808A28EE008A35
:103B300018EE900A18EE101AEEE60000DB0FC9BF6F
:103B4000DB0FC93FDB0F4940DB0F49C00000C9BF95
:103B500022AAFDB90000C93F22AAFD390060ED3E4E
:103B6000C30ACE3700000000000049C022AA7DBA77
:103B70000000494022AA7D3A2DAD65BD8FB8D53DE4
:103B80000FB511BE61C84C3EA8AAAABE0000804F66
:103B90000000802F10EE101A08B5444A6846B2EBB8
:103BA000410F28D94FF0E640B0EB410F94BF002001
:103BB0004FF0FF3000900098002861DB60EE000AB3
:103BC00010F0010F45D010F0020FDFED391A9FED14
:103BD000391A00EEA11ADFED381A40EE811A21EEF3
:103BE000A01AF0EE400A40EE010A08BFF1EE600AAA
:103BF000B0EE600A08BD314B21F0004293423CD93F
:103C000011F0004FDFED2E0A20EE201ADFED2D0A15
:103C100019BF31EE601A71EE200A31EE201A71EEF2
:103C2000600ABDEEE01A11EE100A9FED271A00F0AF
:103C3000030000EEC10A9FED251A009000EEC10AB4
:103C40009FED231A00EEC10A9FED221A00EEC10A71
:103C5000B1E79FED211A9FED210A10F0020F00EE4F
:103C6000810A9FED1F1A00EE801AB7EE000A00EEDF
:103C7000810A18BFB1EE400A08BD00F069FE9AE75C
:103C800010EE100A4000B0F17F4F3CBFB7EE000AC3
:103C900008BD07D14FF00100BCF765FFBDE8084043
:103CA00000F03CBEBDE8084000F032BEB61F927E78
:103CB000336D4CB9DA82083CA0AA2ABE490E4946A7
:103CC00083F9223F0000004B0000C93F00A0FD39EE
:103CD0000020A2331A61342CB93AB2BACA9F2A3DE5
:103CE000DDFFFFBE10B52DED028BF0EE408A18EE21
:103CF000900A01F047F808EE100A18EE900AB7EEA5
:103D0000000A78EEC80A10F0004F4FF07F4010EE26
:103D1000901A12D0B1F13F4F24BF10EE901AB0EBC1
:103D2000410F12D210EE901AB1F17C5F1CDD10EE43
:103D3000901AB0EB410F17D314E0B1F13F4F07D900
:103D400010EE901AB0EB410F02D338EE408A0BE030
:103D500010EE901AB1F17C5F06DB10EE901AB0EB1A
:103D6000410F01D338EE008A18EE101AB1F19E4FC0
:103D700004DB18EE101AB0EB410F09D218EE101A3E
:103D8000B1F14F4F07D918EE101AB0EB410F02D323
:103D90000120BCF7E8FE18EE100ABDEC028BBDE86E
:103DA000104000F095BF00002DE9F04D2DED040B03
:103DB0002DED0A8B9AB0DDE92550279CDDF890A007
:103DC00025F0004624F00048BAF1000F14BF01218D
:103DD000002101EB4502F84953184A10934228D3B9
:103DE000002814BF0123002303EB44030B44F349D1
:103DF0008B421ED358EA000172D0DFF8C4B35D4590
:103E000003D1BAF1000F05D186E0BAF1000F08BF67
:103E1000002100D0012101EB450111F5001F08D858
:103E2000002814BF0121002101EB440111F5001FFE
:103E30000BD99DED261B9DED240B1AB0BDEC0A8B12
:103E400004B0BDE8F04D00F03BBD0027002DBCBF25
:103E5000DC49884521DADC498845A8BF02271CDAFD
:103E6000C3451ADCD94901EB2851142908DDC1F1F9
:103E7000340220FA02F101FA02F282420DD108E086
:103E800058B9C1F1140228FA02F101FA02F24245CE
:103E900003D101F00101C1F1020756EA0A0120D164
:103EA000002C1EDA002D18BF022F01D0012F0AD0DE
:103EB0000220BCF758FE1AB0BDEC0A8B04B0BDE876
:103EC000F04D00F0F1BC0220BCF74DFE00F0ECFC20
:103ED000B1EE400B1AB0BDEC0A8B04B0BDE8F08D1A
:103EE0001AE09FEDBB9B9FEDBC8BB7EE00AB0028AB
:103EF0007DD1B44880451CD105F1804010F580107B
:103F000008BFBAF1000F07D0B34508DC002CA8BFEA
:103F10009DED260BDEDA07E0B7EE000BDAE7002CAA
:103F2000B8BF9DED260BD3DBAD48784490ED000B78
:103F3000D0E7D84548D1002C43DA2EB186423AD199
:103F4000BAF1000F3DD126E0BAF1000F13D00220E4
:103F5000BCF709FE00F0C4FC8DED020B9DED240BB7
:103F60008DED000B10EE900A039961F31E00039093
:103F70009DED020BAEE78DED029B9DED240B19EE3E
:103F8000901A10EE900A8DED000B61F31E00039065
:103F90009DED020B9EE78DED028B9DED240B18EE3F
:103FA000901A10EE900A8DED000B61F31E00039045
:103FB0009DED020B8EE704DA9DED241B8AEE010BCA
:103FC00088E79DED240B85E786421ADAB4F1804F2D
:103FD00004BF9DED240B20EE000B3FF47BAFA4F15A
:103FE0000050B0F1FF500CD1002D0ADB00E008E0DA
:103FF0009DED240B51EC100B00F000FE41EC100B7A
:1040000068E79DED240B51EC100B00F0A5FDBAF113
:10401000000FCDE90E0140D19FED730B46B3A6F121
:10402000E040B0F17F600ED05E4536D1002D00DA61
:1040300097B3022F0CBF01204FF0FF3000EE100AA3
:10404000B8EEC00B46E7002D01DD002C0DDA002D87
:1040500001DD002C1DDB002D14DA002C12DB012FFA
:1040600008BF9FED630B3FF435AFB0EE490B31E76E
:10407000022F18BF002D0CD0012F0AD1002DFFF602
:1040800029AF06E0002DB8BF002C06DA012F3FF45F
:1040900021AFB0EE480B1DE719E0012000EBE57001
:1040A00050EA070113D0B0EE4A8B791E084308BFCF
:1040B000BFEE008B5048002580457ADD4F495048BF
:1040C000884514DDB0420DDB002C19DB2CE001200B
:1040D000BCF749FD1AB0BDEC0A8B04B0BDE8F04D49
:1040E00000F0F2BBB34502DC002C09DC1CE0864288
:1040F00002DA002C18DA03E05E4528DD002C13DD1F
:104100000220BCF730FD00F0EBFB8DED020B28EE3A
:10411000090B8DED000B10EE900A039961F31E0060
:1041200003909DED020BD5E60220BCF71CFD00F0CC
:10413000E3FB10EE901A18EE900A8DED020B8DED58
:10414000008B61F31E0003909DED020BC2E69DED16
:104150000E0B30EE4A0B8DED040B20EE002B9DED87
:10416000041B9FED290BB5EE003B01EE430B9DEDCB
:10417000043BB6EE001B03EE401B22EE012B9DED2F
:10418000040B9FED231B20EE011B9FED233B20EE34
:10419000030B9FED233B02EE430B31EE002B8DED25
:1041A000022B02959DED022B32EE411B30EE411B9E
:1041B00011E139E000000000FFFF1F00FFFF0F00CA
:1041C0000000F03F0000F07F0000404301FCFFFFD3
:1041D000000000000000F07F000000000000000070
:1041E00092100000000000000000000000000080AD
:1041F000000000000000F0FF0000E0410000F0437C
:10420000FFFFEF3F00000000555555555555D53F70
:10421000000000604715F73F44DF5DF80BAE543EE9
:10422000FE822B654715F73F0020B6F5801F0BDA9D
:104230009DED0E0B9FEDEC1B20EE010B10EE906A36
:104240008DED0E0B6FF0340000EB2650C6F313011A
:10425000A0F2FF37E64A41F07F6040F040509142C3
:10426000D8BF002408DDE34A8A42C8BF012403DC2A
:104270000024A0F580107F1CDF49794401EBC401C4
:104280000F9091ED001B9DED0E0B30EE410B9DED5F
:104290000E2B31EE023B8AEE032B20EE029BD74918
:1042A0008DED029B7944029591ED003B4FF000515A
:1042B00041EA600000EB84408DED043B00F50020F6
:1042C00005909DED043B33EE411B9DED0E3B33EE1F
:1042D000411B9DED023B9DED044B03EE440B03EEB1
:1042E000410B20EE02BB29EE09CBB0EE4C0BC448CB
:1042F0000621784400F09FFA2CEE0C1B20EE010BF7
:104300009DED021B31EE091B0BEE010B9DED021B17
:1043100021EE011BB0EE082B31EE023B33EE003BE9
:104320008DED043B04959DED043B33EE422B32EEC4
:10433000411B30EE412B9DED020B9DED041B20EE49
:10434000011B9DED040B2BEE000B02EE090B31EE71
:10435000002B8DED022B02959DED022B32EE411BC1
:1043600030EE411B9DED020B9FEDA72B20EE020BC3
:104370009DED022B9FEDA63B22EE032B9FEDA63B6E
:1043800001EE032BA648784400EBC40090ED001B1F
:1043900032EE011B02EE107AB8EEC22B8DED042B2B
:1043A00030EE013B9F48784400EBC40090ED002BB9
:1043B00033EE023B9DED044B33EE043B8DED023BAF
:1043C00002959DED023B33EE443B33EE422B32EE41
:1043D000400B31EE401B9DED260B8DED000B009543
:1043E0009DED260B9DED002B30EE420B9DED022B3B
:1043F00020EE020B9DED262B02EE010B9DED001B26
:104400009DED022B21EE021B8DED021B30EE011BF8
:1044100011EE900A11EE101A834A8DED001B9042A6
:1044200024DB821A11430ED19FED811B30EE011B5C
:104430009DED002B9DED023B32EE432BB4EEC21BF3
:10444000F1EE10FA26DD0220BCF78DFB00F048FAF1
:1044500010EE901A18EE900A8DED020B8DED008B88
:1044600061F31E0003909DED020B33E5724B20F0CB
:1044700000429A420ED3714A024411437FF454AE73
:104480009DED022B31EE421BB4EEC01BF1EE10FA93
:10449000BFF64AAE20F00041694A6A4B002402EBA5
:1044A00021529942D8BF9DED021B27DD511C4FF4CC
:1044B000801222FA01F10144634BC1F30A527B449A
:1044C000A2F2FF3293ED001B604B8DED041BD34035
:1044D00021EA0303C1F3130141F48011C2F1140274
:1044E00021FA02F405930028B8BF64429DED021B37
:1044F0009DED042B31EE421B8DED021B30EE011BB6
:104500008DED041B04959DED041B9FED512B21EEB9
:10451000021B9DED042B9DED023B32EE432B30EE52
:10452000420B9FED4D2B20EE020B9DED042B9FEDDA
:104530004C3B02EE030B31EE002B8DED002B32EEE7
:10454000411B30EE419B9DED000B20EE000B4648D9
:104550008DED040B0521784400F06DF99DED001BF5
:104560009DED042B02EE401B8DED021B9DED000B1B
:1045700020EE010BB0EE002B31EE422B80EE021B41
:104580009DED002BB0EE490B02EE090B31EE400B16
:104590009DED001B30EE410B3AEE400B10EE900A01
:1045A0008DED000B00EB045001150029C8BF0190F0
:1045B00013DC224651EC100B00F04DFCFFF706F91E
:1045C000042808BF00F098F922469DED000B51EC3D
:1045D000100B00F040FCCDE900019DED000B28EE32
:1045E000000B77E4000000000000000000004043E2
:1045F0008E9803007AB60B00720C0000180D0000B4
:104600002A0C000000000000000000E009C7EE3F97
:10461000F5015B14E02F3EBEFD033ADC09C7EE3F17
:10462000860B0000560B00000000904000000000C8
:10463000FE822B654715973C00CC904000346F3FBD
:1046400001FCFFFF0000E03FFE0A0000FFFF0F003B
:1046500000000000432EE63FEF39FAFE422EE63F0F
:10466000396CA80C615C20BEF609000000B510EEA4
:10467000101A2DED028B81B0524A6846B2EB410F01
:104680002ED94FF0E640B0EB410F94BF00204FF021
:10469000FF3000900098B0EE408A00286ADB10F0EE
:1046A000010F4BD068EE080A9FED471A9FED470AAD
:1046B00000EE810A9FED461A10F0020F00EE801AFC
:1046C000B7EE000A00EE810A02BF01B0BDEC028B1A
:1046D00000BD00BF01B0B1EE400ABDEC028B00BDD1
:1046E0003C4B21F00042934241D911F0004FDFEDE5
:1046F0003A0A20EE201ADFED390A19BF31EE601AAE
:1047000071EE200A31EE201A71EE600ABDEEE01A59
:1047100011EE100A9FED321A00F0030000EEC10AFC
:104720009FED301A009000EEC10A9FED2F1A00EEA7
:10473000C10A9FED2E1A00EEC10AABE728EE080A67
:104740009FED2B1ADFED2B0A10F0020F40EE010A4D
:104750009FED291A00EE201A61EE000AB0EE480A19
:1047600008EE200AB6D101B0BDEC028B00BD00F00E
:10477000EFF88FE718EE100A4000B0F17F4F0DD22E
:1047800018EE100AFFF73AF8042808BF00F0CEF838
:10479000B0EE480A01B0BDEC028B00BD09D101208A
:1047A000BCF7E1F901B0BDEC028B5DF804EB00F061
:1047B000B5B801B0B0EE480ABDEC028B5DF804EB71
:1047C00000F0A6B8B61F927EB93AB2BACA9F2A3D87
:1047D000DDFFFFBE490E494683F9223F0000004B32
:1047E0000000C93F00A0FD390020A2331A61342C1B
:1047F000336D4CB9DA82083CA0AA2ABE10B52DED63
:10480000028BB1EEC08A18EE100A20F00040C0F111
:10481000FF40C00F0AD010EE100A20F00040C0F197
:10482000FF40C00F04BF0120BCF79DF9B0EE480A5D
:10483000BDEC028B10BDB0EE401B491E00EBC10267
:1048400092ED000B31F006020DD0491E00EBC102C3
:1048500092ED002BB0EE403BB0EE420B03EE010BAD
:1048600031F00602F1D1022914D004290AD0062918
:1048700018BF704790ED0A2B00EE012B90ED080B4E
:1048800002EE010B90ED062B00EE012B90ED040BD8
:1048900002EE010B90ED022B00EE012B90ED000BD0
:1048A00002EE010B704700009FED031BB7EE002BDB
:1048B00082EE010B704700000000000000000000C5
:1048C00030EE010B704700009FED031B81EE010BE2
:1048D0007047000000000000000000000000000021
:1048E0009FED030B20EE000B70470000000000005E
:1048F00000000000000000709FED030B20EE000B95
:1049000070470000000000000000000000000010E0
:1049100030EE000A704730EE200A7047DFED020AE1
:1049200080EEA00A70470000000000009FED020A20
:1049300020EE000A704700000000001010B5044689
:1049400091ED000BFEF76EFF84ED000A10BD000034
:104950002DE9F0014FF07F42B2EB410F9FBF4FF0C6
:10496000FF310160BDE8F00170474FF0004242EABC
:104970000123C1F3C752783A551112F01F0C434C72
:10498000CCF120067C44C1F3C752A2F178024FEA71
:10499000621204EB820254F8254008BFD2E90156A6
:1049A00012D0556804FA0CF425FA06F73C439768D0
:1049B00005FA0CF527FA06F8D26807FA0CFCF24063
:1049C00045EA08054CEA0206A4FB034CA5FB03528A
:1049D000A6FB03631D449D4234BF01260026131924
:1049E000334416B1934202D903E0934201D201222B
:1049F00000E00022624402F1200C9206DC0C42EA44
:104A0000443200EE102A5B03DFED210AF8EEC01AF3
:104A100000EE103A4FEA9C1C11F0004FB8EE400A2D
:104A2000C0F800C020EE201A00EE105ADFED190A7F
:104A3000B8EE400A20EE200A71EE810A70EE800A7C
:104A400010EE902A02F500626FF30B0200EE902A3E
:104A500070EEE11A31EEC11ADFED101A30EE411A94
:104A60009FED0D0A20EE800A01EE210A9FED0C1A3F
:104A700000EE810A04BFBDE8F0017047CCF180511F
:104A80000160BDE8F001B1EE400A70474006000049
:104A9000000000360000802C22AAFD29DB0FC92F60
:104AA0000000C92F30B504462DED028B85B090ED86
:104AB000008B40F2FF7518EE900A0A468DED008BD0
:104AC00035EA10501CBFB5EEC08BF1EE10FA23D0C2
:104AD00051EC180B00F0BFF941EC180B18EE900ADE
:104AE0008DED008B35EA10501CD0B5EEC08BF1EE89
:104AF00010FA11D10220BCF736F8FFF7FDFE10EED8
:104B0000901A18EE900A8DED000B8DED028B61F37B
:104B10001E0001909DED008B84ED008B05B0BDEC77
:104B2000028B30BD0220BCF71EF8FFF7D9FE10EE55
:104B3000901A18EE900A8DED000B8DED028B61F34B
:104B40001E0001909DED008BE6E730380A2801D267
:104B5000012070470020704782B0CDE9000121F0AC
:104B6000004001909DED000B02B051EC100B70471E
:104B700082B04FF0000CCDE90001009BC2F800C0EC
:104B8000DFF864C021F00040604529DA034327D0F4
:104B9000B0F5801FA8BF13680EDA9DED000B9FEDE6
:104BA000141B20EE010B10EE901A8DED000B6FF030
:104BB000350321F000401360DFF83CC06FF31E5155
:104BC0000CEB20501844106041F0FF5040F00050B2
:104BD00001909DED000B00BF51EC100B02B070472F
:104BE0009DED000BF8E700000000F07F00000000E2
:104BF000000000000000504302FCFFFF00B541EC44
:104C0000100B2DED028B83B0B1EEC08B18EE100AA5
:104C100018EE901A8DED008B002818BF0120084374
:104C200020F00040C0F17F6000F1E040C00F14D0E0
:104C300010EE101A10EE900A8DED000B002918BF2F
:104C40000121084320F00040C0F17F6000F1E04006
:104C5000C00F04BF0120BBF786FF51EC180B03B057
:104C6000BDEC028B00BD000010B500290AD0087809
:104C7000002807D005487844BEF7CEFD002801D0B3
:104C8000002010BD0248784410BD00003E14000012
:104C90003614000010B500290AD00878002807D083
:104CA00005487844BEF7B8FD002801D0002010BDAB
:104CB0000248784410BD00002E14000026140000A5
:104CC00002494FF0000000F094B800BF0000F87FE8
:104CD00000EE100ABDEE401A11EE100A70470EF1F8
:104CE000020E2EF0030E5EF8044B244204D44FEA69
:104CF0004102B2F17F4F11D84FEA4003B3F17F4F29
:104D00000CD80ED14FEAD07C0CEB4C0C0CF1020C01
:104D1000B2F17F4F08BF4CEBD17C04E04FF0080CA0
:104D200001E04FEAD17C0CEB4C0324FA03F404F0CD
:104D30000704B4F1040C06D20EEB840CBDE810405D
:104D40004CF0010C6047DFE80CF0070802024FF05E
:104D50000040A0F5800010BD0846420018BFD2F107
:104D6000807288BF00F0004010BDF1EE100A4FF6CF
:104D7000FF71C0F2C03120EA010040F04070E1EE66
:104D8000100A70475FEA400C5FEA1C6CBCF17F03BD
:104D900014D4D3F1170240F31C804FF0010C0CFA2D
:104DA00002FCACF10103034020EA0300B3EB5C0218
:104DB00008BF10EA0C0F88BF60447047B3F1FF3F93
:104DC00028BF5FEA002C00F0004088BF40F07E5012
:104DD0007047BCF1FF0FB8BF704710B5FFF77FFFFA
:104DE00040DBB6BE4FF000007047BCF7E3BEBDF736
:104DF00017B80CF00F03092B08BF082000F05F80E4
:104E00000A2B0BD0082B18BF704708BF1CF0400FAF
:104E10000AD04FF000004FF0000170471CF0400F27
:104E200018BF4FF0004070471CF0100F08D000F082
:104E30007F4220F0704342EAD3014FEA437070474B
:104E400000F0604021F07F4242EA000201F07F4022
:104E500040EA727070474FF0FF0C4CF4E06C1CEAB3
:104E600011531CBF9CEA030C9445C2BFDA4201EB0C
:104E700002517047002B0DD0BCF1000F0FD001F094
:104E80000041002AA4BF41F0E04141F07F614FF0B2
:104E90000000704701F000414FF00000704750EAF9
:104EA00001334FF09B0C18BF4CF0806C7FF408AFBF
:104EB0007047BDF75FBCBEF727B9BEF7B5BA1CF4A3
:104EC000801F11D01CF4E02F03D06FEACC314900D1
:104ED00070474FF04050EFF3008222F0704242EAF8
:104EE000000282F3008870474FF000007047000016
:104EF000000000000000F03F000000000000F83F4C
:104F000000000000000000000000004003B8E23F85
:104F1000000000000000000006D0CF43EBFD4C3E37
:104F2000033333333333E33FFFAB6FDBB66DDB3F2C
:104F30004D268F515555D53F01411DA96074D13F74
:104F400065DBC9934A86CD3FEF4E454A287ECA3F6E
:104F50003E5555555555C53F93BDBE166CC166BFF0
:104F60002CDE25AF6A56113FF16BD2C541BDBBBEE9
:104F7000D0A4BE726937663E000000000000000049
:104F8000303132333435363738394142434445467F
:104F90004030580030313233343536373839616279
:104FA000636465664030780004000008000000007B
:104FB00000000002000100001000000000000000DE
:104FC0000000000000000000000000006E83F9A255
:104FD0002915444ED15727FCC0DD34F5999562DB85
:104FE0004190433CAB6351FE303132333435363778
:104FF0003839616263646566787000303132333409
:1050000035363738394142434445465850003A74A2
:1050100074003A7474003A74740000000240000096
:10502000000000A00000000005400000000000C8D3
:10503000000000000C4000000000409C0000000048
:10504000194000000020BCBE0000000034400000F9
:10505000BFC91B8E00000004B5400000504BCFD0EC
:105060006607E2CF010000006C4100003E8251AAB9
:10507000DFEEA73401000000D9420000DCB5A0E259
:105080003A301F97FFFFFFFFB4450000FD25A0C881
:10509000E9A3C14FFFFFFFFFFF3F000000000080BA
:1050A00000000000FF3F0000000000800000000042
:1050B00000000000000000000000000000000000F0
:1050C00000000000010000000200000003000000DA
:1050D00004000000000000000500000000000000C7
:1050E00000000000000000000600000000000000BA
:1050F00000000000000000000700000000000000A9
:105100000102030401020304060708090001020367
:1051100004050607080C101418203040000610166D
:105120000006101608040204080101010101010330
:1051300007010000010002000400060008000A0048
:105140000C00100020004000800000010000000062
:105150000000545452205245474745530000000078
:10516000891112239B322446AD573665BF74488C93
:10517000C19D5AAFD3BE6CCAE5DB7EE9F7F881105A
:10518000080193331A22A5562C47B7753E64C99C73
:10519000408DDBBF52AEEDDA64CBFFF976E8022139
:1051A0008B30100299132667AF763444BD554AAD53
:1051B000C3BC588ED19F6EEBE7FA7CC8F5D983311A
:1051C0000A2091121803A7772E66B5543C45CBBD33
:1051D00042ACD99E508FEFFB66EAFDD874C90442F9
:1051E0008D5316619F702004A9153227BB364CCE13
:1051F000C5DF5EEDD7FC6888E1997AABF3BA8552DA
:105200000C4397711E60A1142805B3373A26CDDEF2
:1052100044CFDFFD56ECE9986089FBBB72AA0663B8
:105220008F7214409D512225AB343006B9174EEFD2
:10523000C7FE5CCCD5DD6AA9E3B8788AF19B877399
:105240000E6295501C41A3352A24B1163807CFFFB2
:1052500046EEDDDC54CDEBB962A8F99A708B088478
:1052600081951AA793B62CC2A5D33EE1B7F04008AA
:10527000C919522BDB3A644EED5F766DFF7C899441
:1052800000859BB712A6ADD224C3BFF136E0C1188A
:105290004809D33B5A2AE55E6C4FF77D7E6C0AA520
:1052A00083B4188691972EE3A7F23CC0B5D142296A
:1052B000CB38500AD91B666FEF7E744CFD5D8BB501
:1052C00002A499961087AFF326E2BDD034C1C3394A
:1052D0004A28D11A580BE77F6E6EF55C7C4D0CC6E0
:1052E00085D71EE597F42880A1913AA3B3B2444A2A
:1052F000CD5B5669DF78600CE91D722FFB3E8DD6C1
:1053000004C79FF516E4A9902081BBB332A2C55A09
:105310004C4BD7795E68E11C680DF33F7A2E0EE79F
:1053200087F61CC495D52AA1A3B03882B193466BE9
:10533000CF7A5448DD59622DEB3C700EF91F8FF780
:1053400006E69DD414C5ABB122A0B9923083C77BC9
:105350004E6AD5585C49E33D6A2CF11E780F000077
:10536000461A00002D150000361A00004D050000F9
:105370000200000002000000020000000200000025
:105380000200000000000000000000000200000019
:105390000200000002000000010000000100000007
:1053A00001000000010000000100000001000000F9
:1053B00001000000010000000100000001000000E9
:1053C00001000000010000000100000001000000D9
:1053D00001000000010000000100000001000000C9
:1053E000005EBCE2613FDD83C29C7E20A3FD1F41C5
:1053F0009DC3217FFCA2401E5F01E3BD3E6082DCB5
:10540000237D9FC1421CFEA0E1BF5D0380DE3C62A4
:10541000BEE0025CDF81633D7C22C09E1D43A1FF94
:105420004618FAA427799BC584DA3866E5BB590784
:10543000DB856739BAE406581947A5FB7826C49A74
:10544000653BD987045AB8E6A7F91B45C6987A2464
:10545000F8A6441A99C7257B3A6486D85B05E7B954
:105460008CD2306EEDB3510F4E10F2AC2F7193CD44
:10547000114FADF3702ECC92D38D6F31B2EC0E5034
:10548000AFF1134DCE90722C6D33D18F0C52B0EE24
:10549000326C8ED0530DEFB1F0AE4C1291CF2D7314
:1054A000CA947628ABF517490856B4EA6937D58B04
:1054B0005709EBB536688AD495CB2977F4AA4816F4
:1054C000E9B7550B88D6346A2B7597C94A14F6A8E4
:1054D000742AC896154BA9F7B6E80A54D7896B35D4
:1054E00000000000000000000000000079B1020888
:1054F00099BA010829BC010809BC010889B701084B
:1055000069B1020859B10208B98902080000000017
:105510000000000019BE010849BE010891C0010841
:1055200071C0010851BC010869B1020859B10208F3
:105530000000000000000000A9C1010809C2010824
:1055400021C8010801C80108A9C0010869B1020801
:1055500059B102080000000000000000F9C801086D
:1055600039C8010899C8010841C9010821C90108C1
:10557000000000000000000069CA010851CB0108CA
:1055800031CB0108A9C9010831CA010861C9010864
:105590000000000000000000E1D0010829D101084E
:1055A00099D8010879D80108A1CB0108C9CC010814
:1055B00089CC01080000000000000000D1ED0108C6
:1055C000B1ED010869DA010881BB020851BB02088C
:1055D00099E90108C1BB02080000000000000000BA
:1055E00049EE0108590402081104020809120208D0
:1055F000E9110208C1D8010821BB0208E9BA020872
:105600000000000000000000411202089912020888
:105610002113020819130208BDF00308000000005E
:10562000000000005119020899BA0108E11A0208A5
:10563000C11A020889B7010869B1020859B1020804
:10564000B98902080000000000000000391E0208AD
:10565000811B020899C80108091F0208E91E0208F7
:105660000000000000000000112202088922020848
:105670009123020871230208D91F020869B10208A8
:1056800059B10208000000000000000001260208D5
:10569000092802086929020849290208F923020891
:1056A00069B1020859B10208B98902080000000076
:1056B00000000000A129020899BA0108312B020854
:1056C000112B020889B7010869B1020859B1020813
:1056D000B98902080000000000000000612D0208E6
:1056E00079300208C1330208A1330208492B0208AD
:1056F00000000000000000000935020881350208A2
:10570000A137020881370208D933020800000000DF
:1057100000000000595B0208B15C0208296F020812
:10572000096F0208F14702080000000000000000B5
:105730001971020871720208F1720208D17202082E
:10574000697002080000000000000000917E02085D
:10575000E97E0208D9810208B9810208F17C0208B9
:1057600069B1020859B10208000000000000000001
:1057700009840208698402086186020841860208D9
:1057800059830208000000000000000079B10208FF
:10579000D1B10208718A0208698A0208BDF00308C3
:1057A00069B1020859B10208B98902080000000075
:1057B00000000000098E0208919002087190020812
:1057C000298C0208C18D0208D18B0208000000005C
:1057D00000000000C991020889920208699202083B
:1057E000E990020889B2020879B2020800000000BC
:1057F0000000000079B1020811950208A99502087D
:10580000A1950208BDF0030869B1020859B1020868
:105810000000000000000000B9960208119502087F
:10582000799A0208599A0208E995020869B10208B2
:1058300059B10208000000000000000019AC020885
:10584000B1A4020899C8010881B0020861B0020839
:10585000000000000000000079B10208D1B1020888
:1058600059B2020851B20208BDF0030869B102083A
:1058700059B10208000000000000000099B20208BF
:1058800071B3020869B30208BDF0030889B20208C7
:1058900079B20208000000000000000039B60208DA
:1058A00089BA020869BA0208E9B3020819B5020800
:1058B00091B302080000000000000000F9BB0208DC
:1058C000F1BB0208BDF0030881BB020851BB02080E
:1058D000B1BB0208C1BB02080000000000000000CC
:1058E00009BC020871BC020861BC0208F9BC0208CC
:1058F000F1BC0208BDF0030821BB0208E9BA0208A6
:10590000000000000000000001BE020831BE0208D5
:1059100089BF020869BF020819BD020869B10208FF
:1059200059B10208000000000000000079B102082F
:10593000D1B10208E1C00208D9C00208BDF00308D5
:1059400069B1020859B1020800000000000000001F
:105950000100000000000000000000000000000046
:105960000000000000000000000000000000000037
:105970000000000000000000000000000000000027
:105980000000000000000000000000000000000017
:105990000000000000000000000000000000000007
:1059A0000000000000000000000000000100803F37
:1059B000C90CC0B7E565AABE435690BB3C695D3EC5
:1059C000EBFCA9BC08B732BEE745093EA59204BD71
:1059D00053797374656D20557064617465205461EA
:1059E000736B004D6F6E69746F72205461736B003E
:1059F000486561727462656174205461736B004123
:105A000070706C69636174696F6E20456E74727931
:105A100020506F696E743A20416C6C20636F6E6623
:105A2000696775726174696F6E7320696E697469F4
:105A3000616C697A656420737563636573736675F9
:105A40006C6C792E0A006261645F61727261795FC9
:105A50006E65775F6C656E6774682077617320741C
:105A600068726F776E20696E202D666E6F2D657877
:105A700063657074696F6E73206D6F64650070721A
:105A8000696E743A2573006C656E6774685F657241
:105A9000726F7220776173207468726F776E2069FD
:105AA0006E202D666E6F2D657863657074696F6EFC
:105AB00073206D6F64652077697468206D657373FA
:105AC000616765202225732200766563746F72001A
:105AD0006F75745F6F665F72616E67652077617363
:105AE000207468726F776E20696E202D666E6F2D40
:105AF000657863657074696F6E73206D6F6465207F
:105B000077697468206D65737361676520222573FA
:105B1000220053504545443A005941573A004752F4
:105B20004F554E44004D4F44450045584348414E63
:105B30004745004E4F4E4500474554204F524500C3
:105B40005350494E3A4F464600475249503A4F4605
:105B50004600434C494D42494E47005741524E4939
:105B60004E4700435553544F4D004F524947494EFD
:105B7000005350494E3A4F4E00475249503A4F4E0B
:105B8000006D61703A3A61743A20206B6579206E3D
:105B90006F7420666F756E64005379735265666525
:105BA000726565205461736B004368617373697338
:105BB000204D6F64756C65205461736B0062616485
:105BC0005F66756E6374696F6E5F63616C6C20777E
:105BD0006173207468726F776E20696E202D666E17
:105BE0006F2D657863657074696F6E73206D6F6477
:105BF0006500424D49303838496E69745461736BA1
:105C000000596177203D2025640A5069746368312A
:105C1000203D2025640A506974636832203D2025A8
:105C2000640A526F6C6C203D2025640A456E645FE7
:105C30005069746368203D2025640A456E645F5294
:105C40006F6C6C203D2025640A00436861737369A2
:105C5000735F4C46203A2025730A43686173736969
:105C6000735F5246203A2025730A43686173736953
:105C7000735F4C42203A2025730A4368617373694D
:105C8000735F5242203A2025730A47696D62616C46
:105C9000203A2025730A53756247616E7472795FEA
:105CA0004C6966745F4C203A2025730A537562472D
:105CB000616E7472795F4C6966745F52203A202578
:105CC000730A53756247616E7472795F53747265BB
:105CD0007463685F4C203A2025730A5375624761EC
:105CE0006E7472795F537472657463685F52203AA0
:105CF0002025730A596177203A2025730A50697468
:105D0000636831203A2025730A5069746368322031
:105D10003A2025730A526F6C6C203A2025730A458D
:105D20006E645F4C203A2025730A456E645F5220F2
:105D30003A2025730A00736C69646572206F706580
:105D40006E2E20596177203D2025642C20506974E7
:105D5000636831203D2025642C20506974636832CB
:105D6000203D2025642C20526F6C6C203D20256442
:105D70002C20456E645F5069746368203D20256463
:105D80002C20456E645F526F6C6C203D20256400B2
:105D90006F66666C696E65006F6E6C696E65007328
:105DA0006C6964657220636C6F736500736C696401
:105DB0006572206F70656E0009257509093C3125F3
:105DC000250D0A000925750909257525250D0A00E7
:105DD0000925630925750925750925750D0A0049E9
:105DE000444C4500546D725100546D7220537663DB
:105DF0000025730D0A0052545420496E697469617C
:105E00006C697A656420666F722053544D33324852
:105E10003732330A003D3D3D2052545420436861DF
:105E20006E6E656C20436F6E66696775726174692A
:105E30006F6E203D3D3D0A003D3D3D3D3D3D3D3DBC
:105E40003D3D3D3D3D3D3D3D3D3D3D3D3D3D3D3D82
:105E50003D3D3D3D3D3D3D3D0A004D617820555065
:105E600020627566666572733A2025642C204D6148
:105E70007820444F574E20627566666572733A20EB
:105E800025640A00436F6D70696C65204461746518
:105E90003A2025732025730A004368616E6E656C95
:105EA000203020282573293A2055503D2564206252
:105EB000797465732C20444F574E3D2564206279D8
:105EC0007465730A004368616E6E656C203120282A
:105ED0002573293A2055503D2564206279746573F5
:105EE0000A0053797374656D20436C6F636B3A20BD
:105EF000256C7520487A0A0025735B256C755D2535
:105F0000735B25735D25732000286E756C6C29000A
:105F100030333A35373A3230004D6179202037201E
:105F200032303236004441544100494E464F00441D
:105F300065627567001B5B306D001B5B323B333263
:105F40006D001B5B323B33346D001B5B323B3337E0
:105F50006D00666C6F61743D2566206865783D3024
:105F6000782530386C582062696E3D257300646571
:105F7000633D256C75206865783D30782530386C38
:105F8000582062696E3D25730025732573257300C3
:105F900043444320496E74657266616365004344FF
:105FA0004320436F6E6669670053544D6963726F97
:105FB000656C656374726F6E6963730053544D331F
:105FC00032205669727475616C20436F6D506F7228
:105FD00074005465726D696E616C005F5F63786117
:105FE0005F67756172645F61637175697265206472
:105FF0006574656374656420726563757273697630
:106000006520696E697469616C697A6174696F6E23
:106010003A20646F20796F75206861766520612071
:1060200066756E6374696F6E2D6C6F63616C20733F
:106030007461746963207661726961626C6520774E
:10604000686F736520696E697469616C697A6174DF
:10605000696F6E20646570656E6473206F6E207466
:106060006861742066756E6374696F6E3F0000002E
:106070001F0000002862040800000024C80200007D
:106080003003000820630408C802002400960400BE
:10609000900300082063040800000020F08601003F
:1060A00090030008000000000000F07FFFFFFFFFEA
:1060B000FFFFEF7F1C00000043000000F8FFFFFF20
:1060C0000C0000000E0000000F0000002E00000079
:1060D0001001000043000000F8FFFFFF00404040B7
:1060E00040404040404041414141414040404040AB
:1060F0004040404040404040404040404005020257
:106100000202020202020202020202020220202015
:106110002020202020202002020202020202909071
:10612000909090901010101010101010101010106F
:1061300010101010101010100202020202028888C3
:1061400088888888080808080808080808080808CF
:1061500008080808080808080202020240000000B7
:10616000000000000000000000000000000000002F
:10617000000000000000000000000000000000001F
:10618000000000000000000000000000000000000F
:1061900000000000000000000000000000000000FF
:1061A00000000000000000000000000000000000EF
:1061B00000000000000000000000000000000000DF
:1061C00000000000000000000000000000000000CF
:1061D00000000000000000000000000000000000BF
:1061E000E144FDFFD544FDFF8945FDFF7D45FDFFF1
:1061F0006945FDFF6D45FDFF5945FDFFB544FDFFB8
:106200009944FDFF9D44FDFF4145FDFF3545FDFFE0
:10621000F144FDFF0D45FDFF1145FDFF1545FDFF57
:106220001945FDFF8544FDFF021701148281011EFF
:10623000517C0108C1041AE1041E097D01085904BA
:106240001A010C1A7104512C90D003041BB16E2456
:106250004E6B01081172181FD16C0108796A281958
:1062600014C11ED16D010861041A41301A49081485
:1062700009024313020125C03209041B01020B135A
:106280000524161001052401100901042402020549
:1062900024061701070582030815100904013302BB
:1062A0000A2E0705010240072A810711130A063248
:1062B000022A40C81A12231302021E4083044057C8
:1062C000591B02031513393B1B08310413D13A1B28
:1062D0000871081AA1040730040309041A03032CE7
:1062E0007A443C305704FC1AFF019129A54129B298
:1062F000B129170A12703001530B24DC566829208B
:1063000009160101240A25F868013412C815016430
:10631000A11733080132101AAA0100000000000082
:04000005080002CD20
:00000001FF
