:020000040800F2
:100000000086042481040008E93801083128010829
:10001000E1380108592A0008E99D010800000000A4
:100020000000000000000000000000006143010823
:10003000D936000800000000013D0108C143010855
:100040009B0400089B0400089B0400089B04000814
:100050009B0400089B0400089B0400089B04000804
:100060009B0400089B0400089B040008A92B0008BF
:10007000B92B0008C92B0008D92B0008E92B000870
:10008000F92B0008092C00089B0400080937000818
:10009000193700089B0400089B0400089B04000813
:1000A0009B0400089B0400089B0400089B040008B4
:1000B0009B0400089B0400089B0400089B040008A4
:1000C0009B0400089B0400089B0400089B04000894
:1000D00069410108696201089B0400089B0400084B
:1000E000E13600089B040008000000009B040008A3
:1000F0009B0400089B0400089B040008192C0008BE
:100100009B0400089B0400089B0400089B04000853
:100110009B040008E14E01089B0400089B040008B2
:10012000292C0008392C0008492C00089B040008E1
:100130009B0400089B0400089B0400089B04000823
:1001400000000000000000000000000000000000AF
:100150009B0400089B0400089B0400089B04000803
:100160009B0400089B0400089B0400089B040008F3
:100170009B040008613901089B040008000000008E
:100180009B0400089B040008F14E01089B04000832
:100190009B0400089B0400089B0400089B040008C3
:1001A0009B0400089B0400089B040008000000005A
:1001B0009B0400089B0400089B0400089B040008A3
:1001C0009B0400089B0400080000000000000000E1
:1001D00000000000000000009B0400080000000078
:1001E000000000000000000000000000000000000F
:1001F00000000000000000009B0400089B040008B1
:100200009B0400089B040008000000009B040008F9
:100210009B0400089B040008194601089B04000881
:100220009B040008000000009B0400080000000080
:100230009B0400089B040008000000009B040008C9
:100240009B0400089B0400089B0400089B04000812
:100250009B0400089B0400089B0400089B04000802
:100260009B0400089B0400089B0400089B040008F2
:100270009B0400089B0400089B0400080000000089
:100280009B0400089B0400089B0400089B040008D2
:10029000000000009B0400089B0400080000000010
:1002A000000000009B0400089B0400089B04000859
:1002B000596201089B0400089B04000829370008C4
:1002C0009B0400089B0400089B04000800F002F84F
:1002D00000F0C7F814A696E8000CB244B344DA451F
:1002E00001D100F0BEF8BAE80F000FA696E8300082
:1002F000A5EB040504EB0607AAEB0704A7F1010729
:100300004FEA15154FEA3414A4F10104AC4201D3AD
:1003100000F0A7F813F0010F18BFFB1A43F0010318
:1003200000F001F8DBE7184724D7030054D7030097
:100330000A4410F8014B14F00F0508BF10F8015BD8
:10034000240908BF10F8014B6D1E05D010F8013BC1
:100350006D1E01F8013BF9D1641E03D0641E01F843
:10036000015BFBD19142E4D370470000704700006D
:100370000023002400250026103A28BF78C1FBD8AE
:10038000520728BF30C148BF0B6070476E2900F08C
:100390000F84702900F0538566293CF0428065295E
:1003A0003CF03F8067293CF03C8061293CF03B8079
:1003B00003681B0A28BF41F08001692900F0BC8353
:1003C000642900F0B983752900F0B6836F2900F025
:1003D000E184782900F01F85E92900F07B84E42975
:1003E00000F07884F52900F07584EF2900F0DE84B0
:1003F000F82900F01E850368DB0928BF41F0800161
:10040000632901F0AB82732901F0B082E32901F086
:10041000CD82F32901F0D282002070471FB53BF056
:10042000F3FF9DE8030000F02FFE01F0FDFB040048
:10043000002000213BF0CAFF401C6060002000212A
:100440003BF0AEFFE06001F0AFFB01F0BBFA00F063
:100450003DFA1FBD10B5002001F074FB01F01BFB3D
:1004600010BD01F0B3FB1146FFF7D8FF38F02CFAAE
:1004700001F070FD03B4FFF7EDFF03BC37F0FCFAA9
:100480000948804709480047FEE7FEE7FEE7FEE728
:10049000FEE7FEE7FEE7FEE7FEE7FEE70448054964
:1004A000054A064B70470000D9440108CD020008F8
:1004B0000046002400860424004604240046042448
:1004C000704753EA020C00F069802DE9F04B4FF0C1
:1004D0000006002B1FBFB3FA83F503FA05F424FAD4
:1004E00005F65E4012BF1643B2FA82F502FA05F431
:1004F000C5F120051EBF22FA05FC44EA0C04203594
:1005000056EA044C4FEA144418BF641C4FF000082C
:100510004FF00009904271EB030C39D3002919BF49
:10052000B1FA81F701FA07F6B0FA80F700FA07F698
:10053000C7F120071EBF20FA07FC46EA0C06203749
:10054000B6FBF4FCA7EB0507103F07F01F0BCBF140
:1005500020062CFA06F60CFA0BFB44BFB346002625
:10056000202FA4BF5E464FF0000B5BEA060C08BFCD
:100570004FF0010B19EB0B0948EB0608ABFB027CB3
:1005800006FB02CC0BFB03CCC01B71EB0C01C1E7DB
:100590000B46024641464846BDE8F08B13B508437A
:1005A00018BF4FF0FF300146AFF30080BDE81C409C
:1005B000704700007CB51D4616460C00009007D021
:1005C0004142A14202D32044401E01E04FF0FF30DF
:1005D000064B7B442A4669460190304600F001FBF9
:1005E000002C02D0009A002111707CBD330600005F
:1005F0000B460146184600F0FDBC10B5431C02E056
:1006000010F8011B71B18107FAD14FF0013202C815
:100610008C1A8C4314EAC211F9D0C01A0A0603D00E
:10062000C01E10BDC01A10BD0A0401D0801E10BD2E
:100630000902FCD0401E10BD032A40F2308010F0A9
:10064000030C00F0158011F8013BBCF1020F62446D
:1006500098BF11F801CB00F8013B38BF11F8013BFE
:10066000A2F1040298BF00F801CB38BF00F8013BAB
:1006700011F0030300F06780083AC0F0088051F8D9
:10068000043B083A51F804CBA0E80810F5E7121D26
:100690005CBF51F8043B40F8043BAFF30080D20745
:1006A00024BF11F8013B11F801CB48BF11F8012B11
:1006B00024BF00F8013B00F801CB48BF00F8012B34
:1006C0007047431A28BF9A427FF6B6AF10441144D0
:1006D000032A40F2268010F0030F1EBF11F8013DDF
:1006E000521E00F8013D10F0030F7FF4F6AF11F039
:1006F000030300F06D80083AC0F00B8051F8043D10
:10070000083A51F804CD40F8043D40F804CDFFF715
:10071000F3BF121D5CBF51F8043D40F8043DAFF338
:100720000080D20724BF11F8013D11F801CD48BF68
:1007300011F8012C24BF00F8013D00F801CD48BF9D
:1007400000F8012C704710B5203AC0F00B80B1E8DA
:100750001850A0E81850B1E81850A0E81850203AF6
:10076000BFF4F5AF5FEA027C24BFB1E81850A0E8FF
:10077000185044BF18C918C0BDE810405FEA827C19
:1007800024BF51F8043B40F8043B08BF7047D20730
:1007900028BF31F8023B48BF11F8012B28BF20F8D1
:1007A000023B48BF00F8012B7047431A28BF9A420A
:1007B0007FF6C9AF1044114410F0030F1EBF11F8AB
:1007C000013D521E00F8013D10F0030F7FF4F6AF1B
:1007D000103AC0F00A8010B531E9185020E91850DD
:1007E000103ABFF4F9AFBDE81040530724BF31E918
:1007F000081020E9081044BF51F8043D40F8043DBA
:1008000012F0030F08BF7047D20728BF31F8023D2E
:1008100048BF11F8012C28BF20F8023D48BF00F85E
:10082000012C704702F0FF0343EA032242EA02422E
:1008300000F024B84FF000020429C0F0128010F03C
:10084000030C00F01B80CCF1040CBCF1020F18BFAC
:1008500000F8012BA8BF20F8022BA1EB0C0100F03F
:100860000DB85FEAC17C24BF00F8012B00F8012B12
:1008700048BF00F8012B70474FF0000200B5134647
:1008800094469646203922BFA0E80C50A0E80C50B0
:10089000B1F12001BFF4F7AF090728BFA0E80C5061
:1008A00048BF0CC05DF804EB890028BF40F8042B5A
:1008B00008BF704748BF20F8022B11F0804F18BFC7
:1008C00000F8012B704770477047704708487CB5A7
:1008D0007844009007487844009C0546019004E065
:1008E0002046016808448047241DAC42F8D17CBDF5
:1008F000D4D2030006D30300704770B5064600F05B
:100900009FFB056806F10B0020F00704B4429CBF72
:10091000002070BD2B466A68BAB11068A04210D39F
:1009200004F1080188423CBF5068586007D3516801
:10093000101941601168091B016058601460101D96
:1009400070BD13465268002AE7D12146284600F0C0
:1009500087FB0028DED170BD70B50446051F00F08E
:100960006FFB0068002C14BF446870BD002C18BFDA
:10097000AC423CBF20466468F8D301680A18AA421A
:1009800018BF456003D12A680546114401602868F4
:100990004119A1421CBF6C6070BD6168696021682B
:1009A0000844286070BD2DE9F04791460C4680460A
:1009B00000F046FB0768604234EA000001D1042CD5
:1009C00002D20520BDE8F087601E40F0070609F15D
:1009D0000B0020F007054D4539D93B467A6882B3B4
:1009E0001468101D404206EA000C644525D9A4EBAA
:1009F0000C00854221D8BCF1000F0BD010460168D5
:100A00006244A1EB0C01116041685160C0F800C064
:100A100058600346116805F10800814205D350195A
:100A2000491B016015605860034652F8040F586076
:100A30000020C8F80020BDE8F08713465268002A5D
:100A4000CED12946384600F00BFB0028C5D1062040
:100A5000BDE8F08710B500F0FBFA006810BD10B5D6
:100A6000044600F0F5FA046010BD0B460146184636
:100A700000F080BF70B5044685690068C10601D5E5
:100A8000302600E02026C00707D070BDD4E9012140
:100A900030469047206A401C20626D1EF6D570BD1E
:100AA00070B5044685690078C00707D170BDD4E9E8
:100AB000012120209047206A401C20626D1EF6D53F
:100AC00070BD09684A0501D540B27047C905FCD51B
:100AD00000B2704709684A0501D5C0B27047C90520
:100AE000FCD580B2704770B50C460546012A05D08A
:100AF0002878800600D5EA69002302E0012305E09A
:100B00005B1C934202D2E05C0028F9D1A869E61888
:100B1000C01AA861286A184428622846FFF7AAFF6D
:100B200004E0D5E9012114F8010B9047B442F8D351
:100B30002846FFF7B5FF70BD2DE9F04106460024B9
:100B400010687529314616A510D0FFF7BAFF0028A6
:100B500002DA404213A507E031688A0701D512A5E1
:100B600002E0490704D511A5012401E0FFF7B2FF17
:100B700000210A2206F1240709E0B0FBF2FCB0FBD9
:100B8000F2F302FB1C00303078541846491C002850
:100B9000F3D123462A463046BDE8F04100F0EEBAD4
:100BA000000000002D0000002B00000020000000CD
:100BB00011680268006A530501D508700AE0D30580
:100BC00001D5088006E0130603D5C217C1E900026B
:100BD00000E008600120704701694A1C0261087842
:100BE000704700B58FB0CDE901310021059105496D
:100BF0007944CDE903101146684600F02BF90FB097
:100C000000BD0000E5FFFFFFD1E900239A4202D2B8
:100C1000531C0B60107070472DE9FF5F15468A4624
:100C20000446DFF8AC80F8440027D8E900103E46BF
:100C3000CDE9001010E03AF816106A4602A800F05C
:100C40005DFF411C07D02178890603D5E269391878
:100C500091420DD80744761C2078800602D5E069C1
:100C6000B84205DDAE42E6DB3AF816000028E2D1D4
:100C7000A069C01BA0612046FFF7FCFED8E9001068
:100C8000CDE90010002017E03AF818106A4602A8D3
:100C900000F034FFB0F1FF3F81460BD000250DF18D
:100CA000080B05E0D4E901211BF8050090476D1CF5
:100CB0004D45F7D308F10100B0428046E4DB206ADD
:100CC000384420622046FFF7EBFEBDE8FF9F00009E
:100CD0007EB903002DE9F0418046D21D22F00702C3
:100CE0000025D2E90002F52915A614D0011E72F1E3
:100CF000000106DA0023D0EB030063EB020211A629
:100D000008E0D8F800108B0701D50FA602E04907CC
:100D100001D50EA601251146002408F1240704E0A0
:100D200000F0E7F930323A55641C50EA0102F7D17D
:100D30002B46324621464046BDE8F04100F01EBA3F
:100D4000000000002D0000002B000000200000002B
:100D500030B4002100F1240408E002F00705D208B5
:100D6000303542EA4372DB086554491C52EA0305F8
:100D7000F3D10468002310A2250708D504F020044D
:100D80000C4304D0C46901230CA2641EC46130BCAE
:100D900000F0F4B910B5044621461068FFF79AFE3A
:100DA00002462046BDE810400023D1E7D21D22F0C4
:100DB0000701D1E90023CBE700000000300000006C
:100DC000F0B40D460188090502D5214C7C4402E0AF
:100DD0001F4C7C440E34002100F1240608E002F090
:100DE0000F071209E75D42EA03721B097754491C99
:100DF00052EA0307F3D102780023120704D5702DBD
:100E000006D009B1022311342246F0BC00F0B6B975
:100E100001231034F8E770B504460D4621461068EA
:100E2000FFF758FE024629462046BDE870400023E1
:100E3000C6E7D21D22F00703D3E90023C0E7036809
:100E4000126843F0200303600823C3610023B7E75F
:100E5000E0B703002DE9F05F894604464FF0000A31
:100E6000DFF874B1FB44C0F820A02046E168884751
:100E7000002874D0252806D0D4E901219047206AA3
:100E8000401C2062F1E700265F462046E168884763
:100E90002028054607DB312D05D2781910F8200CE3
:100EA00008B10643F1E7B00701D526F00406C4F8FF
:100EB0001CA00027C4F818A02A2D09D028463BF012
:100EC00027FA38B304EB8708303DC8F8185019E00A
:100ED00059F8041B204604EB87029161E1688847BA
:100EE000012F054618D1E069002820DA26F02006F7
:100EF0001DE0D8F8180000EB800005EB400030380A
:100F0000C8F818002046E168884705463BF000FA1B
:100F10000028EED1012F0AD02E2D08D12046E168FD
:100F200088477F1C0546022F46F02006C4DBA069D7
:100F3000002803DA404246F00106A061F00701D024
:100F400026F010066C2D0BD0682D09D04C2D39D011
:100F50006A2D35D0742D35D07A2D33D016E038E097
:100F6000E1682F4620468847B842054609D16C2FD4
:100F700026D04FF48060E168064320468847054646
:100F800004E06C2F1AD04FF4807006430DB3A5F126
:100F90004100192802D8203546F400664A46294601
:100FA000204626604E46FFF7F1F980B101280BD0AC
:100FB000F61D26F0070000F1080956E74020E4E797
:100FC0008020D8E70020D6E706F104094DE728463F
:100FD00052E7206ABDE8F09F70B7030010B500200B
:100FE00000F0E8FDFFF736FABDE81040012036F0CA
:100FF00043BD00002DE9F041074615460E4610207E
:10100000FFF77BFC040013D06760C4E90265094860
:10101000AFF3008000F018F8016821600649046011
:10102000002008600348AFF300800020BDE8F08195
:101030000120FBE71400002410000024002070476A
:10104000004870479403002400487047C4030024FC
:10105000004870478C030024704770477047704702
:1010600038B504460A4600206946AFF300800028E0
:1010700008BF38BD02460099204600F0D9FD012086
:1010800038BD012000F093BFF8B5AFF300800546EE
:1010900000200C460C2000BF0646A819A0420DD91E
:1010A000324669460020AFF30080070008BF00F019
:1010B0007EFF0098A04218BF0546C419FFF7C0FF85
:1010C00005600746F01D20F007004619284600F08D
:1010D0000AF8B44208BFF8BDA21B31463868BDE823
:1010E000F84000F0A5BD00210160416070470C2070
:1010F000704730B5B0F10A0271F100034FEA900E6B
:101100004EEA817EB0EB0E0061EB91014FEA101EBA
:101110004EEA017E10EB0E0041EB11114FEA102E4A
:101120004EEA016E10EB0E0041EB11214FEA104E1A
:101130004EEA014E10EB0E0041EB1141401841F117
:1011400000014FEAD00040EA41704FEAD1014FEA76
:10115000810444EA907410EB800544EB01046D199E
:1011600044EB0404521BA3414FF0000348BF0A3272
:1011700000D530BD401C41F1000130BD2DE9F047E4
:101180000D4699469246044600F1240801688806F7
:1011900004D5E06921F01001216000E00120A8429F
:1011A00001DD471B00E00027A1697A1902EB090065
:1011B000081AA0612078C00602D42046FFF75AFC26
:1011C000002608E0D4E901211AF806009047206AB9
:1011D000401C761C20624E45F4DB2078C0060AD500
:1011E0002046FFF747FC06E0D4E901213020904774
:1011F000206A401C2062381EA7F10107F4DC07E0DA
:10120000D4E9012118F805009047206A401C2062AB
:10121000281EA5F10105F3DC2046FFF741FC2078EC
:10122000000602D50220BDE8F0870120FBE72DE98A
:10123000FF4F0C461E464FF0FF378BB0D2E900013E
:10124000DDF860800A908A46C1F30A5505B93D462B
:10125000002108464FF00000BAF1000F00F44000F2
:1012600005DA00EB80004FF4400101EA50004FEA3C
:101270009059B9F1010F00DDB9460A9850EA4A00C9
:101280000ED044F61050A5F2FF3545432F14B8F1A7
:10129000000F1ED07542291E1EDDC9F100021CE0A0
:1012A000B8F1010F4FF0000001D0302103E0F2430C
:1012B00005E02154401CB042FBDB304600220021F7
:1012C00021540B99C1F80880C1E900200FB0BDE896
:1012D000F08FBD1B6D1CDEE74A4600DA694206A8A6
:1012E00000F000FD06AB93E8070003AB83E80700BE
:1012F00050460A9939F048FF8DE80700A0F50050E4
:101300001F3800900398002D0ADD42F21F014A4663
:101310000844002303A9039068463AF0B1F909E0B4
:10132000A0F500504A461F38002303A903906846E1
:101330003AF0BBF98DE807000004000C03D04FF031
:10134000FF30410800E01046B8F1000F03D0002242
:10135000009215461EE0751E05D4FFF7CAFE303216
:1013600062556D1EF9D5B3460122084302D0002212
:101370007F1C04E02078302801D100227F1E002A43
:10138000099784D01DE0112D07DAFFF7B2FE303245
:1013900062556D1C50EA0102F5D1084302D0009855
:1013A000C8B10EE00021681E05E0235C625C635456
:1013B0002254401E491C8142F7DBAB46A81B401E4D
:1013C0000990002004F80B000B98099AC0F80880D7
:1013D000C0E9002B7AE711264FF0000857E72DE906
:1013E000F04F88460446D21D22F0070191B0D1E9A2
:1013F0000001CDE90A013AF0A1FA02460B98C00FAC
:1014000001D02D2007E02068810701D52B2002E0C4
:10141000202101EAC000032A099001D0072A05DB38
:1014200003464146204600F01DFC0BE12078800673
:1014300001D5E06900E00620B8F1650F814606D0CD
:10144000B8F1660F18D0B8F1670F70D131E0002005
:10145000B9F1110F009001DB112301E009F1010343
:101460000AAA01A90CA8FFF7E2FEDDE90C7000262C
:1014700009F10105834647E001204B4600904FF0FB
:1014800000470AAA01A90CA8FFF7D1FEDDE90DB0BB
:101490000C995D46002610B909F101000D18B9EB51
:1014A000050003D4C0F1FF3609F10105A5EB0900E1
:1014B0002BE0B9F1010F01DA4FF001090020B9F179
:1014C000110F0090484601DD112300E003460AAAEF
:1014D00001A90CA8FFF7ABFEDDE90C704D46002614
:1014E0008346207800070AD4AB4500DA5D4601A8A0
:1014F000012D04DD411911F8011C302907D04F4599
:1015000002DA17F1040F04DA012082460FE06D1EA3
:10151000EEE7002F02DCED1B3E4403E0781CA842FE
:1015200000DD7D1CB81B00F1010A4FF00047207858
:10153000000703D4AA4501DB4FF0FF3A0021B7F1C1
:10154000004F0DF143088DF8431024D002202B23C7
:10155000002F01DA7F422D230A21021EA0F1010093
:1015600000DC5FB197FBF1FC97FBF1F201FB1C7C07
:1015700017460CF1300C08F801CDEEE7A8F1010098
:1015800003702188090501D5452100E06521A0F1FE
:10159000010800F8011C09980FA9A1EB0807FF1D1D
:1015A00000B10120411901EBEA70A1693844081A21
:1015B000401EA0612078C00602D42046FFF75AFAE8
:1015C000099828B1D4E901219047206A401C206283
:1015D0002078C00622D52046FFF74CFA1EE0002EE8
:1015E00004DBB34502DD01A8805D00E03020D4E9D2
:1015F00001219047206A401C2062761CAAF101005C
:101600005FEA000A0AD100F00FFBC0680168405C85
:10161000D4E901219047206A401C2062281EA5F1D0
:101620000105DCDC07E0D4E9012118F8010B904743
:10163000206A401C2062381EA7F10107F3DC204617
:10164000FFF72EFA032011B041E600002DE9F04F1C
:1016500004460D46D21D22F0070089B0D0E900975C
:10166000484639463AF06AF90246F80F01D02D2370
:1016700007E02068810701D52B2302E0202101EA41
:10168000C0038DF820300BB1012000E00020032AB8
:10169000824601D0072A04DB2946204600F0E2FA00
:1016A0003FE12078800601D40D2500E0E569C7F30D
:1016B0000A560D2D49DA00214FEA175B08464FF014
:1016C0000000002F00F4400007DA00EB80004FF428
:1016D000400100EBD07001EA60008115012901DDB5
:1016E0004FF0FF3100224FEA850CBCF1180F06D3F2
:1016F0001346ACF118004FF08052C24003E04FF4A3
:10170000801323FA0CF30CF10C0CBCF1200F04D362
:10171000ACF1200C09FA0CF001E007FA0CF00029FA
:101720004FF0004801DD18B90FE00ED140450CD351
:1017300019EB02095F4121B9404502D19F4329EAD3
:101740000209BBEB175F00D0761C2088000502D58C
:101750007B48784402E07A487844193808AA302354
:1017600002F80A30037C0AF10101002E0AF1020A94
:1017700053546A4602DC4FF0300101E04FF0310172
:101780004FF001088DF8001002D0A6F2FF3603E0FA
:1017900059EA470100D06B4E002D02DC2178090781
:1017A00004D54FF002082E218DF80110C446002107
:1017B0000BE0C7F303433F01C35C491C6D1E02F8F5
:1017C0000830052908F1010801DA002DF1DC0021BB
:1017D0000CE000EB1973491C1B786D1E082902F8F8
:1017E00008304FEA091908F1010801DA002DF0DC90
:1017F00021688B0602D516E0A8F10108E04505DD59
:1018000002EB080313F8013C302BF5D0B8F1000FC0
:1018100009DD02EB080313F8013C2E2B03D1090765
:1018200001D4A8F10108002D05DD3E2102F80810C1
:101830006D1E08F10108407C002E02F8080008F136
:10184000010804DA2D20764202F8080002E02B207D
:1018500002F808000A214FF47A70864208F1010864
:101860000BDB96FBF0F3303302F8083096FBF0F315
:1018700008F1010800FB136601E0642E0CDB642014
:1018800096FBF0F3303302F8083096FBF0F308F1E2
:10189000010800FB136601E00A2E06DB96FBF1F05F
:1018A000303002F8080008F1010896FBF1F001FB66
:1018B0001060303002F80800A16908F1010808EB57
:1018C000050202EB0A00081AA0612078C00602D4C3
:1018D0002046FFF7CFF8216A08AE01EB0A0020622C
:1018E00004E0D4E9012116F8010B9047BAF1010A8E
:1018F000F7D22078C00602D52046FFF7BBF86E4627
:1019000009E016F8010B3E280FD0D4E901219047D9
:10191000206A401C2062B8F10108F2D22046FFF78D
:10192000BFF809B00320BDE8F08F206A2844206288
:1019300003E0D4E90121302090476D1EEBD3F8E796
:10194000B5AE030002FCFFFF10B5436913B1AFF35E
:10195000008001E0FFF7C7F8012010BD127800F108
:1019600024010A7000224A700122EDE711684FF04D
:10197000FF32E9E7074B70B50D467B44FFF731F9BD
:101980000446284600F020FA10B14FF0FF3070BD39
:10199000204670BD036F030010B5436913B1AFF368
:1019A000008001E0FFF738F9012010BD128800F136
:1019B000240182840022C2840122EDE711684FF0E5
:1019C000FF32E9E710B542485421FEF755FF414880
:1019D0005421FEF751FF40485421FEF74DFF3F4987
:1019E0003B483C4A3F4B08603D490A603A49196010
:1019F000531C0365481C1065012008653B48344AA8
:101A000039A1784400F008FA20B9384878440A38F7
:101A100000F0C6FA37482F4A35A1784400F0FCF9A7
:101A200020B9344878440A3800F0BAFA32482A4AD1
:101A30002FA1784400F0F0F920B92F4878440A38F3
:101A400000F0AEFA40232248DC000021224600F0DC
:101A5000BFF920B125487844543800F0A1FA1D4858
:101A600022464023002100F0B3F920B121487844F8
:101A7000543800F095FA184822461023002100F04F
:101A8000A7F9002806D01C487844BDE81040563815
:101A900000F086BA10BD104870B5006D20F001044A
:101AA0000B4800F031FA0B4800F02EFA0A4800F01B
:101AB0002BFA09E0206D20F00105204600F024FA01
:101AC0002046FEF749FF2C46002CF3D170BD0000E4
:101AD00090020024E40200243803002404000024BF
:101AE000080000240C0000247200000018AC030061
:101AF0007700000004AC0300F0AB03002DE9F041D7
:101B000016460C46054600F087F8036893F8010175
:101B1000012807D0FF2C12D8185D80B101202C704D
:101B2000BDE8F081D3F807013246214603F20713DE
:101B3000C7182846BC46BDE8F041002360474FF077
:101B4000FF30EDE72DE9F84306461548AFF3008076
:101B5000FFF77AFA134F8146E8464D4616E026B164
:101B6000E068B04201D0254610E0206828600C48AB
:101B7000C7F80080AFF30080D4E901018847084826
:101B8000AFF300803968414500D04D462C68002CE9
:101B9000E5D1002038600248AFF30080BDE8F8834B
:101BA00014000024100000240148FFF747BA000089
:101BB0001400002410B500F0DBF9BDE8104000F07F
:101BC000D2B90000004870478C0300247546FFF727
:101BD000F9FFAE4605006946534620F007008546EA
:101BE00018B020B5FEF75AFCBDE820404FF00006C3
:101BF0004FF000074FF000084FF0000BAC46ACE888
:101C0000C009ACE8C009ACE8C009ACE8C00921F0E3
:101C100007018D467047000010B500F005F8001D63
:101C200010BD00BFA9A7030000487047AC03002403
:101C3000034640688C46002818BF88423CBF0346D4
:101C40004068F8D318681844884207D00CF10300A4
:101C500020F00700001D411A521A0146081D0A60B3
:101C6000FEF77ABE2DE9F0411F46044603260168BF
:101C7000072A01F4006004DB08B116A505E016A5EB
:101C800003E008B115A500E015A521F010002060C3
:101C9000A069C01EA0610FB1401EA0612046FEF7E2
:101CA000E9FE4FB1D4E9012138469047206A401C33
:101CB0002062C01C206206E0206AFAE7D4E9012114
:101CC00015F8010B9047761EF8D22046FEF7E8FE85
:101CD000BDE8F0814E414E006E616E00494E4600F7
:101CE000696E66002DE9F047814616468AB0354890
:101CF00078440DC88DE80D0032487844801C03AC50
:101D00000DC884E80D0041F69B300844372190FB54
:101D1000F1F290FBF1F5A5F1800501FB12041B3CEB
:101D200002D56442012000E00020DFF898A0804640
:101D30000027FA44AAF1BE0A0EE0E0070AD03246B4
:101D4000684607EB470101230AEB810139F0ADFC3E
:101D50008DE8070064107F1C002CEED1194F7F44E2
:101D6000AE3F19E0E80715D007EB04100DF1180A93
:101D700090E80E008AE80E00C068F04201D1981980
:101D800008903246012306A903A839F08EFC03AB64
:101D900083E807006D10641C002DE3D14FF00103B0
:101DA00032466946B8F1000F03A802D039F068FC4A
:101DB00001E039F07AFCC9E90001C9F808200AB04D
:101DC000BDE8F087B4A90300007B00F080007047F5
:101DD00070B5C468A50713D0650211D4B2F5807F31
:101DE00009D0B2F5007F06D0B2F5806F08D101238B
:101DF00000F1240106E05D1E6FF07F46B54201D37D
:101E0000012070BD0161C361416024F47061114320
:101E1000C160002070BD00002DE9F0410C4616465F
:101E2000070047D0104600F06FF82078611C612849
:101E30000AD0722802D077283CD102E00125002484
:101E400005E00225042402E0082448F2020511F806
:101E5000010B2B2806D0622809D011F8010C742838
:101E60000AD00BE045F0030544F00204EFE745F02B
:101E7000040544F00104EAE744F010043846214622
:101E800000F08EFA411C15D00021316171604FF4D1
:101E90000071F560F1617061200704D530460222BF
:101EA000002100F0BFF8306D40F001003065304691
:101EB000BDE8F0810020FBE72DE9F0410D46064624
:101EC000104C206DC10704D0410804D020F001045B
:101ED000F7E722460EE05420FEF70FFD07000ED074
:101EE000206D47F001010843542120653846FEF774
:101EF000C3FC3A4629463046BDE8F0418CE7002055
:101F0000D6E70000900200242DE9F04704464FF088
:101F1000FF380026C568D4E90497A80718D02046E2
:101F200000F03CF9384600F053F8002800DA464645
:101F3000280502D54846FEF70FFD4C212046FEF746
:101F40009BFC206D20F0010020653046BDE8F08745
:101F50004046FBE710B50446AFF300802046BDE8DD
:101F60001040FEF787BA002801D035F085BD7047D4
:101F700010B5002102A000F055F9012010BD0000AD
:101F8000534947414252543A2041626E6F726D612B
:101F90006C207465726D696E6174696F6E0000000B
:101FA00010B500F059F9BDE81040FFF7DCBF10B5DF
:101FB00000F06CF9BDE81040FFF7D5BF0EB5CDE9D4
:101FC0000001FEF71AFB029069460120ABBE0EBD70
:101FD00008B5694600900220ABBE08BD1FB58DE86C
:101FE000070069460520ABBE04B010BD1FB58DE8E3
:101FF0000F0069460620ABBEF6E708B569460090BB
:102000000920ABBE08BD1CB5CDE9000169460A2018
:10201000ABBE1CBD704708B5694600900C20ABBE36
:1020200008BD00002DE9F041044616460D464769FB
:10203000007B80072ED03846FFF7DFFF50BB3EB352
:10204000012E02D0022E25D104E0204600F086F9B0
:1020500005441DE03846FFF7DEFFE168002841F047
:102060001001E16005DA204600F058F80120BDE8D3
:10207000F081C9030BD56268E16A914200D811462C
:10208000A26911442269891A814200DD084605448B
:10209000002D01DA0220EAE7E16A6068E268814225
:1020A00006D29103E06203D522F4003141F0100220
:1020B000A6690027AE4213DCE16A814201D90B46D2
:1020C00000E0034603EB060C2369ACEB030CAC45C4
:1020D00006DD814201D98C4600E084469C4505D14D
:1020E000A760276042F02000A5620DE0AD1BE66905
:1020F000AE1B8142A66000D90846C01A281A20608B
:102100005819606022F0200003490840E060002078
:1021100084F84870ABE70000BFCFD7FFC16821F457
:10212000001141F08001C1600021816001607047B1
:102130002DE9F74F15460C464FF0FF3B3848D7685E
:10214000D2F814A0074209D05046A969FFF75BFFF7
:10215000002819DB3248C0430740EF604FF00049C8
:102160006FF000484C4501D3464600E026460099F2
:102170003B4650463246FFF731FFA96920F0004246
:10218000B21A1144A96128B12846FFF7C7FF584683
:10219000BDE8FE8FA41BE5D10020F9E770B5044629
:1021A0000569C06A6168884200D80846E16821F480
:1021B0002011E160C90312D5A84208D02246411B74
:1021C0002846FFF7B5FF10B14FF0FF3070BD00207B
:1021D000E562C4E90150E06820F48030E06000204E
:1021E00070BD10B50446C06820F02000E060A16A10
:1021F000A06988420DD02046FFF7D0FFE06820F4A8
:10220000405040F01000E060A06AA0612069E062E8
:10221000606044F24001E0688843E06010BD000067
:102220001000020070B505460C460A2000E06D1C47
:1022300035F026FC35B128780028F8D102E0641C7E
:1022400035F01EFC14B120780028F8D1BDE87040AC
:102250000A2035F015BC000010B5014602A0FFF7BA
:10226000E1FF012010BD000053494752545245443C
:102270003A2052656469726563743A2063616E271F
:1022800074206F70656E3A200000000010B50128C0
:1022900005D0002103A0FFF7C5FF012010BD09A153
:1022A000F8E7000053494752544D454D3A204F75C9
:1022B00074206F662068656170206D656D6F72793E
:1022C000000000003A2048656170206D656D6F72F6
:1022D0007920636F7272757074656400000000008D
:1022E00030B44FF0013C50F8042BCCFA52F451F8C2
:1022F000043BD51A20D1FCB950F8042BCCFA52F487
:1023000051F8043BD51A17D1B4B950F8042BCCFAC4
:1023100052F451F8043BD51A0ED16CB950F8042B85
:10232000CCFA52F451F8043BD51A05D1002CDAD07E
:1023300030BC4FF00000704729BAB1FA81F111F0BA
:102340001801D1F120008440F2D1CA40CB4012F0F4
:10235000FF0213F0FF0330BCD01A704710B50146DE
:10236000C268900703D0900607D5886A0AE0FEF796
:102370006FFE01210160881E10BD8B6948681844FA
:102380000B69C01A91F848301BB191F84910401AF6
:1023900010BD1103FCD50028FADD401E10BD000061
:1023A00082B001900091002002B070470000000050
:1023B00080B584B003900398006842F20001C4F233
:1023C0000201884209D0FFE70398006842F2001139
:1023D000C4F20201884209D1FFE742F20830C4F298
:1023E0000200006810F4403F09D129E046F20830AD
:1023F000C5F60200006810F4403F21D0FFE70BF063
:102400005BFF0290039840680190B0F5803F0AD0CE
:10241000FFE70198B0F5003F05D0FFE70198B0F560
:10242000403F07D00AE00398C1880298B0FBF1F062
:10243000029004E002988008029000E0FFE75FE06D
:102440004FF40020002109F043FF029003984068F8
:102450000090B0F5802F32D0FFE70098B0F5002F44
:102460002DD0FFE70098B0F5402F28D0FFE7009867
:10247000B0F5801F23D0FFE70098B0F5A01F1ED055
:10248000FFE70098B0F5C01F19D0FFE70098B0F53E
:10249000E01F1FD0FFE70098B0F5001F1ED0FFE738
:1024A0000098B0F5101F1DD0FFE70098B0F5201F71
:1024B0001CD0FFE70098B0F5301F1BD01EE003983A
:1024C00041686FF0010000EA51410298B0FBF1F061
:1024D000029014E002980009029010E0029840096E
:1024E00002900CE002988009029008E00298C0096E
:1024F000029004E00298000A029000E0FFE7FFE784
:10250000029840080290029845F61061C0F25F01FF
:10251000884209D8FFE703980068806820F440707B
:102520000399096888602EE002984BF62041C0F2BA
:10253000BE0188420AD8FFE703980068806801213D
:1025400061F309200399096888601BE0029847F647
:102550004001C0F27D1188420AD8FFE70398006865
:102560008068022161F3092003990968886008E006
:1025700003980068806840F4407003990968886097
:10258000FFE7FFE7FFE704B080BD000000000000A8
:1025900080B58AB0089007910020059007980490B4
:1025A0000898006810F030FA02900898006810F05F
:1025B000EBF90190029828B9FFE70198002800F094
:1025C000A880FFE708980068C0688001002836D519
:1025D000FFE70898407E012831D1FFE70898007E88
:1025E00001282CD1FFE701200490FFE7089800683C
:1025F000006800F040010020B0EB911F1AD1FFE706
:1026000005984DF60041C0F20C0188420ED3FFE759
:102610000899086E40F0100008660899486E40F06E
:102620000100486601208DF8270076E0059801300A
:102630000590DBE70898016840200860FFE70498F0
:10264000022813D0FFE70898006810F0DDF960B1A8
:10265000FFE70898006810F0B7F928B9FFE7089875
:10266000006810F045FAFFE7FFE7FFE7049801284C
:1026700013D0FFE70898006810F086F960B1FFE713
:102680000898006810F0A0F928B9FFE708980068DA
:1026900010F082F9FFE7FFE7FFE7049800900228B7
:1026A00007D0FFE70098032806D1FFE70C2003902E
:1026B00005E00820039002E004200390FFE707F004
:1026C00093FE0690FFE70898006880680399084227
:1026D0001ED0FFE707F088FE0699401A062816D399
:1026E000FFE7089800688068039908420ED0FFE76A
:1026F0000899086E40F0100008660899486E40F08E
:102700000100486601208DF8270006E0FFE7DAE7C0
:10271000FFE700208DF82700FFE79DF827000AB0AB
:1027200080BD00000000000080B582B001900198DB
:10273000806B00900098006E10F0500F4AD1FFE7B8
:102740000099086E40F40070086600980068006800
:102750000007002821D5FFE70098006810F064F911
:10276000D0B1FFE700980068C0688004002812D448
:10277000FFE70099086E20F4807008660098006EEC
:10278000C004002806D4FFE70099086E40F001005D
:102790000866FFE7FFE7FFE718E000980068C068F9
:1027A000800790B9FFE70099086E20F480700866F2
:1027B0000098006EC004002806D4FFE70099086E58
:1027C00040F001000866FFE7FFE7FFE7009802F02E
:1027D00087F910E00098006EC006002804D5FFE7D6
:1027E000009802F0A5F905E00098806DC16C019891
:1027F0008847FFE7FFE702B080BD0000000000004F
:1028000080B582B001900198806B00900099086EAD
:1028100040F0400008660099486E40F004004866A9
:10282000009802F085F902B080BD000000000000B1
:1028300080B582B001900198806B0090009802F002
:1028400073F902B080BD000080B584B00290029898
:10285000006810F0B9F800900298006810F0BCF819
:1028600000284BD0FFE70098002847D1FFE70298E7
:102870000068806800F00D00012809D1FFE7029888
:10288000006810F019F802980168032008600DE054
:102890000299086E40F0100008660299486E40F0F8
:1028A0000100486601208DF80F002BE007F09CFD29
:1028B0000190FFE7029800688068C007E8B1FFE771
:1028C00007F092FD0199401A032815D3FFE70298FB
:1028D00000688068C00770B1FFE70299086E40F099
:1028E000100008660299486E40F001004866012019
:1028F0008DF80F0006E0FFE7DCE7FFE700208DF82A
:102900000F00FFE79DF80F0004B080BD000000003D
:1029100080B586B004900498006810F05DF8002837
:1029200040F09280FFE70498006880683F21C8F279
:10293000000108420ED0FFE70499086E40F0100035
:1029400008660499486E40F00100486601208DF841
:1029500017007DE0049800680FF0CAFF07F044FDFF
:10296000039004980168012042F20002C4F20202BE
:10297000914201900CD0FFE7049800684DF6007179
:10298000CBF6FD710844B0FA80F040090190FFE7F2
:102990000198C10746F20030C5F6020000291CBFAD
:1029A00042F20030C4F202000FF0D6FF0290049809
:1029B000006842F20011C4F20201884206D1FFE72A
:1029C00042F20000C4F20200009003E004980068A4
:1029D0000090FFE7009804990968884203D0FFE758
:1029E000029880BBFFE7FFE7049800680068C00713
:1029F00040BBFFE7049800680FF0EEFF28B9FFE73F
:102A0000049800680FF074FFFFE707F0EDFC0399EE
:102A1000401A032815D3FFE7049800680068C00730
:102A200070B9FFE70499086E40F010000866049939
:102A3000486E40F00100486601208DF8170007E05D
:102A4000FFE7D1E7FFE7FFE700208DF81700FFE77A
:102A50009DF8170006B080BDFFE7FEE7000000000C
:102A600084B08DF80F000291ADF806209DF80F009C
:102A70000146009123281DD80099DFE801F01213C8
:102A80001415161B1B1B1B1B1B1B1B1B1B1B1B1BA8
:102A90001B1B1B1B1B1B1B1B1B1B1B1B1B1B17188D
:102AA000191A08E007E006E005E004E003E002E0B0
:102AB00001E000E0FFE7002004B0704700000000E4
:102AC000002070470000000080B582B042F68050C0
:102AD000C2F20040009041F21401C2F20041002213
:102AE000019213F071FF009840F61401C2F2004108
:102AF00013F04AFF019802B080BD00000000000002
:102B000080B584B00390029103980299096816F089
:102B10005BFF039942F68050C2F20040019013F02F
:102B200033FF019813F0D4FE002004B080BD0000F4
:102B300083B0029001918DF8032000208DF80200EF
:102B40009DF9020003B0704780B586B00490ADF8DF
:102B50000E1000208DF80D0042F68050C2F20040A9
:102B6000D0F8BC0202900298D0F8140220B1FFE71E
:102B700001208DF8170013E00499BDF80E2042F6ED
:102B80008050C2F20040019013F01EFF019814F033
:102B900027F88DF80D009DF80D008DF81700FFE760
:102BA0009DF8170006B080BD80B543F2B410C2F2A4
:102BB000004003F0F5FD80BD80B543F2A420C2F2D1
:102BC000004003F0EDFD80BD80B543F21C30C2F241
:102BD000004003F0E5FD80BD80B543F23C10C2F239
:102BE000004003F0DDFD80BD80B543F22C20C2F231
:102BF000004003F0D5FD80BD80B543F2FC40C2F239
:102C0000004003F0CDFD80BD80B543F28440C2F2A8
:102C1000004003F0C5FD80BD80B543F29430C2F2A0
:102C2000004003F0BDFD80BD80B543F20C40C2F210
:102C3000004003F0B5FD80BD80B543F27450C2F290
:102C4000004003F0ADFD80BD80B543F2EC50C2F210
:102C5000004003F0A5FD80BD83B00290029801689A
:102C600001201022C4F202029142009000F0A380E1
:102C7000FFE70298016801202822C4F20202914273
:102C8000009000F09880FFE7029801680120402240
:102C9000C4F202029142009000F08D80FFE702989A
:102CA000016801205822C4F202029142009000F013
:102CB0008280FFE70298016801207022C4F20202BC
:102CC0009142009077D0FFE70298016801208822A6
:102CD000C4F20202914200906DD0FFE702980168B1
:102CE0000120A022C4F202029142009063D0FFE7CB
:102CF000029801680120B822C4F2020291420090B9
:102D000059D0FFE702980168012040F21042C4F256
:102D10000202914200904ED0FFE702980168012024
:102D200040F22842C4F202029142009043D0FFE7F1
:102D300002980168012040F24042C4F2020291422E
:102D4000009038D0FFE702980168012040F2584215
:102D5000C4F20202914200902DD0FFE70298016870
:102D6000012040F27042C4F202029142009022D04F
:102D7000FFE702980168012040F28842C4F2020293
:102D80009142009017D0FFE702980168012040F2BD
:102D9000A042C4F20202914200900CD0FFE70298D8
:102DA00000684FF64831CBF6FD710844B0FA80F068
:102DB00040090090FFE70098C00740B3FFE7029882
:102DC000007810384AF6AB21CAF6AA21A0FB011000
:102DD00000090190019800F007014CF23E70C0F626
:102DE0000300405C0299C8650198042807D3FFE7F7
:102DF00002990868042262F30900886506E00299D6
:102E0000086840F2FF3290438865FFE705E00299C9
:102E1000086820F0FF008865FFE70298806D03B026
:102E2000704700000000000084B003900398006821
:102E3000019003980168012045F20842C5F602029C
:102E4000914200904ED0FFE703980168012045F2BF
:102E50001C42C5F602029142009043D0FFE703985E
:102E60000168012045F23042C5F60202914200900D
:102E700038D0FFE703980168012045F24442C5F6C7
:102E80000202914200902DD0FFE7039801680120D3
:102E900045F25842C5F602029142009022D0FFE767
:102EA00003980168012045F26C42C5F60202914286
:102EB000009017D0FFE703980168012045F2804297
:102EC000C5F60202914200900CD0FFE7039800681B
:102ED0004AF66C31CAF2FD710844B0FA80F040093C
:102EE0000090FFE70098C00710B3FFE70398007851
:102EF00008384CF6CD41CCF6CC41A0FB01100009BE
:102F00000290029945F60000C5F6020000EB810030
:102F100003990866039945F68000C5F602004866E5
:102F2000029800F01F01012088400399886635E06F
:102F30000398007810384AF6AB21CAF6AA21A0FB04
:102F4000011000090290019840F2B841C4F2020158
:102F500088420CD8FFE7019840F21041C4F2020108
:102F6000884204D3FFE7029808300290FFE70299F5
:102F700040F60000C4F2020000EB810003990866ED
:102F8000039940F68000C4F202004866029800F0FF
:102F90001F010120884003998866FFE704B070474D
:102FA00083B002900298007901900198002800F007
:102FB0008A80FFE70198082800F28580FFE70298E1
:102FC0000168012045F20842C5F6020291420090D4
:102FD0004ED0FFE702980168012045F21C42C5F679
:102FE00002029142009043D0FFE70298016801205D
:102FF00045F23042C5F602029142009038D0FFE718
:1030000002980168012045F24442C5F6020291424D
:1030100000902DD0FFE702980168012045F2584248
:10302000C5F602029142009022D0FFE702980168A3
:10303000012045F26C42C5F602029142009017D081
:10304000FFE702980168012045F28042C5F60202BE
:10305000914200900CD0FFE7029800684AF66C316C
:10306000CAF2FD710844B0FA80F040090090FFE711
:103070000098C00780B1FFE7019945F6FC00C5F64E
:10308000020000EB81000299C866029945F64010E3
:10309000C5F6020008670FE0019940F6FC00C4F293
:1030A000020000EB81000299C866029940F64010C8
:1030B000C4F202000867FFE70198411E0120884022
:1030C00002994867FFE703B0704700000000000066
:1030D00085B0049000208DF80F000498806918BB1B
:1030E000FFE70498806A029003281BD80299DFE862
:1030F00001F0020D0218049890F82F00C00720B1CB
:10310000FFE701208DF80F00FFE70CE00498C06A8C
:10311000B0F1C07F04D1FFE701208DF80F00FFE779
:1031200001E000E0FFE747E004988069B0F5005F48
:1031300026D1FFE70498806A019003281ED80199E0
:10314000DFE801F00206021101208DF80F0016E001
:10315000049890F82F00C00720B1FFE701208DF8F8
:103160000F00FFE70BE00498C06AB0F1C07F04D104
:10317000FFE701208DF80F00FFE700E0FFE71AE00E
:103180000498806A0090032804D3FFE7009803287E
:1031900004D00EE001208DF80F000BE0049890F8A9
:1031A0002F00C00720B1FFE701208DF80F00FFE7D7
:1031B00000E0FFE7FFE7FFE79DF80F0005B070476D
:1031C00089B008900791069205930898806D049045
:1031D0000898806D03900898016801201022C4F2BD
:1031E00002029142029000F00381FFE70898016813
:1031F00001202822C4F202029142029000F0F880DD
:10320000FFE70898016801204022C4F202029142BF
:10321000029000F0ED80FFE7089801680120582235
:10322000C4F202029142029000F0E280FFE70898A7
:10323000016801207022C4F202029142029000F063
:10324000D780FFE70898016801208822C4F20202B3
:103250009142029000F0CC80FFE7089801680120BD
:10326000A022C4F202029142029000F0C180FFE766
:10327000089801680120B822C4F20202914202902B
:1032800000F0B680FFE708980168012040F2104284
:10329000C4F202029142029000F0AA80FFE708986F
:1032A0000168012040F22842C4F2020291420290D9
:1032B00000F09E80FFE708980168012040F240423C
:1032C000C4F202029142029000F09280FFE7089857
:1032D0000168012040F25842C4F202029142029079
:1032E00000F08680FFE708980168012040F27042F4
:1032F000C4F20202914202907AD0FFE70898016876
:10330000012040F28842C4F20202914202906FD042
:10331000FFE708980168012040F2A042C4F20202CF
:103320009142029064D0FFE708980168012040F2C2
:10333000B842C4F202029142029059D0FFE70898C5
:103340000168012045F20842C5F60202914202904E
:103350004ED0FFE708980168012045F21C42C5F6EF
:1033600002029142029043D0FFE7089801680120D1
:1033700045F23042C5F602029142029038D0FFE792
:1033800008980168012045F24442C5F602029142C4
:1033900002902DD0FFE708980168012045F25842BD
:1033A000C5F602029142029022D0FFE70898016818
:1033B000012045F26C42C5F602029142029017D0FC
:1033C000FFE708980168012045F28042C5F6020235
:1033D000914202900CD0FFE7089800684AF66C31E1
:1033E000CAF2FD710844B0FA80F040090290FFE78C
:1033F0000298C00770B1FFE70898416E806E486080
:103400000898C06E28B1FFE70898016F406F4860C8
:10341000FFE7FFE70898016801201022C4F20202CA
:103420009142019000F0A380FFE708980168012015
:103430002822C4F202029142019000F09880FFE736
:103440000898016801204022C4F2020291420190D2
:1034500000F08D80FFE70898016801205822C4F22F
:1034600002029142019000F08280FFE70898016813
:1034700001207022C4F202029142019077D0FFE74E
:103480000898016801208822C4F20202914201904A
:103490006DD0FFE7089801680120A022C4F2020263
:1034A0009142019063D0FFE7089801680120B8229B
:1034B000C4F202029142019059D0FFE708980168D6
:1034C000012040F21042C4F20202914201904ED01B
:1034D000FFE708980168012040F22842C4F2020286
:1034E0009142019043D0FFE708980168012040F223
:1034F0004042C4F202029142019038D0FFE708989E
:103500000168012040F25842C4F202029142019047
:103510002DD0FFE708980168012040F27042C4F204
:1035200002029142019022D0FFE708980168012031
:1035300040F28842C4F202029142019017D0FFE7A4
:1035400008980168012040F2A042C4F202029142B0
:1035500001900CD0FFE7089800684FF64831CBF691
:10356000FD710844B0FA80F040090190FFE701982E
:10357000C00750B3FFE70898C06D00F01F013F205F
:1035800088400499886008980168086820F48020C1
:10359000086005980899096848600898806840287C
:1035A00009D1FFE706980899096888600798089983
:1035B0000968C86008E00798089909688860069853
:1035C00008990968C860FFE782E00898016801204F
:1035D00045F20842C5F60202914200904ED0FFE744
:1035E00008980168012045F21C42C5F6020291428A
:1035F000009043D0FFE708980168012045F230426F
:10360000C5F602029142009038D0FFE708980168A1
:10361000012045F24442C5F60202914200902DD0AD
:10362000FFE708980168012045F25842C5F60202FA
:103630009142009022D0FFE708980168012045F2EE
:103640006C42C5F602029142009017D0FFE708983D
:103650000168012045F28042C5F6020291420090C5
:103660000CD0FFE7089800684AF66C31CAF2FD7189
:103670000844B0FA80F040090090FFE70098C007C6
:1036800020B3FFE70898C06D00F01F0101208840BB
:103690000399486005980899096848600898806807
:1036A000402809D1FFE706980899096888600798BB
:1036B00008990968C86008E007980899096888604F
:1036C000069808990968C860FFE700E0FFE7FFE790
:1036D00009B07047000000007047000000000000C3
:1036E00080B54FF4806006F05FFC4FF4805006F028
:1036F0005BFC80BD0000000081B0EFF3108072B66B
:103700000090FFE7FEE7000080B543F26460C2F27C
:10371000004005F029FD80BD80B543F20470C2F27F
:10372000004005F021FD80BD80B543F2A470C2F2D7
:10373000004005F019FD80BD84B002900298406BF6
:10374000009002980068D0F884004FF6FC7188431E
:10375000009940EA810002990968C1F88400029842
:103760000068D0F8840020F47F00029A1168926B00
:1037700040EA0240C1F884000298816B0098084436
:10378000009002980068D0F888006FF38F000099CD
:1037900040EA810002990968C1F88800029800682F
:1037A000D0F8880020F4FE00029A1168D26B40EA3B
:1037B0000240C1F888000298C16B009800EB4100FC
:1037C000009002980068D0F8A0006FF38F00009975
:1037D00040EA810002990968C1F8A00002980068D7
:1037E000D0F8A00020F4FE00029A1168126C40EAA2
:1037F0000240C1F8A0000299086C496C009A00FBD5
:103800000120009002980068D0F8B0006FF38F009C
:10381000009940EA810002990968C1F8B000029855
:103820000068D0F8B00020F4FE00029A1168926C93
:1038300040EA0240C1F8B0000299886CC96C009A55
:1038400000FB0120009002980068D0F8AC006FF3F4
:103850008F00009940EA810002990968C1F8AC0024
:103860000299086D496D009A00FB012000900298B2
:103870000068D0F8F0006FF38F00009940EA8100F3
:1038800002990968C1F8F00002980068D0F8F000C9
:1038900020F47C10029A1168926D40EA0240C1F84F
:1038A000F0000298816D009800EB410000900298B2
:1038B0000068D0F8C0006FF38F00009940EA8100E3
:1038C00002990968C1F8C00002980068D0F8C000E9
:1038D00020F47C10029A1168D26D40EA0240C1F8CF
:1038E000C00002980068D0F8C00020F07C50029A16
:1038F0001168126E40EA0260C1F8C00002994A6B7A
:103900004AF60040C4F2000000EB8200C86602994B
:103910008A6BC86E00EB820008670299CA6B086F59
:1039200000EBC200486702990A6C4B6C486F5A431F
:1039300000EB8200886702998A6CCB6C886F5A43CF
:1039400000EB8200C86702990A6D4B6DC86F5A433D
:1039500000EB8200C1F8800002998A6DD1F88000E6
:1039600000EBC200C1F884000299CA6D8B6ED1F8D9
:1039700084005A4300EB8200C1F8880002990A6E65
:103980008B6ED1F888005A4300EB8200C1F890009A
:103990000298D0F890004DF2FD31C4F20001884247
:1039A0000FD3FFE70299D1F89C0040F02000C1F846
:1039B0009C000299032081F8980001208DF80F00E7
:1039C00017E00298C06E0190FFE701980299D1F8C4
:1039D0009010884208D2FFE7019900200860FFE7B5
:1039E000019804300190F0E7FFE700208DF80F0008
:1039F000FFE79DF80F0004B07047000000000000D2
:103A000088B007900691059204930698406848B9DB
:103A1000FFE70698016882680069104340EA814028
:103A2000039009E006980168826800691043084322
:103A300040F080400390FFE70698D0F820C0C168AE
:103A400042698369C06940EA0C601843104340EA48
:103A5000014002900798826ED0F884000499514387
:103A600000EB8100019003980199086001980430EF
:103A7000019002980199086001980430019000209B
:103A80000090FFE700980699CA684CF22E71C0F6C4
:103A90000301895C88420DD2FFE7059800994058E0
:103AA00001990860019804300190FFE70098043004
:103AB0000090E7E708B0704780B584B04EF600008C
:103AC000C1F6F170006803904EF60400C1F6F17083
:103AD000006802904EF60800C1F6F170006801908F
:103AE0000199039808440390039888B1FFE703986D
:103AF00040F2F801C2F200410091023108220EF0BA
:103B00009BFE00990298123104220EF095FEFFE709
:103B100004B080BD0000000080B5AAB028902791B5
:103B200000208DF89B002798006808B1FFE7FFE7A9
:103B3000FFE7289890F85C00012804D1FFE70220F5
:103B40008DF8A7002DE12899012081F85C00FFE79E
:103B5000FFE70020219022902898006842F200019F
:103B6000C4F20201884206D1FFE742F20010C4F21B
:103B70000200099002E000200990FFE7099878B957
:103B8000FFE72899086E40F020000866FFE72899B3
:103B9000002081F85C00FFE701208DF8A70000E11C
:103BA00009980EF039FF0890289800680EF034FF4D
:103BB000002840F0E280FFE70898002840F0DD8010
:103BC000FFE728980168012042F20002C4F20202D5
:103BD000914207900CD0FFE7289800684DF60071DD
:103BE000CBF6FD710844B0FA80F040090790FFE77A
:103BF0000798C10746F20030C5F6020000291CBF35
:103C000042F20030C4F20200259027980068002894
:103C10005ED0FFE72598806820F4404027994968E6
:103C200008432599886028980168012042F2000223
:103C3000C4F20202914206900CD0FFE72898006877
:103C40004DF60071CBF6FD710844B0FA80F04009E2
:103C50000690FFE70698C10746F20030C5F602005D
:103C600000291CBF42F20030C4F2020042F20031CF
:103C7000C4F20201884212D1FFE742F20000C4F20E
:103C800002000EF0B1FE049042F20010C4F20200F5
:103C90000EF0AAFE014604980843059007E046F29C
:103CA0000000C5F602000EF09FFE0590FFE70598A4
:103CB00068B9FFE72598806840F61F718843279A06
:103CC000116892681143084325998860FFE753E023
:103CD0002599886820F44040886028980168012070
:103CE00042F20002C4F20202914203900CD0FFE7BC
:103CF000289800684DF60071CBF6FD710844B0FAC3
:103D000080F040090390FFE70398C10746F20030B6
:103D1000C5F6020000291CBF42F20030C4F20200C6
:103D200042F20031C4F20201884212D1FFE742F2AE
:103D30000000C4F202000EF057FE019042F20010A3
:103D4000C4F202000EF050FE0146019808430290B2
:103D500007E046F20000C5F602000EF045FE0290B4
:103D6000FFE7029838B9FFE72599886840F61F7287
:103D700090438860FFE7FFE708E02899086E40F06D
:103D80002000086601208DF89B00FFE7FFE72899D7
:103D9000002081F85C00FFE79DF89B008DF8A700EC
:103DA000FFE79DF8A7002AB080BD000000000000DA
:103DB00080B5CEB03A90399100208DF8E30035906F
:103DC0003A9890F84400012801D1FFE70BE03A98B7
:103DD000006846F20001C5F60201884201D1FFE702
:103DE00000E0FFE7FFE73998C0680021C4F2FF71E7
:103DF000884201D0FFE71EE03A98006842F20001D5
:103E0000C4F20201884201D1FFE7FFE73A98006857
:103E100042F20011C4F20201884201D1FFE7FFE73C
:103E20003A98006846F20001C5F60201884201D1C5
:103E3000FFE7FFE7FFE7FFE73A9890F85C0001280B
:103E400005D1FFE702208DF8EF0000F043BE3A995C
:103E5000012081F85C00FFE7FFE73A9800680EF068
:103E6000D3FD002840F02286FFE73998C07800068D
:103E7000002837D4FFE73A98006846F20001C5F6FB
:103E8000020188422DD0FFE739980068000330B95D
:103E9000FFE739980068C0F38460329015E03998E4
:103EA000006890FAA0F04C904C9820B9FFE72020D1
:103EB0008DF8370105E04C98B0FA80F08DF83701A5
:103EC000FFE79DF837013290FFE7329800F01F01BD
:103ED000012000FA01F23A980168C8691043C861EC
:103EE000FFE7FFE73A98006839990A6849680EF0D9
:103EF000CFFD3A9800680EF087FD34903A9800683C
:103F00000EF042FD33903498002840F05A82FFE7CB
:103F10003398002840F05582FFE73A980068399AB4
:103F2000116892680EF02CFE3A98006846F2000183
:103F3000C5F6020188420BD1FFE7399840693A99EA
:103F40000968C96801F0180189088840379038E08D
:103F500041F20000C5F60040006800F07040B0F18A
:103F6000805F0BD1FFE7399840693A990968C968C1
:103F700001F01C014908884031901FE03A98006820
:103F8000C068C00600280BD4FFE7399840693A9909
:103F90000968C96801F01C014908884030900AE0AE
:103FA000399840693A990968C96801F010014908CF
:103FB00088403090FFE730983190FFE73198379094
:103FC000FFE739980069042841D0FFE73A98006874
:103FD00039990A680969379B0EF05AFE3A980068C9
:103FE00046F20001C5F60201884215D1FFE73A9872
:103FF0000068399A1169D2690EF09AFE3A98006801
:10400000399A116992F82020013AB2FA82F25209E3
:1040100052060EF06DFE19E03A980068399A11695F
:1040200092F82120013AB2FA82F25209D2070EF038
:104030009FFE3A980068399A1169127E013AB2FAE5
:1040400082F25209D2020EF00FFEFFE7B8E13A9871
:10405000006846F20001C5F60201884240F0668120
:10406000FFE73A98006800210EF07EFC000348B993
:10407000FFE73A98006800210EF076FCC0F38460F8
:104080002F9018E03A98006800210EF06DFC90FA2D
:10409000A0F04A904A9820B9FFE720208DF82F0120
:1040A00005E04A98B0FA80F08DF82F01FFE79DF8FF
:1040B0002F012F90FFE72F982E903998006800036A
:1040C00030B9FFE739980068C0F384602D9015E09F
:1040D0003998006890FAA0F04890489820B9FFE716
:1040E00020208DF8270105E04898B0FA80F08DF87F
:1040F0002701FFE79DF827012D90FFE72E982D99C6
:10410000884207D1FFE73A980068002211460EF076
:104110004FFEFFE73A98006801210EF025FC0003EE
:1041200048B9FFE73A98006801210EF01DFCC0F382
:1041300084602C9018E03A98006801210EF014FC7D
:1041400090FAA0F04690469820B9FFE720208DF81D
:104150001F0105E04698B0FA80F08DF81F01FFE7D7
:104160009DF81F012C90FFE72C982B903998006840
:10417000000330B9FFE739980068C0F384602A90E3
:1041800015E03998006890FAA0F04490449820B95E
:10419000FFE720208DF8170105E04498B0FA80F081
:1041A0008DF81701FFE79DF817012A90FFE72B987C
:1041B0002A99884207D1FFE73A9800680121002236
:1041C0000EF0F6FDFFE73A98006802210EF0CCFBF6
:1041D000000348B9FFE73A98006802210EF0C4FBDB
:1041E000C0F38460299018E03A98006802210EF02C
:1041F000BBFB90FAA0F04290429820B9FFE7202044
:104200008DF80F0105E04298B0FA80F08DF80F01AB
:10421000FFE79DF80F012990FFE72998289039982A
:104220000068000330B9FFE739980068C0F3846084
:10423000279015E03998006890FAA0F040904098D7
:1042400020B9FFE720208DF8070105E04098B0FA7B
:1042500080F08DF80701FFE79DF807012790FFE741
:1042600028982799884207D1FFE73A9800680221E9
:1042700000220EF09DFDFFE73A98006803210EF042
:1042800073FB000348B9FFE73A98006803210EF07A
:104290006BFBC0F38460269018E03A980068032115
:1042A0000EF062FB90FAA0F03E903E9820B9FFE736
:1042B00020208DF8FF0005E03E98B0FA80F08DF8E0
:1042C000FF00FFE79DF8FF002690FFE72698259066
:1042D00039980068000330B9FFE739980068C0F3E7
:1042E0008460249015E03998006890FAA0F03C9022
:1042F0003C9820B9FFE720208DF8F70005E03C98B6
:10430000B0FA80F08DF8F700FFE79DF8F7002490F1
:10431000FFE725982499884207D1FFE73A9800687B
:10432000032100220EF044FDFFE748E03A980068C0
:10433000006E00F0F84039990968B0EB816F07D141
:10434000FFE73A980168086E20F000400866FFE732
:104350003A980068406E00F0F84039990968B0EB6F
:10436000816F07D1FFE73A980168486E20F000405E
:104370004866FFE73A980068806E00F0F840399987
:104380000968B0EB816F07D1FFE73A980168886E42
:1043900020F000408866FFE73A980068C06E00F0A1
:1043A000F84039990968B0EB816F07D1FFE73A9877
:1043B0000168C86E20F00040C866FFE7FFE7FFE72E
:1043C000FFE73A9800680EF007FB002840F06D8385
:1043D000FFE73A980068399A1168D2680EF0ECFB52
:1043E0003998C0680021C4F2FF71884240F0F98119
:1043F000FFE73A980068239042F20001C4F20201FC
:10440000884240F0A480FFE7399800680221C0F29A
:104410003041884203D1FFE70120229094E039988F
:1044200000680421C0F66001884205D1FFE7402002
:10443000C1F62010219084E0399800680821C0F668
:104440009041884205D1FFE78020C1F6505020906E
:1044500074E0399800681021C1F2C001884206D189
:10446000FFE740F20010C2F280101F9063E039981D
:1044700000682021C1F2F041884206D1FFE740F2F6
:104480000020C2F2B0501E9052E03998006840F20D
:104490000041C2F60021884206D1FFE740F6000045
:1044A000C2F630601D9040E03998006840F6000187
:1044B000C2F63061884206D1FFE741F20000C3F244
:1044C00060201C902EE03998006841F20001C3F290
:1044D0006021884206D1FFE742F20000C3F29060FB
:1044E0001B901CE0399800680021C4F221318842F9
:1044F00005D1FFE70020C4F252701A900CE0399801
:1045000001680022C4F684320020914204BF0020DA
:10451000C4F6B8701A90FFE71A981B90FFE71B9833
:104520001C90FFE71C981D90FFE71D981E90FFE769
:104530001E981F90FFE71F982090FFE7209821907A
:10454000FFE721982290FFE72298199044E13A98DA
:10455000006842F20011C4F20201884240F09480E7
:10456000FFE7399800680221C0F23041884203D148
:10457000FFE70120189084E0399800680421C0F614
:104580006001884205D1FFE74020C1F62010179056
:1045900074E0399800680821C0F69041884205D13E
:1045A000FFE78020C1F65050169064E0399800680B
:1045B0001021C1F2C001884206D1FFE740F200108D
:1045C000C2F28010159053E0399800682021C1F2A2
:1045D000F041884206D1FFE740F20020C2F2B0501D
:1045E000149042E03998006840F20041C2F6002180
:1045F000884206D1FFE740F60000C2F63060139013
:1046000030E03998006840F60001C2F63061884217
:1046100006D1FFE741F20000C3F2602012901EE0D5
:104620003998006841F20001C3F26021884206D146
:10463000FFE742F20000C3F2906011900CE039985D
:1046400001680022C4F684320020914204BF002099
:10465000C4F6B8701190FFE711981290FFE7129816
:104660001390FFE713981490FFE714981590FFE755
:1046700015981690FFE716981790FFE7179818906F
:10468000FFE718981090A4E03A98006846F20001FD
:10469000C5F60201884240F09680FFE7399800682D
:1046A0000221C0F23041884203D1FFE701200F9080
:1046B00086E0399800680421C0F66001884205D17F
:1046C000FFE74020C1F620100E9076E03998006890
:1046D0000821C0F69041884205D1FFE78020C1F64D
:1046E00050500D9066E0399800681021C1F2C00169
:1046F000884206D1FFE740F20010C2F280100C9011
:1047000055E0399800682021C1F2F041884206D175
:10471000FFE740F20020C2F2B0500B9044E039981D
:10472000006840F20041C2F60021884206D1FFE74E
:1047300040F60000C2F630600A9032E03998006816
:1047400040F60001C2F63061884206D1FFE741F22F
:104750000000C3F26020099020E03998006842F21E
:104760000001C3F29061884206D1FFE744F20000E5
:10477000C3F6C02008900EE03998016844F20002A8
:10478000C3F6C0220020914204BF48F20000C3F6E5
:10479000F0600890FFE708980990FFE709980A90F1
:1047A000FFE70A980B90FFE70B980C90FFE70C9837
:1047B0000D90FFE70D980E90FFE70E980F90FFE722
:1047C0000F98079002E000200790FFE707981090ED
:1047D000FFE710981990FFE7239819990EF098F9C0
:1047E000FFE73998C0780006002840F15D81FFE7B7
:1047F0003A980168012042F20002C4F2020291429A
:1048000006900CD0FFE73A9800684DF60071CBF6A1
:10481000FD710844B0FA80F040090690FFE7069861
:10482000C10746F20030C5F6020000291CBF42F263
:104830000030C4F202000EF087F836903A98016812
:104840004FF0010042F20002C4F2020291420590D0
:104850000CD0FFE73A9800684DF60071CBF6FD7179
:104860000844B0FA80F040090590FFE70598C107B9
:1048700046F20030C5F6020000291CBF42F20030AB
:10488000C4F2020042F20031C4F20201884212D1A5
:10489000FFE742F20000C4F202000EF09DF8039020
:1048A00042F20010C4F202000EF096F8014603989E
:1048B0000843049007E046F20000C5F602000EF03F
:1048C0008BF80490FFE70498002840F0E380FFE7AE
:1048D000399800680021CCF25271884255D1FFE727
:1048E0009DF8DA00000600284FD4FFE73A980068E8
:1048F00046F20001C5F60201884245D1FFE73A9829
:104900000168012042F20002C4F2020291420290C8
:104910000CD0FFE73A9800684DF60071CBF6FD71B8
:104920000844B0FA80F040090290FFE70298C107FE
:1049300046F20030C5F6020000291CBF42F20030EA
:10494000C4F20200369941F400010EF07DF940F204
:104950003C00C2F2004000684FEA901042F66351FA
:10496000C0F23E51A0FB01104FEA90114FF002003F
:1049700000EB41003590FFE7359820B1FFE735980F
:1049800001383590F8E7FFE783E0399800680021A7
:10499000CCF22131884238D1FFE79DF8DB00C00717
:1049A00098BBFFE73A98006846F20001C5F602019D
:1049B000884229D1FFE73A980168012042F20002BB
:1049C000C4F20202914201900CD0FFE73A980068CD
:1049D0004DF60071CBF6FD710844B0FA80F0400945
:1049E0000190FFE70198C10746F20030C5F60200CA
:1049F00000291CBF42F20030C4F20200369941F097
:104A000080710EF021F9FFE742E03998006800213B
:104A1000CCF68431884239D1FFE79DF8DA004006B0
:104A2000002833D4FFE73A98006846F20001C5F643
:104A30000201884229D1FFE73A980168012042F239
:104A40000002C4F20202914200900CD0FFE73A98B3
:104A500000684DF60071CBF6FD710844B0FA80F0A5
:104A600040090090FFE70098C10746F20030C5F604
:104A7000020000291CBF42F20030C4F20200369945
:104A800041F480010EF0E0F8FFE700E0FFE7FFE708
:104A9000FFE708E03A99086E40F020000866012020
:104AA0008DF8E300FFE7FFE7FFE708E03A99086EBB
:104AB00040F02000086601208DF8E300FFE7FFE7E3
:104AC0003A99002081F85C00FFE79DF8E3008DF83B
:104AD000EF00FFE79DF8EF004EB080BD0000000042
:104AE00080B584B0039041F60810C2F200400090F7
:104AF00003A928F0F9FF01460098029128F0E4FF8D
:104B0000019002A801A932F02BFA40B1FFE702A8F8
:104B100020F00AFA406803991DF07AF8FFE704B024
:104B200080BD00000000000081B0009001B070471F
:104B300081B0009001B0704710B590B00E90002089
:104B40008DF837000A900E9820B9FFE701208DF804
:104B50003F006EE20E98006940B1FFE70E9890F8B2
:104B60002000012801D1FFE7FFE7FFE70E98006E64
:104B700050B9FFE70E9800F063FA0E9900204866DE
:104B80000E9981F85C00FFE70E9800680DF014FFA5
:104B900028B1FFE70E9800680DF09EFEFFE70E9823
:104BA00000680DF029FFE8B9FFE70E9800680DF0E6
:104BB000BBFE40F23C00C2F200400068800942F6B1
:104BC0006351C0F23E51A0FB0101012000EB9110A6
:104BD0000A90FFE70A9820B1FFE70A9801380A9087
:104BE000F8E7FFE70E9800680DF006FF70B9FFE7E1
:104BF0000E99086E40F0100008660E99486E40F05D
:104C00000100486601208DF83700FFE70E98006824
:104C10000DF0FAFE0B900E98006EC006002800F111
:104C2000FA81FFE70B98002840F0F581FFE70E9826
:104C3000006E40F0020020F480700E9908660E9815
:104C400000680DF0C9FE002870D1FFE70E980168DA
:104C5000012042F20002C4F20202914207900CD0FD
:104C6000FFE70E9800684DF60071CBF6FD71084421
:104C7000B0FA80F040090790FFE70798C10746F2B5
:104C80000030C5F6020000291CBF42F20030C4F219
:104C9000020042F20031C4F20201884212D1FFE761
:104CA00042F20000C4F202000DF096FE059042F2BE
:104CB0000010C4F202000DF08FFE01460598084373
:104CC000069007E046F20000C5F602000DF084FEF3
:104CD0000690FFE7069840BBFFE70E9801680120A9
:104CE00042F20002C4F20202914204900CD0FFE7AB
:104CF0000E9800684DF60071CBF6FD710844B0FACD
:104D000080F040090490FFE70498C10746F20030A4
:104D1000C5F6020000291CBF42F20030C4F20200B6
:104D20000E9949680DF080FFFFE7FFE70E980068D5
:104D300046F20001C5F6020188423AD1FFE70E9A19
:104D4000517ED06B40EA41319068D26811430391A3
:104D5000082803D1FFE7002002901DE00E9880682C
:104D60000C2803D1FFE70420019012E00E98806820
:104D70001C2803D1FFE70820009007E00E98816807
:104D80000020182908BF1C200090FFE70098019020
:104D9000FFE701980290FFE70398029901F00C01E8
:104DA00040EA41000E9991F8201040EA01400C9031
:104DB0000CE00E994A7EC86B40EA42308A68104384
:104DC00091F8201040EA01400C90FFE70E9890F80F
:104DD000200001280BD1FFE70E98416A0020CFF692
:104DE000FE7000EB41410C9808430C90FFE70E98D1
:104DF000806A50B1FFE70E99886AC96A00F478703A
:104E000001430C9808430C90FFE70E98006846F2A7
:104E10000001C5F60201884218D1FFE70E9800682C
:104E2000C06844F20701CFF6F07108400C990843BE
:104E30000E990968C8600E980068006920F040600B
:104E40000E9A1168526B104308610DE00E980068CD
:104E5000C0684CF20301CFF6F07108400C9908438A
:104E60000E990968C860FFE70E9800680DF0CCFD48
:104E700009900E9800680DF087FD089009980028A9
:104E800040F0A880FFE70898002840F0A380FFE7E3
:104E90000E98006846F20001C5F60201884209D169
:104EA000FFE70E99087E91F83810800340EA410030
:104EB0000C9006E00E98017E006B40EA81300C9069
:104EC000FFE70E980068C06844F2030188430C991C
:104ED00008430E990968C8600E9890F844000128AC
:104EE00059D1FFE70E98006846F20001C5F60201AD
:104EF000884201D1FFE700E0FFE70E98806A20B109
:104F0000FFE70E98C06A08B9FFE7FFE70E98006850
:104F100046F20001C5F6020188421BD1FFE70E9858
:104F2000006800694FF61E01CFF6004100EA010259
:104F30000E9B1968986CD3F84CE0D3F850C040EA47
:104F40000E0040EA0C005B6D1843104340F0010076
:104F500008611FE00E98006800694FF61E01CFF649
:104F6000004100EA01020E9B19689C6CD3F84CE0EA
:104F7000D3F850C00020CFF6FF7000EB044040EAA9
:104F80000E0040EA0C005B6D1843104340F0010036
:104F90000861FFE706E00E980168086920F001004B
:104FA0000861FFE70E980068006920F070400E9AD3
:104FB0001168126C104308610E98006846F20001F7
:104FC000C5F60201884204D0FFE70E98FDF7F0F91C
:104FD000FFE7FFE70E98006901280CD1FFE70E9864
:104FE0000068006B20F00F000E9A1168D269013A38
:104FF0001043086306E00E980168086B20F00F006C
:105000000863FFE70E98006E40F0010020F00200F8
:105010000E99086608E00E99086E40F010000866C8
:1050200001208DF83700FFE79DF837008DF83F002D
:10503000FFE79DF83F0010B010BD00000000000029
:1050400080B590B00F9000200E900D900C900B90BA
:105050000A900F98006842F20001C4F202018842EF
:1050600077D1FFE7FFE744F2D840C5F602000168B8
:1050700041F020010160006800F0200009900998CB
:10508000FFE7FFE744F2E040C5F60200016841F0A7
:1050900001010160006800F0010008900898FFE736
:1050A000FFE744F2E040C5F60200016841F0040168
:1050B0000160006800F0040007900798FFE72520D2
:1050C0000A90032002900B90002004900C90002086
:1050D000C5F602000AA9039104F082FF029A03991F
:1050E000049810230A930B920C9040F60000C5F62A
:1050F000020004F075FF049943F23C10C2F2004034
:1051000005905822C4F202020260092242608160C6
:10511000C1604FF4806202614FF4006242614FF45B
:10512000005282614FF48072C2610162416202F0FA
:1051300017FC18B1FFE7FEF7DFFAFFE7FFE70F986C
:1051400043F23C11C2F2004181650F988863FFE78A
:1051500044E00F98006846F20001C5F6020188425B
:105160003BD1FFE7FFE744F2E040C5F602000168EB
:1051700041F080710160006800F080700690069830
:10518000FFE743F2B410C2F2004001901021C4F2D4
:10519000020101607321416000218160C1604FF410
:1051A000806202614FF4006242614FF400528261FA
:1051B000C1610162416202F0D3FB18B1FFE7FEF763
:1051C0009BFAFFE7FFE70F9843F2B411C2F20041E8
:1051D00081650F988863FFE7FFE7FFE710B080BDA8
:1051E00080B58AB0089008980168012042F2000258
:1051F000C4F20202914204900CD0FFE708980068C4
:105200004DF60071CBF6FD710844B0FA80F040090C
:105210000490FFE70498C10746F20030C5F602008B
:1052200000291CBF42F20030C4F202000DF094FBD2
:105230000590089800680DF0E7FB002840F0CE804C
:10524000FFE7FFE7089890F85C00012804D1FFE72A
:1052500002208DF82700CAE00899012081F85C003F
:10526000FFE7FFE70898FDF753FB8DF81F009DF857
:105270001F00002840F0AA80FFE70898006E40F465
:10528000807040F6016188430899086608980068B4
:1052900042F20011C4F20201884206D1FFE742F255
:1052A0000000C4F20200039003E008980068039035
:1052B000FFE7039808990968884203D0FFE705983B
:1052C00030B9FFE70899086E20F480100866FFE700
:1052D0000898006EC004002806D5FFE70899486EBC
:1052E00020F00600486603E0089900204866FFE7C2
:1052F000089801681C200860FFE70899002081F8E1
:105300005C00FFE70898006842F20011C4F2020155
:10531000884206D1FFE742F20000C4F20200029088
:1053200003E0089800680290FFE70298089909686E
:1053300088420BD0FFE7059840B1FFE705980528A4
:1053400004D0FFE70598092815D1FFE70898006801
:10535000C0688001002809D5FFE70898006E40F476
:10536000805020F4005008990866FFE7089800680C
:105370000DF0AEFB29E00899086E40F48010086635
:105380000898006842F20011C4F20201884206D176
:10539000FFE742F20000C4F20200019003E0089827
:1053A00000680190FFE7019806900698C0688001A8
:1053B000002809D5FFE70898006E40F4805020F4DB
:1053C000005008990866FFE7FFE706E0FFE7089945
:1053D000002081F85C00FFE7FFE703E002208DF882
:1053E0001F00FFE79DF81F008DF82700FFE79DF8DD
:1053F00027000AB080BD000080B588B006900591F6
:10540000049206980168012042F20002C4F20202EE
:10541000914201900CD0FFE7069800684DF60071AC
:10542000CBF6FD710844B0FA80F040090190FFE727
:105430000198C10746F20030C5F6020000291CBFE2
:1054400042F20030C4F202000DF086FA0290069893
:1054500000680DF0D9FA002840F0C680FFE7FFE7AA
:10546000069890F85C00012804D1FFE702208DF82F
:105470001F00C2E00699012081F85C00FFE7FFE70A
:10548000029848B1FFE70298052805D0FFE7029887
:10549000092840F09E80FFE70698FDF739FA8DF85D
:1054A0000F009DF80F00002840F08B80FFE7069862
:1054B000006E40F4807040F60161884306990866EA
:1054C0000698006842F20011C4F20201884206D137
:1054D000FFE742F20000C4F20200009003E00698E9
:1054E00000680090FFE7009806990968884203D099
:1054F000FFE7029830B9FFE70699086E20F48010A4
:105500000866FFE70698006EC004002806D5FFE78E
:105510000699486E20F00600486603E006990020D0
:105520004866FFE70698816D42F22970C0F60000D8
:10553000C8630698816D42F63100C0F60000086429
:105540000698816D42F60100C0F60000C864069816
:1055500001681C200860FFE70699002081F85C00C4
:10556000FFE706980168486840F010004860069818
:10557000006846F20001C5F6020188420CD1FFE73F
:105580000699086891F8381049000DF059FA069804
:1055900000680DF0BDF905E006990868096B0DF08B
:1055A00067FAFFE706980168806D4031059A049B11
:1055B00002F086FE8DF80F00069800680DF088FA5C
:1055C00006E0FFE70699002081F85C00FFE7FFE7AF
:1055D00009E001208DF80F00FFE70699002081F80F
:1055E0005C00FFE7FFE703E002208DF80F00FFE714
:1055F0009DF80F008DF81F00FFE79DF81F0008B011
:1056000080BD00000000000080B584B00290FFE77C
:10561000029890F85C00012804D1FFE702208DF881
:105620000F002DE00299012081F85C00FFE7FFE701
:1056300002980321FCF7ACFF8DF807009DF80700E6
:1056400098B9FFE70298FDF7FFF88DF807009DF87D
:10565000070048B9FFE70298006E40F0010020F40F
:10566000885002990866FFE7FFE7FFE702990020EC
:1056700081F85C00FFE79DF807008DF80F00FFE759
:105680009DF80F0004B080BD80B584B00290FFE7A4
:10569000029890F85C00012804D1FFE702208DF801
:1056A0000F005DE00299012081F85C00FFE7FFE751
:1056B00002980321FCF76CFF8DF807009DF80700A6
:1056C000002842D1FFE702980068C06820F003007C
:1056D00002990968C8600298806D90F83500022828
:1056E00011D1FFE70298806D00F03EF88DF80700B9
:1056F0009DF8070030B1FFE70299086E40F04000C6
:105700000866FFE7FFE702980168486820F010008C
:1057100048609DF8070030B9FFE70298FDF794F85C
:105720008DF8070003E00298FDF78EF8FFE79DF87B
:10573000070048B9FFE70298006E40F0010020F42E
:10574000885002990866FFE7FFE7FFE7029900200B
:1057500081F85C00FFE79DF807008DF80F00FFE778
:105760009DF80F0004B080BD80B58AB0089004F0A9
:105770003BFE0490089828B9FFE701208DF8270028
:1057800000F0AABC089890F8350002280ED0FFE778
:10579000089980204865FFE70899002081F83400C7
:1057A000FFE701208DF8270000F096BC08980168FB
:1057B00001201022C4F202029142039000F0A38063
:1057C000FFE70898016801202822C4F202029142F2
:1057D000039000F09880FFE70898016801204022BC
:1057E000C4F202029142039000F08D80FFE7089816
:1057F000016801205822C4F202029142039000F095
:105800008280FFE70898016801207022C4F202023A
:105810009142039077D0FFE7089801680120882221
:10582000C4F20202914203906DD0FFE7089801682C
:105830000120A022C4F202029142039063D0FFE74C
:10584000089801680120B822C4F202029142039034
:1058500059D0FFE708980168012040F21042C4F2D5
:105860000202914203904ED0FFE7089801680120A0
:1058700040F22842C4F202029142039043D0FFE773
:1058800008980168012040F24042C4F202029142AD
:10589000039038D0FFE708980168012040F2584291
:1058A000C4F20202914203902DD0FFE708980168EC
:1058B000012040F27042C4F202029142039022D0D1
:1058C000FFE708980168012040F28842C4F2020212
:1058D0009142039017D0FFE708980168012040F239
:1058E000A042C4F20202914203900CD0FFE7089854
:1058F00000684FF64831CBF6FD710844B0FA80F0ED
:1059000040090390FFE70398C00780B1FFE70898BC
:105910000168086820F01E0008600898016848695E
:1059200020F08000486108980068059009E0089818
:105930000168086820F00E0008600898006805906B
:10594000FFE70898016801201022C4F20202914288
:10595000029000F00381FFE70898016801202822E7
:10596000C4F202029142029000F0F880FFE708982A
:10597000016801204022C4F202029142029000F02C
:10598000ED80FFE70898016801205822C4F2020266
:105990009142029000F0E280FFE708980168012040
:1059A0007022C4F202029142029000F0D780FFE719
:1059B0000898016801208822C4F2020291420290F4
:1059C00000F0CC80FFE7089801680120A022C4F213
:1059D00002029142029000F0C180FFE7089801683E
:1059E0000120B822C4F202029142029000F0B68077
:1059F000FFE708980168012040F21042C4F2020259
:105A00009142029000F0AA80FFE708980168012007
:105A100040F22842C4F202029142029000F09E80BD
:105A2000FFE708980168012040F24042C4F20202F8
:105A30009142029000F09280FFE7089801680120EF
:105A400040F25842C4F202029142029000F0868075
:105A5000FFE708980168012040F27042C4F2020298
:105A6000914202907AD0FFE708980168012040F245
:105A70008842C4F20202914202906FD0FFE7089878
:105A80000168012040F2A042C4F202029142029059
:105A900064D0FFE708980168012040F2B842C4F2E0
:105AA00002029142029059D0FFE708980168012054
:105AB00045F20842C5F60202914202904ED0FFE73D
:105AC00008980168012045F21C42C5F60202914285
:105AD000029043D0FFE708980168012045F2304268
:105AE000C5F602029142029038D0FFE7089801689B
:105AF000012045F24442C5F60202914202902DD0A7
:105B0000FFE708980168012045F25842C5F60202F5
:105B10009142029022D0FFE708980168012045F2E7
:105B20006C42C5F602029142029017D0FFE7089836
:105B30000168012045F28042C5F6020291420290BE
:105B40000CD0FFE7089800684AF66C31CAF2FD7184
:105B50000844B0FA80F040090290FFE70298C007BD
:105B600038B1FFE70898016E086820F4807008607B
:105B7000FFE7089800681021C4F20201884200F093
:105B80008180FFE7089800682821C4F2020188425A
:105B900078D0FFE7089800684021C4F202018842EB
:105BA00070D0FFE7089800685821C4F202018842CB
:105BB00068D0FFE7089800687021C4F202018842AB
:105BC00060D0FFE7089800688821C4F2020188428B
:105BD00058D0FFE708980068A021C4F2020188426B
:105BE00050D0FFE708980068B821C4F2020188424B
:105BF00048D0FFE70898006840F21041C4F2020163
:105C000088423FD0FFE70898006840F22841C4F27C
:105C10000201884236D0FFE70898006840F2404110
:105C2000C4F2020188422DD0FFE70898006840F2D4
:105C30005841C4F20201884224D0FFE70898006866
:105C400040F27041C4F2020188421BD0FFE708987D
:105C5000006840F28841C4F20201884212D0FFE796
:105C60000898006840F2A041C4F20201884209D0BD
:105C7000FFE70898006840F2B841C4F20201884288
:105C800007D1FFE708980168086820F00100086064
:105C900006E008980168086820F001000860FFE746
:105CA000FFE705980068C007C8B1FFE704F09CFB58
:105CB0000499401A062811D3FFE708992020486567
:105CC0000899032081F83500FFE70899002081F842
:105CD0003400FFE701208DF82700FDE1E1E7089897
:105CE000016801201022C4F202029142019000F0EA
:105CF000A380FFE70898016801202822C4F202026D
:105D00009142019000F09880FFE708980168012017
:105D10004022C4F202029142019000F08D80FFE720
:105D20000898016801205822C4F2020291420190B1
:105D300000F08280FFE70898016801207022C4F219
:105D400002029142019077D0FFE708980168012094
:105D50008822C4F20202914201906DD0FFE70898B8
:105D600001680120A022C4F202029142019063D096
:105D7000FFE7089801680120B822C4F202029142AC
:105D8000019059D0FFE708980168012040F21042C5
:105D9000C4F20202914201904ED0FFE708980168D8
:105DA000012040F22842C4F202029142019043D005
:105DB000FFE708980168012040F24042C4F2020265
:105DC0009142019038D0FFE708980168012040F225
:105DD0005842C4F20202914201902DD0FFE7089888
:105DE0000168012040F27042C4F202029142019027
:105DF00022D0FFE708980168012040F28842C4F2EF
:105E000002029142019017D0FFE708980168012033
:105E100040F2A042C4F20202914201900CD0FFE78E
:105E2000089800684FF64831CBF6FD710844B0FA87
:105E300080F040090190FFE70198C00760B1FFE7DB
:105E40000898806D07900898C06D00F01F013F20F2
:105E50008840079988600BE00898806D0690089844
:105E6000C06D00F01F010120884006994860FFE7DF
:105E70000898016801201022C4F2020291420090A9
:105E800000F00381FFE70898016801202822C4F28E
:105E900002029142009000F0F880FFE70898016844
:105EA00001204022C4F202029142009000F0ED80F5
:105EB000FFE70898016801205822C4F202029142CB
:105EC000009000F0E280FFE708980168012070224E
:105ED000C4F202029142009000F0D780FFE70898D8
:105EE000016801208822C4F202029142009000F071
:105EF000CC80FFE7089801680120A022C4F20202CA
:105F00009142009000F0C180FFE7089801680120ED
:105F1000B822C4F202029142009000F0B680FFE77E
:105F200008980168012040F21042C4F20202914236
:105F3000009000F0AA80FFE708980168012040F275
:105F40002842C4F202029142009000F09E80FFE7D6
:105F500008980168012040F24042C4F202029142D6
:105F6000009000F09280FFE708980168012040F25D
:105F70005842C4F202029142009000F08680FFE78E
:105F800008980168012040F27042C4F20202914276
:105F900000907AD0FFE708980168012040F288421B
:105FA000C4F20202914200906FD0FFE708980168A6
:105FB000012040F2A042C4F202029142009064D05B
:105FC000FFE708980168012040F2B842C4F20202DB
:105FD0009142009059D0FFE708980168012045F2EE
:105FE0000842C5F60202914200904ED0FFE70898A1
:105FF0000168012045F21C42C5F602029142009060
:1060000043D0FFE708980168012045F23042C5F609
:1060100002029142009038D0FFE708980168012001
:1060200045F24442C5F60202914200902DD0FFE7AE
:1060300008980168012045F25842C5F602029142D3
:10604000009022D0FFE708980168012045F26C42D9
:10605000C5F602029142009017D0FFE70898016848
:10606000012045F28042C5F60202914200900CD018
:10607000FFE7089800684AF66C31CAF2FD710844DF
:10608000B0FA80F040090090FFE70098C007A0B187
:10609000FFE70898416E806E48600898C06E58B15E
:1060A000FFE70898C16E086820F4807008600898BF
:1060B000016F406F4860FFE7FFE70899012081F812
:1060C0003500FFE70899002081F83400FFE7FFE77B
:1060D00000208DF82700FFE79DF827000AB080BD5B
:1060E00080B586B00490049820B9FFE701208DF8B0
:1060F000170046E3049890F83500022807D0FFE720
:1061000004998020486501208DF8170039E3049830
:10611000016801201022C4F202029142029000F0B4
:10612000A380FFE70498016801202822C4F202023C
:106130009142029000F09880FFE7049801680120E6
:106140004022C4F202029142029000F08D80FFE7EB
:106150000498016801205822C4F202029142029080
:1061600000F08280FFE70498016801207022C4F2E9
:1061700002029142029077D0FFE704980168012063
:106180008822C4F20202914202906DD0FFE7049887
:1061900001680120A022C4F202029142029063D061
:1061A000FFE7049801680120B822C4F2020291427C
:1061B000029059D0FFE704980168012040F2104294
:1061C000C4F20202914202904ED0FFE704980168A7
:1061D000012040F22842C4F202029142029043D0D0
:1061E000FFE704980168012040F24042C4F2020235
:1061F0009142029038D0FFE704980168012040F2F4
:106200005842C4F20202914202902DD0FFE7049856
:106210000168012040F27042C4F2020291420290F1
:1062200022D0FFE704980168012040F28842C4F2BE
:1062300002029142029017D0FFE704980168012002
:1062400040F2A042C4F20202914202900CD0FFE759
:10625000049800684FF64831CBF6FD710844B0FA57
:1062600080F040090290FFE70298C007002800F084
:106270009D80FFE70499042081F8350004980068A8
:106280001021C4F20201884200F08180FFE70498E7
:1062900000682821C4F20201884278D0FFE7049800
:1062A00000684021C4F20201884270D0FFE70498E0
:1062B00000685821C4F20201884268D0FFE70498C0
:1062C00000687021C4F20201884260D0FFE70498A0
:1062D00000688821C4F20201884258D0FFE7049880
:1062E0000068A021C4F20201884250D0FFE7049860
:1062F0000068B821C4F20201884248D0FFE7049840
:10630000006840F21041C4F2020188423FD0FFE72A
:106310000498006840F22841C4F20201884236D055
:10632000FFE70498006840F24041C4F2020188424D
:106330002DD0FFE70498006840F25841C4F20201F2
:10634000884224D0FFE70498006840F27041C4F20C
:10635000020188421BD0FFE70498006840F28841A0
:10636000C4F20201884212D0FFE70498006840F2AC
:10637000A041C4F20201884209D0FFE704980068F6
:1063800040F2B841C4F20201884207D1FFE7049805
:106390000168086820F00100086006E004980168C0
:1063A000086820F001000860FFE7E5E10498016853
:1063B000086820F00E000860049800681021C4F2FC
:1063C0000201884200F08180FFE7049800682821DC
:1063D000C4F20201884278D0FFE7049800684021A7
:1063E000C4F20201884270D0FFE704980068582187
:1063F000C4F20201884268D0FFE704980068702167
:10640000C4F20201884260D0FFE704980068882146
:10641000C4F20201884258D0FFE704980068A02126
:10642000C4F20201884250D0FFE704980068B82106
:10643000C4F20201884248D0FFE70498006840F2A5
:106440001041C4F2020188423FD0FFE7049800687F
:1064500040F22841C4F20201884236D0FFE7049896
:10646000006840F24041C4F2020188422DD0FFE7AB
:106470000498006840F25841C4F20201884224D0D6
:10648000FFE70498006840F27041C4F202018842BC
:106490001BD0FFE70498006840F28841C4F2020173
:1064A000884212D0FFE70498006840F2A041C4F28D
:1064B0000201884209D0FFE70498006840F2B84121
:1064C000C4F20201884207D1FFE704980168086816
:1064D00020F00100086006E004980168086820F0D8
:1064E00001000860FFE70498016801201022C4F24F
:1064F00002029142019000F00381FFE704980168D5
:1065000001202822C4F202029142019000F0F8809A
:10651000FFE70498016801204022C4F20202914280
:10652000019000F0ED80FFE70498016801205822F7
:10653000C4F202029142019000F0E280FFE7049869
:10654000016801207022C4F202029142019000F021
:10655000D780FFE70498016801208822C4F2020274
:106560009142019000F0CC80FFE70498016801207F
:10657000A022C4F202029142019000F0C180FFE724
:10658000049801680120B822C4F2020291420190ED
:1065900000F0B680FFE704980168012040F2104245
:1065A000C4F202029142019000F0AA80FFE7049831
:1065B0000168012040F22842C4F202029142019097
:1065C00000F09E80FFE704980168012040F24042FD
:1065D000C4F202029142019000F09280FFE7049819
:1065E0000168012040F25842C4F202029142019037
:1065F00000F08680FFE704980168012040F27042B5
:10660000C4F20202914201907AD0FFE70498016837
:10661000012040F28842C4F20202914201906FD000
:10662000FFE704980168012040F2A042C4F2020290
:106630009142019064D0FFE704980168012040F284
:10664000B842C4F202029142019059D0FFE7049887
:106650000168012045F20842C5F60202914201900C
:106660004ED0FFE704980168012045F21C42C5F6B0
:1066700002029142019043D0FFE704980168012093
:1066800045F23042C5F602029142019038D0FFE750
:1066900004980168012045F24442C5F60202914285
:1066A00001902DD0FFE704980168012045F258427F
:1066B000C5F602029142019022D0FFE704980168DA
:1066C000012045F26C42C5F602029142019017D0BA
:1066D000FFE704980168012045F28042C5F60202F6
:1066E000914201900CD0FFE7049800684AF66C31A3
:1066F000CAF2FD710844B0FA80F040090190FFE74A
:106700000198C00728B3FFE70498016E086820F4D9
:10671000807008600498806D03900498C06D00F04C
:106720001F0101208840039948600498416E806EE3
:1067300048600498C06E58B1FFE70498C16E0868BD
:1067400020F4807008600498016F406F4860FFE794
:10675000FFE70499012081F83500FFE70499002044
:1067600081F83400FFE70498006D20B1FFE704983A
:10677000016D8847FFE7FFE7FFE700208DF817006E
:10678000FFE79DF8170006B080BD00000000000084
:1067900081B000900098406D01B07047000000008B
:1067A00080B590B00F9000200B9040F23C00C2F2F8
:1067B0000040006848F2B511C1F64E31A0FB01104F
:1067C000800A0A900F98806D09900F98806D08904C
:1067D000099800680E90089800680D900F9801685D
:1067E00001201022C4F202029142079000F0A3801F
:1067F000FFE70F98016801202822C4F202029142AB
:10680000079000F09880FFE70F9801680120402270
:10681000C4F202029142079000F08D80FFE70F98CA
:10682000016801205822C4F202029142079000F050
:106830008280FFE70F98016801207022C4F20202F3
:106840009142079077D0FFE70F98016801208822D6
:10685000C4F20202914207906DD0FFE70F980168E1
:106860000120A022C4F202029142079063D0FFE708
:106870000F9801680120B822C4F2020291420790E9
:1068800059D0FFE70F980168012040F21042C4F28E
:106890000202914207904ED0FFE70F980168012055
:1068A00040F22842C4F202029142079043D0FFE72F
:1068B0000F980168012040F24042C4F20202914266
:1068C000079038D0FFE70F980168012040F2584246
:1068D000C4F20202914207902DD0FFE70F980168A1
:1068E000012040F27042C4F202029142079022D08D
:1068F000FFE70F980168012040F28842C4F20202CB
:106900009142079017D0FFE70F980168012040F2ED
:10691000A042C4F20202914207900CD0FFE70F9808
:1069200000684FF64831CBF6FD710844B0FA80F0AC
:1069300040090790FFE70798C007002800F013857B
:10694000FFE70E980F99C96D01F01F01C8400007BD
:10695000002840F1B080FFE70F9800681021C4F2D2
:106960000201884200F08180FFE70F98006828212B
:10697000C4F20201884278D0FFE70F9800684021F6
:10698000C4F20201884270D0FFE70F9800685821D6
:10699000C4F20201884268D0FFE70F9800687021B6
:1069A000C4F20201884260D0FFE70F980068882196
:1069B000C4F20201884258D0FFE70F980068A02176
:1069C000C4F20201884250D0FFE70F980068B82156
:1069D000C4F20201884248D0FFE70F98006840F2F5
:1069E0001041C4F2020188423FD0FFE70F980068CF
:1069F00040F22841C4F20201884236D0FFE70F98E6
:106A0000006840F24041C4F2020188422DD0FFE705
:106A10000F98006840F25841C4F20201884224D025
:106A2000FFE70F98006840F27041C4F2020188420B
:106A30001BD0FFE70F98006840F28841C4F20201C2
:106A4000884212D0FFE70F98006840F2A041C4F2DC
:106A50000201884209D0FFE70F98006840F2B84170
:106A6000C4F20201884207D1FFE70F98006800686E
:106A700000F00400069006E00F980068006800F03F
:106A800008000690FFE70698A0B1FFE70F9801689D
:106A9000086820F0040008600F98C06D00F01F0126
:106AA00008208840099988600F99486D40F00100DE
:106AB0004865FFE7FFE70E980F99C96D01F01F01C8
:106AC000C840C007002800F0A980FFE70F980068C1
:106AD0001021C4F20201884200F08180FFE70F9884
:106AE00000682821C4F20201884278D0FFE70F989D
:106AF00000684021C4F20201884270D0FFE70F987D
:106B000000685821C4F20201884268D0FFE70F985C
:106B100000687021C4F20201884260D0FFE70F983C
:106B200000688821C4F20201884258D0FFE70F981C
:106B30000068A021C4F20201884250D0FFE70F98FC
:106B40000068B821C4F20201884248D0FFE70F98DC
:106B5000006840F21041C4F2020188423FD0FFE7D2
:106B60000F98006840F22841C4F20201884236D0F2
:106B7000FFE70F98006840F24041C4F202018842EA
:106B80002DD0FFE70F98006840F25841C4F202018F
:106B9000884224D0FFE70F98006840F27041C4F2A9
:106BA000020188421BD0FFE70F98006840F288413D
:106BB000C4F20201884212D0FFE70F98006840F249
:106BC000A041C4F20201884209D0FFE70F98006893
:106BD00040F2B841C4F20201884207D1FFE70F98A2
:106BE0000068406900F08000059005E00F9800689B
:106BF000006800200590FFE7059870B1FFE70F9847
:106C0000C06D00F01F0101208840099988600F992C
:106C1000486D40F002004865FFE7FFE70E980F99C6
:106C2000C96D01F01F01C8404007002840F1A9804C
:106C3000FFE70F9800681021C4F20201884200F0BB
:106C40008180FFE70F9800682821C4F20201884282
:106C500078D0FFE70F9800684021C4F20201884213
:106C600070D0FFE70F9800685821C4F202018842F3
:106C700068D0FFE70F9800687021C4F202018842D3
:106C800060D0FFE70F9800688821C4F202018842B3
:106C900058D0FFE70F980068A021C4F20201884293
:106CA00050D0FFE70F980068B821C4F20201884273
:106CB00048D0FFE70F98006840F21041C4F202018B
:106CC00088423FD0FFE70F98006840F22841C4F2A5
:106CD0000201884236D0FFE70F98006840F2404139
:106CE000C4F2020188422DD0FFE70F98006840F2FD
:106CF0005841C4F20201884224D0FFE70F9800688F
:106D000040F27041C4F2020188421BD0FFE70F98A5
:106D1000006840F28841C4F20201884212D0FFE7C5
:106D20000F98006840F2A041C4F20201884209D0E5
:106D3000FFE70F98006840F2B841C4F202018842B0
:106D400007D1FFE70F980068006800F00200049088
:106D500005E00F980068006800200490FFE70498A1
:106D600070B1FFE70F98C06D00F01F01042088404C
:106D7000099988600F99486D40F004004865FFE765
:106D8000FFE70E980F99C96D01F01F01C840C006BA
:106D9000002840F1DE80FFE70F9800681021C4F260
:106DA0000201884200F08180FFE70F9800682821E7
:106DB000C4F20201884278D0FFE70F9800684021B2
:106DC000C4F20201884270D0FFE70F980068582192
:106DD000C4F20201884268D0FFE70F980068702172
:106DE000C4F20201884260D0FFE70F980068882152
:106DF000C4F20201884258D0FFE70F980068A02132
:106E0000C4F20201884250D0FFE70F980068B82111
:106E1000C4F20201884248D0FFE70F98006840F2B0
:106E20001041C4F2020188423FD0FFE70F9800688A
:106E300040F22841C4F20201884236D0FFE70F98A1
:106E4000006840F24041C4F2020188422DD0FFE7C1
:106E50000F98006840F25841C4F20201884224D0E1
:106E6000FFE70F98006840F27041C4F202018842C7
:106E70001BD0FFE70F98006840F28841C4F202017E
:106E8000884212D0FFE70F98006840F2A041C4F298
:106E90000201884209D0FFE70F98006840F2B8412C
:106EA000C4F20201884207D1FFE70F98006800682A
:106EB00000F00800039006E00F980068006800F0FA
:106EC00004000390FFE70398002841D0FFE70F98E4
:106ED000C06D00F01F0110208840099988600F984C
:106EE00000680068400300281AD5FFE70F98006883
:106EF00000680003002809D4FFE70F98006C20B158
:106F0000FFE70F98016C8847FFE708E00F98806C57
:106F100020B1FFE70F98816C8847FFE7FFE716E095
:106F20000F9800680068C005002807D4FFE70F9895
:106F30000168086820F008000860FFE70F98006CFF
:106F400020B1FFE70F98016C8847FFE7FFE7FFE7F5
:106F5000FFE70E980F99C96D01F01F01C840800628
:106F6000002840F12681FFE70F9800681021C4F245
:106F70000201884200F08180FFE70F980068282115
:106F8000C4F20201884278D0FFE70F9800684021E0
:106F9000C4F20201884270D0FFE70F9800685821C0
:106FA000C4F20201884268D0FFE70F9800687021A0
:106FB000C4F20201884260D0FFE70F980068882180
:106FC000C4F20201884258D0FFE70F980068A02160
:106FD000C4F20201884250D0FFE70F980068B82140
:106FE000C4F20201884248D0FFE70F98006840F2DF
:106FF0001041C4F2020188423FD0FFE70F980068B9
:1070000040F22841C4F20201884236D0FFE70F98CF
:10701000006840F24041C4F2020188422DD0FFE7EF
:107020000F98006840F25841C4F20201884224D00F
:10703000FFE70F98006840F27041C4F202018842F5
:107040001BD0FFE70F98006840F28841C4F20201AC
:10705000884212D0FFE70F98006840F2A041C4F2C6
:107060000201884209D0FFE70F98006840F2B8415A
:10707000C4F20201884207D1FFE70F980068006858
:1070800000F01000029006E00F980068006800F021
:1070900002000290FFE70298002800F08980FFE7D5
:1070A0000F98C06D00F01F0120208840099988606A
:1070B0000F9890F83500042837D1FFE70F98016842
:1070C000086820F0160008600F980168486920F0F1
:1070D000800048610F98006C20B9FFE70F98806C22
:1070E00038B1FFE70F980168086820F008000860D1
:1070F000FFE70F98C06D00F01F013F2088400999FD
:1071000088600F99012081F83500FFE70F99002072
:1071100081F83400FFE70F98006D20B1FFE70F986A
:10712000016D8847FFE700F019BC0F980068006800
:10713000400300281AD5FFE70F9800680068000395
:10714000002809D4FFE70F98406C20B1FFE70F98A3
:10715000416C8847FFE708E00F98C06B20B1FFE75C
:107160000F98C16B8847FFE7FFE720E00F980068A2
:107170000068C005002811D4FFE70F98016808686F
:1071800020F0100008600F99012081F83500FFE71A
:107190000F99002081F83400FFE7FFE70F98C06BDC
:1071A00020B1FFE70F98C16B8847FFE7FFE7FFE7D4
:1071B000FFE70F98406D002800F0D480FFE70F989C
:1071C000406DC007002800F0C480FFE70F9904203D
:1071D00081F835000F9800681021C4F2020188423E
:1071E00000F08180FFE70F9800682821C4F20201B7
:1071F000884278D0FFE70F9800684021C4F202016E
:10720000884270D0FFE70F9800685821C4F202014D
:10721000884268D0FFE70F9800687021C4F202012D
:10722000884260D0FFE70F9800688821C4F202010D
:10723000884258D0FFE70F980068A021C4F20201ED
:10724000884250D0FFE70F980068B821C4F20201CD
:10725000884248D0FFE70F98006840F21041C4F21E
:10726000020188423FD0FFE70F98006840F22841B2
:10727000C4F20201884236D0FFE70F98006840F25E
:107280004041C4F2020188422DD0FFE70F98006808
:1072900040F25841C4F20201884224D0FFE70F981F
:1072A000006840F27041C4F2020188421BD0FFE73F
:1072B0000F98006840F28841C4F20201884212D05F
:1072C000FFE70F98006840F2A041C4F20201884233
:1072D00009D0FFE70F98006840F2B841C4F20201FC
:1072E000884207D1FFE70F980168086820F0010085
:1072F000086006E00F980168086820F00100086047
:10730000FFE7FFE70B9801300B900A99884201D9FB
:10731000FFE707E0FFE70F9800680068C007002854
:10732000F0D1FFE70F9800680068C00728B1FFE7B9
:107330000F99032081F8350004E00F99012081F8AE
:107340003500FFE7FFE70F99002081F83400FFE7E1
:10735000FFE70F98C06C20B1FFE70F98C16C88471A
:10736000FFE7FFE7FAE20F980168012045F20842C3
:10737000C5F60202914201904ED0FFE70F980168D6
:10738000012045F21C42C5F602029142019043D011
:10739000FFE70F980168012045F23042C5F602026E
:1073A0009142019038D0FFE70F980168012045F223
:1073B0004442C5F60202914201902DD0FFE70F989A
:1073C0000168012045F25842C5F60202914201903F
:1073D00022D0FFE70F980168012045F26C42C5F604
:1073E00002029142019017D0FFE70F980168012037
:1073F00045F28042C5F60202914201900CD0FFE7AF
:107400000F9800684AF66C31CAF2FD710844B0FA70
:1074100080F040090190FFE70198C007002800F0C4
:107420009B82FFE70F98006800680C900D980F99F9
:10743000C96D01F01F01C8404007002840F1D78006
:10744000FFE79DF830004007002840F1D080FFE7BB
:107450000F98C06D00F01F01042088400899486013
:107460009DF831000006002818D5FFE79DF832008E
:10747000C00748B9FFE70F98806C20B1FFE70F986D
:10748000816C8847FFE708E00F98006C20B1FFE7A8
:107490000F98016C8847FFE7FFE7A7E09DF83000F1
:1074A0008006002800F19980FFE70F9800681021FE
:1074B000C4F20201884200F08180FFE70F98006863
:1074C0002821C4F20201884278D0FFE70F980068B3
:1074D0004021C4F20201884270D0FFE70F98006893
:1074E0005821C4F20201884268D0FFE70F98006873
:1074F0007021C4F20201884260D0FFE70F98006853
:107500008821C4F20201884258D0FFE70F98006832
:10751000A021C4F20201884250D0FFE70F98006812
:10752000B821C4F20201884248D0FFE70F980068F2
:1075300040F21041C4F2020188423FD0FFE70F98A9
:10754000006840F22841C4F20201884236D0FFE7C9
:107550000F98006840F24041C4F2020188422DD0E9
:10756000FFE70F98006840F25841C4F202018842D8
:1075700024D0FFE70F98006840F27041C4F2020186
:1075800088421BD0FFE70F98006840F28841C4F2A0
:107590000201884212D0FFE70F98006840F2A04134
:1075A000C4F20201884209D0FFE70F98006840F258
:1075B000B841C4F20201884207D1FFE70F98016881
:1075C000086820F00800086006E00F980168086865
:1075D00020F004000860FFE7FFE70F98006C20B17F
:1075E000FFE70F98016C8847FFE7FFE7B3E10D98CD
:1075F0000F99C96D01F01F01C8408007002840F1B4
:10760000E180FFE79DF830008007002840F1DA8034
:10761000FFE70F98C06D00F01F0102208840089915
:1076200048609DF831000006002818D5FFE79DF856
:107630003200C00748B9FFE70F98406C20B1FFE760
:107640000F98416C8847FFE708E00F98C06B20B1A6
:10765000FFE70F98C16B8847FFE7FFE7B1E09DF8B0
:1076600030008006002800F1A380FFE70F98006833
:107670001021C4F20201884200F08180FFE70F98D8
:1076800000682821C4F20201884278D0FFE70F98F1
:1076900000684021C4F20201884270D0FFE70F98D1
:1076A00000685821C4F20201884268D0FFE70F98B1
:1076B00000687021C4F20201884260D0FFE70F9891
:1076C00000688821C4F20201884258D0FFE70F9871
:1076D0000068A021C4F20201884250D0FFE70F9851
:1076E0000068B821C4F20201884248D0FFE70F9831
:1076F000006840F21041C4F2020188423FD0FFE727
:107700000F98006840F22841C4F20201884236D046
:10771000FFE70F98006840F24041C4F2020188423E
:107720002DD0FFE70F98006840F25841C4F20201E3
:10773000884224D0FFE70F98006840F27041C4F2FD
:10774000020188421BD0FFE70F98006840F2884191
:10775000C4F20201884212D0FFE70F98006840F29D
:10776000A041C4F20201884209D0FFE70F980068E7
:1077700040F2B841C4F20201884207D1FFE70F98F6
:107780000168086820F01400086006E00F9801689E
:10779000086820F00A000860FFE70F99012081F8CF
:1077A0003500FFE70F99002081F83400FFE7FFE77D
:1077B0000F98C06B20B1FFE70F98C16B8847FFE7B8
:1077C000FFE7C7E00D980F99C96D01F01F01C84090
:1077D0000007002840F1BC80FFE79DF8300000075B
:1077E000002840F1B580FFE70F9800681021C4F22F
:1077F0000201884200F08180FFE70F98006828218D
:10780000C4F20201884278D0FFE70F980068402157
:10781000C4F20201884270D0FFE70F980068582137
:10782000C4F20201884268D0FFE70F980068702117
:10783000C4F20201884260D0FFE70F9800688821F7
:10784000C4F20201884258D0FFE70F980068A021D7
:10785000C4F20201884250D0FFE70F980068B821B7
:10786000C4F20201884248D0FFE70F98006840F256
:107870001041C4F2020188423FD0FFE70F98006830
:1078800040F22841C4F20201884236D0FFE70F9847
:10789000006840F24041C4F2020188422DD0FFE767
:1078A0000F98006840F25841C4F20201884224D087
:1078B000FFE70F98006840F27041C4F2020188426D
:1078C0001BD0FFE70F98006840F28841C4F2020124
:1078D000884212D0FFE70F98006840F2A041C4F23E
:1078E0000201884209D0FFE70F98006840F2B841D2
:1078F000C4F20201884207D1FFE70F9801680868C7
:1079000020F01C00086006E00F980168086820F06D
:107910000E000860FFE70F98C06D00F01F01012006
:1079200000FA01F1089A51600F9948650F9981F8A2
:107930003500FFE70F99002081F83400FFE70F982A
:10794000C06C20B1FFE70F98C16C8847FFE700E0EB
:10795000FFE7FFE7FFE700E0FFE7FFE710B080BDCC
:1079600010B58EB00C9002F03FFD0A900C9828B92B
:10797000FFE701208DF8370000F09EBC0C980168ED
:1079800001201022C4F202029142079000F0A3806D
:10799000FFE70C98016801202822C4F202029142FC
:1079A000079000F09880FFE70C98016801204022C2
:1079B000C4F202029142079000F08D80FFE70C981C
:1079C000016801205822C4F202029142079000F09F
:1079D0008280FFE70C98016801207022C4F2020245
:1079E0009142079077D0FFE70C9801680120882228
:1079F000C4F20202914207906DD0FFE70C98016833
:107A00000120A022C4F202029142079063D0FFE756
:107A10000C9801680120B822C4F20202914207903A
:107A200059D0FFE70C980168012040F21042C4F2DF
:107A30000202914207904ED0FFE70C9801680120A6
:107A400040F22842C4F202029142079043D0FFE77D
:107A50000C980168012040F24042C4F202029142B7
:107A6000079038D0FFE70C980168012040F2584297
:107A7000C4F20202914207902DD0FFE70C980168F2
:107A8000012040F27042C4F202029142079022D0DB
:107A9000FFE70C980168012040F28842C4F202021C
:107AA0009142079017D0FFE70C980168012040F23F
:107AB000A042C4F20202914207900CD0FFE70C985A
:107AC00000684FF64831CBF6FD710844B0FA80F0FB
:107AD00040090790FFE70798C007002800F0788169
:107AE000FFE70C98406A08B1FFE7FFE70C99022016
:107AF00081F83500FFE70C99002081F83400FFE79A
:107B00000C9800681021C4F20201884200F08180C4
:107B1000FFE70C9800682821C4F20201884278D05F
:107B2000FFE70C9800684021C4F20201884270D03F
:107B3000FFE70C9800685821C4F20201884268D01F
:107B4000FFE70C9800687021C4F20201884260D0FF
:107B5000FFE70C9800688821C4F20201884258D0DF
:107B6000FFE70C980068A021C4F20201884250D0BF
:107B7000FFE70C980068B821C4F20201884248D09F
:107B8000FFE70C98006840F21041C4F202018842FD
:107B90003FD0FFE70C98006840F22841C4F2020190
:107BA000884236D0FFE70C98006840F24041C4F2AA
:107BB000020188422DD0FFE70C98006840F258413E
:107BC000C4F20201884224D0FFE70C98006840F21A
:107BD0007041C4F2020188421BD0FFE70C98006894
:107BE00040F28841C4F20201884212D0FFE70C98AB
:107BF000006840F2A041C4F20201884209D0FFE7C8
:107C00000C98006840F2B841C4F20201884207D1E2
:107C1000FFE70C980168086820F00100086006E0A2
:107C20000C980168086820F001000860FFE7FFE792
:107C30000C9800680068C00798B1FFE702F0D4FB19
:107C40000A99401A06280BD3FFE70C9920204865B3
:107C50000C99032081F8350001208DF837002BE3C3
:107C6000E6E70C98006800680B900B9848F23F011B
:107C7000CFF6106108400B900C998868D1F80CC0C1
:107C80000B694A6940EA0C00184310438A691043A3
:107C9000CA691043096A01430B9808430B900C987A
:107CA000406A042808D1FFE70C99C86A096B0143B0
:107CB0000B9808430B90FFE70C984068292807D3DE
:107CC000FFE70C98416801202F29069036D3FFE783
:107CD0000C9840683F2807D3FFE70C9841680120C3
:107CE000432906902AD3FFE70C984068472807D31A
:107CF000FFE70C9841680120492906901ED3FFE751
:107D00000C9840684F2807D3FFE70C984168012082
:107D10005329069012D3FFE70C984168002074297C
:107D2000059008D3FFE70C9841680020782938BFF8
:107D300001200590FFE705980690FFE70698C00729
:107D400028B1FFE70B9840F480100B90FFE70B98E9
:107D50000C99096808600C98006840690B900B98B2
:107D600020F007000B900C98416A0B9808430B9089
:107D70000C98406A04281AD1FFE70C98816A0B9886
:107D800008430B900C98C06A80B1FFE70C98FBF792
:107D90009FF950B1FFE70C99402048650C990120EC
:107DA00081F835008DF8370086E2FFE7FFE70B9892
:107DB0000C99096848610C98FAF74EFF09900C98E5
:107DC000C06D00F01F013F2088400999886026E1BE
:107DD0000C980168012045F20842C5F60202914262
:107DE00004904ED0FFE70C980168012045F21C4238
:107DF000C5F602029142049043D0FFE70C98016857
:107E0000012045F23042C5F602029142049038D07A
:107E1000FFE70C980168012045F24442C5F60202D2
:107E2000914204902DD0FFE70C980168012045F2A3
:107E30005842C5F602029142049022D0FFE70C9806
:107E40000168012045F26C42C5F60202914204909D
:107E500017D0FFE70C980168012045F28042C5F673
:107E60000202914204900CD0FFE70C9800684AF699
:107E70006C31CAF2FD710844B0FA80F040090490F8
:107E8000FFE70498C007002800F0BD80FFE70C98CA
:107E90000168012045F20842C5F6020291420390B2
:107EA0004ED0FFE70C980168012045F21C42C5F650
:107EB00002029142039043D0FFE70C980168012031
:107EC00045F23042C5F602029142039038D0FFE7F6
:107ED0000C980168012045F24442C5F60202914225
:107EE00003902DD0FFE70C980168012045F258421D
:107EF000C5F602029142039022D0FFE70C98016878
:107F0000012045F26C42C5F602029142039017D05F
:107F1000FFE70C980168012045F28042C5F6020295
:107F2000914203900CD0FFE70C9800684AF66C3140
:107F3000CAF2FD710844B0FA80F040090390FFE7EF
:107F40000398C00708B1FFE7FFE70C99022081F80A
:107F50003500FFE70C99002081F83400FFE70C980A
:107F6000006800680B900B986FF310100B900C9842
:107F70008068402803D1FFE71020029008E00C98A9
:107F800080688038B0FA80F0400980030290FFE7F3
:107F900002980C99CA680B69D1F814C0D1F818E09E
:107FA000CC694EEA040E4CEA0E0C43EA0C031A4369
:107FB00040EAD200096A40EA11110B9808430B907D
:107FC0000B980C99096808600C9908684AF6F83211
:107FD000CAF2FD7210444CF6CD42CCF6CC42A0FB66
:107FE00002026FF0030000EA9200C8650C98FAF7ED
:107FF00033FE08900C98C06D00F01F0101208840EE
:10800000089948600AE00C99402048650C990320C3
:1080100081F8350001208DF837004DE1FFE70C981D
:10802000016801201022C4F202029142019000F086
:108030000381FFE70C98016801202822C4F20202A4
:108040009142019000F0F880FFE70C980168012050
:108050004022C4F202029142019000F0ED80FFE75D
:108060000C98016801205822C4F20202914201904A
:1080700000F0E280FFE70C98016801207022C4F252
:1080800002029142019000F0D780FFE70C9801684E
:1080900001208822C4F202029142019000F0CC80BB
:1080A000FFE70C9801680120A022C4F2020291426D
:1080B000019000F0C180FFE70C9801680120B82210
:1080C000C4F202029142019000F0B680FFE70C98E2
:1080D0000168012040F21042C4F202029142019074
:1080E00000F0AA80FFE70C980168012040F22842C6
:1080F000C4F202029142019000F09E80FFE70C98CA
:108100000168012040F24042C4F202029142019013
:1081100000F09280FFE70C980168012040F258427D
:10812000C4F202029142019000F08680FFE70C98B1
:108130000168012040F27042C4F2020291420190B3
:108140007AD0FFE70C980168012040F28842C4F21F
:108150000202914201906FD0FFE70C980168012064
:1081600040F2A042C4F202029142019064D0FFE7C3
:108170000C980168012040F2B842C4F20202914218
:10818000019059D0FFE70C980168012045F20842A0
:10819000C5F60202914201904ED0FFE70C980168AB
:1081A000012045F21C42C5F602029142019043D0E3
:1081B000FFE70C980168012045F23042C5F6020243
:1081C0009142019038D0FFE70C980168012045F2F8
:1081D0004442C5F60202914201902DD0FFE70C986F
:1081E0000168012045F25842C5F602029142019011
:1081F00022D0FFE70C980168012045F26C42C5F6D9
:1082000002029142019017D0FFE70C98016801200B
:1082100045F28042C5F60202914201900CD0FFE780
:108220000C9800684AF66C31CAF2FD710844B0FA45
:1082300080F040090190FFE70198C00790B3FFE785
:108240000C98FAF7F1FD0C988068802804D1FFE7BC
:108250000C9900204860FFE70C990879096E0860C6
:108260000C98416E806E48600C98406888B1FFE7BA
:108270000C98406808280CD8FFE70C98FAF790FE95
:108280000C98C16E002008600C98016F406F486028
:1082900007E00C990020C8660C9908670C9948679C
:1082A000FFE7FFE70C99002048650C9A012182F84E
:1082B00035108DF83700FFE79DF837000EB010BD80
:1082C00080B588B0069005910492039300208DF844
:1082D0000B00069820B9FFE701208DF81F006CE322
:1082E000FFE7069890F83400012804D1FFE7022048
:1082F0008DF81F0061E30699012081F83400FFE743
:10830000FFE7069890F83500012840F04383FFE727
:108310000699022081F835000699002048650698E4
:1083200000681021C4F20201884200F08180FFE75A
:10833000069800682821C4F20201884278D0FFE73D
:10834000069800684021C4F20201884270D0FFE71D
:10835000069800685821C4F20201884268D0FFE7FD
:10836000069800687021C4F20201884260D0FFE7DD
:10837000069800688821C4F20201884258D0FFE7BD
:1083800006980068A021C4F20201884250D0FFE79D
:1083900006980068B821C4F20201884248D0FFE77D
:1083A0000698006840F21041C4F2020188423FD0B2
:1083B000FFE70698006840F22841C4F202018842B3
:1083C00036D0FFE70698006840F24041C4F202014F
:1083D00088422DD0FFE70698006840F25841C4F269
:1083E0000201884224D0FFE70698006840F27041FD
:1083F000C4F2020188421BD0FFE70698006840F2F1
:108400008841C4F20201884212D0FFE70698006852
:1084100040F2A041C4F20201884209D0FFE7069869
:10842000006840F2B841C4F20201884207D1FFE778
:1084300006980168086820F00100086006E00698C8
:108440000168086820F001000860FFE706980599B8
:10845000049A039BFAF7B4FE0698016801201022E3
:10846000C4F202029142019000F0A380FFE7069857
:10847000016801202822C4F202029142019000F01A
:108480009880FFE70698016801204022C4F20202AA
:108490009142019000F08D80FFE70698016801206D
:1084A0005822C4F202029142019000F08280FFE75C
:1084B0000698016801207022C4F2020291420190E4
:1084C00077D0FFE70698016801208822C4F20202F3
:1084D000914201906DD0FFE7069801680120A0222B
:1084E000C4F202029142019063D0FFE7069801684E
:1084F0000120B822C4F202029142019059D0FFE754
:1085000006980168012040F21042C4F20202914232
:1085100001904ED0FFE706980168012040F2284202
:10852000C4F202029142019043D0FFE7069801682D
:10853000012040F24042C4F202029142019038D040
:10854000FFE706980168012040F25842C4F2020297
:10855000914201902DD0FFE706980168012040F27A
:108560007042C4F202029142019022D0FFE70698C5
:108570000168012040F28842C4F202029142019057
:1085800017D0FFE706980168012040F2A042C4F22C
:108590000202914201900CD0FFE7069800684FF666
:1085A0004831CBF6FD710844B0FA80F040090190E3
:1085B000FFE70198C007A8B1FFE7069800680068C8
:1085C0000B2161F344000699096808600698006C65
:1085D00038B1FFE706980168086840F008000860B5
:1085E000FFE714E0069800680068052161F3430086
:1085F0000699096808600698006C38B1FFE706988C
:108600000168086840F004000860FFE7FFE706988B
:10861000016801201022C4F202029142009000F091
:108620000381FFE70698016801202822C4F20202B4
:108630009142009000F0F880FFE706980168012061
:108640004022C4F202029142009000F0ED80FFE768
:108650000698016801205822C4F20202914200905B
:1086600000F0E280FFE70698016801207022C4F262
:1086700002029142009000F0D780FFE7069801685F
:1086800001208822C4F202029142009000F0CC80C6
:10869000FFE7069801680120A022C4F2020291427D
:1086A000009000F0C180FFE7069801680120B82221
:1086B000C4F202029142009000F0B680FFE70698F3
:1086C0000168012040F21042C4F20202914200907F
:1086D00000F0AA80FFE706980168012040F22842D6
:1086E000C4F202029142009000F09E80FFE70698DB
:1086F0000168012040F24042C4F20202914200901F
:1087000000F09280FFE706980168012040F258428D
:10871000C4F202029142009000F08680FFE70698C2
:108720000168012040F27042C4F2020291420090BE
:108730007AD0FFE706980168012040F28842C4F22F
:108740000202914200906FD0FFE706980168012075
:1087500040F2A042C4F202029142009064D0FFE7CE
:1087600006980168012040F2B842C4F20202914228
:10877000009059D0FFE706980168012045F20842B1
:10878000C5F60202914200904ED0FFE706980168BC
:10879000012045F21C42C5F602029142009043D0EE
:1087A000FFE706980168012045F23042C5F6020253
:1087B0009142009038D0FFE706980168012045F209
:1087C0004442C5F60202914200902DD0FFE7069880
:1087D0000168012045F25842C5F60202914200901C
:1087E00022D0FFE706980168012045F26C42C5F6E9
:1087F00002029142009017D0FFE70698016801201D
:1088000045F28042C5F60202914200900CD0FFE78B
:10881000069800684AF66C31CAF2FD710844B0FA55
:1088200080F040090090FFE70098C007D0B1FFE753
:108830000698006E0068C003002807D5FFE7069879
:10884000016E086840F480700860FFE70698C06E0B
:1088500038B1FFE70698C16E086840F48070086080
:10886000FFE7FFE7069800681021C4F20201884282
:1088700000F08180FFE7069800682821C4F2020119
:10888000884278D0FFE7069800684021C4F20201D0
:10889000884270D0FFE7069800685821C4F20201B0
:1088A000884268D0FFE7069800687021C4F2020190
:1088B000884260D0FFE7069800688821C4F2020170
:1088C000884258D0FFE706980068A021C4F2020150
:1088D000884250D0FFE706980068B821C4F2020130
:1088E000884248D0FFE70698006840F21041C4F281
:1088F000020188423FD0FFE70698006840F2284115
:10890000C4F20201884236D0FFE70698006840F2C0
:108910004041C4F2020188422DD0FFE7069800686A
:1089200040F25841C4F20201884224D0FFE7069881
:10893000006840F27041C4F2020188421BD0FFE798
:108940000698006840F28841C4F20201884212D0C1
:10895000FFE70698006840F2A041C4F20201884295
:1089600009D0FFE70698006840F2B841C4F202015E
:10897000884207D1FFE706980168086840F00100C7
:10898000086006E006980168086840F00100086089
:10899000FFE70DE006994FF400604865FFE7069990
:1089A000002081F83400FFE701208DF80B00FFE77D
:1089B0009DF80B008DF81F00FFE79DF81F0008B021
:1089C00080BD00000000000080B584B0039001F07D
:1089D0000BFD0290039801900198013048B1FFE728
:1089E00040F28420C2F200400178019808440190CE
:1089F000FFE7FFE701F0F8FC0299401A019988426D
:108A000001D2FFE7F6E704B080BD000000000000DF
:108A100085B0039002910192039890F898008DF828
:108A200003009DF80300012805D0FFE79DF803002F
:108A300002285DD1FFE7029803990968896D084211
:108A400007D1FFE703980168C86D40F00100C865D1
:108A500015E0029803990968896D084002998842D7
:108A600007D1FFE703980168C86D40F00200C865B0
:108A700004E0039801680320C865FFE7FFE79DF85D
:108A800009008007002809D5FFE7019A03980168CB
:108A9000D1F8E0001043C1F8E000FFE79DF80900BD
:108AA0004007002809D5FFE7019A03980168D1F82B
:108AB000E4001043C1F8E400FFE7FFE702984FF637
:108AC000FF71C3F6CF7100EA010203980168486D97
:108AD00010434865029A4AF61401C4F2000108687E
:108AE00040EA92700860FFE700208DF813000AE06A
:108AF0000399D1F89C0040F00200C1F89C000120CD
:108B00008DF81300FFE79DF8130005B070470000D3
:108B100080B586B00490039102920398406808B92A
:108B2000FFE700E0FFE7049890F89800022845D19D
:108B3000FFE704980068D0F8C00010F07C5F0BD10C
:108B4000FFE70499D1F89C0040F02000C1F89C0098
:108B500001208DF817003CE004980068D0F8C400AC
:108B6000800200280BD5FFE70499D1F89C0040F45F
:108B70000070C1F89C0001208DF8170029E00498CE
:108B80000068D0F8C400C0F3044001900498039931
:108B9000029A019BFAF734FF0199012000FA01F1D2
:108BA000049A1268C2F8D010019988400499C1F85B
:108BB0009400FFE700208DF817000AE00499D1F82F
:108BC0009C0040F00800C1F89C0001208DF81700BF
:108BD000FFE79DF8170006B080BD00000000000010
:108BE00082B00190009102B07047000000000000C8
:108BF00084B0029001910092019808B9FFE700E06B
:108C0000FFE7029890F89800012836D1FFE7019815
:108C100070B9FFE702980068D0F8F00020F07C50AF
:108C2000009940EA016002990968C1F8F00020E06B
:108C3000019801280ED1FFE702980068D0F8A00043
:108C400020F0FE40009940EA016002990968C1F8ED
:108C5000A0000DE002980068D0F8B00020F0FE40BF
:108C6000009940EA016002990968C1F8B000FFE785
:108C7000FFE700208DF80F000AE00299D1F89C0070
:108C800040F00400C1F89C0001208DF80F00FFE7C0
:108C90009DF80F0004B0704787B0059004910598C7
:108CA00090F898008DF803009DF80300012805D086
:108CB000FFE79DF8030002286AD1FFE70498C06827
:108CC000072801D1FFE7FFE70498006878BBFFE7BA
:108CD0000498C068072801D0FFE7FFE70498C06840
:108CE00007280CD1FFE7049A10699169D269000442
:108CF00040EA0220084340F0605003900CE00499E1
:108D00008868CB680A694969800740EAC36040EA1D
:108D1000024008430390FFE70598C06E0499496834
:108D200000EB810001900398019908602CE0049801
:108D3000C068072801D0FFE7FFE70498C168006911
:108D400040EA417003900498C068072804D1FFE707
:108D500004988069029006E004988168406940EABE
:108D600081700290FFE70598006F0499496800EB55
:108D7000C1000190039801990860019804300190A6
:108D8000029801990860FFE700208DF81B000AE0B7
:108D90000599D1F89C0040F00200C1F89C00012028
:108DA0008DF81B00FFE79DF81B0007B0704700001F
:108DB00085B0DDF814C003900291019200930398EE
:108DC00090F89800012812D1FFE70298000101995C
:108DD00040EA8100009940EA41000599084303995F
:108DE0000968C1F8800000208DF813000AE003999B
:108DF000D1F89C0040F00400C1F89C0001208DF8DF
:108E00001300FFE79DF8130005B070470000000055
:108E100080B584B0039041F61410C2F20040009077
:108E200003A924F0C1FE01460098029124F0ACFE93
:108E3000019002A801A92EF09FF840B1FFE702A817
:108E40001CF07EF84068039919F04EFAFFE704B071
:108E500080BD00000000000082B00190009102B0CF
:108E600070470000000000008AB008900791069249
:108E7000059300200190089890F898008DF8030061
:108E80009DF80300022840F05C81FFE70798402826
:108E900051D1FFE708980068D0F8A00010F4FE0F49
:108EA0000BD1FFE70899D1F89C0040F02000C1F8F1
:108EB0009C0001208DF827004EE108980068D0F84A
:108EC000A400400658B9FFE70899D1F89C0040F487
:108ED0008070C1F89C0001208DF827003CE10898C3
:108EE0000068D0F8A40000F080710120B0EB116F91
:108EF0000DD1FFE708980068D0F8A0100120B0EB72
:108F0000D17F03D1FFE701200190FFE7FFE7089839
:108F10000068D0F8A40000F47C51019800EB112007
:108F200001900898426C406F0199514300EB810019
:108F30000490FFE770E00798412851D1FFE70898B7
:108F40000068D0F8B00010F4FE0F0BD1FFE70899CD
:108F5000D1F89C0040F02000C1F89C0001208DF861
:108F60002700F9E008980068D0F8B400400658B926
:108F7000FFE70899D1F89C0040F48070C1F89C008C
:108F800001208DF82700E7E008980068D0F8B400C9
:108F900000F080710120B0EB116F0DD1FFE7089850
:108FA0000068D0F8B0100120B0EBD17F03D1FFE70B
:108FB00001200190FFE7FFE708980068D0F8B400AF
:108FC00000F47C51019800EB112001900898C26CCC
:108FD000806F0199514300EB81000490FFE71AE094
:108FE00007980899096D88420BD3FFE70899D1F8D3
:108FF0009C0040F02000C1F89C0001208DF8270063
:10900000AAE00898426DC06F0799514300EB8100B8
:109010000490FFE7FFE7FFE70498006800F0804056
:10902000069948600698406838B9FFE704980068D8
:10903000C0F38A400699086006E00498006820F0B2
:10904000604006990860FFE70498006800F000504F
:10905000069988600498006800F00040069908614D
:10906000049804300490049800880699C861049814
:109070000068C0F303400699C8600498006800F4D3
:109080008010069948610498006800F40010069961
:10909000886104980068C0F3066006990862049825
:1090A0000068C00F06994862049804300490049840
:1090B000039000200290FFE702980699CA684CF2DC
:1090C0002E71C0F60301895C88420AD2FFE703983B
:1090D000029A805C05998854FFE70298013002905B
:1090E000EAE70798402806D1FFE701980899096840
:1090F000C1F8A80021E00798412806D1FFE70198B0
:1091000008990968C1F8B80016E007981F2808D820
:10911000FFE707990120884008990968C1F898007D
:1091200009E0079800F01F010120884008990968AC
:10913000C1F89C00FFE7FFE7FFE700208DF827005C
:109140000AE00899D1F89C0040F00800C1F89C00A2
:1091500001208DF82700FFE79DF827000AB070472F
:1091600081B0009001B0704780B594B013904AF67A
:109170001000C4F200000068800712904AF6140044
:10918000C4F200000168129800EA817012901398EE
:109190000068006D00F47040119013980068416DF4
:1091A00011980840119013980068006D00F00F00AE
:1091B000109013980068416D109808401090139813
:1091C0000068006D00F0F0000F9013980068416D8A
:1091D0000F9808400F9013980068006D00F07150D0
:1091E0000E9013980068416D0E9808400E901398E9
:1091F0000068006D00F060700D9013980068416D7C
:109200000D9808400D9013980068406D03901398D6
:109210000068006D01909DF80D00C007B8B1FFE730
:109220009DF80500C00788B1FFE7FFE713980168C4
:109230004FF4807008654AF61001C4F20001002066
:109240000860FFE71398FFF78BFFFFE7FFE79DF844
:109250000D0000F004010020B0EB910F28D0FFE7D3
:109260009DF8050000F004010020B0EB910F1ED026
:10927000FFE713980068D0F8DC000B9013980068A3
:10928000D0F8E4100B9808400B90FFE713980168A2
:109290004FF4806008654AF61001C4F20001002016
:1092A0000860FFE713980B9900F05AFEFFE7FFE70D
:1092B0001298B8B1FFE7FFE712984FF6FF71C3F6B7
:1092C000CF7108401399096808651298800F4AF613
:1092D0001001C4F200010860FFE713981299FFF72C
:1092E0007FFCFFE71198B8B1FFE7FFE711984FF651
:1092F000FF71C3F6CF71084013990968086511988A
:10930000800F4AF61001C4F200010860FFE71398CD
:10931000119900F035FEFFE71098B8B1FFE7FFE7BD
:1093200010984FF6FF71C3F6CF7108401399096882
:1093300008651098800F4AF61001C4F20001086019
:10934000FFE71398109900F0F3FCFFE70F98B8B10E
:10935000FFE7FFE70F984FF6FF71C3F6CF710840A4
:109360001399096808650F98800F4AF61001C4F236
:1093700000010860FFE713980F9900F001FDFFE777
:109380009DF80D0000F008010020B0EBD10F1BD0BC
:10939000FFE79DF8050000F008010020B0EBD10FB9
:1093A00011D0FFE7FFE7139801684FF400600865EC
:1093B0004AF61001C4F2000100200860FFE713988C
:1093C00000F0E6FDFFE7FFE79DF80D0000F0020169
:1093D0000020B0EB510F28D0FFE79DF8050000F00A
:1093E00002010020B0EB510F1ED0FFE71398006878
:1093F000D0F8D8000C9013980068D0F8E0100C98C2
:1094000008400C90FFE7139801684FF4007008655E
:109410004AF61001C4F2000100200860FFE713982B
:109420000C9900F0A5FDFFE7FFE79DF80E0000F0A6
:1094300008010020B0EBD10F1BD0FFE79DF806001C
:1094400000F008010020B0EBD10F11D0FFE7FFE7DB
:10945000139801684FF4002008654AF61001C4F221
:10946000000100200860FFE7139800F05DFCFFE7B3
:10947000FFE79DF80E00C007B8B1FFE79DF80600B2
:10948000C00788B1FFE7FFE7139801684FF4803009
:1094900008654AF61001C4F2000100200860FFE7E9
:1094A000139800F059FDFFE7FFE79DF80E0000F06C
:1094B00004010020B0EB910F1BD0FFE79DF80600E0
:1094C00000F004010020B0EB910F11D0FFE7FFE79F
:1094D000139801684FF4802008654AF61001C4F221
:1094E000000100200860FFE7139800F031FDFFE75E
:1094F000FFE79DF80E0000F002010020B0EB510FD5
:109500001FD0FFE79DF8060000F002010020B0EB3D
:10951000510F15D0FFE7FFE7139801684FF40030B3
:1095200008654AF61001C4F2000100200860FFE758
:109530001399D1F89C0040F08000C1F89C00FFE72F
:10954000FFE70D98B8B1FFE7FFE70D984FF6FF7101
:10955000C3F6CF7108401399096808650D98800F0C
:109560004AF61001C4F200010860FFE713980D9954
:10957000FFF772FCFFE70E98D0B1FFE7FFE70E9808
:109580004FF6FF71C3F6CF7108401399096808655B
:109590000E98800F4AF61001C4F200010860FFE740
:1095A0000E9A1399D1F89C001043C1F89C00FFE774
:1095B000139800684AF20001C4F20001884240F0AA
:1095C000B980FFE71398406880688007002800F0A2
:1095D000B080FFE713984068006A00F00F000A901F
:1095E00013984068416A0A9808400A9013984068A6
:1095F000006A00F03000099013984068416A0998A9
:109600000840099013984068006A00F4C070089000
:1096100013984068416A0898084008901398406879
:10962000006A00F4FC40079013984068416A07986C
:109630000840079013984068006A00F4F0200690F4
:1096400013984068416A069808400690139840684D
:10965000406A029013984068006A00900A9848B1E6
:10966000FFE70A9813994968086213980A9900F06D
:1096700057FCFFE7099848B1FFE709981399496833
:1096800008621398099900F05BFCFFE79DF8080059
:1096900000F040010020B0EB911F1FD0FFE79DF8C4
:1096A000000000F040010020B0EB911F15D0FFE753
:1096B00013984068C06B000C059013984068C06B0D
:1096C00000F03F000490139841684020086213980E
:1096D0000599049A00F02CFCFFE7FFE7089848B1D1
:1096E000FFE708981399496808621398089900F0F1
:1096F0000FFCFFE7079860B1FFE7079813994968E7
:109700000862079A1399D1F89C001043C1F89C0095
:10971000FFE7069860B1FFE7069813994968086269
:10972000069A1399D1F89C001043C1F89C00FFE7FA
:10973000FFE7FFE71398D0F89C0020B1FFE71398EC
:10974000FFF766FBFFE714B080BD000000000000DB
:1097500080B598B016904CF2C061C0F6030101A824
:109760004C22F6F7F0FF169820B9FFE701208DF89C
:109770005F00D9E1169800684AF20001C4F20001C6
:10978000884206D1FFE71699086800F580704860A6
:10979000FFE716988068B0F5407F01D1FFE7FFE74B
:1097A0001698006C08B1FFE7FFE71698806C08B1C7
:1097B000FFE7FFE71698006D08B1FFE7FFE716988F
:1097C000006E08B1FFE7FFE71699C86D096E0844FF
:1097D00008B1FFE7FFE7169890F8980040B9FFE757
:1097E0001699002081F89900169800F0A1F9FFE77A
:1097F00016980168886920F01000886100F0F4FD77
:109800001590FFE71698006880690007002817D5B3
:10981000FFE700F0E9FD1599401A0B280FD3FFE789
:109820001699D1F89C0040F00100C1F89C001699EF
:10983000032081F8980001208DF85F0074E1E1E7D2
:1098400016980168886940F00100886100F0CCFD3D
:109850001590FFE7169800688069C007B8B9FFE760
:1098600000F0C2FD1599401A0B280FD3FFE7169997
:10987000D1F89C0040F00100C1F89C00169903202B
:1098800081F8980001208DF85F004DE1E2E716981D
:109890000168886940F0020088611698007C012800
:1098A00007D1FFE716980168886920F040008861B9
:1098B00006E016980168886940F040008861FFE77B
:1098C0001698407C012807D1FFE71698016888693F
:1098D00040F48040886106E016980168886920F4A9
:1098E00080408861FFE71698807C012807D1FFE758
:1098F00016980168886920F48050886106E01698FF
:109900000168886940F480508861FFE71698006814
:10991000806920F44070169A11689268104388613B
:1099200016980168886920F0A4008861169801687B
:10993000086920F0100008611698C068012807D156
:10994000FFE716980168886940F0040088612BE001
:109950001698C06830B3FFE71698C068022819D07F
:10996000FFE716980168886940F0800088611698C2
:109970000168086940F0100008611698C068032863
:1099800007D1FFE716980168886940F020008861D8
:10999000FFE706E016980168886940F020008861BA
:1099A000FFE700E0FFE7FFE7169A11685369906947
:1099B000D2F81CE0A0F1010C6FF0FF0000EB0E20CC
:1099C00040EA4C60126A013A10430022CFF6FF725F
:1099D00002EB03421043C86116988068B0F5407FDF
:1099E0001CD1FFE7169A1168536A906AD2F82CE0EE
:1099F00001386FF0FF0C0CEB0E2C40EA0C00D2F893
:109A000030C06FF00F0202EB0C1210430022CFF6B1
:109A1000FF7202EB03421043C860FFE71698006E26
:109A200048B1FFE716980168426ED1F8C0001043B4
:109A3000C1F8C000FFE71699C86D096E084480B1EF
:109A4000FFE716980068D0F8C80020F00700169AC3
:109A50001168936E01AA52F823201043C1F8C80080
:109A6000FFE71698006C80B1FFE716980068D0F801
:109A7000BC0020F00700169A1168536C01AA52F836
:109A800023201043C1F8BC00FFE71698806C88B112
:109A9000FFE716980068D0F8BC0020F07000169A16
:109AA0001168D36C01AA52F8232040EA0210C1F8D1
:109AB000BC00FFE71698006D88B1FFE716980068B4
:109AC000D0F8BC0020F4E060169A1168536D01AA2A
:109AD00052F8232040EA0220C1F8BC00FFE71698A4
:109AE00000684AF20001C4F20001884207D1FFE792
:109AF00016984168886820F003008860FFE716998F
:109B00000020C1F894001699C1F89C001699012014
:109B100081F898001698F9F70FFE8DF853009DF81C
:109B200053008DF85F00FFE79DF85F0018B080BD1F
:109B300080B594B0139000201290119010900F9067
:109B40000E90139800684AF20001C4F200018842A6
:109B500045D1FFE740F2EC30C2F20040016801312C
:109B600001600068012810D1FFE7FFE744F2EC40F4
:109B7000C5F60200016841F480710160006800F4DC
:109B800080700D900D98FFE7FFE7FFE744F2E0409B
:109B9000C5F60200016841F008010160006800F0AC
:109BA00008000C900C98FFE703200E9002200F9005
:109BB00000200690109011900920129040F600406D
:109BC000C5F602000EA900F00BFA069A13200790C2
:109BD000052100F0F9FC079800F0EAFC9FE01398DB
:109BE00000684AF20041C4F20001884245D1FFE713
:109BF00040F2EC30C2F200400168013101600068BF
:109C0000012810D1FFE7FFE744F2EC40C5F602005F
:109C1000016841F480710160006800F480700B906D
:109C20000B98FFE7FFE7FFE744F2E040C5F60200CC
:109C3000016841F002010160006800F002000A9032
:109C40000A98FFE760200E9002200F9000200490F9
:109C5000109011900920129040F20040C5F60200C9
:109C60000EA900F0BDF9049A14200590052100F01A
:109C7000ABFC059800F09CFC50E0139800684DF296
:109C80000041C4F20001884247D1FFE740F2EC30C6
:109C9000C2F200400168013101600068012810D162
:109CA000FFE7FFE744F2EC40C5F60200016841F42B
:109CB00080710160006800F4807009900998FFE7E6
:109CC000FFE7FFE744F2E040C5F60200016841F01B
:109CD00008010160006800F0080008900898FFE79C
:109CE0004FF440500E9002200F90002002901090F0
:109CF000119005200190129040F60040C5F6020038
:109D00000EA900F06DF90199029A9F20039000F0CE
:109D10005BFC039800F04CFCFFE7FFE7FFE714B0A3
:109D200080BD00000000000081B0009001B07047CD
:109D300080B586B005900491049801281DD1FFE7F5
:109D400041F61410C2F20040019005A923F02CFF47
:109D500001460198039123F017FF029003A802A97E
:109D60002DF00AF940B1FFE703A81BF0E9F84068BD
:109D7000059918F021FAFFE7FFE706B080BD000063
:109D800080B586B005900491049810281DD1FFE796
:109D900041F61410C2F20040019005A923F004FF1F
:109DA00001460198039123F0EFFE029003A802A957
:109DB0002DF0E2F840B1FFE703A81BF0C1F84068BE
:109DC000059918F0F9F9FFE7FFE706B080BD00003C
:109DD00082B00090009890F89800012811D1FFE718
:109DE0000099022081F8980000980168886920F0A5
:109DF0000100886100990020C1F89C008DF80700DF
:109E00000AE00099D1F89C0040F00400C1F89C00E1
:109E100001208DF80700FFE79DF8070002B07047AA
:109E200083B0019000200090019890F898000228DB
:109E30005CD1FFE701980168886940F00100886102
:109E4000FFE7019800688069C007B8B9FFE700988C
:109E500033280FD3FFE70199D1F89C0040F00100AF
:109E6000C1F89C000199032081F8980001208DF829
:109E70000B0046E0009801300090E2E700200090DF
:109E800001980168886920F010008861FFE7019857
:109E9000006880690007002817D5FFE7009833287D
:109EA0000FD3FFE70199D1F89C0040F00100C1F801
:109EB0009C000199032081F8980001208DF80B0087
:109EC0001FE0009801300090E1E70198016888697F
:109ED00040F00200886101990020C1F89400019AC5
:109EE000012182F898108DF80B000AE00199D1F851
:109EF0009C0040F00800C1F89C0001208DF80B0088
:109F0000FFE79DF80B0003B0704700000000000061
:109F100082B00190009102B0704700000000000084
:109F200082B00190009102B0704700000000000074
:109F300083B002900191009203B0704700000000CE
:109F400082B00190009102B0704700000000000054
:109F500081B0009001B0704781B0009001B07047AF
:109F600082B00190009102B0704700000000000034
:109F700082B00190009102B0704700000000000024
:109F800082B00190009102B0704700000000000014
:109F900081B0009001B0704781B0ADF8020001B00F
:109FA000704700000000000080B582B0ADF80600E8
:109FB0008820C5F600000068BDF8061008420BD0E6
:109FC000FFE7BDF806008821C5F600010860BDF86E
:109FD0000600FFF7E1FFFFE702B080BD00000000D0
:109FE0008FB00E900D9100200C908020C5F60000DF
:109FF0000990FFE70D9800680C99C840002800F010
:10A00000C181FFE70D9800680C9A0121914008403A
:10A010000B900B98002800F0B181FFE70D98406885
:10A0200000F00300012807D0FFE70D98406800F01A
:10A03000030002282FD1FFE70E9880680A900C9841
:10A040004100032000FA01F10A9888430A900D9814
:10A05000C0680C99490000FA01F10A9808430A9077
:10A060000A980E9988600E9840680A900C99012011
:10A0700000FA01F10A9888430A900D984068C0F3ED
:10A0800000100C9900FA01F10A9808430A900A9806
:10A090000E994860FFE70D98406800F00300032820
:10A0A00018D0FFE70E98C0680A900C984100032072
:10A0B00000FA01F10A9888430A900D9880680C997B
:10A0C000490000FA01F10A9808430A900A980E998B
:10A0D000C860FFE70D98406800F00300022826D111
:10A0E000FFE70E980C996FF0030202EA5101084451
:10A0F000006A0A900C9800F0070081000F2000FA17
:10A1000001F10A9888430A900D9800690C9901F0B2
:10A110000701890000FA01F10A9808430A900A9899
:10A120000E990C9B02EA530211440862FFE70E9855
:10A1300000680A900C984100032000FA01F10A9887
:10A1400088430A900D98406800F003000C9949007C
:10A1500000FA01F10A9808430A900A980E990860DB
:10A160000D9880798007002800F00781FFE7FFE75E
:10A1700044F2F440C5F60200016841F002010160BA
:10A18000006800F0020008900898FFE70C9820F0A3
:10A19000030040F20841C5F6000140580A900C98AF
:10A1A00000F0030081000F2000FA01F10A988843B3
:10A1B0000A900E980021C5F60201884203D1FFE7FC
:10A1C000002007906CE00E9840F20041C5F60201B5
:10A1D000884203D1FFE7012006905EE00E9840F62A
:10A1E0000001C5F60201884203D1FFE70220059075
:10A1F00050E00E9840F60041C5F60201884203D1B6
:10A20000FFE70320049042E00E9841F20001C5F6FA
:10A210000201884203D1FFE70420039034E00E9846
:10A2200041F20041C5F60201884203D1FFE7052053
:10A23000029026E00E9841F60001C5F60201884220
:10A2400003D1FFE70620019018E00E9841F6004187
:10A25000C5F60201884203D1FFE7072000900AE01B
:10A260000E9942F20042C5F602020A20914208BF4E
:10A2700009200090FFE700980190FFE70198029005
:10A28000FFE702980390FFE703980490FFE7049824
:10A290000590FFE705980690FFE706980790FFE70F
:10A2A00007980C9901F00301890000FA01F10A985E
:10A2B00008430A900A980C9921F0030140F20842E1
:10A2C000C5F6000288504FF0B04000680A900B9924
:10A2D0000A9888430A900D988079C006002805D511
:10A2E000FFE70B990A9808430A90FFE70A984FF096
:10A2F000B04108600420C5F6000000680A900B9980
:10A300000A9888430A900D9880798006002805D520
:10A31000FFE70B990A9808430A90FFE70A9804217F
:10A32000C5F600010860099840680A900B990A98E0
:10A3300088430A900D9880798007002805D5FFE7AB
:10A340000B990A9808430A90FFE70A980999486010
:10A35000099800680A900B990A9888430A900D980A
:10A360008079C00728B1FFE70B990A9808430A9043
:10A37000FFE70A9809990860FFE7FFE70C980130AA
:10A380000C9037E60FB0704782B00190ADF8021024
:10A3900001980069BDF80210084204D0FFE70120CF
:10A3A0008DF8010003E000208DF80100FFE79DF823
:10A3B000010002B07047000082B00190ADF80210B9
:10A3C0008DF801209DF8010028B1FFE7BDF80200DB
:10A3D0000199886105E0BDF80200000401998861D7
:10A3E000FFE702B07047000044F2DC40C2F20040D8
:10A3F000006870470000000081B00090009801687C
:10A400004AF6AA200860002001B070470000000052
:10A4100040F28420C2F20040027844F2DC41C2F2F1
:10A420000041086810440860704700000000000008
:10A4300080B582B0032000F0DFF803F091FF44F212
:10A440001842C5F602021168C1F303234CF21E71D3
:10A45000C0F60301CB5C03F01F03D84000900098C6
:10A46000126802F00F02895C01F01F01C84040F23F
:10A470004001C2F200410860009840F23C01C2F283
:10A48000004108600F2000F013F820B1FFE7012021
:10A490008DF8070005E000F06FF800208DF8070048
:10A4A000FFE79DF8070002B080BD0000000000003B
:10A4B00080B590B00E900E980F2810D8FFE70E9937
:10A4C00076200190002200F07FF8019800F070F8EB
:10A4D0000E9840F28821C2F20041086003E001209A
:10A4E0008DF83F0043E0FFE744F2F040C5F602007C
:10A4F000016841F480210160006800F4802002902E
:10A500000298FFE706A803A903F092FE03F014FFE8
:10A51000059005984DF68361C4F21B31A0FB010143
:10A520004FF0FF3000EB9140049043F60C60C2F214
:10A53000004044F60001C4F20101016040F2E7313D
:10A54000C1600499416000210161816005F0DCFF78
:10A5500048B9FFE743F60C60C2F2004006F0D8F8B5
:10A560008DF83F0003E001208DF83F00FFE79DF8E4
:10A570003F0010B080BD000080B582B0FFE744F21C
:10A58000F440C5F60200016841F002010160006874
:10A5900000F0020001900198FFE76FF001000F2129
:10A5A000002200F011F802B080BD000000000000A1
:10A5B00080B582B0ADF80600BDF906002CF01CFE97
:10A5C00002B080BD0000000080B586B0ADF8160076
:10A5D000049103922CF028FE0290BDF91600019020
:10A5E00002980499039A09F083F9014601982CF026
:10A5F00023FE06B080BD000080B582B001900198B6
:10A600002CF03EFE02B080BD82B00190019800683F
:10A61000009001990120C1F8D8040199002081F827
:10A62000CC04009A916941F000619161009A516DEA
:10A630000323C1F200031943516502B070470000C3
:10A6400082B001908DF8031002B070470000000046
:10A6500082B00190ADF80210BDF8020001990968BE
:10A660004862002002B0704784B003908DF80B1050
:10A67000ADF8082003980068406A00909DF80B0030
:10A6800048B9FFE7BDF80810009840EA0140039977
:10A690000968886233E003980068816A009800EBDB
:10A6A0001140009000208DF80700FFE79DF807009B
:10A6B0009DF80B100139884213D2FFE70398006818
:10A6C0009DF8071000EB8100D0F80411009800EB12
:10A6D00011400090FFE79DF8070001308DF807005A
:10A6E000E4E7BDF80810009840EA014003990968C2
:10A6F0009DF80B2001EB8201C1F80001FFE700206B
:10A7000004B070470000000080B582B0019001984D
:10A71000D0F8E0040DF04CF902B080BD000000005C
:10A7200080B582B001908DF80310019AD2F8E00450
:10A730009DF8031001EBC10302EB8302126A0CF0D7
:10A7400093FF02B080BD000080B582B001908DF80B
:10A750000310019AD2F8E0049DF8031001EBC10345
:10A7600002EB8302D2F860220DF046F802B080BD01
:10A7700080B582B001900198D0F8E0040DF020F986
:10A7800002B080BD0000000080B584B003908DF859
:10A790000B109DF80B00000600280CD5FFE703986E
:10A7A0009DF80B1001F00F0101EBC10100EB8100DE
:10A7B000143001900CE003989DF80B1001F00F018C
:10A7C00001EBC10100EB810000F515700190FFE77E
:10A7D0000398006801990EF0DBFE8DF80A009DF8E1
:10A7E0000A0004B080BD000080B584B002908DF8EE
:10A7F00007109DF80700000600280FD5FFE7029814
:10A800009DF8071001F00F0101EBC10100EB810081
:10A81000143000900099012048700FE002989DF8D4
:10A82000071001F00F0101EBC10100EB810000F501
:10A8300015700090009900204870FFE79DF8070010
:10A8400000F00F0000990870FFE7029890F8940458
:10A85000012804D1FFE702208DF80F0014E00299CF
:10A86000012081F89404FFE7FFE70298006800994F
:10A870000EF07EF9FFE70299002081F89404FFE7CB
:10A8800000208DF80F00FFE79DF80F0004B080BD99
:10A8900080B584B002908DF807109DF8070000F095
:10A8A0000F0002990979884204D9FFE701208DF849
:10A8B0000F004DE09DF80700000600280FD5FFE7C8
:10A8C00002989DF8071001F00F0101EBC10100EBA8
:10A8D0008100143000900099012048700FE0029828
:10A8E0009DF8071001F00F0101EBC10100EB8100A1
:10A8F00000F515700090009900204870FFE700995E
:10A90000002088709DF8070000F00F000099087083
:10A91000FFE7029890F89404012804D1FFE7022091
:10A920008DF80F0014E00299012081F89404FFE7EC
:10A93000FFE70298006800990EF08AFBFFE7029992
:10A94000002081F89404FFE700208DF80F00FFE756
:10A950009DF80F0004B080BD82B001908DF8031007
:10A9600001989DF8031001F00F0101EBC10100EB0C
:10A970008100D0F8680202B07047000000000000BB
:10A9800080B586B004908DF80F10ADF80C208DF8CE
:10A990000B3000208DF80A009DF80F0000060028FB
:10A9A0000FD5FFE704989DF80F1001F00F0101EBA0
:10A9B000C10100EB81001430019001990120487021
:10A9C0000FE004989DF80F1001F00F0101EBC10199
:10A9D00000EB810000F5157001900199002048708E
:10A9E000FFE79DF80F0000F00F0001990870BDF817
:10A9F0000C006FF3DF20019988609DF80B0001992E
:10AA000008710198407820B1FFE7019908784883E0
:10AA1000FFE79DF80B00022804D1FFE70199002011
:10AA20004871FFE7FFE7049890F89404012804D1E7
:10AA3000FFE702208DF8170015E00499012081F846
:10AA40009404FFE7FFE70498006801990DF054FFB4
:10AA5000FFE70499002081F89404FFE79DF80A00BD
:10AA60008DF81700FFE79DF8170006B080BD0000C5
:10AA700080B586B005908DF8131003920293059867
:10AA80009DF8131001F00F0101EBC10100EB8100F3
:10AA900000F51570019003980199C860029801991A
:10AAA0000861019900204861019948709DF81300E0
:10AAB00000F00F000199087005988079012804D1F1
:10AAC000FFE703980199C861FFE7059A10680199AB
:10AAD00092790EF061FB002006B080BD00000000FE
:10AAE00080B584B002908DF807109DF8070000F043
:10AAF0000F0002990979884204D9FFE701208DF8F7
:10AB00000F0058E09DF80700000600280FD5FFE76A
:10AB100002989DF8071001F00F0101EBC10100EB55
:10AB20008100143000900099012048700DE00298D7
:10AB30009DF8071001EBC10100EB810000F51570D5
:10AB40000090009900204870FFE70099012088706C
:10AB50009DF8070000F00F0000990870FFE70298C9
:10AB600090F89404012804D1FFE702208DF80F002B
:10AB700021E00299012081F89404FFE7FFE70298A1
:10AB8000006800990EF0B4FA9DF80700000740B97C
:10AB9000FFE7029A1068917902F29C420EF008FADF
:10ABA000FFE7FFE70299002081F89404FFE7002007
:10ABB0008DF80F00FFE79DF80F0004B080BD000086
:10ABC00080B586B005908DF8131003920293059816
:10ABD0009DF8131001F00F0101EBC10100EB8100A2
:10ABE0001430019003980199C86002980199086196
:10ABF0000199002048610199012048709DF81300D7
:10AC000000F00F000199087005988079012804D19F
:10AC1000FFE703980199C861FFE7059A1068019959
:10AC200092790EF0B9FA002006B080BD0000000055
:10AC300080B58CB00B900B9800680A900A98099028
:10AC40000B9800680EF0E4FD002840F03484FFE724
:10AC50000B9800680EF04CFE10B9FFE700F02BBC1B
:10AC60000998D0F80808C0F30D200B99C1F8D40456
:10AC70000B9800680EF03CFE8007002807D5FFE720
:10AC80000B980168486900F002004861FFE70B98E3
:10AC900000680EF02DFEC006002862D5FFE70B9875
:10ACA0000168886920F0100088610A98006A0290A3
:10ACB0000B98029901F00F0101EBC10100EB81003B
:10ACC00000F515700890029800F4F0110220B0EB26
:10ACD000514F23D1FFE7BDF8080047F6F071084255
:10ACE0001BD0FFE70A980899C968029AC2F30A12B2
:10ACF0000EF00EFE029847F6F07100EA0103089A82
:10AD0000D06800EB1310D060029800EA01020899A5
:10AD1000486900EB12104861FFE71BE0029800F45D
:10AD2000F0110620B0EB514F12D1FFE70A980B99B2
:10AD300001F29C4108220EF0EBFD029847F6F071FB
:10AD400000EA01020899486900EB1210486100E02E
:10AD5000FFE7FFE70B980168886940F01000886101
:10AD6000FFE70B9800680EF0C3FD0003002840F1D8
:10AD7000A680FFE7002004900B9800680EF064FDA9
:10AD80000690FFE70698002800F09880FFE79DF8FE
:10AD90001800C007002800F08A80FFE70B980068C1
:10ADA0009DF810100EF08CFD05909DF81400C00762
:10ADB00060B1FFE70998049900EB41110120C1F847
:10ADC000080B0B98049908F01BFEFFE79DF8140090
:10ADD000000700280CD5FFE70998049900EB411102
:10ADE0000820C1F8080B0B98049908F0C1FDFFE793
:10ADF0009DF81400C006002808D5FFE709980499BB
:10AE000000EB41111020C1F8080BFFE79DF814007A
:10AE1000800700282DD5FFE70A9840690006002822
:10AE200008D5FFE70999D1F8040840F48060C1F81B
:10AE30000408FFE70B98049901EBC10100EB8100C6
:10AE400000F5157008900898C078012809D1FFE72F
:10AE500008990020C8700B989DF8101000F040FB76
:10AE6000FFE70998049900EB41110220C1F8080B93
:10AE7000FFE79DF814008006002808D5FFE7099831
:10AE8000049900EB41112020C1F8080BFFE79DF861
:10AE900015008006002809D5FFE70998049900EB02
:10AEA00041114FF40050C1F8080BFFE7FFE7049889
:10AEB0000130049006984008069063E7FFE70B987E
:10AEC00000680EF015FD4003002840F1C680FFE742
:10AED0000B9800680EF0A4FC069000200490FFE799
:10AEE0000698002800F0B880FFE79DF81800C0071A
:10AEF000002800F0AA80FFE70B9800689DF810106A
:10AF00000EF0B6FC05909DF81400C00700283ED056
:10AF1000FFE7049800F00F01012000FA01F103910E
:10AF2000039B099AD2F834189943C2F83418099946
:10AF3000049A01EB4211C1F808090B9880790128A5
:10AF40001FD1FFE70B98049901EBC10100EB8101D0
:10AF5000CA69086A10440862049888B9FFE70B9828
:10AF6000049901EBC10100EB8100406A40B9FFE7A1
:10AF70000B99086801F29C4201210EF019F8FFE7D5
:10AF8000FFE70B989DF81010FFF7CAFBFFE79DF84D
:10AF900014000007002808D5FFE70998049900EB82
:10AFA00041110820C1F80809FFE79DF81400C00608
:10AFB000002808D5FFE70998049900EB41111020FB
:10AFC000C1F80809FFE79DF814004006002808D5DD
:10AFD000FFE70998049900EB41114020C1F80809E6
:10AFE000FFE79DF814008007002822D5FFE70A98A4
:10AFF00004990EF0A5FB0B98049901EBC10100EB3D
:10B000008100143008900898C078012809D1FFE722
:10B0100008990020C8700B989DF8101000F050FAA5
:10B02000FFE70998049900EB41110220C1F80809D3
:10B03000FFE79DF814000006002805D5FFE70B98F0
:10B04000049908F0C1FDFFE7FFE704980130049080
:10B0500006984008069043E7FFE70B9800680EF05B
:10B0600047FCC00F00B3FFE70999D1F8040820F0AE
:10B070000100C1F804080B9890F8CC04012808D10D
:10B08000FFE70B98002180F8CC140B98FFF7D8FA53
:10B0900003E00B9800F0CCFBFFE70B9801684869D0
:10B0A00000F000404861FFE70B9800680EF020FCBC
:10B0B0000005002811D5FFE70998D0F80808C00757
:10B0C00020B1FFE70B9800F08BFCFFE70B980168BD
:10B0D000486900F400604861FFE70B9800680EF0D3
:10B0E00007FC0001002820D5FFE70B98016848699C
:10B0F00000F0006048610B9890F8CC0480B9FFE73D
:10B100000B98012180F8CC140B980068406DC0F3B7
:10B1100083000B9AC2F8D0040B98FFF791FA03E072
:10B120000B9800F05DFCFFE7FFE70B9800680EF05E
:10B13000DFFBC004002840F18680FFE70999D1F8C1
:10B14000040820F00100C1F804080B9800681021E1
:10B150000EF0F6FA00200790FFE707980B9909799F
:10B16000884231D2FFE70998079900EB41114FF669
:10B170007F30C1F808090999079A01EB4212D2F809
:10B18000001921F40011C2F800190999079A01EB7E
:10B190004211C1F8080B0998079900EB4111D1F849
:10B1A000000B20F40010C1F8000B0998079900EB80
:10B1B0004111D1F8000B40F00060C1F8000BFFE72F
:10B1C000079801300790C8E70999D1F81C0840F0AA
:10B1D0000110C1F81C080B98C07B78B1FFE70999F2
:10B1E000D1F8840840F00B00C1F884080999D1F81F
:10B1F000440840F00B00C1F844080FE00999D1F869
:10B20000140842F22B021043C1F814080999D1F82E
:10B21000100840F00B00C1F81008FFE70999D1F8B9
:10B22000000820F4FE60C1F800080B9A10689179BC
:10B2300002F29C420DF0BCFE0B980168486900F4D4
:10B2400080504861FFE70B9800680EF051FB8004C6
:10B2500000281FD5FFE70B9800680DF0BDFB0B9889
:10B2600000680EF0ADFA0B99C8710B980068019058
:10B2700003F022F8014601980B9AD2790EF090FC67
:10B280000B9800F0A9FA0B980168486900F4005087
:10B290004861FFE70B9800680EF02AFB00070028C2
:10B2A0000AD5FFE70B9800F0CFFA0B9801684869C0
:10B2B00000F008004861FFE70B9800680EF018FBEB
:10B2C0000006002825D5FFE70A99886920F080004C
:10B2D000886101200490FFE704980B99097988425E
:10B2E00016D2FFE70B98049901EBC10100EB810036
:10B2F00090F85702012806D1FFE70B989DF810102F
:10B30000FFF742FAFFE7FFE7049801300490E3E714
:10B31000FFE70B9800680EF0EBFAC00200283CD55E
:10B32000FFE701200490FFE704980B990979884210
:10B330002CD2FFE70998049900EB4110D0F80009DE
:10B3400002900B98049901EBC10100EB8100007E93
:10B35000012816D1FFE79DF80B000006002810D544
:10B36000FFE70B98049901EBC10100EB810101207B
:10B37000C8750B989DF8101041F08001FFF704FA92
:10B38000FFE7FFE7049801300490CDE70B980168D0
:10B39000486900F480104861FFE70B9800680EF0E0
:10B3A000A7FA8002002856D5FFE701200490FFE7A6
:10B3B00004980B990979884246D2FFE709980499C5
:10B3C00000EB4110D0F8000B02900B98049901EBB0
:10B3D000C10100EB810090F8580201282FD1FFE74E
:10B3E0009DF80B000006002829D5FFE7029800F41D
:10B3F00080310B98D0F8D40400F00100B0EB114F6D
:10B400001DD1FFE70B98049901EBC10100EB81010D
:10B41000012081F857020A99886940F0800088610C
:10B420000A9840690006002808D4FFE70999D1F876
:10B43000040840F40070C1F8040805E0FFE7FFE7E6
:10B44000049801300490B3E70B980168486900F450
:10B4500000104861FFE70B9800680EF049FA4000C1
:10B4600000280AD5FFE70B98FFF74EF90B98016803
:10B47000486900F080404861FFE70B9800680EF0D3
:10B4800037FA4007002815D5FFE70B980068406899
:10B4900002909DF808004007002804D5FFE70B98AC
:10B4A000FFF766F9FFE7029A0B98016848681043B6
:10B4B0004860FFE7FFE70CB080BD0000000000001F
:10B4C00080B582B001908DF803100198D0F8E004A7
:10B4D0009DF803100CF018FB02B080BD00000000C6
:10B4E00080B582B001908DF803100198D0F8E00487
:10B4F0009DF803100CF040FB02B080BD000000007E
:10B5000080B58CB00A900A9820B9FFE701208DF829
:10B510002F000EE10A9890F8950440B9FFE70A99C8
:10B52000002081F894040A9800F00AF9FFE70A99CC
:10B53000032081F895040A9800680DF02DFD0A9B00
:10B540001868197C8DF8201059689A68DB68079391
:10B55000069205910599069A079BDDF820C0EE46F4
:10B56000CEF800C00DF050FA40B1FFE70A99022072
:10B5700081F8950401208DF82F00DAE00A98006820
:10B5800000210EF06DFA40B1FFE70A99022081F820
:10B59000950401208DF82F00CBE000208DF82700C6
:10B5A000FFE79DF827000A990979884241DAFFE709
:10B5B0000A989DF8271001EBC10100EB81010120E1
:10B5C00048759DF827000A9900EBC00201EB820143
:10B5D00008759DF827000A9900EBC00201EB820173
:10B5E000C8850A989DF8271001EBC10100EB810185
:10B5F000002008760A999DF8272002EBC20201EB91
:10B600008201C8610A999DF8272002EBC20201EB72
:10B61000820108620A999DF8272002EBC20201EB21
:10B6200082014862FFE79DF8270001308DF827006E
:10B63000B7E700208DF82700FFE79DF827000A995B
:10B64000097988423EDAFFE70A989DF8271001EB56
:10B65000C10100EB8101002081F855029DF82710FF
:10B660000A9A01EBC10302EB830282F854120A9991
:10B670009DF8272002EBC20201EB820181F85802FB
:10B680000A999DF8272002EBC20201EB8201C1F862
:10B690005C020A999DF8272002EBC20201EB8201AD
:10B6A000C1F860020A999DF8272002EBC20201EB63
:10B6B0008201C1F86402FFE79DF8270001308DF890
:10B6C0002700BAE70A9B1868197C8DF81010596892
:10B6D0009A68DB680393029201910199029A039B95
:10B6E000DDF810C0EE46CEF800C00DF00DFB40B105
:10B6F000FFE70A99022081F8950401208DF82F00B8
:10B7000017E00A99002048740A99012081F89504ED
:10B710000A98007B012804D1FFE70A98FEF774FF1E
:10B72000FFE70A9800680DF0D7FA00208DF82F0087
:10B73000FFE79DF82F000CB080BD00000000000066
:10B7400080B5B2B0319002A8B821F5F795F83198DC
:10B7500000680021C4F20401884238D1FFE70020CC
:10B7600003904FF48021029102210C9110220D923E
:10B770000E9104220F9210914FF44061119112909A
:10B7800013904FF40010239002A801F00DFB18B1A4
:10B79000FFE7F7F7B1FFFFE700F096F9FFE744F2A4
:10B7A000D840C5F60200016841F0007101600068F0
:10B7B00000F0007001900198FFE74D2000900521F6
:10B7C0000022FEF701FF0098FEF7F2FEFFE732B01D
:10B7D00080BD00000000000080B582B00190012013
:10B7E0008DF803000198C07920B9FFE700208DF89B
:10B7F00003000CE00198C079022804D1FFE7012082
:10B800008DF8030002E0F7F777FFFFE7FFE7019805
:10B81000D0F8E0049DF803100CF0B6FA0198D0F8C7
:10B82000E0040CF02DFA02B080BD00000000000022
:10B8300080B582B001900198D0F8E0040CF070FA65
:10B8400002B080BD0000000080B582B00190019878
:10B85000D0F8E0040CF078FA02B080BD00000000DF
:10B8600080B584B002908DF80710FFE7029890F839
:10B870009404012804D1FFE702208DF80F0019E09D
:10B880000299012081F89404FFE7FFE79DF8070083
:10B8900002994874029800689DF807100EF050F95C
:10B8A000FFE70299002081F89404FFE700208DF85B
:10B8B0000F00FFE79DF80F0004B080BD00000000FE
:10B8C00080B582B001900199D1F8E00401F29C4169
:10B8D0000CF086FA02B080BD80B584B00290029868
:10B8E00000680190FFE7029890F89404012804D1C1
:10B8F000FFE702208DF80F0028E00299012081F86F
:10B900009404FFE7FFE70198C068400600280BD5C4
:10B91000FFE70298407B012806D1FFE70199886B79
:10B9200040F480308863FFE7029800680DF0C0FEA5
:10B93000029800680DF0B8F9FFE70299002081F83D
:10B940009404FFE700208DF80F00FFE79DF80F003B
:10B9500004B080BD0000000080B584B00290029861
:10B9600000680190FFE7029890F89404012804D140
:10B97000FFE702208DF80F002DE00299012081F8E9
:10B980009404FFE7FFE7029800680DF005FB0298BA
:10B9900000680DF0A1F90298006810210DF0D0FEAA
:10B9A0000198C068400600280BD5FFE70298407B4D
:10B9B000012806D1FFE70199886B20F48030886365
:10B9C000FFE7FFE70299002081F89404FFE70020D9
:10B9D0008DF80F00FFE79DF80F0004B080BD000058
:10B9E00080B582B001900198D0F8E0040CF09CFA88
:10B9F00001980168D1F8000E40F00100C1F8000E76
:10BA00000198C07A48B1FFE74EF61051CEF200011E
:10BA1000086840F006000860FFE702B080BD000043
:10BA200080B584B0029044F60C00C5F602000068B0
:10BA300000F004010020B0EB910F13D1FFE744F6B2
:10BA40000C00C5F60200006800F007000299884269
:10BA500004D0FFE701208DF80F002EE000208DF8C4
:10BA60000F002AE044F60C01C5F60201086820F038
:10BA70000700029A10430860FEF7B6FC0190FFE74A
:10BA800044F60400C5F60200006800F400510020EE
:10BA9000B0EB513F0DD1FFE7FEF7A6FC0199401A2C
:10BAA000B0F57A7F04D9FFE701208DF80F0004E09C
:10BAB000E6E700208DF80F00FFE79DF80F0004B0C7
:10BAC00080BD00000000000044F60C01C5F6020134
:10BAD000086840F0807008607047000000000000B7
:10BAE00080B502F0E9FB44F22041C5F60201096885
:10BAF000C1F302124CF21E71C0F60301895C01F021
:10BB00001F01C84080BD000088B0079044F2284063
:10BB1000C5F60200016801F0030106910068C0F358
:10BB20000510059044F22C40C5F60200006800F0B4
:10BB300001000490049844F23441C5F602010968FA
:10BB400089B2C908484300EE100AB8EE400A8DEDEC
:10BB5000020A0598002800F01181FFE7069800907E
:10BB600048B1FFE70098012865D0FFE70098022858
:10BB700000F08380A3E044F20040C5F602000068B4
:10BB800000F020010020B0EB511F31D0FFE744F25C
:10BB90000040C5F602000068C0F3C10149F2000090
:10BBA000C0F2D030C84003909DED030AB8EE400AC1
:10BBB0009DED051AB8EE411A80EE010A44F23040BC
:10BBC000C5F6020000686FF35F2001EE100AB8EEC0
:10BBD000411A9DED022A9FED6F3A02EE031AB7EE6D
:10BBE000002A31EE021A20EE010A8DED010A21E051
:10BBF0009DED050AB8EE401A9FED680A80EE010A35
:10BC000044F23040C5F6020000686FF35F2001EE99
:10BC1000100AB8EE411A9DED022A9FED5E3A02EE3F
:10BC2000031AB7EE002A31EE021A20EE010A8DED5A
:10BC3000010AFFE765E09DED050AB8EE401A9FEDA9
:10BC4000560A80EE010A44F23040C5F60200006850
:10BC50006FF35F2001EE100AB8EE411A9DED022A43
:10BC60009FED4C3A02EE031AB7EE002A31EE021AAB
:10BC700020EE010A8DED010A43E09DED050AB8EEC4
:10BC8000401A9FED430A80EE010A44F23040C5F6A7
:10BC9000020000686FF35F2001EE100AB8EE411A4F
:10BCA0009DED022A9FED3B3A02EE031AB7EE002A01
:10BCB00031EE021A20EE010A8DED010A21E09DED20
:10BCC000050AB8EE401A9FED350A80EE010A44F2EB
:10BCD0003040C5F6020000686FF35F2001EE100AE5
:10BCE000B8EE411A9DED022A9FED2A3A02EE031AA0
:10BCF000B7EE002A31EE021A20EE010A8DED010A9C
:10BD0000FFE79DED010A44F23040C5F602000168EC
:10BD100089B2490A01EE101AB8EE411AB7EE002AAC
:10BD200031EE021A80EE010A0799BCEEC00A81EDDD
:10BD3000000A9DED010A0168C1F3064101EE101AE7
:10BD4000B8EE411A31EE021A80EE010A0799BCEEF4
:10BD5000C00A81ED010A9DED010A0068C0F306608A
:10BD600001EE100AB8EE411A31EE021A80EE010A15
:10BD70000798BCEEC00A80ED020A07E00799002090
:10BD800008600799486007998860FFE708B0704726
:10BD9000001BB74B000000390024744A0024744C87
:10BDA00088B0079044F22840C5F60200016801F00F
:10BDB000030106910068C0F30530059044F22C4061
:10BDC000C5F602000068C0F300100490049844F225
:10BDD0003C41C5F60201096889B2C908484300EE32
:10BDE000100AB8EE400A8DED020A0598002800F00E
:10BDF0001181FFE70698009048B1FFE700980128FD
:10BE000065D0FFE70098022800F08380A3E044F2A9
:10BE10000040C5F60200006800F020010020B0EBF1
:10BE2000511F31D0FFE744F20040C5F60200006820
:10BE3000C0F3C10149F20000C0F2D030C840039005
:10BE40009DED030AB8EE400A9DED051AB8EE411AC1
:10BE500080EE010A44F23840C5F6020000686FF334
:10BE60005F2001EE100AB8EE411A9DED022A9FED07
:10BE70006F3A02EE031AB7EE002A31EE021A20EEF4
:10BE8000010A8DED010A21E09DED050AB8EE401A88
:10BE90009FED680A80EE010A44F23840C5F60200C0
:10BEA00000686FF35F2001EE100AB8EE411A9DEDB5
:10BEB000022A9FED5E3A02EE031AB7EE002A31EE37
:10BEC000021A20EE010A8DED010AFFE765E09DED03
:10BED000050AB8EE401A9FED560A80EE010A44F2B8
:10BEE0003840C5F6020000686FF35F2001EE100ACB
:10BEF000B8EE411A9DED022A9FED4C3A02EE031A6C
:10BF0000B7EE002A31EE021A20EE010A8DED010A89
:10BF100043E09DED050AB8EE401A9FED430A80EE1E
:10BF2000010A44F23840C5F6020000686FF35F2052
:10BF300001EE100AB8EE411A9DED022A9FED3B3A40
:10BF400002EE031AB7EE002A31EE021A20EE010AC1
:10BF50008DED010A21E09DED050AB8EE401A9FED36
:10BF6000340A80EE010A44F23840C5F60200006847
:10BF70006FF35F2001EE100AB8EE411A9DED022A20
:10BF80009FED2A3A02EE031AB7EE002A31EE021AAA
:10BF900020EE010A8DED010AFFE79DED010A44F252
:10BFA0003840C5F60200016889B2490A01EE101A4C
:10BFB000B8EE411AB7EE002A31EE021A80EE010AFD
:10BFC0000799BCEEC00A81ED000A9DED010A0168E7
:10BFD000C1F3064101EE101AB8EE411A31EE021A11
:10BFE00080EE010A0799BCEEC00A81ED010A9DEDC1
:10BFF000010A0068C0F3066001EE100AB8EE411AAB
:10C0000031EE021A80EE010A0798BCEEC00A80EDFC
:10C01000020A07E00799002008600799486007991D
:10C020008860FFE708B07047001BB74B000000397D
:10C030000024744A0024744C88B0079044F22840CD
:10C04000C5F60200016801F0030106910068C0F323
:10C050000550059044F22C40C5F602000068C0F37C
:10C0600000200490049844F24441C5F60201096896
:10C0700089B2C908484300EE100AB8EE400A8DEDB7
:10C08000020A0598002800F01181FFE70698009049
:10C0900048B1FFE70098012865D0FFE70098022823
:10C0A00000F08380A3E044F20040C5F6020000687F
:10C0B00000F020010020B0EB511F31D0FFE744F227
:10C0C0000040C5F602000068C0F3C10149F200005B
:10C0D000C0F2D030C84003909DED030AB8EE400A8C
:10C0E0009DED051AB8EE411A80EE010A44F2404077
:10C0F000C5F6020000686FF35F2001EE100AB8EE8B
:10C10000411A9DED022A9FED6F3A02EE031AB7EE37
:10C11000002A31EE021A20EE010A8DED010A21E01B
:10C120009DED050AB8EE401A9FED680A80EE010AFF
:10C1300044F24040C5F6020000686FF35F2001EE54
:10C14000100AB8EE411A9DED022A9FED5E3A02EE0A
:10C15000031AB7EE002A31EE021A20EE010A8DED25
:10C16000010AFFE765E09DED050AB8EE401A9FED74
:10C17000560A80EE010A44F24040C5F6020000680B
:10C180006FF35F2001EE100AB8EE411A9DED022A0E
:10C190009FED4C3A02EE031AB7EE002A31EE021A76
:10C1A00020EE010A8DED010A43E09DED050AB8EE8F
:10C1B000401A9FED430A80EE010A44F24040C5F662
:10C1C000020000686FF35F2001EE100AB8EE411A1A
:10C1D0009DED022A9FED3B3A02EE031AB7EE002ACC
:10C1E00031EE021A20EE010A8DED010A21E09DEDEB
:10C1F000050AB8EE401A9FED340A80EE010A44F2B7
:10C200004040C5F6020000686FF35F2001EE100A9F
:10C21000B8EE411A9DED022A9FED2A3A02EE031A6A
:10C22000B7EE002A31EE021A20EE010A8DED010A66
:10C23000FFE79DED010A44F24040C5F602000168A7
:10C2400089B2490A01EE101AB8EE411AB7EE002A77
:10C2500031EE021A80EE010A0799BCEEC00A81EDA8
:10C26000000A9DED010A0168C1F3064101EE101AB2
:10C27000B8EE411A31EE021A80EE010A0799BCEEBF
:10C28000C00A81ED010A9DED010A0068C0F3066055
:10C2900001EE100AB8EE411A31EE021A80EE010AE0
:10C2A0000798BCEEC00A80ED020A07E0079900205B
:10C2B00008600799486007998860FFE708B07047F1
:10C2C000001BB74B000000390024744A0024744C52
:10C2D00080B598B0179116901698179980F48070D1
:10C2E0000843002840F0A880FFE744F25040C5F61C
:10C2F0000200006800F007000B900B9808900428DB
:10C3000000F295800899DFE801F00316298C3C00C3
:10C3100044F20040C5F6020000688001002806D5FE
:10C32000FFE713A8FFF7F0FB14980C9002E0002041
:10C330000C90FFE77EE044F20040C5F60200006882
:10C340000001002806D5FFE710A8FFF729FD109887
:10C350000C9002E000200C90FFE76BE044F20040FC
:10C36000C5F6020000688000002806D5FFE70DA88A
:10C37000FFF762FE0D980C9002E000200C90FFE7A2
:10C3800058E044F24C40C5F60200006800F040500E
:10C390000A9044F20040C5F60200006840070028F9
:10C3A00011D5FFE70A9870B9FFE744F20040C5F6DF
:10C3B00002000068C0F3C10149F20000C0F2D030B1
:10C3C000C8400C902CE044F20040C5F60200006822
:10C3D000C00500280BD5FFE70A98B0F1805F06D1B1
:10C3E000FFE740F60010C0F23D000C9017E044F269
:10C3F0000040C5F602000068800300280BD5FFE767
:10C400000A98B0F1005F06D1FFE743F20060C0F286
:10C410006E100C9002E000200C90FFE7FFE7FFE7B2
:10C4200008E048F20000C0F2BB000C9002E00020DF
:10C430000C90FFE700F0B2BC1698179980F480606A
:10C440000843002840F0B580FFE744F25840C5F6A5
:10C450000200006800F460000B900B980790A8B1F0
:10C46000FFE70798B0F5001F23D0FFE70798B0F566
:10C47000800F31D0FFE70798B0F5C00F00F08F8034
:10C48000FFE70798B0F5000F39D08EE044F2004086
:10C49000C5F6020000688001002806D5FFE713A852
:10C4A000FFF732FB14980C9002E000200C90FFE79D
:10C4B0007EE044F20040C5F602000068000100285A
:10C4C00006D5FFE710A8FFF76BFC10980C9002E070
:10C4D00000200C90FFE76BE044F20040C5F602003C
:10C4E00000688000002806D5FFE70DA8FFF7A4FD2F
:10C4F0000D980C9002E000200C90FFE758E044F209
:10C500004C40C5F60200006800F040500A9044F22A
:10C510000040C5F6020000684007002811D5FFE77B
:10C520000A9870B9FFE744F20040C5F602000068BF
:10C53000C0F3C10149F20000C0F2D030C8400C90F5
:10C540002CE044F20040C5F602000068C005002857
:10C550000BD5FFE70A98B0F1805F06D1FFE740F600
:10C560000010C0F23D000C9017E044F20040C5F608
:10C5700002000068800300280BD5FFE70A98B0F19D
:10C58000005F06D1FFE743F20060C0F26E100C902E
:10C5900002E000200C90FFE7FFE7FFE708E048F229
:10C5A0000000C0F2BB000C9002E000200C90FFE7FE
:10C5B000F3E31698179980F400600843002840F0D0
:10C5C000B580FFE744F25840C5F60200006800F06D
:10C5D000E0600B900B980690A8B1FFE70698B0F1C9
:10C5E000807F23D0FFE70698B0F1007F31D0FFE7CE
:10C5F0000698B0F1407F00F08F80FFE70698B0F119
:10C60000806F39D08EE044F20040C5F60200006829
:10C610008001002806D5FFE713A8FFF775FA1498E4
:10C620000C9002E000200C90FFE77EE044F2004016
:10C63000C5F6020000680001002806D5FFE710A833
:10C64000FFF7AEFB10980C9002E000200C90FFE783
:10C650006BE044F20040C5F602000068800000284C
:10C6600006D5FFE70DA8FFF7E7FC0D980C9002E058
:10C6700000200C90FFE758E044F24C40C5F6020061
:10C68000006800F040500A9044F20040C5F60200F5
:10C6900000684007002811D5FFE70A9870B9FFE746
:10C6A00044F20040C5F602000068C0F3C10149F23F
:10C6B0000000C0F2D030C8400C902CE044F20040A2
:10C6C000C5F602000068C00500280BD5FFE70A98F0
:10C6D000B0F1805F06D1FFE740F60010C0F23D00E8
:10C6E0000C9017E044F20040C5F602000068800399
:10C6F00000280BD5FFE70A98B0F1005F06D1FFE7ED
:10C7000043F20060C0F26E100C9002E000200C902A
:10C71000FFE7FFE7FFE708E048F20000C0F2BB00D8
:10C720000C9002E000200C90FFE735E31698179973
:10C7300080F480500843002840F0B580FFE744F2C1
:10C740005040C5F60200006800F4E04009900998E6
:10C750000590A8B1FFE70598B0F5805F23D0FFE70B
:10C760000598B0F5005F31D0FFE70598B0F5405F60
:10C7700000F08F80FFE70598B0F5804F39D08EE04C
:10C7800044F20040C5F6020000688001002806D58A
:10C79000FFE713A8FFF7B8F914980C9002E0002007
:10C7A0000C90FFE77EE044F20040C5F6020000680E
:10C7B0000001002806D5FFE710A8FFF7F1FA10984E
:10C7C0000C9002E000200C90FFE76BE044F2004088
:10C7D000C5F6020000688000002806D5FFE70DA816
:10C7E000FFF72AFC0D980C9002E000200C90FFE768
:10C7F00058E044F24C40C5F60200006800F040509A
:10C800000A9044F20040C5F6020000684007002884
:10C8100011D5FFE70A9870B9FFE744F20040C5F66A
:10C8200002000068C0F3C10149F20000C0F2D0303C
:10C83000C8400C902CE044F20040C5F602000068AD
:10C84000C00500280BD5FFE70A98B0F1805F06D13C
:10C85000FFE740F60010C0F23D000C9017E044F2F4
:10C860000040C5F602000068800300280BD5FFE7F2
:10C870000A98B0F1005F06D1FFE743F20060C0F212
:10C880006E100C9002E000200C90FFE7FFE7FFE73E
:10C8900008E048F20000C0F2BB000C9002E000206B
:10C8A0000C90FFE777E21698179980F40050084340
:10C8B000002840F09580FFE744F25040C5F60200A2
:10C8C000006800F4E020099009980490C8B1FFE7DF
:10C8D0000498B0F5803F18D0FFE70498B0F5003F0A
:10C8E00026D0FFE70498B0F5403F34D0FFE7049826
:10C8F000B0F5802F4AD0FFE70498B0F5A02F58D0AC
:10C900006AE001F005FD0C9069E044F20040C5F6D4
:10C91000020000680001002806D5FFE710A8FFF715
:10C920003FFA11980C9002E000200C90FFE756E0CF
:10C9300044F20040C5F6020000688000002806D5D9
:10C94000FFE70DA8FFF778FB0E980C9002E000209F
:10C950000C90FFE743E044F20040C5F60200006897
:10C96000400700280ED5FFE744F20040C5F602005C
:10C970000068C0F3C10149F20000C0F2D030C840E5
:10C980000C9002E000200C90FFE728E044F2004009
:10C99000C5F602000068C005002806D5FFE740F68E
:10C9A0000010C0F23D000C9002E000200C90FFE768
:10C9B00015E044F20040C5F602000068800300283C
:10C9C00006D5FFE743F20060C0F26E100C9002E063
:10C9D00000200C90FFE702E000200C90FFE7D9E177
:10C9E0001698179980F400200843002840F09180A1
:10C9F000FFE744F25840C5F60200006800F44030FA
:10CA000009900998039050B1FFE70398B0F5803F73
:10CA100018D0FFE70398B0F5003F26D075E044F248
:10CA20000040C5F6020000680001002806D5FFE7B7
:10CA300010A8FFF7B5F910980C9002E000200C90B8
:10CA4000FFE765E044F20040C5F6020000688000A0
:10CA5000002806D5FFE70DA8FFF7EEFA0F980C9017
:10CA600002E000200C90FFE752E044F24C40C5F693
:10CA70000200006800F040500A9044F20040C5F601
:10CA8000020000684007002811D5FFE70A9870B936
:10CA9000FFE744F20040C5F602000068C0F3C101A0
:10CAA00049F20000C0F2D030C8400C902CE044F2B3
:10CAB0000040C5F602000068C00500280BD5FFE75E
:10CAC0000A98B0F1805F06D1FFE740F60010C0F28F
:10CAD0003D000C9017E044F20040C5F602000068EB
:10CAE000800300280BD5FFE70A98B0F1005F06D15C
:10CAF000FFE743F20060C0F26E100C9002E00020ED
:10CB00000C90FFE7FFE7FFE702E000200C90FFE753
:10CB10003FE11698179980F480300843D8BBFFE7AF
:10CB200044F24C40C5F60200006800F480300990E1
:10CB30000998029028B1FFE70298B0F5803F13D022
:10CB400025E044F20040C5F602000068800100289C
:10CB500006D5FFE713A8FEF7D7FF14980C9002E064
:10CB600000200C90FFE715E044F20040C5F60200FB
:10CB700000680001002806D5FFE710A8FFF710F9AC
:10CB800012980C9002E000200C90FFE702E00020D9
:10CB90000C90FFE7FCE01698179980F4804008435A
:10CBA000002840F09580FFE744F25840C5F60200A7
:10CBB000006800F0E040099009980190C8B1FFE7D3
:10CBC0000198B0F1805F18D0FFE70198B0F1005FE5
:10CBD00026D0FFE70198B0F1405F34D0FFE701981D
:10CBE000B0F1804F4AD0FFE70198B0F1A04F58D084
:10CBF0006AE0FEF775FF0C9069E044F20040C5F66C
:10CC0000020000680001002806D5FFE710A8FFF722
:10CC1000C7F811980C9002E000200C90FFE756E056
:10CC200044F20040C5F6020000688000002806D5E6
:10CC3000FFE70DA8FFF700FA0E980C9002E0002025
:10CC40000C90FFE743E044F20040C5F602000068A4
:10CC5000400700280ED5FFE744F20040C5F6020069
:10CC60000068C0F3C10149F20000C0F2D030C840F2
:10CC70000C9002E000200C90FFE728E044F2004016
:10CC8000C5F602000068C005002806D5FFE740F69B
:10CC90000010C0F23D000C9002E000200C90FFE775
:10CCA00015E044F20040C5F6020000688003002849
:10CCB00006D5FFE743F20060C0F26E100C9002E070
:10CCC00000200C90FFE702E000200C90FFE75EE000
:10CCD0001698179980F400400843002853D1FFE7C5
:10CCE00044F25040C5F60200006800F04050099040
:10CCF0000998009050B1FFE70098B0F1805F18D01C
:10CD0000FFE70098B0F1005F26D038E044F2004021
:10CD1000C5F6020000688003002806D5FFE743F24D
:10CD20000060C0F26E100C9002E000200C90FFE753
:10CD300028E044F20040C5F60200006880010028A7
:10CD400006D5FFE713A8FEF7DFFE14980C9002E06B
:10CD500000200C90FFE715E044F20040C5F6020009
:10CD600000680001002806D5FFE710A8FFF718F8B3
:10CD700011980C9002E000200C90FFE702E00020E8
:10CD80000C90FFE702E000200C90FFE7FFE7FFE7D1
:10CD9000FFE7FFE7FFE7FFE7FFE7FFE70C9818B0C3
:10CDA00080BD00000000000080B59AB018900020FF
:10CDB0008DF857008DF856001898C07800070028A5
:10CDC00048D5FFE71898406E149078B1FFE71498A3
:10CDD000B0F5801F13D0FFE71498B0F5001F16D0F0
:10CDE000FFE71498B0F5401F19D019E044F22C4128
:10CDF000C5F60201086840F40030086014E0189895
:10CE00000830022106F0E0FF8DF857000CE018987A
:10CE10002830022107F0C0F88DF8570004E003E045
:10CE200001208DF85700FFE79DF8570060B9FFE734
:10CE300044F25041C5F60201086820F44010189AE7
:10CE4000526E1043086004E09DF857008DF85600BC
:10CE5000FFE7FFE718984078C007002840D0FFE7B9
:10CE60001898806D1390042820D81399DFE801F0FA
:10CE7000030C141C1D0044F22C41C5F60201086885
:10CE800040F40030086015E018980830002106F0E2
:10CE90009BFF8DF857000DE018982830002107F00F
:10CEA0007BF88DF8570005E004E003E001208DF8E1
:10CEB0005700FFE79DF8570060B9FFE744F2504183
:10CEC000C5F60201086820F00700189A926D104319
:10CED000086004E09DF857008DF85600FFE7FFE773
:10CEE000189840784007002856D5FFE71898D0F8E2
:10CEF000A4001290C8B1FFE71298B0F5001F1DD032
:10CF0000FFE71298B0F5800F20D0FFE71298B0F538
:10CF1000C00F23D0FFE71298B0F5000F1FD0FFE736
:10CF20001298B0F5200F1BD01BE044F22C41C5F63F
:10CF30000201086840F40030086016E018980830D4
:10CF4000002106F041FF8DF857000EE018982830B8
:10CF5000002107F021F88DF8570006E005E004E015
:10CF600003E001208DF85700FFE79DF8570068B9EE
:10CF7000FFE744F25841C5F60201086820F460005A
:10CF8000189AD2F8A4201043086004E09DF85700D6
:10CF90008DF85600FFE7FFE7189840780007002853
:10CFA00056D5FFE71898D0F8A8001190C8B1FFE750
:10CFB0001198B0F1807F1DD0FFE71198B0F1007F8C
:10CFC00020D0FFE71198B0F1407F23D0FFE7119800
:10CFD000B0F1806F1FD0FFE71198B0F1A06F1BD0A8
:10CFE0001BE044F22C41C5F60201086840F4003011
:10CFF000086016E018980830002106F0E5FE8DF86C
:10D0000057000EE018982830002106F0C5FF8DF873
:10D01000570006E005E004E003E001208DF857002A
:10D02000FFE79DF8570068B9FFE744F25841C5F69D
:10D030000201086820F0E060189AD2F8A820104396
:10D04000086004E09DF857008DF85600FFE7FFE701
:10D050001898C078800700283ED5FFE71898C06C64
:10D060001090F0B1FFE71098102808D0FFE7109853
:10D0700020280DD0FFE71098302811D012E044F29C
:10D080002C41C5F60201086840F4003008600DE04C
:10D0900018980830022106F097FE8DF8570005E039
:10D0A00004E003E001208DF85700FFE79DF85700EA
:10D0B00060B9FFE744F24C41C5F60201086820F070
:10D0C0003000189AD26C1043086004E09DF85700B5
:10D0D0008DF85600FFE7FFE718984078C006002853
:10D0E0004ED5FFE71898C06D0F90A0B1FFE70F98DD
:10D0F000B0F5805F18D0FFE70F98B0F5005F1BD048
:10D10000FFE70F98B0F5405F1ED0FFE70F98B0F52E
:10D11000804F1AD01AE044F22C41C5F6020108688B
:10D1200040F40030086015E018980830002106F03F
:10D130004BFE8DF857000DE018982830002106F0BE
:10D140002BFF8DF8570005E004E003E001208DF887
:10D150005700FFE79DF8570060B9FFE744F25041E0
:10D16000C5F60201086820F4E040189AD26D104319
:10D17000086004E09DF857008DF85600FFE7FFE7D0
:10D1800018984078800600284CD5FFE71898006E64
:10D190000E90C8B1FFE70E98B0F5803F15D0FFE7BD
:10D1A0000E98B0F5003F18D0FFE70E98B0F5403F5D
:10D1B0001BD0FFE70E98B0F5802F17D0FFE70E9831
:10D1C000B0F5A02F13D013E016E018980830012115
:10D1D00006F0FAFD8DF857000EE01898283001216E
:10D1E00006F0DAFE8DF8570006E005E004E003E003
:10D1F00001208DF85700FFE79DF8570060B9FFE761
:10D2000044F25041C5F60201086820F4E020189A63
:10D21000126E1043086004E09DF857008DF8560028
:10D22000FFE7FFE718984078400600284ED5FFE753
:10D230001898D0F8AC000D90C8B1FFE70D98B0F188
:10D24000805F15D0FFE70D98B0F1005F18D0FFE7C1
:10D250000D98B0F1405F1BD0FFE70D98B0F1804F03
:10D2600017D0FFE70D98B0F1A04F13D013E016E0F0
:10D2700018980830012106F0A7FD8DF857000EE040
:10D2800018982830012106F087FE8DF8570006E037
:10D2900005E004E003E001208DF85700FFE79DF86A
:10D2A000570068B9FFE744F25841C5F60201086823
:10D2B00020F0E040189AD2F8AC201043086004E057
:10D2C0009DF857008DF85600FFE7FFE71898407863
:10D2D000000600283BD5FFE71898C06E0C90D8B127
:10D2E000FFE70C98B0F1805F05D0FFE70C98B0F134
:10D2F000005F09D011E044F22C41C5F60201086834
:10D3000040F4003008600CE018980830012106F065
:10D310005BFD8DF8570004E003E001208DF8570015
:10D32000FFE79DF8570060B9FFE744F25041C5F6AA
:10D330000201086820F04050189AD26E104308602D
:10D3400004E09DF857008DF85600FFE7FFE71898B6
:10D35000C078C007002837D0FFE71898806C0B9082
:10D36000032817D80B99DFE801F014020B1344F2DD
:10D370002C41C5F60201086840F4003008600DE059
:10D3800018980830022106F01FFD8DF8570005E0BF
:10D3900004E003E001208DF85700FFE79DF85700F7
:10D3A00060B9FFE744F24C41C5F60201086820F07D
:10D3B0000300189A926C1043086004E09DF857002F
:10D3C0008DF85600FFE7FFE71898807840060028A0
:10D3D00040F1B480FFE744F60001C5F60201086899
:10D3E00040F480700860FCF7FFFF1690FFE744F6FA
:10D3F0000000C5F602000068C00500280CD4FFE755
:10D40000FCF7F2FF1699401A652804D3FFE70320C2
:10D410008DF8570000E0EAE79DF85700002840F03B
:10D420008780FFE744F27040C5F60200006800F410
:10D4300040701899D1F8B01001F44071884213D0AF
:10D44000FFE744F27041C5F60201086820F440701D
:10D450001790086840F480300860086820F4803035
:10D46000086017980860FFE71898D0F8B000B0F58A
:10D47000807F1FD1FFE7FCF7B7FF1690FFE744F26C
:10D480007040C5F60200006800F002010020B0EB19
:10D49000510F0ED1FFE7FCF7A7FF1699401A41F292
:10D4A0008931884204D3FFE703208DF8570000E05C
:10D4B000E5E7FFE79DF85700A0BBFFE7FFE71898F7
:10D4C000D0F8B00000F44070B0F5407F13D1FFE712
:10D4D00044F21041C5F60201086820F47C50189A05
:10D4E000D2F8B0204FF6F043C0F6FF731A4040EA7E
:10D4F0001210086008E044F21041C5F60201086805
:10D5000020F47C500860FFE71898D0F8B0206FF343
:10D510001F3244F27041C5F60201086810430860EA
:10D52000FFE704E09DF857008DF85600FFE704E0A0
:10D530009DF857008DF85600FFE7FFE71898006840
:10D54000C007002800F04C80FFE71898806F0A9011
:10D5500028282BD80A99DFE801F01529292929293B
:10D56000292916292929292929291E292929292949
:10D570002929262929292929292927292929292920
:10D580002929280016E018980830012106F01CFC13
:10D590008DF857000EE018982830012106F0FCFCA9
:10D5A0008DF8570006E005E004E003E001208DF867
:10D5B0005700FFE79DF8570060B9FFE744F2544178
:10D5C000C5F60201086820F03800189A926F1043DF
:10D5D000086004E09DF857008DF85600FFE7FFE76C
:10D5E000189800788007002839D5FFE71898406F11
:10D5F0000990052819D80999DFE801F003040C14F3
:10D60000151616E018980830012106F0DDFB8DF89C
:10D6100057000EE018982830012106F0BDFC8DF867
:10D62000570006E005E004E003E001208DF8570014
:10D63000FFE79DF8570060B9FFE744F25441C5F693
:10D640000201086820F00700189A526F1043086022
:10D6500004E09DF857008DF85600FFE7FFE71898A3
:10D660000078400700283BD5FFE71898D0F89000D5
:10D670000890052819D80899DFE801F003040C1474
:10D68000151616E018980830012106F09DFB8DF85C
:10D6900057000EE018982830012106F07DFC8DF827
:10D6A000570006E005E004E003E001208DF8570094
:10D6B000FFE79DF8570068B9FFE744F25841C5F607
:10D6C0000201086820F00700189AD2F89020104351
:10D6D000086004E09DF857008DF85600FFE7FFE76B
:10D6E00018980078800600284ED5FFE71898D0F8E3
:10D6F0008C000790C8B1FFE70798B0F1805F15D0A4
:10D70000FFE70798B0F1005F18D0FFE70798B0F186
:10D71000405F1BD0FFE70798B0F1804F17D0FFE7BD
:10D720000798B0F1A04F13D013E016E01898083016
:10D73000002106F049FB8DF857000EE018982830BC
:10D74000022106F029FC8DF8570006E005E004E010
:10D7500003E001208DF85700FFE79DF8570068B9F6
:10D76000FFE744F25441C5F60201086820F0E040AA
:10D77000189AD2F88C201043086004E09DF85700F6
:10D780008DF85600FFE7FFE718980078400600285C
:10D790004ED5FFE71898D0F898000690C8B1FFE77B
:10D7A0000698B0F5806F15D0FFE70698B0F5006FCA
:10D7B00018D0FFE70698B0F5406F1BD0FFE706983A
:10D7C000B0F5805F17D0FFE70698B0F5A05F13D0E3
:10D7D00013E016E018980830002106F0F5FA8DF8ED
:10D7E00057000EE018982830022106F0D5FB8DF87E
:10D7F000570006E005E004E003E001208DF8570043
:10D80000FFE79DF8570068B9FFE744F25841C5F6B5
:10D810000201086820F4E050189AD2F898201043CA
:10D82000086004E09DF857008DF85600FFE7FFE719
:10D8300018980078000600284ED5FFE71898D0F811
:10D840009C000590C8B1FFE70598B0F5005F15D0C2
:10D85000FFE70598B0F5804F18D0FFE70598B0F5C1
:10D86000C04F1BD0FFE70598B0F5004F17D0FFE77A
:10D870000598B0F5204F13D013E016E01898083043
:10D88000002106F0A1FA8DF857000EE01898283014
:10D89000022106F081FB8DF8570006E005E004E068
:10D8A00003E001208DF85700FFE79DF8570068B9A5
:10D8B000FFE744F25841C5F60201086820F46040D1
:10D8C000189AD2F89C201043086004E09DF8570095
:10D8D0008DF85600FFE7FFE718980078000700284A
:10D8E00020D5FFE71898D0F88000B0F5805F0CD104
:10D8F000FFE718982830022106F04EFB20B1FFE721
:10D9000001208DF85600FFE7FFE744F25441C5F6C9
:10D910000201086820F44050189AD2F88020104381
:10D920000860FFE718980078C006002820D5FFE7B8
:10D930001898D0F89400B0F5807F0CD1FFE71898C4
:10D940002830022106F028FB20B1FFE701208DF8E6
:10D950005600FFE7FFE744F25841C5F602010868A8
:10D9600020F44070189AD2F8942010430860FFE722
:10D9700018988078000700283CD5FFE71898D0F861
:10D98000A000049050B1FFE70498B0F5803F0DD09F
:10D99000FFE70498B0F5003F10D010E01898083069
:10D9A000002106F011FA8DF857000CE01898283085
:10D9B000022106F0F1FA8DF8570004E003E001209F
:10D9C0008DF85700FFE79DF8570068B9FFE744F26C
:10D9D0005841C5F60201086820F44030189AD2F880
:10D9E000A0201043086004E09DF857008DF8560011
:10D9F000FFE7FFE718988078400700283FD5FFE74A
:10DA00001898D0F884000390B0F5801F0AD0FFE783
:10DA10000398B0F5001F0ED0FFE70398B0F5401F44
:10DA200011D011E044F22C41C5F60201086840F41F
:10DA3000003008600CE018982830012106F0ACFA9C
:10DA40008DF8570004E003E001208DF85700FFE750
:10DA50009DF8570068B9FFE744F25441C5F602014A
:10DA6000086820F44010189AD2F884201043086007
:10DA700004E09DF857008DF85600FFE7FFE718987F
:10DA80008078C007A8B3FFE71898006D029028B10E
:10DA9000FFE70298B0F5803F09D010E044F22C4136
:10DAA000C5F60201086840F4003008600BE01898E1
:10DAB0000830022106F088F98DF8570003E00120B4
:10DAC0008DF85700FFE79DF8570060B9FFE744F273
:10DAD0004C41C5F60201086820F48030189A126D96
:10DAE0001043086004E09DF857008DF85600FFE7EA
:10DAF000FFE71898C078800600280CD5FFE7189833
:10DB00002830022106F048FA20B1FFE701208DF805
:10DB10005600FFE7FFE718988078800700283AD57D
:10DB2000FFE71898C06F0190D0B1FFE70198B0F5FA
:10DB3000807F0AD0FFE70198B0F5007F0ED0FFE7A5
:10DB40000198B0F5407F0AD00BE044F22C41C5F6B5
:10DB50000201086840F40030086006E005E004E0D7
:10DB600003E001208DF85700FFE79DF8570060B9EA
:10DB7000FFE744F25441C5F60201086820F4407002
:10DB8000189AD26F1043086004E09DF857008DF892
:10DB90005600FFE7FFE718988078C00600280CD5EC
:10DBA000FFE744F25041C5F60201086820F000404A
:10DBB000189A126F10430860FFE718988078800663
:10DBC00000280CD5FFE744F25041C5F60201086871
:10DBD00020F08070189A926E10430860FFE7189842
:10DBE000C0784006002811D5FFE7FFE744F2104156
:10DBF000C5F60201086820F4004008601898D0F8C3
:10DC0000B420086810430860FFE7FFE71898C07861
:10DC1000000600280CD5FFE744F24C41C5F602018E
:10DC2000086820F04050189A526D10430860FFE7D2
:10DC300018988078000600280DD5FFE744F254417B
:10DC4000C5F60201086820F44000189AD2F888202E
:10DC500010430860FFE718980079C00790B1FFE70C
:10DC600018980830002106F0AFF88DF857009DF89D
:10DC7000570008B9FFE704E09DF857008DF85600FB
:10DC8000FFE7FFE7189800798007002812D5FFE723
:10DC900018980830012106F097F88DF857009DF884
:10DCA000570008B9FFE704E09DF857008DF85600CB
:10DCB000FFE7FFE7189800794007002812D5FFE733
:10DCC00018980830022106F07FF88DF857009DF86B
:10DCD000570008B9FFE704E09DF857008DF856009B
:10DCE000FFE7FFE7189800790007002812D5FFE743
:10DCF00018982830002106F04FF98DF857009DF84C
:10DD0000570008B9FFE704E09DF857008DF856006A
:10DD1000FFE7FFE718980079C006002812D5FFE753
:10DD200018982830012106F037F98DF857009DF832
:10DD3000570008B9FFE704E09DF857008DF856003A
:10DD4000FFE7FFE7189800798006002812D5FFE763
:10DD500018982830022106F01FF98DF857009DF819
:10DD6000570008B9FFE704E09DF857008DF856000A
:10DD7000FFE7FFE79DF8560020B9FFE700208DF888
:10DD8000670003E001208DF86700FFE79DF867005A
:10DD90001AB080BD0000000080B586B004900391E9
:10DDA000049820B9FFE701208DF817003CE20398A2
:10DDB00042F20001C5F20021096801F00F0188421A
:10DDC00016D9FFE742F20000C5F20020016821F0F9
:10DDD0000F01039A11430160006800F00F000399DE
:10DDE000884204D0FFE701208DF817001CE2FFE70E
:10DDF000049800784007002819D5FFE704980069C7
:10DE000044F21841C5F60201096801F07001884228
:10DE10000CD9FFE744F21841C5F60201086820F06A
:10DE20007000049A126910430860FFE7FFE7049846
:10DE300000780007002819D5FFE70498406944F2EC
:10DE40001C41C5F60201096801F0700188420CD935
:10DE5000FFE744F21C41C5F60201086820F070009B
:10DE6000049A526910430860FFE7FFE704980078BE
:10DE7000C006002819D5FFE70498806944F21C41C8
:10DE8000C5F60201096801F4E06188420CD9FFE798
:10DE900044F21C41C5F60201086820F4E060049ACF
:10DEA000926910430860FFE7FFE704980078800656
:10DEB000002819D5FFE70498C06944F22041C5F64F
:10DEC0000201096801F0700188420CD9FFE744F2B1
:10DED0002041C5F60201086820F07000049AD2695A
:10DEE00010430860FFE7FFE70498007880070028E8
:10DEF00019D5FFE70498C06844F21841C5F602013D
:10DF0000096801F00F0188420CD9FFE744F218417B
:10DF1000C5F60201086820F00F00049AD268104389
:10DF20000860FFE7FFE704980078C007002800F0CA
:10DF30008C80FFE744F21841C5F60201086820F41E
:10DF40007060049A92681043086004984068022840
:10DF500011D1FFE744F20040C5F60200006800F46A
:10DF600000310020B0EB514F04D1FFE701208DF8C4
:10DF7000170059E13EE004984068032811D1FFE7FB
:10DF800044F20040C5F60200006800F00071002075
:10DF9000B0EB516F04D1FFE701208DF8170043E18A
:10DFA00027E004984068012811D1FFE744F20040BF
:10DFB000C5F60200006800F480710020B0EB112F5C
:10DFC00004D1FFE701208DF817002DE110E044F2A5
:10DFD0000040C5F60200006800F004010020B0EB2C
:10DFE000910F04D1FFE701208DF817001CE1FFE736
:10DFF000FFE7FFE744F21041C5F60201086820F090
:10E000000700049A526810430860FCF7EDF901908C
:10E01000FFE744F21040C5F60200006800F0380047
:10E0200004994968B0EBC10F0ED0FFE7FCF7DCF9AB
:10E030000199401A41F28931884204D3FFE7032055
:10E040008DF81700F0E0E4E7FFE704980078800718
:10E05000002819D5FFE70498C06844F21841C5F6B6
:10E060000201096801F00F0188420CD2FFE744F277
:10E070001841C5F60201086820F00F00049AD26822
:10E0800010430860FFE7FFE7039842F20001C5F282
:10E090000021096801F00F01884216D2FFE742F221
:10E0A0000000C5F20020016821F00F01039A11431E
:10E0B0000160006800F00F000399884204D0FFE778
:10E0C00001208DF81700AFE0FFE7049800784007C3
:10E0D000002819D5FFE70498006944F21841C5F6F5
:10E0E0000201096801F0700188420CD2FFE744F296
:10E0F0001841C5F60201086820F07000049A126900
:10E1000010430860FFE7FFE7049800780007002845
:10E1100019D5FFE70498406944F21C41C5F6020195
:10E12000096801F0700188420CD2FFE744F21C41FB
:10E13000C5F60201086820F07000049A5269104385
:10E140000860FFE7FFE704980078C006002819D5AB
:10E15000FFE70498806944F21C41C5F60201096892
:10E1600001F4E06188420CD2FFE744F21C41C5F69D
:10E170000201086820F4E060049A92691043086084
:10E18000FFE7FFE7049800788006002819D5FFE72D
:10E190000498C06944F22041C5F60201096801F003
:10E1A000700188420CD2FFE744F22041C5F602011B
:10E1B000086820F07000049AD26910430860FFE7F5
:10E1C000FFE700F0CDF844F21842C5F602021168EC
:10E1D000C1F303234CF21E71C0F60301CB5C03F0C4
:10E1E0001F03D84000900098126802F00F02895C6B
:10E1F00001F01F01C84040F24001C2F20041086036
:10E20000009840F23C01C2F20041086040F28820D0
:10E21000C2F200400068FCF74BF98DF80B009DF846
:10E220000B008DF81700FFE79DF8170006B080BDC2
:10E2300082B00190009101993F20086044F21040A3
:10E24000C5F60200006800F007000199486044F23A
:10E250001840C5F60200016801F47061019A9160EE
:10E26000016801F00F01019AD160006800F07000B0
:10E270000199086144F21C40C5F60200016801F0F2
:10E280007001019A5161006800F4E06001998861B1
:10E2900044F22040C5F60200006800F070000199C9
:10E2A000C86142F20000C5F20020006800F00F00D3
:10E2B0000099086002B0704780B582B000F050F855
:10E2C00044F21842C5F602021168C1F303234CF26E
:10E2D0001E71C0F60301CB5C03F01F03D840019010
:10E2E0000198126802F00F02895C01F01F0120FA08
:10E2F00001F140F24000C2F200400160019940F299
:10E300003C02C2F200421160006802B080BD000011
:10E3100080B5FFF7D1FF44F21C41C5F60201096840
:10E32000C1F302124CF21E71C0F60301895C01F0C8
:10E330001F01C84080BD000080B5FFF7BDFF44F25B
:10E340001C41C5F602010968C1F302224CF21E719C
:10E35000C0F60301895C01F01F01C84080BD0000C8
:10E360008AB044F21040C5F60200006800F03800A0
:10E3700001460191182800F25F810199DFE811F050
:10E3800019005C015C015C015C015C015C015C01E9
:10E390003A005C015C015C015C015C015C015C01B8
:10E3A00040005C015C015C015C015C015C015C01A2
:10E3B000460044F20040C5F60200006800F020016B
:10E3C0000020B0EB511F0ED0FFE744F20040C5F62D
:10E3D00002000068C0F3C10149F20000C0F2D03071
:10E3E000C840029005E049F20000C0F2D03002902F
:10E3F000FFE727E140F60010C0F23D00029021E166
:10E4000043F20060C0F26E1002901BE144F228401B
:10E41000C5F60200016801F0030108910068C0F32D
:10E420000510079044F22C40C5F60200006800F089
:10E4300001000690069844F23441C5F602010968CD
:10E4400089B2C908484300EE100AB8EE400A8DEDC3
:10E45000040A0798002800F0EB80FFE70898009076
:10E4600048B1FFE70098012865D0FFE7009802282F
:10E4700000F08380A3E044F20040C5F6020000688B
:10E4800000F020010020B0EB511F31D0FFE744F233
:10E490000040C5F602000068C0F3C10149F2000067
:10E4A000C0F2D030C84005909DED050AB8EE400A94
:10E4B0009DED071AB8EE411A80EE010A44F2304091
:10E4C000C5F6020000686FF35F2001EE100AB8EE97
:10E4D000411A9DED042A9FED5E3A02EE031AB7EE53
:10E4E000002A31EE021A20EE010A8DED030A21E026
:10E4F0009DED070AB8EE401A9FED570A80EE010A1B
:10E5000044F23040C5F6020000686FF35F2001EE70
:10E51000100AB8EE411A9DED042A9FED4D3A02EE25
:10E52000031AB7EE002A31EE021A20EE010A8DED31
:10E53000030AFFE765E09DED070AB8EE401A9FED7C
:10E54000450A80EE010A44F23040C5F60200006838
:10E550006FF35F2001EE100AB8EE411A9DED042A18
:10E560009FED3B3A02EE031AB7EE002A31EE021A93
:10E5700020EE010A8DED030A43E09DED070AB8EE97
:10E58000401A9FED320A80EE010A44F23040C5F68F
:10E59000020000686FF35F2001EE100AB8EE411A26
:10E5A0009DED042A9FED2A3A02EE031AB7EE002AE7
:10E5B00031EE021A20EE010A8DED030A21E09DEDF5
:10E5C000070AB8EE401A9FED230A80EE010A44F2D2
:10E5D0003040C5F6020000686FF35F2001EE100ABC
:10E5E000B8EE411A9DED042A9FED193A02EE031A86
:10E5F000B7EE002A31EE021A20EE010A8DED030A71
:10E60000FFE744F23040C5F60200006881B2012005
:10E6100000EB512009909DED030A9DED091AB8EE1B
:10E62000411A80EE010ABCEEC00A8DED020A02E03A
:10E6300000200290FFE705E040F60010C0F23D0028
:10E640000290FFE702980AB0704700BF001BB74B6B
:10E65000000000390024744A0024744C00000000BB
:10E6600080B58CB00A900A9828B9FFE701208DF890
:10E670002F0000F001BD0A980078C007002800F0C4
:10E68000B980FFE744F21040C5F60200006800F0D0
:10E690003800069044F22840C5F602000068059054
:10E6A000069810280AD0FFE7069818281CD1FFE723
:10E6B000059800F00300022816D1FFE744F200405D
:10E6C000C5F60200006800F400310020B0EB514FA5
:10E6D00009D0FFE70A98406828B9FFE701208DF8C4
:10E6E0002F0000F0C9BC84E0FFE70A984068B0F54D
:10E6F000803F09D1FFE744F20041C5F602010868F6
:10E7000040F48030086032E00A98406868B9FFE75A
:10E7100044F20041C5F60201086820F48030086028
:10E72000086820F48020086020E00A984068B0F56E
:10E73000A02F0DD1FFE744F20041C5F602010868A1
:10E7400040F480200860086840F4803008600CE0E5
:10E7500044F20041C5F60201086820F480300860E8
:10E76000086820F480200860FFE7FFE7FFE7FFE785
:10E770000A984068F0B1FFE7FBF736FE0990FFE723
:10E7800044F20040C5F60200006800F400310020A9
:10E79000B0EB514F0DD1FFE7FBF726FE0999401A68
:10E7A000652805D3FFE703208DF82F0000F064BC37
:10E7B000E6E71DE0FBF718FE0990FFE744F2004092
:10E7C000C5F60200006800F400310020B0EB514FA4
:10E7D0000DD0FFE7FBF708FE0999401A652805D31D
:10E7E000FFE703208DF82F0000F046BCE6E7FFE7C7
:10E7F000FFE7FFE70A9800788007002840F1C5800E
:10E80000FFE744F21040C5F60200006800F038004F
:10E81000049044F22840C5F6020000680390049872
:10E8200050B1FFE70498182850D1FFE79DF80C007D
:10E83000800700284AD1FFE744F20040C5F60200F5
:10E84000006800F004010020B0EB910F09D0FFE751
:10E850000A98C06828B9FFE701208DF82F0000F062
:10E860000BBC44F20041C5F60201086820F0190013
:10E870000A9AD26810430860FBF7B6FD0990FFE7DB
:10E8800044F20040C5F60200006800F004010020D8
:10E89000B0EB910F0CD1FFE7FBF7A6FD0999401AE9
:10E8A000032804D3FFE703208DF82F00E4E3E7E714
:10E8B00044F20441C5F60201086820F0FE400A9ABD
:10E8C000126940EA02600860FFE75DE00A98C068EC
:10E8D000A0B3FFE744F20041C5F60201086820F04A
:10E8E00019000A9AD26810430860FBF77DFD099071
:10E8F000FFE744F20040C5F60200006800F00401A2
:10E900000020B0EB910F0CD1FFE7FBF76DFD0999EB
:10E91000401A032804D3FFE703208DF82F00ABE350
:10E92000E7E744F20441C5F60201086820F0FE4022
:10E930000A9A126940EA0260086024E044F2004149
:10E94000C5F60201086820F001000860FBF74CFDE5
:10E950000990FFE744F20040C5F60200006800F0AD
:10E9600004010020B0EB910F0CD0FFE7FBF73CFD5A
:10E970000999401A032804D3FFE703208DF82F00DC
:10E980007AE3E7E7FFE7FFE7FFE70A980078C006CA
:10E99000002840F1A080FFE744F21040C5F60200D5
:10E9A000006800F03800029044F22840C5F60200EA
:10E9B00000680190029808280AD0FFE702981828FA
:10E9C0002BD1FFE7019800F00300012825D1FFE7D4
:10E9D00044F20040C5F60200006800F48071002097
:10E9E000B0EB112F09D0FFE70A98C069802804D046
:10E9F000FFE701208DF82F003EE3FFE744F20C41D2
:10EA0000C5F60201086820F07C500A9A126A40EAB2
:10EA100002600860FFE7FFE75CE00A98C06998B30E
:10EA2000FFE744F20041C5F60201086840F08000AB
:10EA30000860FBF7D9FC0990FFE744F20040C5F6F7
:10EA40000200006800F480710020B0EB112F0CD19F
:10EA5000FFE7FBF7C9FC0999401A032804D3FFE735
:10EA600003208DF82F0007E3E7E7FFE744F20C41AE
:10EA7000C5F60201086820F07C500A9A126A40EA42
:10EA800002600860FFE724E044F20041C5F602019D
:10EA9000086820F080000860FBF7A6FC0990FFE7FB
:10EAA00044F20040C5F60200006800F480710020C6
:10EAB000B0EB112F0CD0FFE7FBF796FC0999401A39
:10EAC000032804D3FFE703208DF82F00D4E2E7E703
:10EAD000FFE7FFE7FFE70A980078000700284FD517
:10EAE000FFE70A98406928B3FFE744F27441C5F68E
:10EAF0000201086840F001000860FBF775FC09900E
:10EB0000FFE744F27440C5F60200006800F002011D
:10EB10000020B0EB510F0CD1FFE7FBF765FC099922
:10EB2000401A032804D3FFE703208DF82F00A3E247
:10EB3000E7E724E044F27441C5F60201086820F0DA
:10EB400001000860FBF750FC0990FFE744F27440B5
:10EB5000C5F60200006800F002010020B0EB510F82
:10EB60000CD0FFE7FBF740FC0999401A032804D3B7
:10EB7000FFE703208DF82F007EE2E7E7FFE7FFE7DE
:10EB80000A980078800600284FD5FFE70A98806928
:10EB900028B3FFE744F20041C5F60201086840F4DB
:10EBA00080500860FBF720FC0990FFE744F200402A
:10EBB000C5F60200006800F400510020B0EB513FA0
:10EBC0000CD1FFE7FBF710FC0999401A032804D386
:10EBD000FFE703208DF82F004EE2E7E724E044F240
:10EBE0000041C5F60201086820F480500860FBF778
:10EBF000FBFB0990FFE744F20040C5F60200006805
:10EC000000F400510020B0EB513F0CD0FFE7FBF7C0
:10EC1000EBFB0999401A032804D3FFE703208DF882
:10EC20002F0029E2E7E7FFE7FFE70A9800784007AF
:10EC3000002840F1A780FFE744F60001C5F6020175
:10EC4000086840F480700860FBF7CEFB0990FFE78E
:10EC500044F60000C5F602000068C00500280CD488
:10EC6000FFE7FBF7C1FB0999401A652804D3FFE7CA
:10EC700003208DF82F00FFE1EAE7FFE70A9880689C
:10EC8000012809D1FFE744F27041C5F60201086886
:10EC900040F00100086031E00A98806868B9FFE739
:10ECA00044F27041C5F60201086820F001000860D6
:10ECB000086820F0040008601FE00A9880680528B2
:10ECC0000DD1FFE744F27041C5F60201086840F03B
:10ECD00004000860086840F0010008600CE044F29D
:10ECE0007041C5F60201086820F00100086008685C
:10ECF00020F004000860FFE7FFE7FFE7FFE70A985E
:10ED00008068F8B1FFE7FBF76FFB0990FFE744F27B
:10ED10007040C5F60200006800F002010020B0EB70
:10ED2000510F0ED1FFE7FBF75FFB0999401A41F243
:10ED30008931884204D3FFE703208DF82F009BE13F
:10ED4000E5E71EE0FBF750FB0990FFE744F2704057
:10ED5000C5F60200006800F002010020B0EB510F80
:10ED60000ED0FFE7FBF740FB0999401A41F28931C9
:10ED7000884204D3FFE703208DF82F007CE1E5E70C
:10ED8000FFE7FFE70A98406A002800F07181FFE77B
:10ED900044F21040C5F60200006800F03800182860
:10EDA00000F0E080FFE70A98406A022840F0B48053
:10EDB000FFE744F20041C5F60201086820F08070C8
:10EDC0000860FBF711FB0990FFE744F20040C5F62D
:10EDD0000200006800F000710020B0EB516F0CD011
:10EDE000FFE7FBF701FB0999401A032804D3FFE76B
:10EDF00003208DF82F003FE1E7E7FFE744F22841C9
:10EE0000C5F60201086840F2F33290430A9B9A6A01
:10EE1000DB6A42EA0312104308600A99086BD1F8D2
:10EE200034C08B6BCA6B01386FF35F204FF6006103
:10EE3000CFF6FF7101EB4C2189B208440021CFF6D7
:10EE4000FF7101EB034101F4FE0108444FF07F41E3
:10EE500001EB026101F0FE41084444F23041C5F685
:10EE600002010860FFE744F22C41C5F6020100915F
:10EE7000086820F00100086044F23442C5F602023E
:10EE800010684FF6F87398430A9B9B6C40EAC300E6
:10EE90001060086820F00C000A9A126C1043086099
:10EEA000086820F002000A9A526C10430860086853
:10EEB00040F480300860086840F40030086008685A
:10EEC00040F480200860086840F00100086044F2C7
:10EED0000041C5F60201086840F080700860FBF749
:10EEE00083FA0990FFE744F20040C5F6020000688B
:10EEF00000F000710020B0EB516F0CD1FFE7FBF781
:10EF000073FA0999401A032804D3FFE703208DF808
:10EF10002F00B1E0E7E724E044F20041C5F602012A
:10EF2000086820F080700860FBF75EFA0990FFE740
:10EF300044F20040C5F60200006800F000710020B5
:10EF4000B0EB516F0CD0FFE7FBF74EFA0999401A6E
:10EF5000032804D3FFE703208DF82F008CE0E7E7B8
:10EF6000FFE784E044F22840C5F6020000680890FC
:10EF700044F23040C5F60200006807900A98406AE3
:10EF8000012837D0FFE7089800F003000A99896A42
:10EF900088422FD1FFE7089800F47C710A98C06A74
:10EFA000B0EB111F26D1FFE707986FF35F200A9996
:10EFB000096B013988421DD1FFE7BDF81C100A9882
:10EFC000406B0138B0EB512F14D1FFE7079800F4E4
:10EFD000FE010A98806B0138B0EB114F0AD1FFE7B0
:10EFE000079800F0FE410A98C06B0138B0EB116F32
:10EFF00004D0FFE701208DF82F003DE044F23440BB
:10F00000C5F60200006880B2C00808900A98806CBB
:10F010000899884229D0FFE744F22C41C5F6020145
:10F02000086820F001000860FBF7DEF90990FFE7AF
:10F03000FBF7DAF90999401A08B9FFE7F8E744F253
:10F040003441C5F6020108684FF6F87290430A9AF7
:10F05000926C40EAC200086044F22C41C5F60201FD
:10F06000086840F001000860FFE7FFE7FFE7FFE7FF
:10F0700000208DF82F00FFE79DF82F000CB080BD19
:10F0800081B0009001B0704780B588B007900798B4
:10F090000068006906900798006840690590069826
:10F0A0000599084004900798006880680390002044
:10F0B0000290079890F881008DF807000798006883
:10F0C000303000909DF815000007002810D5FFE7AC
:10F0D0009DF81800000700280AD5FFE70798016887
:10F0E000886940F400608861079800F0ADFB91E109
:10F0F0009DF810004006002815D4FFE79DF8100089
:10F10000800600280FD4FFE79DF810004007002874
:10F1100009D5FFE70798416F88470798016F88472F
:10F1200001200290FFE79DF810004006002811D44E
:10F13000FFE79DF81000C00760B1FFE79DF81000E1
:10F140004007002806D4FFE70798016F8847012091
:10F150000290FFE79DF810008006002812D4FFE718
:10F160009DF81000800700280CD5FFE79DF81000DF
:10F170004007002806D4FFE70798416F8847012021
:10F180000290FFE7029808B1FFE743E19DF8100005
:10F190000007002840F18980FFE707980168886927
:10F1A00040F00800886107980168886940F0100005
:10F1B000886107980168886940F400608861079851
:10F1C0000168086920F008000861079800688068F5
:10F1D00010F4404F3AD1FFE7FFE70798B0F86A0014
:10F1E00098B3FFE70798C06810280BD3FFE707988C
:10F1F0000068006B0799496E08600799486E0430F3
:10F2000048661BE00798C06808280AD3FFE7009803
:10F2100000880799496E08800799486E0230486651
:10F220000BE00798006890F830000799496E087065
:10F230000799486E01304866FFE7FFE70799B1F884
:10F240006A000138A1F86A00C7E7FFE7079804F0F1
:10F2500093FF0799012081F881000798D0F8840076
:10F2600020B1FFE70798FFF70BFFD3E09DF80700F9
:10F27000052804D1FFE7079801F066F814E09DF82F
:10F280000700042804D1FFE7079800F0D9FA0AE044
:10F290009DF80700032804D1FFE7079801F050F814
:10F2A00000E0FFE7FFE7FFE7B4E0BDF8100010F46F
:10F2B000587F00F0AF80FFE79DF81000400600285F
:10F2C0000ED5FFE70799D1F8840040F00400C1F89B
:10F2D000840007980168886940F040008861FFE772
:10F2E0009DF81100800700280ED5FFE70799D1F897
:10F2F000840040F00100C1F8840007980168886923
:10F3000040F400708861FFE79DF81100C00770B1FC
:10F31000FFE70799D1F8840040F00800C1F88400A5
:10F3200007980168886940F480708861FFE79DF85C
:10F330001000800600280ED5FFE70799D1F8840059
:10F3400040F08000C1F8840007980168886940F0A7
:10F3500020008861FFE70798D0F88400002858D083
:10F36000FFE707980168086820F001000860079827
:10F370000168086940F26B3290430861039800F419
:10F380004040B0F5404F3BD1FFE7079801688868DF
:10F3900020F4404088600798C06FB0B1FFE707983D
:10F3A000C16F44F29120C0F6010008650798C06F54
:10F3B000F6F796FE40B1FFE70799D1F8840040F0D8
:10F3C0004000C1F88400FFE7FFE70798806FB0B105
:10F3D000FFE70798816F44F29120C0F601000865AD
:10F3E0000798806FF6F77CFE40B1FFE70799D1F8E8
:10F3F000840040F04000C1F88400FFE7FFE707E029
:10F400000799012081F881000798FFF739FEFFE78F
:10F41000FFE7FFE708B080BD80B586B00490049890
:10F4200020B9FFE701208DF817003AE10498406AFF
:10F4300008B9FFE7FFE70499002088620498006894
:10F4400043F20001C4F2010188421BD0FFE7049897
:10F45000006843F60001C4F20001884212D0FFE7C1
:10F460000498006843F60041C4F20001884209D0C4
:10F47000FFE70498C068102804D3FFE701208DF847
:10F4800017000EE1049804F01BFF02900498006836
:10F4900043F20001C4F20101884216D0FFE704984C
:10F4A000006843F60001C4F2000188420DD0FFE776
:10F4B0000498006843F60041C4F20001884204D079
:10F4C000FFE7029808281FD8FFE70498006843F276
:10F4D0000001C4F20101884212D0FFE704980068DD
:10F4E00043F60001C4F20001884209D0FFE7049806
:10F4F000006843F60041C4F20001884208D1FFE7EA
:10F500000298112804D3FFE701208DF81700C8E006
:10F51000049890F8810040B9FFE70499002081F831
:10F520008000049800F0C4F8FFE70499022081F8F5
:10F53000810004980168086820F0010008600498C0
:10F540000068806800F4F810039004988069B0F1B6
:10F55000806F1BD1FFE704984068B0F5800F04D19D
:10F56000FFE70498806B50B1FFE70498406868B9E2
:10F57000FFE70498806BB0F1805F07D1FFE7049844
:10F580000168086840F480500860FFE704988079BB
:10F590004006002810D5FFE70498C06807280BD361
:10F5A000FFE704980068006820F48070049A1168EE
:10F5B000126D1043086006E004980168086820F4A2
:10F5C00080700860FFE7049B1968DA68D869D3F88F
:10F5D00028C040EA0C00DDF80CC040EA0C00DB6BF0
:10F5E000184310438860049A0192506B516A084393
:10F5F000916B0843916908431168D2F804C093687D
:10F60000D2F810E040EA0E00D2F814E040EA0E0012
:10F61000D2F820E040EA0E0040EA0C00D2F84CC0DC
:10F6200040EA0C001843936C1843926D1043C86075
:10F630000498406898B9FFE7049800688068012141
:10F6400061F3CC2004990968886004980068806898
:10F65000022161F34A20049909688860FFE7049851
:10F660000168086D20F00100086504988079400663
:10F6700000280BD5FFE704980068C06820F0004020
:10F68000049A1168526D1043C860FFE70499002086
:10F69000C1F88400049A012182F881108DF81700C6
:10F6A000FFE79DF8170006B080BD000000000000D5
:10F6B00080B590B00F9000200E900D900C900B90A4
:10F6C0000A900F98006843F60001C4F200018842D6
:10F6D00040F0B180FFE7FFE744F2E840C5F60200E2
:10F6E000016841F480410160006800F480400990A5
:10F6F0000998FFE7FFE744F2E040C5F60200016821
:10F7000041F004010160006800F0040008900898CE
:10F71000FFE7FFE744F2E040C5F60200016841F070
:10F7200002010160006800F0020007900798FFE7FF
:10F7300006200A90022002900B90002005900C9069
:10F740000D90052003900E9040F60000C5F60200D3
:10F750000AA90491FAF744FC029B03980499059ABC
:10F760004FF4005CCDF828C00B930C920D920E90D4
:10F7700040F20040C5F60200FAF732FC059943F268
:10F780002C20C2F2004006907022C4F202020260F5
:10F79000272242608160C1604FF480620261416152
:10F7A0008161C1614FF4403202624162F8F7D8F8DA
:10F7B00018B1FFE7F3F7A0FFFFE7FFE70F9843F269
:10F7C0002C21C2F20041C1670F988863FFE743F222
:10F7D000A420C2F2004001902821C4F2020101607D
:10F7E00028214160402181600021C1604FF4806286
:10F7F000026141618161C1614FF400320262416284
:10F80000F8F7AEF818B1FFE7F3F776FFFFE7FFE789
:10F810000F9843F2A421C2F2004181670F988863D8
:10F82000FFE72420009005210022FAF7CDFE009882
:10F83000FAF7BEFEFFE710B080BD00000000000038
:10F8400081B0009001B0704781B0009001B0704766
:10F8500080B588B006900591ADF812200393069804
:10F86000006820300290FAF7BFFD0190069890F8EA
:10F870008100012804D0FFE702208DF81F00D5E1A8
:10F88000059820B1FFE7BDF8120020B9FFE701207D
:10F890008DF81F00CAE1FFE7069890F88000012864
:10F8A00004D1FFE702208DF81F00BFE10699012077
:10F8B00081F88000FFE7FFE70699032081F88100C7
:10F8C00006990020C1F884000599069AD165BDF813
:10F8D0001210069AA2F86010BDF81210069AA2F84B
:10F8E0006210069948660699A1F868000699A1F881
:10F8F0006A00069948670699086706988068B0F517
:10F90000C02F07D1FFE706980168086840F400603F
:10F91000086009E006980068C068012161F3524060
:10F9200006990968C860FFE70698006840684FF6C6
:10F93000FF718843BDF812100844069909684860B1
:10F9400006980168086840F0010008600698406861
:10F95000B0F5800F07D1FFE706980168086840F40A
:10F9600000700860FFE70698C068102848D3FFE7DA
:10F97000FFE70698B0F86200002840D0FFE706983D
:10F98000006840698007002810D5FFE706980168E5
:10F99000C06D006808620699C86D0430C865069994
:10F9A000B1F862000138A1F8620027E0FAF71CFD07
:10F9B0000199401A0399884204D3FFE70398013064
:10F9C00018B9FFE70398C0B9FFE7069804F0D4FB25
:10F9D0000699D1F8840040F48070C1F8840006993B
:10F9E000012081F88100FFE70699002081F880005E
:10F9F000FFE703208DF81F0018E1FFE7B9E7E8E013
:10FA00000698C068082863D3FFE7FFE70698B0F8B8
:10FA1000620000285BD0FFE7069800684069800715
:10FA200000282BD5FFE70698B0F86200022814D30F
:10FA3000FFE70698C06B80B1FFE706980168C06DCC
:10FA4000006808620699C86D0430C8650699B1F867
:10FA500062000238A1F862000FE00698C06D0088CD
:10FA6000029908800699C86D0230C8650699B1F8F8
:10FA700062000138A1F86200FFE727E0FAF7B4FC62
:10FA80000199401A0399884204D3FFE70398013093
:10FA900018B9FFE70398C0B9FFE7069804F06CFBBC
:10FAA0000699D1F8840040F48070C1F8840006996A
:10FAB000012081F88100FFE70699002081F880008D
:10FAC000FFE703208DF81F00B0E0FFE79EE77FE02F
:10FAD000FFE70698B0F86200002878D0FFE70698A4
:10FAE000006840698007002848D5FFE70698B0F80D
:10FAF0006200042815D3FFE70698C06B412810D395
:10FB0000FFE706980168C06D006808620699C86D35
:10FB10000430C8650699B1F862000438A1F86200A3
:10FB20002BE00698B0F86200022814D3FFE706988D
:10FB3000C06B80B1FFE70698C06D0088029908800D
:10FB40000699C86D0230C8650699B1F8620002389E
:10FB5000A1F8620010E006980168C06D007881F895
:10FB600020000699C86D0130C8650699B1F8620099
:10FB70000138A1F86200FFE7FFE727E0FAF734FC5D
:10FB80000199401A0399884204D3FFE70398013092
:10FB900018B9FFE70398C0B9FFE7069804F0ECFA3C
:10FBA0000699D1F8840040F48070C1F88400069969
:10FBB000012081F88100FFE70699002081F880008C
:10FBC000FFE703208DF81F0030E0FFE781E7FFE744
:10FBD000FFE70698039B01996A46116008210022FD
:10FBE00004F086FB40B1FFE70699D1F8840040F0AD
:10FBF0002000C1F88400FFE7069804F0BDFA0699DA
:10FC0000012081F88100FFE70699002081F880003B
:10FC1000FFE70698D0F8840020B1FFE701208DF8B7
:10FC20001F0003E000208DF81F00FFE79DF81F0074
:10FC300008B080BD0000000080B590B0DDF848C07D
:10FC40000E900D910C92ADF82E300E980068203079
:10FC50000A900E980068303009900E98C16B012010
:10FC600000EB5110ADF81200FAF7BEFB0890BDF89A
:10FC70002E00ADF81600BDF82E00ADF814000E9859
:10FC800090F88100012804D0FFE702208DF83F00A2
:10FC900050E30D9838B1FFE70C9820B1FFE7BDF8AD
:10FCA0002E0020B9FFE701208DF83F0042E3FFE777
:10FCB0000E9890F88000012804D1FFE702208DF80B
:10FCC0003F0037E30E99012081F88000FFE7FFE74E
:10FCD0000E99052081F881000E990020C1F884005A
:10FCE0000C990E9A5166BDF82E100E9AA2F86A1061
:10FCF000BDF82E100E9AA2F868100D990E9AD165D3
:10FD0000BDF82E100E9AA2F86210BDF82E100E9AB1
:10FD1000A2F860100E9908670E9948670E9800685F
:10FD2000C06820F4C0200E990968C8600E98006869
:10FD300043F20001C4F20101884212D0FFE70E989D
:10FD4000006843F60001C4F20001884209D0FFE7D1
:10FD50000E98006843F60041C4F20001884203D1C6
:10FD6000FFE71020079002E008200790FFE70E98B9
:10FD7000006840684FF6FF718843BDF82E100844B4
:10FD80000E99096848600E980168086840F0010003
:10FD900008600E984068B0F5800F07D1FFE70E9815
:10FDA0000168086840F400700860FFE70E98C068BA
:10FDB0001028C0F0B580FFE7079880080790FFE79C
:10FDC000BDF816100120039039B9FFE7BDF8140003
:10FDD000002818BF01200390FFE70398C007002800
:10FDE00000F09D80FFE70E980068406980070028BA
:10FDF00022D5FFE7BDF81600F0B1FFE7BDF814000B
:10FE0000BDF81610079A1144884215D2FFE70E98E4
:10FE10000168C06D006808620E99C86D0430C8653D
:10FE20000E99B1F862000138A1F862000E98B0F89E
:10FE30006200ADF81600FFE70E9800684069069072
:10FE4000BDF81400002869D0FFE70E9800684069EB
:10FE5000C007B0B1FFE70E980068006B0E99496EBD
:10FE600008600E99486E043048660E99B1F86A0031
:10FE70000138A1F86A000E98B0F86A00ADF81400D5
:10FE80004BE0BDF81400BDF8121088421CDAFFE701
:10FE90009DF819000006002816D5FFE70E980068A7
:10FEA000006B0E99496E08600E99486E04304866E2
:10FEB0000E99B1F86A000138A1F86A000E98B0F8FE
:10FEC0006A00ADF8140027E0FAF78EFA0899401A94
:10FED0001299884204D3FFE71298013018B9FFE75E
:10FEE0001298C0B9FFE70E9804F046F90E99D1F8C0
:10FEF000840040F48070C1F884000E99012081F8DC
:10FF00008100FFE70E99002081F88000FFE70320C1
:10FF10008DF83F000EE2FFE7FFE7FFE750E7DCE187
:10FF20000E98C0680828C0F0DE80FFE707984008F8
:10FF30000790FFE7BDF816100120029039B9FFE7DE
:10FF4000BDF81400002818BF01200290FFE70298B6
:10FF5000C007002800F0C680FFE70E9800684069DF
:10FF60008007002822D5FFE7BDF81600F0B1FFE7B3
:10FF7000BDF81400BDF81610079A1144884215D236
:10FF8000FFE70E98C06D00880A9908800E99C86D29
:10FF90000230C8650E99B1F862000138A1F862001C
:10FFA0000E98B0F86200ADF81600FFE70E980068F2
:10FFB00040690690BDF81400002800F09280FFE729
:10FFC0000E9800684069C007A8B1FFE7099800884B
:10FFD0000E99496E08800E99486E023048660E9957
:10FFE000B1F86A000138A1F86A000E98B0F86A000A
:10FFF000ADF8140074E0BDF81400BDF8121088428A
:020000040801F1
:1000000024DAFFE79DF81900000600281ED5FFE757
:10001000099800880E99496E08800E99486E023042
:100020004866099800880E99496E08800E99486EB6
:10003000023048660E99B1F86A000238A1F86A00E9
:100040000E98B0F86A00ADF8140048E0BDF814004E
:1000500001281BD1FFE79DF819008006002815D55F
:10006000FFE7099800880E99496E08800E99486E3E
:10007000023048660E99B1F86A000138A1F86A00AA
:100080000E98B0F86A00ADF8140027E0FAF7ACF962
:100090000899401A1299884204D3FFE71298013058
:1000A00018B9FFE71298C0B9FFE70E9804F064F89A
:1000B0000E99D1F8840040F48070C1F884000E9944
:1000C000012081F88100FFE70E99002081F880006F
:1000D000FFE703208DF83F002CE1FFE7FFE7FFE794
:1000E000FFE727E7F8E0FFE7BDF8161001200190D1
:1000F00039B9FFE7BDF81400002818BF01200190AE
:10010000FFE70198C007002800F0E580FFE70E98A0
:10011000006840698007002823D5FFE7BDF8160076
:10012000F8B1FFE7BDF81400BDF81610079A1144A6
:10013000884216D2FFE70E980168C06D007881F8FA
:1001400020000E99C86D0130C8650E99B1F86200A3
:100150000138A1F862000E98B0F86200ADF8160000
:10016000FFE70E98006840690690BDF8140000286B
:1001700000F0B080FFE70E9800684069C007B8B192
:10018000FFE70E98006890F830000E99496E0870ED
:100190000E99486E013048660E99B1F86A00013830
:1001A000A1F86A000E98B0F86A00ADF8140090E06B
:1001B000BDF81400BDF8121088423EDAFFE79DF842
:1001C00019000006002838D5FFE70E98006890F85F
:1001D00030000E99496E08700E99486E01304866DD
:1001E0000E98006890F830000E99496E08700E99CC
:1001F000486E013048660E98006890F830000E99FD
:10020000496E08700E99486E013048660E98006875
:1002100090F830000E99496E08700E99486E0130C2
:1002200048660E99B1F86A000438A1F86A000E9881
:10023000B0F86A00ADF814004AE0BDF814000328D5
:100240001DD8FFE79DF8190010F0600F17D0FFE7E9
:100250000E98006890F830000E99496E08700E995B
:10026000486E013048660E99B1F86A000138A1F86D
:100270006A000E98B0F86A00ADF8140027E0FAF7AB
:10028000B3F80899401A1299884204D3FFE71298EC
:10029000013018B9FFE71298C0B9FFE70E9803F0D4
:1002A0006BFF0E99D1F8840040F48070C1F884008F
:1002B0000E99012081F88100FFE70E99002081F856
:1002C0008000FFE703208DF83F0033E0FFE7FFE702
:1002D000FFE7FFE708E7FFE7FFE70E98129B0899A3
:1002E0006A4611600821002204F002F840B1FFE7DD
:1002F0000E99D1F8840040F02000C1F88400FFE797
:100300000E9803F039FF0E99012081F88100FFE774
:100310000E99002081F88000FFE70E98D0F8840045
:1003200020B1FFE701208DF83F0003E000208DF8A9
:100330003F00FFE79DF83F0010B080BD00000000C7
:1003400081B0009001B0704781B0009001B070475B
:1003500082B00190009140F20441C5F600010868A6
:10036000019A9043009A1043086002B07047000061
:1003700081B0009001B0704781B0009001B070472B
:1003800081B0009001B0704785B003900291FFE703
:10039000039890F83C00012804D1FFE702208DF873
:1003A0001300ABE00399012081F83C00FFE7FFE771
:1003B0000399022081F83D0003980068406801908D
:1003C0000398006880680090039800680021C4F2D8
:1003D0000101884209D0FFE70398006840F200411C
:1003E000C4F2010188420AD1FFE7019820F47000AD
:1003F000019002984168019808430190FFE7019835
:1004000020F0700001900298016801980843019063
:100410000198039909684860039800680021C4F2B4
:10042000010188424ED0FFE703980068B0F1804F89
:1004300048D0FFE70398006840F20041C4F2000191
:1004400088423FD0FFE70398006840F60001C4F2FD
:100450000001884236D0FFE70398006840F600416B
:10046000C4F2000188422DD0FFE70398006840F2F3
:100470000041C4F20101884224D0FFE703980068DC
:1004800041F60001C4F2000188421BD0FFE7039847
:10049000006844F20001C4F20101884212D0FFE773
:1004A000039800684EF20001C4F20001884209D0AE
:1004B000FFE7039800684EF20041C4F20001884251
:1004C0000ED1FFE7009820F080000090029881682C
:1004D0000098084300900098039909688860FFE736
:1004E0000399012081F83D00FFE70399002081F87E
:1004F0003C00FFE700208DF81300FFE79DF8130094
:1005000005B070470000000080B582B000900098F0
:1005100020B9FFE701208DF8070045E0009890F82A
:100520003D0040B9FFE70099002081F83C000098A9
:1005300000F03EF8FFE70099022081F83D000099A5
:1005400051F8040B04F070F80099012081F848007C
:10055000FFE70099012081F83E00009981F83F00F3
:10056000009981F84000009981F84100009981F8D4
:100570004200009981F84300FFE7FFE7009901205E
:1005800081F84400009981F84500009981F84600FF
:10059000009981F84700FFE70099012081F83D00AC
:1005A00000208DF80700FFE79DF8070002B080BD2E
:1005B00082B001900198006841F20001C4F200018C
:1005C000884210D1FFE7FFE744F2E840C5F6020099
:1005D000016841F010010160006800F01000009017
:1005E0000098FFE7FFE702B070470000000000003E
:1005F00083B00190019890F83D00012804D0FFE7F6
:1006000001208DF80B007DE00199022081F83D006A
:10061000019800680021C4F2010188424ED0FFE732
:1006200001980068B0F1804F48D0FFE7019800685A
:1006300040F20041C4F2000188423FD0FFE7019838
:10064000006840F60001C4F20001884236D0FFE79E
:100650000198006840F60041C4F2000188422DD0A4
:10066000FFE70198006840F20041C4F201018842AE
:1006700024D0FFE70198006841F60001C4F20001B0
:1006800088421BD0FFE70198006844F20001C4F2E1
:100690000101884212D0FFE7019800684EF2000184
:1006A000C4F20001884209D0FFE7019800684EF2C9
:1006B0000041C4F20001884219D1FFE701980068A7
:1006C00080680721C0F201010840009000980628C8
:1006D0000CD0FFE70098B0F5803F07D0FFE7019806
:1006E0000168086840F001000860FFE706E0019833
:1006F0000168086840F001000860FFE700208DF8FD
:100700000B00FFE79DF80B0003B0704700000000EE
:1007100083B00190019890F83D00012804D0FFE7D4
:1007200001208DF80B0083E00199022081F83D0043
:1007300001980168C86840F00100C860019800682D
:100740000021C4F2010188424ED0FFE70198006801
:10075000B0F1804F48D0FFE70198006840F20041B7
:10076000C4F2000188423FD0FFE70198006840F6DC
:100770000001C4F20001884236D0FFE7019800680A
:1007800040F60041C4F2000188422DD0FFE70198F5
:10079000006840F20041C4F20101884224D0FFE722
:1007A0000198006841F60001C4F2000188421BD0A4
:1007B000FFE70198006844F20001C4F20101884299
:1007C00012D0FFE7019800684EF20001C4F2000168
:1007D000884209D0FFE7019800684EF20041C4F258
:1007E0000001884219D1FFE701980068806807215D
:1007F000C0F2010108400090009806280CD0FFE7E5
:100800000098B0F5803F07D0FFE7019801680868BD
:1008100040F001000860FFE706E001980168086801
:1008200040F001000860FFE700208DF80B00FFE7B3
:100830009DF80B0003B0704781B00090FFE700986F
:100840000068006A41F21111084210D1FFE70098D8
:100850000068006A40F24441084207D1FFE700986F
:100860000168086820F001000860FFE7FFE7FFE784
:100870000099012081F83D00002001B07047000080
:1008800081B0009001B0704780B584B003900398A8
:100890000068C068029003980068006901909DF8A4
:1008A00004008007002824D5FFE79DF80800800792
:1008B00000281DD5FFE7039801686FF0020008616A
:1008C000039901200877039800688069800720B1A8
:1008D000FFE70398FFF7D4FF06E0039800F058F90C
:1008E000039800F0BDFAFFE7039900200877FFE7BF
:1008F000FFE79DF804004007002825D5FFE79DF895
:100900000800400700281ED5FFE7039801686FF034
:100910000400086103990220087703980068806941
:1009200010F4407F04D0FFE70398FFF7A9FF06E02B
:10093000039800F02DF9039800F092FAFFE703996D
:1009400000200877FFE7FFE79DF804000007002874
:1009500024D5FFE79DF80800000700281DD5FFE714
:10096000039801686FF00800086103990420087774
:1009700003980068C069800720B1FFE70398FFF77C
:100980007FFF06E0039800F003F9039800F068FA8F
:10099000FFE7039900200877FFE7FFE79DF80400D1
:1009A000C006002825D5FFE79DF80800C0060028EE
:1009B0001ED5FFE7039801686FF0100008610399E6
:1009C0000820087703980068C06910F4407F04D0BD
:1009D000FFE70398FFF754FF06E0039800F0D8F80C
:1009E000039800F03DFAFFE7039900200877FFE73E
:1009F000FFE79DF80400C00778B1FFE79DF8080005
:100A0000C00748B1FFE7039801686FF00100086173
:100A1000039800F03DFCFFE7FFE7019800F080003D
:100A2000802806D0FFE79DF805008006002810D535
:100A3000FFE79DF808000006002809D5FFE70398A6
:100A400001686FF4025008610398FFF795FCFFE717
:100A5000FFE79DF80500C00780B1FFE79DF808009B
:100A60000006002809D5FFE7039801686FF480703D
:100A700008610398FFF77CFCFFE7FFE79DF804009F
:100A80004006002810D5FFE79DF808004006002822
:100A900009D5FFE7039801686FF0400008610398EB
:100AA00000F00AFCFFE7FFE79DF80400800600283D
:100AB00010D5FFE79DF808008006002809D5FFE75C
:100AC000039801686FF0200008610398FFF758FC55
:100AD000FFE7FFE704B080BD80B588B00790002035
:100AE000069005900490039002900798006840F2E9
:100AF0000041C4F2000188421ED1FFE7FFE744F243
:100B0000E040C5F60200016841F0020101600068A2
:100B100000F0020001900198FFE70220029003908C
:100B2000002104910591069040F20040C5F60200B4
:100B300002A9F9F755FA29E00798006841F6000183
:100B4000C4F20001884220D1FFE7FFE744F2E04011
:100B5000C5F60200016841F002010160006800F082
:100B6000020000900098FFE74FF40040029002203E
:100B70000390002104910591069040F20040C5F6D3
:100B8000020002A9F9F72CFAFFE7FFE708B080BDE1
:100B900081B0009001B0704780B586B00490039199
:100BA000029200208DF80700FFE7049890F83C00BF
:100BB000012804D1FFE702208DF81700C0E0049956
:100BC000012081F83C00FFE7FFE70298009014281D
:100BD00000F2A7800099DFE801F00BA4A4A424A4EC
:100BE000A4A43EA4A4A457A4A4A471A4A4A48A0069
:100BF00004980068039903F017FE04980168886957
:100C000040F00800886104980168886920F00400B9
:100C100088610398026904980168886910438861B3
:100C200083E004980068039903F0A6FE0498016825
:100C3000886940F40060886104980168886920F43C
:100C4000806088610398026904980168886940EAB5
:100C50000220886169E004980068039903F044FF6A
:100C600004980168C86940F00800C86104980168E8
:100C7000C86920F00400C8610398026904980168FB
:100C8000C8691043C86150E004980068039903F0F4
:100C9000E3FF04980168C86940F40060C8610498E3
:100CA0000168C86920F48060C861039802690498EB
:100CB0000168C86940EA0220C86136E0049800680B
:100CC000039904F039F804980168486D40F0080071
:100CD000486504980168486D20F004004865039851
:100CE000026904980168486D104348651DE0049846
:100CF0000068039904F088F804980168486D40F48E
:100D00000060486504980168486D20F4806048657B
:100D10000398026904980168486D40EA022048651A
:100D200003E001208DF80700FFE7FFE704990020AA
:100D300081F83C00FFE79DF807008DF81700FFE7FA
:100D40009DF8170006B080BD80B582B00090009875
:100D500020B9FFE701208DF8070045E0009890F8E2
:100D60003D0040B9FFE70099002081F83C00009861
:100D700000F03EF8FFE70099022081F83D0000995D
:100D800051F8040B03F050FC0099012081F8480051
:100D9000FFE70099012081F83E00009981F83F00AB
:100DA000009981F84000009981F84100009981F88C
:100DB0004200009981F84300FFE7FFE70099012016
:100DC00081F84400009981F84500009981F84600B7
:100DD000009981F84700FFE70099012081F83D0064
:100DE00000208DF80700FFE79DF8070002B080BDE6
:100DF00083B002900298006840F20041C4F2000102
:100E0000884210D1FFE7FFE744F2E840C5F6020050
:100E1000016841F002010160006800F002000190E9
:100E20000198FFE719E00298006841F60001C4F25A
:100E30000001884210D1FFE7FFE744F2E840C5F621
:100E40000200016841F040010160006800F04000CC
:100E500000900098FFE7FFE7FFE703B0704700004E
:100E600081B0009001B0704780B590B00E900D91A8
:100E70000D9828B9FFE70E9890F83E000B9034E0EB
:100E80000D98042805D1FFE70E9890F83F000A90CE
:100E900028E00D98082805D1FFE70E9890F840004B
:100EA00009901CE00D980C2805D1FFE70E9890F8EA
:100EB0004100089010E00D98102805D1FFE70E982A
:100EC00090F84200079004E00E9890F843000790D5
:100ED000FFE707980890FFE708980990FFE709984F
:100EE0000A90FFE70A980B90FFE70B98012804D0BF
:100EF000FFE701208DF83F0003E10D9828B9FFE7D7
:100F00000E99022081F83E0038E00D98042806D1A1
:100F1000FFE70E99022081F83F0006902CE00D9823
:100F2000082806D1FFE70E99022081F840000590BD
:100F30001FE00D980C2806D1FFE70E99022081F8DA
:100F40004100049012E00D98102806D1FFE70E9999
:100F5000022081F84200039005E00E99022081F8FA
:100F600043000390FFE703980490FFE7049805907F
:100F7000FFE705980690FFE70698FFE70E980068E0
:100F80000D990122019203F033FC01980E99096832
:100F90000022C4F20102914202902DD0FFE70E9888
:100FA0000168012040F20042C4F201029142029025
:100FB00022D0FFE70E980168012044F20002C4F23B
:100FC00001029142029017D0FFE70E9801680120BC
:100FD00044F20042C4F20102914202900CD0FFE7B9
:100FE0000E9800684BF60001CBF6FE710844B0FA8B
:100FF00080F040090290FFE70298C00738B1FFE790
:101000000E980168486C40F400404864FFE70E9871
:1010100000680021C4F2010188424ED0FFE70E981B
:101020000068B0F1804F48D0FFE70E98006840F2AA
:101030000041C4F2000188423FD0FFE70E980068EB
:1010400040F60001C4F20001884236D0FFE70E9856
:10105000006840F60041C4F2000188422DD0FFE74D
:101060000E98006840F20041C4F20101884224D089
:10107000FFE70E98006841F60001C4F200018842C3
:101080001BD0FFE70E98006844F20001C4F2010192
:10109000884212D0FFE70E9800684EF20001C4F2B9
:1010A0000001884209D0FFE70E9800684EF2004127
:1010B000C4F20001884219D1FFE70E9800688068E9
:1010C0000721C0F2010108400C900C9806280CD0B2
:1010D000FFE70C98B0F5803F07D0FFE70E98016856
:1010E000086840F001000860FFE706E00E9801681C
:1010F000086840F001000860FFE700208DF83F001D
:10110000FFE79DF83F0010B080BD00000000000028
:1011100080B588B00790069107980068069900226C
:1011200003F066FB0798016801200022C4F2010267
:10113000914205902DD0FFE707980168012040F209
:101140000042C4F201029142059022D0FFE70798C5
:101150000168012044F20002C4F2010291420590AC
:1011600017D0FFE707980168012044F20042C4F25B
:101170000102914205900CD0FFE7079800684BF6FA
:101180000001CBF6FE710844B0FA80F040090590EA
:10119000FFE70598C007D8B1FFE7FFE707980068A9
:1011A000006A41F21111084210D1FFE70798006868
:1011B000006A40F24441084207D1FFE707980168FE
:1011C000486C20F400404864FFE7FFE7FFE7FFE7D3
:1011D000FFE707980068006A41F21111084210D138
:1011E000FFE707980068006A40F24441084207D1CF
:1011F000FFE707980168086820F001000860FFE732
:10120000FFE7FFE7069828B9FFE70799012081F873
:101210003E0038E00698042806D1FFE70799012030
:1012200081F83F0004902CE00698082806D1FFE7DB
:101230000799012081F8400003901FE006980C28D0
:1012400006D1FFE70799012081F84100029012E0E2
:101250000698102806D1FFE70799012081F842007F
:10126000019005E00799012081F843000190FFE714
:1012700001980290FFE702980390FFE7039804901B
:10128000FFE70498FFE7002008B080BD00000000E1
:1012900080B582B001900198006844F60001C4F264
:1012A0000101884203D1FFE7F9F7B2F8FFE702B086
:1012B00080BD00000000000081B0009001B07047C8
:1012C00083B00190FFE7019890F88400012804D1D1
:1012D000FFE702208DF80B002CE00199012081F836
:1012E0008400FFE7FFE701992420C1F888000198F6
:1012F00000680068009001980168086820F001000B
:101300000860009820F00050009001990020486685
:10131000009801990968086001992020C1F88800A7
:10132000FFE70199002081F88400FFE700208DF895
:101330000B00FFE79DF80B0003B0704700000000B2
:1013400080B586B004900391ADF80A200498D0F8D7
:101350008C00202844D1FFE7039820B1FFE7BDF8B7
:101360000A0020B9FFE701208DF817003CE004993E
:101370000120C86604990020086704980399BDF805
:101380000A2004F049FE8DF809009DF8090010BB01
:10139000FFE70498C06E012818D1FFE704980168A0
:1013A00010200862FFE7FFE70498006850E8000F8C
:1013B00040F010000190FFE701990498026842E8AC
:1013C00000100028F0D1FFE7FFE703E001208DF8CF
:1013D0000900FFE7FFE79DF809008DF8170003E01B
:1013E00002208DF81700FFE79DF8170006B080BDBA
:1013F00080B586B00590ADF8121041F65010C2F2DB
:101400000040019005A91CF0CFFC01460198039112
:101410001CF0BAFC029003A802A925F0C5FD40B15A
:10142000FFE703A813F0A4FD4068059911F0D0FE72
:10143000FFE706B080BD000081B0009001B07047AA
:1014400080B584B002900191FFE7029890F8840083
:10145000012804D1FFE702208DF80F0032E0029945
:10146000012081F88400FFE7FFE702992420C1F8FA
:101470008800029800680068009002980168086877
:1014800020F00100086002980068806820F0606029
:1014900001990843029909688860029803F030FDB9
:1014A000009802990968086002992020C1F8880014
:1014B000FFE70299002081F88400FFE700208DF803
:1014C0000F00FFE79DF80F0004B080BD0000000092
:1014D00080B584B002900191FFE7029890F88400F3
:1014E000012804D1FFE702208DF80F0032E00299B5
:1014F000012081F88400FFE7FFE702992420C1F86A
:1015000088000298006800680090029801680868E6
:1015100020F00100086002980068806820F06040B8
:1015200001990843029909688860029803F0E8FC71
:10153000009802990968086002992020C1F8880083
:10154000FFE70299002081F88400FFE700208DF872
:101550000F00FFE79DF80F0004B080BD0000000001
:1015600081B0009001B0704781B0009001B0704729
:1015700080B588B00690FFE7FFE70698006850E85E
:10158000000F20F4F0700590FFE7059906980268B7
:1015900042E800100028F0D1FFE7FFE7FFE7FFE790
:1015A0000698006850E8020F4FF6FE71CEF67F7184
:1015B00008400490FFE704990698026842E8021088
:1015C0000028EDD1FFE7FFE70698C06E012814D18F
:1015D000FFE7FFE7FFE70698006850E8000F20F0FC
:1015E00010000390FFE703990698026842E8001094
:1015F0000028F0D1FFE7FFE7FFE706980068806862
:101600000006002833D5FFE7FFE7FFE706980068EC
:1016100050E8020F20F080000290FFE70299069840
:10162000026842E802100028F0D1FFE7FFE70698C1
:10163000C06FD8B1FFE70698C16F00200865069813
:10164000C06FF4F791F880B1FFE70698C06FF5F727
:101650009FF8202808D1FFE706991020C1F89000D4
:1016600003208DF81F006EE0FFE7FFE7FFE7069815
:10167000006880684006002837D5FFE7FFE7FFE7EE
:101680000698006850E8020F20F040000190FFE744
:1016900001990698026842E802100028F0D1FFE79D
:1016A000FFE70698D0F88000F0B1FFE70698D0F881
:1016B0008010002008650698D0F88000F4F754F8F0
:1016C00088B1FFE70698D0F88000F5F761F8202888
:1016D00008D1FFE706991020C1F8900003208DF88B
:1016E0001F0030E0FFE7FFE7FFE706990020A1F8C1
:1016F00056000699A1F85E00069801680F2008625E
:101700000698406EB0F1005F07D1FFE706980168C8
:10171000886940F010008861FFE7069801688869D1
:1017200040F00800886106992020C1F888000699D9
:10173000C1F88C0006990020C8660699C1F890008F
:101740008DF81F00FFE79DF81F0008B080BD000066
:1017500080B584B0039041F65010C2F20040009072
:1017600003A91CF021FB0146009802911CF00CFB20
:10177000019002A801A925F017FC40B1FFE702A8DB
:1017800013F0F6FB4068039911F016FEFFE704B072
:1017900080BD00000000000080B592B0119011984B
:1017A0000068C06910901198006800680F90119847
:1017B000006880680E90109840F60F0108400D9068
:1017C0000D98E0B9FFE79DF840008006002815D588
:1017D000FFE79DF83C008006002806D4FFE79DF84F
:1017E0003B00C006002809D5FFE71198406F20B1E3
:1017F000FFE71198416F8847FFE74AE3FFE70D983D
:10180000002800F00C81FFE70E980121C1F20001D1
:10181000084209D1FFE70F9840F22011C0F20041C1
:10182000084200F0FC80FFE79DF84000C00788B147
:10183000FFE79DF83D00C00760B1FFE71198016820
:10184000012008621199D1F8900040F00100C1F820
:101850009000FFE79DF840008007002811D5FFE7C2
:101860009DF83800C00760B1FFE7119801680220B9
:1018700008621199D1F8900040F00400C1F890007E
:10188000FFE79DF840004007002811D5FFE79DF8CD
:101890003800C00760B1FFE71198016804200862B2
:1018A0001199D1F8900040F00200C1F89000FFE7D4
:1018B0009DF840000007002819D5FFE79DF83C007F
:1018C0008006002807D4FFE70E980121C1F200012D
:1018D00008420CD0FFE711980168082008621199AE
:1018E000D1F8900040F00800C1F89000FFE79DF8A3
:1018F00041000007002813D5FFE79DF83F0040078F
:1019000000280DD5FFE7119801684FF400600862C8
:101910001199D1F8900040F02000C1F89000FFE745
:101920001198D0F89000002878D0FFE79DF840008B
:101930008006002815D5FFE79DF83C0080060028AA
:1019400006D4FFE79DF83B00C006002809D5FFE755
:101950001198406F20B1FFE71198416F8847FFE76A
:10196000FFE71198D0F890000C90119800688068FB
:1019700000F04000402806D0FFE79DF8300010F04E
:10198000280F42D0FFE7119803F07AFD1198006804
:1019900080684006002833D5FFE7FFE7FFE711988E
:1019A000006850E8020F20F040000B90FFE70B9911
:1019B0001198026842E802100028F0D1FFE7FFE723
:1019C0001198D0F88000B0B1FFE71198D0F88010DE
:1019D00045F21920C0F6010008651198D0F8800082
:1019E000F4F77EFB30B1FFE71198D0F88000016D6D
:1019F0008847FFE703E01198FFF7AAFEFFE703E03F
:101A00001198FFF7A5FEFFE707E01198FFF7A0FE8A
:101A100011990020C1F89000FFE7FFE739E2119823
:101A2000C06E012840F0D681FFE79DF84000C00657
:101A3000002840F1CF81FFE79DF83C00C006002858
:101A400040F1C881FFE711980168102008621198E1
:101A5000006880684006002840F15A81FFE711982D
:101A6000D0F8800000681021C4F20201884200F022
:101A7000A280FFE71198D0F8800000682821C4F206
:101A80000201884200F09780FFE71198D0F88000AB
:101A900000684021C4F20201884200F08C80FFE718
:101AA0001198D0F8800000685821C4F202018842E1
:101AB00000F08180FFE71198D0F880000068702165
:101AC000C4F20201884276D0FFE71198D0F8800076
:101AD00000688821C4F2020188426CD0FFE71198A7
:101AE000D0F880000068A021C4F20201884262D0D0
:101AF000FFE71198D0F880000068B821C4F2020115
:101B0000884258D0FFE71198D0F88000006840F272
:101B10001041C4F2020188424DD0FFE71198D0F87D
:101B20008000006840F22841C4F20201884242D09D
:101B3000FFE71198D0F88000006840F24041C4F2FD
:101B40000201884237D0FFE71198D0F88000006882
:101B500040F25841C4F2020188422CD0FFE71198AC
:101B6000D0F88000006840F27041C4F2020188425F
:101B700021D0FFE71198D0F88000006840F288413A
:101B8000C4F20201884216D0FFE71198D0F8800015
:101B9000006840F2A041C4F2020188420BD0FFE786
:101BA0001198D0F88000006840F2B841C4F20201F8
:101BB000884207D1FFE71198D0F88000006840689C
:101BC000019006E01198D0F880000068406801900C
:101BD000FFE70198ADF82A00BDF82A0000287BD065
:101BE000FFE7BDF82A001199B1F85C10884273DA5A
:101BF000FFE7BDF82A001199A1F85E001198D0F80E
:101C00008000C069B0F5807F59D0FFE7FFE7FFE7AC
:101C10001198006850E8000F20F480700990FFE7E9
:101C200009991198026842E800100028F0D1FFE7F6
:101C3000FFE7FFE7FFE71198006850E8020F20F088
:101C400001000890FFE708991198026842E8021025
:101C50000028F0D1FFE7FFE7FFE7FFE711980068F2
:101C600050E8020F20F040000790FFE70799119815
:101C7000026842E802100028F0D1FFE7FFE711995F
:101C80002020C1F88C0011990020C866FFE7FFE70B
:101C90001198006850E8000F20F010000690FFE750
:101CA00006991198026842E800100028F0D1FFE779
:101CB000FFE71198D0F88000F3F756FDFFE7119980
:101CC000022008671198B0F85C10B0F85E20891AFD
:101CD00089B2FFF78DFB1AE0BDF82A001199B1F81F
:101CE0005C10884212D1FFE71198D0F88000C069DB
:101CF000B0F5807F09D1FFE711990220086711989C
:101D0000B0F85C10FFF774FBFFE7FFE7FFE7C0E008
:101D10001199B1F85C00B1F85E10401AADF81600E8
:101D20001198B0F85E00002853D0FFE7BDF8160008
:101D300000284ED0FFE7FFE7FFE71198006850E862
:101D4000000F20F490700490FFE704991198026846
:101D500042E800100028F0D1FFE7FFE7FFE7FFE7C8
:101D60001198006850E8020F4FF6FE71CEF6FF7131
:101D700008400390FFE703991198026842E80210B7
:101D80000028EDD1FFE7FFE711992020C1F88C0072
:101D900011990020C86611994867FFE7FFE711987D
:101DA000006850E8000F20F010000290FFE7029951
:101DB0001198026842E800100028F0D1FFE7FFE721
:101DC0001199022008671198BDF81610FFF710FB53
:101DD000FFE75EE09DF84200C00600280FD5FFE750
:101DE0009DF83A004006002809D5FFE711980168E0
:101DF0004FF4801008621198FFF7B6FB49E09DF898
:101E000040000006002815D5FFE79DF83C000006BD
:101E1000002806D4FFE79DF83A000006002809D5FF
:101E2000FFE71198806F20B1FFE71198816F884715
:101E3000FFE72EE09DF84000400600280AD5FFE7A6
:101E40009DF83C004006002804D5FFE7119803F0F8
:101E500067FB1EE09DF84200000600280AD5FFE758
:101E60009DF83F004006002804D5FFE71198FFF7D2
:101E700077FB0EE09DF84300C00750B1FFE79DF8E7
:101E80003F000006002804D5FFE71198FFF7D4FAB9
:101E9000FFE712B080BD000080B582B000900098CE
:101EA00020B9FFE701208DF8070046E0009880691F
:101EB00008B1FFE700E0FFE70098D0F8880040B9DC
:101EC000FFE70099002081F88400009800F03CF8BA
:101ED000FFE700992420C1F888000098016808688D
:101EE00020F0010008600098806A20B1FFE70098A8
:101EF00003F04AF8FFE7009803F066FB012804D1DD
:101F0000FFE701208DF8070017E000980168486896
:101F100020F49040486000980168886820F02A000A
:101F2000886000980168086840F001000860009827
:101F300003F0CEF88DF80700FFE79DF8070002B028
:101F400080BD00000000000080B5AEB02D900020E4
:101F50002C902B902A90299028902D98006845F27B
:101F60000001C4F20001884240F08780FFE7FFE7EC
:101F700044F2E840C5F60200016841F480110160B6
:101F8000006800F4801027902798FFE7FFE744F2ED
:101F9000E040C5F60200016841F0040101600068FC
:101FA00000F0040026902698FFE7FFE744F2E040A7
:101FB000C5F60200016841F008010160006800F008
:101FC000080025902598FFE74FF4805028900220C4
:101FD00015902990002018902A902B900820169098
:101FE0002C9040F60000C5F6020028A91791F7F7DB
:101FF000F7FF159B16981799189A4FF0040CCDF817
:10200000A0C029932A922B922C9040F60040C5F64E
:102010000200F7F7E5FF189943F21C30C2F20040C6
:1020200019904022C4F202020260412242608160A3
:10203000C1604FF48062026141618161C1610162EE
:102040004162F5F78DFC18B1FFE7F1F755FBFFE7AB
:10205000FFE72D9843F21C31C2F20041C0F8801016
:102060002D988863FFE73520149005210022F8F7AA
:10207000ABFA1498F8F79CFA68E22D98006847F6D6
:102080000001C4F20001884240F08C80FFE7FFE7C6
:1020900044F2E840C5F60200016841F08041016069
:1020A000006800F0804024902498FFE7FFE744F2A6
:1020B000E040C5F60200016841F0100101600068CF
:1020C00000F0100023902398FFE74FF4C070289091
:1020D00002202990002012902A902B9007202C900B
:1020E00041F20000C5F6020028A9F7F779FF12991E
:1020F00043F29430C2F200401390B822C4F20202BC
:1021000002604F2242608160C1604FF480620261D0
:1021100041618161C16101624162F5F721FC18B141
:10212000FFE7F1F7E9FAFFE7FFE72D9843F2943173
:10213000C2F20041C0F880102D988863FFE743F297
:102140000C40C2F20040119040F21041C4F2020172
:10215000016050214160402181600021C1604FF445
:102160008062026141618161C16101624162F5F792
:10217000F7FB18B1FFE7F1F7BFFAFFE7FFE72D988C
:1021800043F20C41C2F20041C1672D988863FFE71A
:102190005220109005210022F8F716FA1098F8F74F
:1021A00007FAD2E12D98006841F20001C4F2010162
:1021B000884240F08C80FFE7FFE744F2F040C5F62C
:1021C0000200016841F010010160006800F0100099
:1021D00022902298FFE7FFE744F2E040C5F60200B4
:1021E000016841F001010160006800F001002190E8
:1021F0002198FFE74FF4C06028900220299000202A
:102200000E902A902B9007202C900020C5F60200FB
:1022100028A9F7F7E5FE0E9943F27450C2F2004088
:102220000F9040F22842C4F202020260292242606A
:102230008160C1604FF48062026141618161C1616E
:1022400001624162F5F78CFB18B1FFE7F1F754FA30
:10225000FFE7FFE72D9843F27451C2F20041C0F846
:1022600080102D988863FFE743F2EC50C2F20040E3
:102270000D9040F24041C4F2020101602A21416008
:10228000402181600021C1604FF4806202614161A0
:102290008161C16101624162F5F762FB18B1FFE73C
:1022A000F1F72AFAFFE7FFE72D9843F2EC51C2F26B
:1022B0000041C1672D988863FFE725200C90052118
:1022C0000022F8F781F90C98F8F772F93CE12D98A3
:1022D000006844F20041C4F2000188422FD1FFE7B8
:1022E000FFE744F2E840C5F60200016841F400311E
:1022F0000160006800F4003020902098FFE7FFE7BD
:1023000044F2E040C5F60200016841F008010160B6
:10231000006800F008001F901F98FFE770202890C9
:102320000220299000202A902B9007202C9040F624
:102330000040C5F6020028A9F7F752FE03E12D98E8
:10234000006844F60001C4F20001884255D1FFE75D
:10235000FFE744F2E840C5F60200016841F480213D
:102360000160006800F480201E901E98FFE7FFE7E0
:1023700044F2E040C5F60200016841F0020101604C
:10238000006800F002001D901D98FFE7FFE744F28F
:10239000E040C5F60200016841F0080101600068F4
:1023A00000F008001C901C98FFE74FF48040289034
:1023B000022008902990002009902A902B90072055
:1023C0000A902C9040F20040C5F6020028A90B911B
:1023D000F7F706FE089B099A0A980B994FF4407C80
:1023E000CDF8A0C029932A922B922C9040F6004061
:1023F000C5F60200F7F7F4FDA4E02D98006841F659
:102400000041C4F20101884240F09B80FFE7FFE7F2
:1024100044F2F040C5F60200016841F0800101601D
:10242000006800F080001B901B98FFE7FFE744F274
:10243000E040C5F60200016841F01001016000684B
:1024400000F010001A901A98FFE70420289002214B
:1024500003912991002106912A912B912C9041F210
:102460000000C5F60200049028A90591F7F7B8FD11
:10247000039B04980599069A4FF0080CCDF8A0C06C
:1024800029932A922B920B222C92F7F7A9FD0699F9
:1024900043F2FC40C2F2004007908822C4F20202DC
:1024A00002607722426040228260C1604FF4806205
:1024B000026141618161C16101624162F5F750FAD7
:1024C00018B1FFE7F1F718F9FFE7FFE72D9843F29E
:1024D000FC41C2F20041C1672D988863FFE743F2D7
:1024E0008440C2F200400290A021C4F202010160C7
:1024F0007621416000218160C1604FF480620261F9
:1025000041618161C16101624162F5F729FA18B147
:10251000FFE7F1F7F1F8FFE7FFE72D9843F2844179
:10252000C2F20041C0F880102D988863FFE79C201C
:10253000019005210022F8F747F80198F8F738F8DC
:10254000FFE7FFE7FFE7FFE7FFE7FFE72EB080BD0C
:1025500080B584B0039041F65010C2F20040009064
:1025600003A91BF021FC0146009802911BF00CFC12
:10257000019002A801A924F017FD40B1FFE702A8CD
:1025800012F0F6FC4068039910F022FEFFE704B059
:1025900080BD00000000000081B0009001B07047D5
:1025A00080B58AB008900791ADF81A200593089875
:1025B000D0F88800202840F08780FFE7079820B1F6
:1025C000FFE7BDF81A0020B9FFE701208DF82700CA
:1025D0007EE008990020C1F8900008992120C1F8F8
:1025E0008800F7F701FF0290BDF81A000899A1F8DA
:1025F0005400BDF81A000899A1F8560008988068A0
:10260000B0F5805F09D1FFE70898006928B9FFE7B6
:10261000002004900798039004E00798049000209D
:102620000390FFE7FFE70898B0F8560088B3FFE78C
:102630000898029B05996A4611608021002203F0E8
:1026400083FD40B1FFE708992020C1F888000320EE
:102650008DF827003CE0049858B9FFE703980088FC
:102660006FF35F200899096888620398023003902D
:1026700008E0049800780899096888620498013095
:102680000490FFE70899B1F856000138A1F8560008
:10269000C9E70898029B05996A461160402100220B
:1026A00003F052FD40B1FFE708992020C1F88800EF
:1026B00003208DF827000BE008992020C1F888003E
:1026C00000208DF8270003E002208DF82700FFE7A7
:1026D0009DF827000AB080BD80B586B004900391B4
:1026E000ADF80A200498D0F88800202870D1FFE7C0
:1026F000039820B1FFE7BDF80A0020B9FFE70120E9
:102700008DF8170068E0039804990865BDF80A0081
:102710000499A1F85400BDF80A000499A1F85600E4
:1027200004990020C1F8900004992120C1F8880084
:102730000498C06F88B3FFE70498C16F45F2E93091
:10274000C0F60100C8630498C16F45F26940C0F645
:10275000010008640498C16F45F23920C0F60100F9
:10276000C8640498C16F0020086504980268016D70
:10277000C06F2832BDF80A30F5F7A2FD60B1FFE75F
:1027800004991020C1F8900004992020C1F8880015
:1027900001208DF817001FE0FFE704980168402032
:1027A0000862FFE7FFE70498006850E8020F40F076
:1027B00080000190FFE701990498026842E8021046
:1027C0000028F0D1FFE7FFE700208DF8170003E0B5
:1027D00002208DF81700FFE79DF8170006B080BDB6
:1027E00080B584B0039041F65010C2F200400090D2
:1027F00003A91BF0D9FA0146009802911BF0C4FA14
:10280000019002A801A924F0CFFB40B1FFE702A884
:1028100012F0AEFB4068039910F062FDFFE704B0D0
:1028200080BD00000000000081B0009001B0704742
:10283000FFE7FEE70000000083B0029001918DF8F1
:10284000032000208DF802008DF80200FFE79DF8BC
:1028500002009DF80310884229DAFFE70298000F72
:10286000092809D8FFE70298000F303001999DF838
:10287000022001F8120009E00299372000EB1170E4
:1028800001999DF8022001F81200FFE7029800016B
:10289000029001989DF8021000EB41010020487061
:1028A000FFE79DF8020001308DF80200CFE703B08A
:1028B000704700000000000081B000900098806820
:1028C0004FF6C071C7F6FF7108400230009988606A
:1028D00001B070470000000081B000900099886846
:1028E0004FF6C072C5F6FF721040886001B07047A5
:1028F00081B00090009880684FF6C071C7F6FF71F4
:10290000084001300099886001B070470000000065
:1029100081B000900099C86840F00100C86001B023
:10292000704700000000000081B0009000988068AF
:1029300040F080504FF6C071C7F6FF710840009913
:10294000886001B07047000081B0009000988068F6
:1029500000F0E07001B0704781B00090009880688E
:1029600000F01F0001B0704783B0029001910298FF
:10297000019900EB8100603000900098006800F041
:10298000F84003B07047000081B000900098806864
:10299000C0F3C00001B0704781B00090009880681B
:1029A0004FF6C071C7F6FF7108402030009988606B
:1029B00001B070470000000081B00090009880686E
:1029C000C0F3407001B0704781B0009000988068FB
:1029D000C0F3400001B0704781B00090009880685B
:1029E00000F0010001B0704781B00090009880684D
:1029F00000F0010001B0704781B00090009880683D
:102A0000C0F3007001B0704781B0009000988068FA
:102A1000C0F3800001B0704781B0009000988068DA
:102A2000C0F3800001B0704781B000900098C0688A
:102A300000F44060B0FA80F0400901B07047000037
:102A400082B001900091019846F20001C5F60201A2
:102A5000884209D1FFE70198C06820F0030000997F
:102A600008430199C860FFE702B07047000000000A
:102A700082B0019000910198C06820F00300009995
:102A800008430199C86002B07047000000000000D0
:102A900084B00390029101920398029901F440716D
:102AA00000EB91103030009000980068029901F01E
:102AB0001F021F21914088430199C1F38461914015
:102AC00008430099086004B070470000000000004F
:102AD00081B00090009880684FF6C071C7F6FF7112
:102AE000084004300099886001B070470000000081
:102AF00081B00090009880684FF6C071C7F6FF71F2
:102B0000084010300099886001B070470000000054
:102B100085B002900191029846F20001C5F60201CB
:102B2000884229D0FFE70198000328B9FFE7019800
:102B3000C0F38460009014E0019890FAA0F0039034
:102B4000039820B9FFE720208DF8130005E00398D3
:102B5000B0FA80F08DF81300FFE79DF813000090A5
:102B6000FFE7009800F01F01012000FA01F202992E
:102B7000C8691043C861FFE705B070470000000056
:102B800084B00390029101920398029901F00071C0
:102B900000EBD15014300090009800680299C1F306
:102BA00004520721914088430199914008430099BC
:102BB000086004B07047000083B002900191009259
:102BC000029846F20001C5F60201884215D1FFE7DE
:102BD0000298D0F8B00001996FF31F518843009A12
:102BE00002F018034FF6FF72C0F20F02DA401140F4
:102BF00008440299C1F8B00014E00298D0F8C0006F
:102C000001996FF31F518843009A02F018034FF6A1
:102C1000FF72C0F20F02DA40114008440299C1F875
:102C2000C000FFE703B0704782B0019000910198A7
:102C3000806820F47C10009908430199886002B0F4
:102C4000704700000000000082B0019000910198E0
:102C5000806820F0E070009908430199886002B014
:102C6000704700000000000083B0029001910092C4
:102C70000298006920F4F0400099019A02F01F02C6
:102C8000914008430299086103B0704700000000BA
:102C900085B004900391029201930498039900EB8C
:102CA000810060300090049846F20001C5F60201F0
:102CB00088420CD1FFE700980068029800F0F840C5
:102CC0000199084340F00040009908600CE000982A
:102CD000006800F00040029901F0F841019A1143A8
:102CE000084300990860FFE705B070470000000046
:102CF00084B0039002910192039846F20001C5F658
:102D0000020188420FD1FFE70398029900EB81008E
:102D1000603000900098006820F00070019908432E
:102D200000990860FFE704B0704700000000000051
:102D300084B0039002910192039846F20001C5F617
:102D4000020188420FD1FFE70398029900EB81004E
:102D5000603000900098006820F08070019908436E
:102D600000990860FFE704B0704700000000000011
:102D700084B0039002910192039846F20001C5F6D7
:102D80000201884201D1FFE70EE00398029900EBAF
:102D90008100603000900098006820F000400199A8
:102DA000084300990860FFE704B070470000000086
:102DB00084B00390029101920398029900EB810084
:102DC00060300090039846F20001C5F60201884287
:102DD00009D1FFE70098006820F0004001990843FE
:102DE0000099086008E00098006820F00040019910
:102DF000084300990860FFE704B070470000000036
:102E000080B58EB0002000900D900C900B9002A821
:102E10002421EDF731FD009A43F25C00C2F200403C
:102E2000019042F20001C4F2020101604FF4C011AE
:102E30004160826001210161042343610276427690
:102E4000C36180F820204FF4B46383624FF4806341
:102E5000C36203230363C263026480F84420816475
:102E6000F1F76AFE18B1FFE7F0F746FCFFE7002034
:102E70000B9043F25C00C2F200400BA9F0F74CFE4D
:102E800018B1FFE7F0F738FCFFE71020C1F2C000EF
:102E90000290062003900420049040F2FF710591F7
:102EA0000690002007908DF8290043F25C00C2F2E2
:102EB000004002A9F0F77CFF18B1FFE7F0F71CFC17
:102EC000FFE744F20000C3F6C02002900C200390FC
:102ED00043F25C00C2F2004002A9F0F769FF18B1AA
:102EE000FFE7F0F709FCFFE70020C4F22130029071
:102EF0001220039043F25C00C2F2004002A9F0F7F6
:102F000057FF18B1FFE7F0F7F7FBFFE70020C4F623
:102F1000B87002901820039043F25C00C2F20040A7
:102F200002A9F0F745FF18B1FFE7F0F7E5FBFFE76F
:102F30000EB080BD0000000080B58CB003A8242135
:102F4000EDF79AFC43F2CC00C2F20040019046F249
:102F50000001C5F6020101604FF410114160082123
:102F6000816000210291C160016104224261017609
:102F700041760122C26180F8202042628162C162F2
:102F800080F83810416303220263C163016480F852
:102F900044108164F1F7D0FD18B1FFE7F0F7ACFB06
:102FA000FFE70020CCF25270039006200490072027
:102FB000059040F2FF7006900420079000200890D2
:102FC0000A9043F2CC00C2F2004003A9F0F7F0FEF1
:102FD00018B1FFE7F0F790FBFFE70CB080BD0000F1
:102FE00080B590B0FFE744F2D840C5F60200016812
:102FF00041F001010160006800F001000F900F989E
:10300000FFE7FFE744F2D840C5F60200016841F04F
:1030100002010160006800F002000E900E98FFE7C8
:103020000B20019005210B9100220C92F7F7CCFAAE
:103030000198F7F7BDFA0B990C9A0C200290F7F75C
:10304000C3FA0298F7F7B4FA0B990C9A0D20039083
:10305000F7F7BAFA0398F7F7ABFA0B990C9A0E2028
:103060000490F7F7B1FA0498F7F7A2FA0B990C9AC3
:103070000F200590F7F7A8FA0598F7F799FA0B993A
:103080000C9A10200690F7F79FFA0698F7F790FA37
:103090000B990C9A11200790F7F796FA0798F7F713
:1030A00087FA0B990C9A2F200890F7F78DFA089859
:1030B000F7F77EFA0B990C9A38200990F7F784FA03
:1030C0000998F7F775FA0B990C9A39200A90F7F7D7
:1030D0007BFA0A98F7F76CFA0B990C9A3A200D9044
:1030E000F7F772FA0D98F7F763FA10B080BD000099
:1030F00080B582B043F26460C2F2004000904AF2B0
:103100000001C4F200010160002201928260C260ED
:103110000274427482741821416101218161022389
:10312000C361036241628162C16201634263816380
:10313000C26320230364042141648264C164026584
:1031400041658265C265036642668166F6F700FBEB
:1031500018B1FFE7F0F7D0FAFFE702B080BD00003A
:1031600080B582B043F20470C2F2004000904AF28F
:103170000041C4F200010160002201928260C2603D
:103180000274427482741821416101218161022319
:10319000C361036241628162C162016340F206431E
:1031A00043638163C2632023036404214164826416
:1031B000C164026541658265C265036642668166D7
:1031C000F6F7C6FA18B1FFE7F0F796FAFFE702B094
:1031D00080BD00000000000080B582B043F2A47002
:1031E000C2F2004000904DF20041C4F200010160C3
:1031F000002201928260C2600121017442748274D3
:103200001823436181610223C361036241628162C9
:10321000C162016340F6120343638163C2632023EA
:103220000364042141648264C1640265416582656E
:10323000C265036642668166F6F78AFA18B1FFE74F
:10324000F0F75AFAFFE702B080BD0000000000006E
:1032500080B592B00020119010900F900E900D90BC
:10326000FFE744F2E040C5F60200016841F01001BA
:103270000160006800F010000C900C98FFE7FFE779
:1032800044F2E040C5F60200016841F0040101602B
:10329000006800F004000B900B98FFE7FFE744F292
:1032A000E040C5F60200016841F08001016000685D
:1032B00000F080000A900A98FFE7FFE744F2E04040
:1032C000C5F60200016841F001010160006800F0EC
:1032D000010009900998FFE7FFE744F2E040C5F6D6
:1032E0000200016841F002010160006800F0020084
:1032F00008900898FFE7FFE744F2E040C5F60200B7
:10330000016841F008010160006800F008000790C2
:103310000798FFE740F60000C5F6020001904FF461
:10332000C04100220592F7F747F8019848F20901D9
:1033300001220392F7F740F80198039A05994FF498
:1033400060430D930E920F9110910DA90491F6F721
:1033500047FE0198039B0499059A4FF0090CCDF89C
:1033600034C00E930F9203221092F6F739FE04999F
:1033700005984FF408520D920E9002200F9041F2E2
:103380000000C5F602000290F6F72AFE02980499A2
:10339000059A4FF4A0530D934FF488130E930F9298
:1033A000F6F71EFE049905984FF400420D920E9018
:1033B0000F900020C5F60200F6F712FE039804995C
:1033C000059A4FF440730D930E920F9040F2004017
:1033D000C5F60200F6F704FE05994FF00060FCF711
:1033E000B7FF059A282006900521F7F7EDF8069813
:1033F000F7F7DEF812B080BD80B582B043F63850E2
:10340000C2F20040009043F60001C4F200010160E6
:103410004FF4800141600021019181600722C26068
:103420004FF0007202614FF0807242614FF0806293
:1034300082614FF04052C261016241628162C162A9
:103440004FF0804242638163C163016441648164DF
:10345000C164016541658165FBF7DEFF18B1FFE7D7
:10346000F0F74AF9FFE702B080BD0000000000005D
:1034700080B58CB0002101910B910A9109910891BE
:1034800007910691059104910391029143F6C05072
:10349000C2F2004041F60002C4F20002026040F2B3
:1034A0005E5242608160C722C26001618161FDF7A6
:1034B0004BFC18B1FFE7F0F71FF9FFE70020099078
:1034C0000B9043F6C050C2F2004009A9FCF75CFF24
:1034D00018B1FFE7F0F710F9FFE7602002906420D1
:1034E000039000200490069043F6C050C2F20040C2
:1034F00002A90422FDF750FB18B1FFE7F0F7FCF832
:10350000FFE743F6C050C2F20040FDF7E5FA0CB009
:1035100080BD00000000000080B58CB0002101914A
:103520000B910A91099108910791069105910491D7
:103530000391029143F65860C2F2004040F200420B
:10354000C4F200020260416081604FF6FF72C26007
:10355000016180218161FDF7F7FB18B1FFE7F0F70A
:10356000CBF8FFE7002009900B9043F65860C2F2B9
:10357000004009A9FCF708FF18B1FFE7F0F7BCF815
:10358000FFE760200290002003900490069043F62D
:103590005860C2F2004002A90C22FDF7FDFA18B1F2
:1035A000FFE7F0F7A9F8FFE743F65860C2F20040E2
:1035B000FDF792FA0CB080BD80B584B00021039174
:1035C0000291019143F6A460C2F2004041F2000270
:1035D000C4F20002026040F25E5242608160132138
:1035E000C16080218161FCF78FFF18B1FFE7F0F720
:1035F00083F8FFE7202001900020039043F6A460A9
:10360000C2F2004001A9FCF7BFFE18B1FFE7F0F7D6
:1036100073F8FFE704B080BD80B582B044F21800B3
:10362000C2F20040019045F20001C4F200010160C5
:1036300048F2A061C0F2010141604FF48051816005
:103640000021C1604FF48062026104224261816105
:10365000C161016241628162FEF71EFC18B1FFE7A1
:10366000F0F74AF8FFE744F21800C2F200400021E8
:10367000FDF72EFF18B1FFE7F0F73EF8FFE744F241
:103680001800C2F200400021FDF7DAFE18B1FFE792
:10369000F0F732F8FFE744F21800C2F20040FDF7FD
:1036A0000FFE18B1FFE7F0F727F8FFE702B080BD83
:1036B00080B582B044F2AC00C2F20040009047F600
:1036C0000001C4F2000101604FF46121416000215A
:1036D00001918160C16001610C2242618161C1611F
:1036E000016241628162FEF7D7FB18B1FFE7F0F794
:1036F00003F8FFE744F2AC00C2F200400021FDF7FE
:10370000E7FE18B1FFE7EFF7F7FFFFE744F2AC0081
:10371000C2F200400021FDF793FE18B1FFE7EFF77A
:10372000EBFFFFE744F2AC00C2F20040FDF7C8FD3A
:1037300018B1FFE7EFF7E0FFFFE702B080BD000040
:1037400080B582B043F68470C2F20040009041F62A
:103750000041C4F2010101604FF461214160002188
:1037600001918160C16001610C2242618161C1618E
:10377000016241628162FEF78FFB18B1FFE7EFF74C
:10378000BBFFFFE743F68470C2F200400021FDF763
:103790009FFE18B1FFE7EFF7AFFFFFE743F6847036
:1037A000C2F200400021FDF74BFE18B1FFE7EFF732
:1037B000A3FFFFE743F68470C2F20040FDF780FDEF
:1037C00018B1FFE7EFF798FFFFE702B080BD0000F8
:1037D00080B582B043F6F060C2F20040009041F242
:1037E0000001C4F2010101604FF4E13141600021A8
:1037F00001918160C16001610C2242618161C161FE
:10380000016241628162FEF747FB18B1FFE7EFF703
:1038100073FFFFE743F6F060C2F200400021FDF7BE
:1038200057FE18B1FFE7EFF767FFFFE743F6F060D9
:10383000C2F200400021FDF703FE18B1FFE7EFF7E9
:103840005BFFFFE743F6F060C2F20040FDF738FD92
:1038500018B1FFE7EFF750FFFFE702B080BD0000AF
:1038600080B542F68050C2F2004040F21C01C2F224
:103870000041012203F080FE18B1FFE7EFF73CFFA3
:10388000FFE742F68050C2F2004040F24401C2F22B
:10389000004104F0B9FB18B1FFE7EFF72DFFFFE798
:1038A00042F68050C2F2004040F2E001C2F2004114
:1038B00003F04EF818B1FFE7EFF71EFFFFE742F6FF
:1038C0008050C2F2004004F02FFD18B1FFE7EFF77F
:1038D00013FFFFE7F8F7F8F880BD000000000000D4
:1038E000FFE7FEE700000000FFE7FEE70000000042
:1038F00088B0079006910592079800F007000490A1
:103900000498C0F10700052803D3FFE704200190C5
:1039100004E00498C0F107000190FFE701980390CC
:1039200004980430062803D8FFE70020009003E045
:10393000049803380090FFE70098029006980399D6
:10394000012202FA01F101390840029B98400599D1
:103950009A40013A1140084308B070470000000047
:1039600080B543F65400C2F20040F7F761F980BD1C
:1039700080B586B00590049105980068039003987F
:1039800002900398006C01900298049900EB41109A
:10399000D0F8080B0090019843F20B01C4F6547163
:1039A00088420FD3FFE79DF801000006002809D5E3
:1039B000FFE70298049900EB41114FF40040C1F871
:1039C000080BFFE70598F7F77BFF019843F20B011F
:1039D000C4F6547188420DD3FFE705988079012819
:1039E00008D1FFE70599086801F29C42012105F022
:1039F000DFFAFFE7002006B080BD000000000000F5
:103A000080B588B0079006910798006804900498E4
:103A100003900498006C02900398069900EB411003
:103A2000D0F8080B019007988079012840F0818038
:103A3000FFE79DF804000007002818D5FFE702986B
:103A400043F20B01C4F6547188420FD3FFE79DF88F
:103A500005000006002809D5FFE70398069900EB4A
:103A600041114FF40040C1F8080BFFE760E09DF8FA
:103A700004008006002808D5FFE70398069900EBAC
:103A800041112020C1F8080B51E09DF8040010F00E
:103A9000280F4AD1FFE7029843F20B01C4F6547194
:103AA00088420FD3FFE79DF805000006002809D5DE
:103AB000FFE70398069900EB41114FF40040C1F86D
:103AC000080B31E00798069901EBC10100EB81007A
:103AD00000F5157005900598006A0399069A01EBA8
:103AE0004211D1F8101B6FF3DF41401A059948616C
:103AF000069898B9FFE70598006940B9FFE707996C
:103B0000086801F29C42012105F052FA05E005998E
:103B1000C8684A691044C860FFE7FFE707989DF846
:103B20001810F6F711FEFFE700E0FFE7FFE7FFE7F9
:103B300047E0029843F20A11C4F65471884224D136
:103B4000FFE79DF805000006002809D5FFE7039868
:103B5000069900EB41114FF40040C1F8080B13E047
:103B60009DF804008006002808D5FFE70398069911
:103B700000EB41112020C1F8080BFFE707989DF8E2
:103B80001810F6F7E1FDFFE71AE0069890B9FFE795
:103B90000798069901EBC10100EB8100D0F864029F
:103BA00040B9FFE70799086801F29C42002105F03F
:103BB000FFF9FFE707989DF81810F6F7C5FDFFE736
:103BC000FFE7002008B080BD80B58CB00A90099155
:103BD0000A9800680890089807900A98099901EBDC
:103BE000C10100EB8100143006900698016940691C
:103BF000884204D9FFE701208DF82F0079E006996B
:103C000008694969401A05900598069989688842AB
:103C100004D9FFE7069880680590FFE70598033010
:103C200080080490FFE70798099900EB4110D0F84D
:103C3000180981B2049A0020914202900FD3FFE745
:103C400006980269416900209142029007D2FFE77D
:103C500006980069002818BF01200290FFE702982B
:103C6000C00770B3FFE7069908694969401A0590D3
:103C7000059806998968884204D9FFE70698806804
:103C80000590FFE70598033080080490089806998E
:103C9000C9689DF82420BDF81430DDF828C09CF8D0
:103CA00006C0EE46CEF800C006F05AF8059A06990E
:103CB000C8681044C860059A06994869104448616C
:103CC000B1E706990869496988420ED8FFE7099863
:103CD00000F00F01012088400390039A0799D1F862
:103CE00034089043C1F83408FFE700208DF82F0016
:103CF000FFE79DF82F000CB080BD00000000000021
:103D0000EFF30980BFF36F8F154B1A681EF0100F89
:103D100008BF20ED108A20E9F04F10602DE909005E
:103D20004FF0500072B680F31188BFF34F8FBFF38E
:103D30006F8F62B626F070FA4FF0000080F31188A2
:103D4000BDE8090019680868B0E8F04F1EF0100FD0
:103D500008BFB0EC108A80F30988BFF36F8F7047FB
:103D6000344200240000000080B5B0B002A80190E9
:103D7000B821ECF781FD01980021039149F203027B
:103D8000C0F208020292022204922823059304231F
:103D9000069307930892C02209920A910B914FF45F
:103DA000805219924FF000521D9201221F92082258
:103DB00020922A91F8F7F8FF18B1FFE7EFF79CFC83
:103DC000FFE730B080BD000080B586B0049003915D
:103DD00000208DF8070044F22840C5F60200006874
:103DE00000F00300032804D1FFE701208DF817003D
:103DF000CBE044F20041C5F60201086820F0806083
:103E00000860F6F7F1FA0290FFE744F20040C5F6C9
:103E10000200006800F000610020B0EBD16F0CD010
:103E2000FFE7F6F7E1FA0299401A032804D3FFE707
:103E300003208DF81700A8E0E7E7FFE744F22841E8
:103E4000C5F60201086820F47C30049A126840EA42
:103E50000230086004994868D1F808C0CB680A6944
:103E600001386FF35F204FF60061CFF6FF7101EB71
:103E70004C2189B208440021CFF6FF7101EB0341C8
:103E800001F4FE0108444FF07F4101EB026101F0B3
:103E9000FE41084444F23841C5F602010860FFE7DC
:103EA00044F22C41C5F602010091086820F0C000E0
:103EB000049A526910430860086820F02000049AB0
:103EC000926910430860086820F01000086044F20E
:103ED0003C42C5F6020210684FF6F8739843049B03
:103EE000DB6940EAC3001060086840F01000086019
:103EF000039848B9FFE744F22C41C5F6020108686F
:103F000040F40020086016E00398012809D1FFE77B
:103F100044F22C41C5F60201086840F480100860A4
:103F200008E044F22C41C5F60201086840F4001094
:103F30000860FFE7FFE744F20041C5F602010868A8
:103F400040F080600860F6F74FFA0290FFE744F215
:103F50000040C5F60200006800F000610020B0EBF0
:103F6000D16F0CD1FFE7F6F73FFA0299401A032808
:103F700004D3FFE703208DF8170006E0E7E7FFE72B
:103F80009DF807008DF81700FFE79DF8170006B0B1
:103F900080BD00000000000080B586B00490039151
:103FA00000208DF8070044F22840C5F602000068A2
:103FB00000F00300032804D1FFE701208DF817006B
:103FC000CBE044F20041C5F60201086820F08050C1
:103FD0000860F6F709FA0290FFE744F20040C5F6E0
:103FE0000200006800F000510020B0EB517F0CD0BF
:103FF000FFE7F6F7F9F90299401A032804D3FFE71F
:1040000003208DF81700A8E0E7E7FFE744F2284116
:10401000C5F60201086820F07C70049A126840EA34
:104020000250086004994868D1F808C0CB680A6952
:1040300001386FF35F204FF60061CFF6FF7101EB9F
:104040004C2189B208440021CFF6FF7101EB0341F6
:1040500001F4FE0108444FF07F4101EB026101F0E1
:10406000FE41084444F24041C5F602010860FFE702
:1040700044F22C41C5F602010091086820F440602A
:10408000049A526910430860086820F40070049A8A
:10409000926910430860086820F48070086044F258
:1040A0004442C5F6020210684FF6F8739843049B29
:1040B000DB6940EAC3001060086840F48070086063
:1040C000039848B9FFE744F22C41C5F6020108689D
:1040D00040F48000086016E00398012809D1FFE74A
:1040E00044F22C41C5F60201086840F40000086063
:1040F00008E044F22C41C5F60201086840F08070E7
:104100000860FFE7FFE744F20041C5F602010868D6
:1041100040F080500860F6F767F90290FFE744F23C
:104120000040C5F60200006800F000510020B0EB2E
:10413000517F0CD1FFE7F6F757F90299401A03288F
:1041400004D3FFE703208DF8170006E0E7E7FFE759
:104150009DF807008DF81700FFE79DF8170006B0DF
:1041600080BD00000000000080B543F63850C2F268
:104170000040FAF789FF80BD82B001900198006885
:104180004069009001980168886940F008008861E2
:1041900001980168886940F0100088610198016801
:1041A000086820F00100086001980168086940F281
:1041B0006F329043086101980168886820F440409C
:1041C0008860019890F88100042815D0FFE79DF8D9
:1041D0000000800600280ED5FFE70199D1F8840081
:1041E00040F08000C1F8840001980168886940F0BF
:1041F00020008861FFE7FFE7019890F8810003281D
:1042000015D0FFE79DF80000400600280ED5FFE717
:104210000199D1F8840040F00400C1F884000198AD
:104220000168886940F040008861FFE7FFE79DF87A
:104230000100800700280ED5FFE70199D1F884001E
:1042400040F00100C1F8840001980168886940F4D9
:1042500000708861FFE79DF80100C00770B1FFE7BB
:104260000199D1F8840040F00800C1F88400019859
:104270000168886940F480708861FFE70199002037
:10428000A1F862000199A1F86A0002B0704700002D
:1042900080B582B001900198806B00900099002059
:1042A000A1F86A000099A1F862000099012081F844
:1042B00081000098FAF7E4FE02B080BD0000000023
:1042C00083B002900298C16B012000EB5110019065
:1042D0000298C0680130009000980730C008009034
:1042E00000980199484303B07047000000000000A7
:1042F00080B586B0DDF820C0049003918DF80B20C6
:104300000193FFE704980068406903990840401A48
:10431000B0FA80F040099DF80B10884214D1FFE7F5
:10432000F6F762F80899401A0199884204D3FFE72A
:104330000198013018B9FFE7019820B9FFE7032081
:104340008DF8170004E0DDE700208DF81700FFE787
:104350009DF8170006B080BD0000000000000000BE
:10436000074B19680868B0E8F04F80F30988BFF37D
:104370006F8F4FF0000080F31188704700BF00BFBF
:10438000344200240000000084B0039003980090A1
:1043900000980078ADF8080000980130009000986F
:1043A0000078ADF80600BDF80610BDF8080040EA38
:1043B0000120ADF80A00BDF80A0004B07047000003
:1043C00080B582B04FF0500072B680F31188BFF311
:1043D0006F8FBFF34F8F62B6009026F079FB40B12C
:1043E000FFE74EF60451CEF200014FF08050086016
:1043F000FFE700200190019880F3118802B080BD92
:1044000080B59EB00BA84C21ECF736FA0020019045
:104410000A900990089007900690059004900390E8
:104420000220F7F7FDFAFFE70020029044F618009B
:10443000C5F60200016821F440410160006800F403
:10444000404002900298FFE7FFE744F61800C5F6E7
:104450000200006800F40050B0F5005F01D0FFE7F3
:10446000F3E709200B904FF480300C90012110915C
:104470000220149015900C22169240F213121792FB
:10448000189119901A9004201B9000201C901D90E8
:104490000BA8FAF7E5F818B1FFE7EFF72DF9FFE7FA
:1044A0003F200390032104910020059008200690EE
:1044B0004020079008904FF4806209920A9003A868
:1044C000F9F76AFC18B1FFE7EFF716F9FFE71EB03E
:1044D00080BD0000000000004EF68851CEF20001C1
:1044E000086840F47000086042F20000C5F2002045
:1044F000006800F00F0006280AD8FFE742F200012A
:10450000C5F200210868072262F303000860FFE794
:1045100044F20041C5F60201086840F0010008605D
:1045200044F21042C5F602020020106008684EF600
:104530007F52CEF6F6221040086042F20000C5F22B
:104540000020006800F00F0008280AD3FFE742F2BD
:104550000001C5F200210868072262F30300086029
:10456000FFE744F21841C5F602010020086044F25A
:104570001C41C5F60201086044F22041C5F6020163
:10458000086044F22842C5F6020240F20021C0F25F
:104590000221116044F22C42C5F602020021C0F251
:1045A000FF11116044F23042C5F6020240F2802150
:1045B000C0F20111116044F23442C5F602021060EB
:1045C00044F23842C5F60202116044F23C42C5F69C
:1045D0000202106044F24042C5F60202116044F249
:1045E0004441C5F60201086044F20042C5F60202E9
:1045F000116821F48021116044F26041C5F6020186
:10460000086044F20001C5F2002143F2D2000860C4
:10461000704700000000000080B543F60C60C2F255
:104620000040FCF731F980BD83B0029001910298FF
:104630000068009002980021C4F20101884225D050
:10464000FFE70298B0F1804F20D0FFE7029840F2D8
:104650000041C4F20001884218D0FFE7029840F6FA
:104660000001C4F20001884210D0FFE7029840F632
:104670000041C4F20001884208D0FFE7029840F2EE
:104680000041C4F2010188420AD1FFE7009820F0FE
:104690007000009001984168009808430090FFE77F
:1046A00002980021C4F2010188424DD0FFE7029830
:1046B000B0F1804F48D0FFE7029840F20041C4F2C9
:1046C0000001884240D0FFE7029840F60001C4F2A2
:1046D0000001884238D0FFE7029840F60041C4F25A
:1046E0000001884230D0FFE7029840F20041C4F256
:1046F0000101884228D0FFE7029844F20001C4F289
:104700000101884220D0FFE7029844F20041C4F240
:104710000101884218D0FFE7029844F60001C4F274
:104720000101884210D0FFE702984EF20001C4F266
:104730000001884208D0FFE702984EF20041C4F21F
:10474000000188420AD1FFE7009820F440700090F1
:104750000198C168009808430090FFE7009820F096
:104760008000019949690843009001988068029986
:10477000C862019800680299886202980021C4F218
:104780000101884220D0FFE7029840F20041C4F2C4
:104790000101884218D0FFE7029844F20001C4F2F8
:1047A0000101884210D0FFE7029844F20041C4F2B0
:1047B0000101884208D0FFE7029844F60001C4F2E4
:1047C0000101884205D1FFE7019800690299086359
:1047D000FFE70299086840F0040008600299012090
:1047E000486100980299086003B07047000000001B
:1047F00084B0039002910192029800F01F01012001
:1048000088400090009A0399086A904308620198D2
:10481000029901F01F0100FA01F20399086A10439E
:10482000086204B07047000085B0049003910498BA
:10483000006A01900499086A20F001000862049857
:104840004068009004988069029002984FF68F713A
:10485000CFF6FE7108400290029820F0030002900B
:1048600003980168029808430290019820F0020022
:1048700001900398816801980843019004980021F1
:10488000C4F20101884220D0FFE7049840F20041C1
:10489000C4F20101884218D0FFE7049844F20001F5
:1048A000C4F20101884210D0FFE7049844F20041AD
:1048B000C4F20101884208D0FFE7049844F60001E1
:1048C000C4F2010188420ED1FFE7019820F00800F0
:1048D00001900398C168019808430190019820F065
:1048E00004000190FFE704980021C4F2010188420E
:1048F00020D0FFE7049840F20041C4F20101884251
:1049000018D0FFE7049844F20001C4F20101884284
:1049100010D0FFE7049844F20041C4F2010188423C
:1049200008D0FFE7049844F60001C4F20101884270
:1049300013D1FFE7009820F480700090009820F4D5
:104940000070009003984169009808430090039814
:104950008169009808430090FFE700980499486037
:104960000298049988610398406804994863019803
:104970000499086205B0704785B0049003910498CB
:10498000006A01900499086A20F0100008620498F7
:1049900040680090049880690290029848F6FF7180
:1049A000CFF6FF6108400290029820F44070029018
:1049B00003980168029840EA01200290019820F0D3
:1049C0002000019003988168019840EA011001904D
:1049D00004980021C4F20101884229D0FFE704981D
:1049E00040F20041C4F20101884221D0FFE704985F
:1049F00044F20001C4F20101884203D1FFE7002024
:104A0000B0B9FFE7049844F20041C4F201018842C2
:104A100003D1FFE7002058B9FFE7049844F60001EE
:104A2000C4F20101884212D1FFE7012078B9FFE703
:104A3000019820F0800001900398C168019840EA35
:104A400001100190019820F040000190FFE70498C8
:104A50000021C4F20101884220D0FFE7049840F20F
:104A60000041C4F20101884218D0FFE7049844F2E3
:104A70000001C4F20101884210D0FFE7049844F21B
:104A80000041C4F20101884208D0FFE7049844F6CF
:104A90000001C4F20101884215D1FFE7009820F41B
:104AA00080600090009820F40060009003984169B5
:104AB000009840EA8100009003988169009840EADC
:104AC00081000090FFE700980499486002980499DB
:104AD0008861039840680499886301980499086282
:104AE00005B070470000000085B004900391049861
:104AF000006A01900499086A20F4807008620498A2
:104B0000406800900498C069029002984FF68F7137
:104B1000CFF6FE7108400290029820F00300029048
:104B200003980168029808430290019820F40070ED
:104B3000019003988168019840EA0120019004984F
:104B40000021C4F20101884229D0FFE7049840F215
:104B50000041C4F20101884221D0FFE7049844F2E9
:104B60000001C4F20101884203D1FFE70020B0B97F
:104B7000FFE7049844F20041C4F20101884203D1E6
:104B8000FFE7002058B9FFE7049844F60001C4F29B
:104B90000101884212D1FFE7012078B9FFE70198AF
:104BA00020F4006001900398C168019840EA012058
:104BB0000190019820F480600190FFE704980021A3
:104BC000C4F20101884220D0FFE7049840F200417E
:104BD000C4F20101884218D0FFE7049844F20001B2
:104BE000C4F20101884210D0FFE7049844F200416A
:104BF000C4F20101884208D0FFE7049844F600019E
:104C0000C4F20101884215D1FFE7009820F48050DA
:104C10000090009820F4005000900398416900989B
:104C200040EA0110009003988169009840EA011061
:104C30000090FFE700980499486002980499C861C1
:104C4000039840680499C86301980499086205B004
:104C5000704700000000000085B0049003910498A4
:104C6000006A01900499086A20F480500862049850
:104C7000406800900498C0690290029848F6FF715D
:104C8000CFF6FF6108400290029820F44070029035
:104C900003980168029840EA01200290019820F4EC
:104CA0000050019003988168019840EA013001901A
:104CB00004980021C4F20101884220D0FFE7049843
:104CC00040F20041C4F20101884218D0FFE7049885
:104CD00044F20001C4F20101884210D0FFE70498B9
:104CE00044F20041C4F20101884208D0FFE7049871
:104CF00044F60001C4F2010188420BD1FFE700989D
:104D000020F48040009003984169009840EA8110A7
:104D10000090FFE700980499486002980499C861E0
:104D2000039840680499086401980499086205B0E2
:104D3000704700000000000085B0049003910498C3
:104D4000006A01900499086A20F48030086204988F
:104D5000406800900498406D029002984FF68F7161
:104D6000CFF6FE710840029003980168029808434C
:104D70000290019820F40030019003988168019816
:104D800040EA0140019004980021C4F201018842E8
:104D900020D0FFE7049840F20041C4F201018842AC
:104DA00018D0FFE7049844F20001C4F201018842E0
:104DB00010D0FFE7049844F20041C4F20101884298
:104DC00008D0FFE7049844F60001C4F201018842CC
:104DD0000BD1FFE7009820F48030009003984169E0
:104DE000009840EA01200090FFE70098049948608D
:104DF0000298049948650398406804998865019869
:104E00000499086205B0704785B004900391049836
:104E1000006A01900499086A20F4801008620498DE
:104E2000406800900498406D0290029848F6FF7127
:104E3000CFF6FF610840029003980168029840EAAB
:104E400001200290019820F40010019003988168DD
:104E5000019840EA0150019004980021C4F2010138
:104E6000884220D0FFE7049840F20041C4F20101DB
:104E7000884218D0FFE7049844F20001C4F201010F
:104E8000884210D0FFE7049844F20041C4F20101C7
:104E9000884208D0FFE7049844F60001C4F20101FB
:104EA00088420BD1FFE7009820F4802000900398FF
:104EB0004169009840EA81200090FFE7009804993A
:104EC0004860029804994865039840680499C86549
:104ED00001980499086205B07047000000000000C6
:104EE00080B544F21800C2F20040FCF755FC80BDCA
:104EF00080B544F2AC00C2F20040FCF74DFC80BD2E
:104F000082B001900198406E40B9FFE701990120FD
:104F1000A1F86A000199A1F8680032E010208DF82C
:104F200003008DF80200019800688068C0F34260B9
:104F30008DF80100019800688068400F8DF800002E
:104F40009DF802009DF800204CF24E73C0F603035A
:104F5000995C48434CF24671C0F603018A5CB0FB91
:104F6000F2F0019AA2F86A009DF803009DF8012072
:104F70009B5C5843895CB0FBF1F00199A1F8680093
:104F8000FFE702B07047000081B00090009890F8F1
:104F90002800000700280BD5FFE70098006840684C
:104FA00020F40040009A1168926B10434860FFE7BC
:104FB000009890F82800C00758B1FFE700980068F3
:104FC000406820F40030009A1168D26A10434860AB
:104FD000FFE7009890F82800800700280BD5FFE72E
:104FE00000980068406820F48030009A1168126BC5
:104FF00010434860FFE7009890F828004007002819
:105000000BD5FFE700980068406820F48020009AE4
:105010001168526B10434860FFE7009890F8280031
:10502000C00600280BD5FFE700980068806820F4D0
:105030008050009A1168D26B10438860FFE7009897
:1050400090F82800800600280BD5FFE7009800683C
:10505000806820F40050009A1168126C1043886038
:10506000FFE7009890F82800400600281CD5FFE7CD
:1050700000980068406820F48010009A1168526C13
:10508000104348600098406CB0F5801F0BD1FFE7DB
:1050900000980068406820F4C000009A1168926C83
:1050A00010434860FFE7FFE7009890F828000006EB
:1050B00000280BD5FFE700980068406820F4002026
:1050C000009A1168D26C10434860FFE701B0704746
:1050D00080B588B0069006990020C1F89000F5F7D9
:1050E00083F90590069800680068000700282FD50E
:1050F000FFE70698059B6A466FF07E4111604FF40A
:105100000011002201F020F808B3FFE7FFE7FFE7F6
:105110000698006850E8000F20F080000490FFE738
:1051200004990698026842E800100028F0D1FFE7D1
:10513000FFE706992020C1F88800FFE706990020C4
:1051400081F88400FFE703208DF81F005FE0FFE790
:105150000698006800684007002842D5FFE70698D7
:10516000059B6A466FF07E4111604FF4800100227A
:1051700000F0EAFFA0B3FFE7FFE7FFE7069800684B
:1051800050E8000F20F490700390FFE70399069811
:10519000026842E800100028F0D1FFE7FFE7FFE7D0
:1051A000FFE70698006850E8020F20F00100029027
:1051B000FFE702990698026842E802100028F0D141
:1051C000FFE7FFE706992020C1F88C00FFE706996A
:1051D000002081F88400FFE703208DF81F0016E00F
:1051E000FFE706992020C1F888000699C1F88C00D5
:1051F00006990020C86606990867FFE7069900200F
:1052000081F88400FFE700208DF81F00FFE79DF87C
:105210001F0008B080BD000080B582B001900198E9
:10522000806B009000990020A1F85E000098FCF7C8
:105230008FFA02B080BD000080B584B0039003985F
:10524000806B02900298D0F8880001900298D0F804
:105250008C000090029800688068000600280CD539
:10526000FFE70198212808D1FFE702990020A1F863
:105270005600029800F078F9FFE70298006880680D
:10528000400600280CD5FFE70098222808D1FFE748
:1052900002990020A1F85E00029800F0F1F8FFE703
:1052A0000299D1F8900040F01000C1F890000298E7
:1052B000FCF74EFA04B080BD80B586B00590059825
:1052C000806B04900598C069B0F5807F5BD0FFE7E4
:1052D00004990020A1F85E00FFE7FFE7049800684A
:1052E00050E8000F20F480700390FFE703990498C2
:1052F000026842E800100028F0D1FFE7FFE7FFE76F
:10530000FFE70498006850E8020F20F001000290C7
:10531000FFE702990498026842E802100028F0D1E1
:10532000FFE7FFE7FFE7FFE70498006850E8020F98
:1053300020F040000190FFE701990498026842E8DC
:1053400002100028F0D1FFE7FFE704992020C1F800
:105350008C000498C06E012814D1FFE7FFE7FFE737
:105360000498006850E8000F20F010000090FFE75C
:1053700000990498026842E800100028F0D1FFE785
:10538000FFE7FFE7FFE70499002008670498C06E75
:10539000012806D1FFE70498B0F85C10FCF728F864
:1053A00003E00498FDF7D4F8FFE706B080BD0000E5
:1053B00080B582B001900198806B00900099012027
:1053C00008670098C06E012807D1FFE70098B0F881
:1053D0005C104908FCF70CF803E00098FDF7DCF8D6
:1053E000FFE702B080BD000080B584B00390039851
:1053F000806B02900398C069B0F5807F2BD0FFE7E7
:1054000002990020A1F85600FFE7FFE70298006824
:1054100050E8020F20F080000190FFE70199029808
:10542000026842E802100028F0D1FFE7FFE7FFE73B
:10543000FFE70298006850E8000F40F0400000903D
:10544000FFE700990298026842E800100028F0D1B6
:10545000FFE7FFE703E00298FDF7C2F9FFE704B0BA
:1054600080BD00000000000080B582B0019001986E
:10547000806B00900098FDF7D7F902B080BD000066
:1054800084B00390FFE7FFE70398006850E8000F3F
:1054900020F490700290FFE702990398026842E8B6
:1054A00000100028F0D1FFE7FFE7FFE7FFE70398D0
:1054B000006850E8020F4FF6FE71CEF6FF7108400B
:1054C0000190FFE701990398026842E80210002862
:1054D000EDD1FFE7FFE70398C06E012814D1FFE785
:1054E000FFE7FFE70398006850E8000F20F0100086
:1054F0000090FFE700990398026842E80010002836
:10550000F0D1FFE7FFE7FFE703992020C1F88C0007
:1055100003990020C8660399486704B070470000EB
:1055200080B582B00190FFE7FFE70198006850E87E
:10553000000F20F040000090FFE7009901980268FA
:1055400042E800100028F0D1FFE7FFE70199202092
:10555000C1F888000199002088670198FDF740F99B
:1055600002B080BD0000000083B00290FFE7FFE7BB
:105570000298006850E8000F20F0C0000190FFE79B
:1055800001990298026842E800100028F0D1FFE774
:10559000FFE7FFE7FFE70298006850E8020F20F4FA
:1055A00000000090FFE700990298026842E80210AC
:1055B0000028F0D1FFE7FFE702992020C1F888001A
:1055C00003B070470000000080B59EB01D90002021
:1055D0008DF867001D98006840F60041C5F600018F
:1055E000884201D1FFE700E0FFE71D9988680B6959
:1055F0004A69C9691843104308431C901D98006804
:10560000006846F6F311CCF6FF7108401C99084378
:105610001D99096808601D980068406820F4405092
:105620001D9A1168D268104348601D9880691C90CB
:105630001D98006840F60041C5F60001884206D07A
:10564000FFE71D98016A1C9808431C90FFE71D980E
:10565000006880684FF2FF41C1F2FF1108401C99B9
:1056600008431D99096888601D980068C06A20F089
:105670000F001D9A1168526A1043C862FFE71D9817
:10568000006841F20001C4F20101884240F041800B
:10569000FFE744F25440C5F60200006800F038000D
:1056A0000146109128282FD81099DFE801F0152D18
:1056B0002D2D2D2D2D2D192D2D2D2D2D2D2D1D2D3E
:1056C0002D2D2D2D2D2D212D2D2D2D2D2D2D252D1E
:1056D0002D2D2D2D2D2D290001208DF86D0017E089
:1056E00004208DF86D0013E008208DF86D000FE0A8
:1056F00010208DF86D000BE020208DF86D0007E084
:1057000040208DF86D0003E080208DF86D00FFE7EC
:105710006CE21D98006844F20041C4F20001884226
:105720002ED1FFE744F25440C5F60200006800F0B5
:10573000070001460F9105281DD80F99DFE801F0F9
:1057400003070B0F131700208DF86D0017E00420DE
:105750008DF86D0013E008208DF86D000FE010202B
:105760008DF86D000BE020208DF86D0007E04020E3
:105770008DF86D0003E080208DF86D00FFE734E2C6
:105780001D98006844F60001C4F2000188422ED141
:10579000FFE744F25440C5F60200006800F007003D
:1057A00001460E9105281DD80E99DFE801F0030788
:1057B0000B0F131700208DF86D0017E004208DF8F3
:1057C0006D0013E008208DF86D000FE010208DF8BB
:1057D0006D000BE020208DF86D0007E040208DF873
:1057E0006D0003E080208DF86D00FFE7FCE11D985F
:1057F000006844F60041C4F2000188422ED1FFE760
:1058000044F25440C5F60200006800F0070001466B
:105810000D9105281DD80D99DFE801F003070B0F46
:10582000131700208DF86D0017E004208DF86D002F
:1058300013E008208DF86D000FE010208DF86D004A
:105840000BE020208DF86D0007E040208DF86D0002
:1058500003E080208DF86D00FFE7C4E11D9800682B
:1058600045F20001C4F2000188422ED1FFE744F264
:105870005440C5F60200006800F0070001460C9194
:1058800005281DD80C99DFE801F003070B0F13174B
:1058900000208DF86D0017E004208DF86D0013E0F6
:1058A00008208DF86D000FE010208DF86D000BE0E2
:1058B00020208DF86D0007E040208DF86D0003E09A
:1058C00080208DF86D00FFE78CE11D98006841F2A3
:1058D0000041C4F20101884240F04180FFE744F2F8
:1058E0005440C5F60200006800F0380001460B91F4
:1058F00028282FD80B99DFE801F0152D2D2D2D2DFF
:105900002D2D192D2D2D2D2D2D2D1D2D2D2D2D2DEB
:105910002D2D212D2D2D2D2D2D2D252D2D2D2D2DCB
:105920002D2D290001208DF86D0017E004208DF841
:105930006D0013E008208DF86D000FE010208DF849
:105940006D000BE020208DF86D0007E040208DF801
:105950006D0003E080208DF86D00FFE741E11D98A8
:10596000006847F60001C4F2000188422ED1FFE72B
:1059700044F25440C5F60200006800F007000146FA
:105980000A9105281DD80A99DFE801F003070B0FDB
:10599000131700208DF86D0017E004208DF86D00BE
:1059A00013E008208DF86D000FE010208DF86D00D9
:1059B0000BE020208DF86D0007E040208DF86D0091
:1059C00003E080208DF86D00FFE709E11D98006875
:1059D00047F60041C4F2000188422ED1FFE744F2AD
:1059E0005440C5F60200006800F007000146099126
:1059F00005281DD80999DFE801F003070B0F1317DD
:105A000000208DF86D0017E004208DF86D0013E084
:105A100008208DF86D000FE010208DF86D000BE070
:105A200020208DF86D0007E040208DF86D0003E028
:105A300080208DF86D00FFE7D1E01D98006841F6E9
:105A40000001C4F20101884240F04180FFE744F2C6
:105A50005440C5F60200006800F038000146089185
:105A600028282FD80899DFE801F0152D2D2D2D2D90
:105A70002D2D192D2D2D2D2D2D2D1D2D2D2D2D2D7A
:105A80002D2D212D2D2D2D2D2D2D252D2D2D2D2D5A
:105A90002D2D290001208DF86D0017E004208DF8D0
:105AA0006D0013E008208DF86D000FE010208DF8D8
:105AB0006D000BE020208DF86D0007E040208DF890
:105AC0006D0003E080208DF86D00FFE786E01D98F3
:105AD000006841F60041C4F20101884240F0418073
:105AE000FFE744F25440C5F60200006800F03800B9
:105AF0000146079128282FD80799DFE801F0152DD6
:105B00002D2D2D2D2D2D192D2D2D2D2D2D2D1D2DE9
:105B10002D2D2D2D2D2D212D2D2D2D2D2D2D252DC9
:105B20002D2D2D2D2D2D290001208DF86D0017E034
:105B300004208DF86D0013E008208DF86D000FE053
:105B400010208DF86D000BE020208DF86D0007E02F
:105B500040208DF86D0003E080208DF86D00FFE798
:105B60003BE01D98006840F60041C5F60001884200
:105B70002ED1FFE744F25840C5F60200006800F05D
:105B800007000146069105281DD80699DFE801F0B7
:105B900003070B0F131702208DF86D0017E0042088
:105BA0008DF86D0013E008208DF86D000FE01020D7
:105BB0008DF86D000BE020208DF86D0007E040208F
:105BC0008DF86D0003E080208DF86D00FFE703E0A5
:105BD00080208DF86D00FFE7FFE7FFE7FFE7FFE7B5
:105BE000FFE7FFE7FFE7FFE7FFE7FFE7FFE71D98B6
:105BF000006840F60041C5F60001884240F0B480DC
:105C0000FFE79DF86D0001460591022814D0FFE7DB
:105C10000598042814D0FFE70598082816D0FFE758
:105C20000598102818D0FFE70598202835D0FFE701
:105C30000598402837D03AE0F5F752FF11903CE044
:105C400015A8F6F7ADF81698119036E012A8F6F7F9
:105C5000F3F91398119030E044F20040C5F60200C9
:105C6000006800F020010020B0EB511F0ED0FFE7CC
:105C700044F20040C5F602000068C0F3C10149F2D9
:105C80000000C0F2D030C840119005E049F2000099
:105C9000C0F2D0301190FFE70FE040F60010C0F2E4
:105CA0003D00119009E04FF40040119005E0002004
:105CB000119001208DF86700FFE71198002852D05D
:105CC000FFE711981D994A6A4CF25671C0F603011C
:105CD00031F81210B0FBF1F0189018981D9949682E
:105CE00001EB4101884207D3FFE718981D994968E5
:105CF000B0EB013F04D9FFE701208DF8670031E0E8
:105D000011981D994A6803924A6A4CF25671C0F67E
:105D1000030131F81220002304931946EAF7D1FB5E
:105D2000039A049B090241EA1061000210EB520041
:105D300041F10001EAF7C5FB1A901A98B0F5407FCF
:105D40000BD3FFE71A990020B0EB115F05D1FFE7F5
:105D50001A981D990968C86003E001208DF8670052
:105D6000FFE7FFE7FFE746E11D98C069B0F5004F88
:105D700040F0A880FFE79DF86D00014602914028A1
:105D800000F263800299DFE801F02125606029605C
:105D900060602F606060606060603560606060605F
:105DA00060606060606060606060566060606060FD
:105DB00060606060606060606060606060606060E3
:105DC000606060606060606060605C00F8F7A0FA2E
:105DD000119040E0F8F7B0FA11903CE015A8F5F703
:105DE000DFFF1698119036E012A8F6F725F9139800
:105DF000119030E044F20040C5F60200006800F067
:105E000020010020B0EB511F0ED0FFE744F200400C
:105E1000C5F602000068C0F3C10149F20000C0F2FB
:105E2000D030C840119005E049F20000C0F2D030F7
:105E30001190FFE70FE040F60010C0F23D00119016
:105E400009E04FF40040119005E00020119001207E
:105E50008DF86700FFE7119898B3FFE711981D9A36
:105E60005168536A4CF25672C0F6030232F813209E
:105E7000B0FBF2F0400000EB5100B0FBF1F01A90E3
:105E80001A98102818D3FFE7BDF86A00A0B9FFE7F9
:105E90001A9820F00F00ADF86E001A9800F00E016D
:105EA000BDF86E0040EA5100ADF86E00BDF86E001E
:105EB0001D990968C86003E001208DF86700FFE7BD
:105EC000FFE797E09DF86D0001460191402800F240
:105ED00063800199DFE801F021256060296060603E
:105EE0002F6060606060606035606060606060600E
:105EF00060606060606060605660606060606060AC
:105F00006060606060606060606060606060606091
:105F100060606060606060605C00F8F7F9F91190A3
:105F200040E0F8F709FA11903CE015A8F5F738FFC2
:105F30001698119036E012A8F6F77EF81398119093
:105F400030E044F20040C5F60200006800F0200195
:105F50000020B0EB511F0ED0FFE744F20040C5F621
:105F600002000068C0F3C10149F20000C0F2D03065
:105F7000C840119005E049F20000C0F2D030119005
:105F8000FFE70FE040F60010C0F23D00119009E07D
:105F90004FF40040119005E00020119001208DF891
:105FA0006700FFE7119820B3FFE711981D9A516829
:105FB000536A4CF25672C0F6030232F81320B0FB5B
:105FC000F2F000EB5100B0FBF1F01A901A98102893
:105FD0000AD3FFE7BDF86A0030B9FFE7BDF86800F3
:105FE0001D990968C86003E001208DF86700FFE78C
:105FF000FFE7FFE7FFE71D990120A1F86A001D995F
:10600000A1F868001D99002048671D9988679DF8D0
:1060100067001EB080BD000080B588B00690059175
:10602000ADF81220059806998865BDF8120006990A
:10603000A1F85C0006990020C1F890000699222082
:10604000C1F88C000698D0F88000B0B3FFE706983E
:10605000D0F8801045F2B920C0F60100C863069858
:10606000D0F8801045F2B130C0F6010008640698FF
:10607000D0F8801045F23920C0F60100C8640698B7
:10608000D0F880100020086506980168826DD0F86D
:1060900080002431BDF81230F2F712F960B1FFE749
:1060A00006991020C1F8900006992020C1F88C00B4
:1060B00001208DF81F0042E0FFE706980069A0B1BB
:1060C000FFE7FFE7FFE70698006850E8000F40F49D
:1060D00080700390FFE703990698026842E8001079
:1060E0000028F0D1FFE7FFE7FFE7FFE7FFE70698AB
:1060F000006850E8020F40F001000290FFE70299AB
:106100000698026842E802100028F0D1FFE7FFE796
:10611000FFE7FFE70698006850E8020F40F04000F4
:106120000190FFE701990698026842E802100028F2
:10613000F0D1FFE7FFE700208DF81F00FFE79DF893
:106140001F0008B080BD000080B586B0DDF820C01B
:10615000049003918DF80B200193FFE704980068E9
:10616000C06903990840401AB0FA80F040099DF8D0
:106170000B10884266D1FFE708980130002860D0F4
:10618000FFE7F4F731F90199401A0899884203D8DA
:10619000FFE7089820B9FFE703208DF8170055E0C6
:1061A0000498006800684007002849D5FFE7039875
:1061B000802845D0FFE70398402841D0FFE70498A6
:1061C0000068C06900F008010120B0EBD10F16D1C2
:1061D000FFE7049801680820009008620498FFF720
:1061E0004FF900980499C1F89000FFE70499002046
:1061F00081F88400FFE701208DF8170026E004985D
:106200000068C06900F400610120B0EBD12F16D105
:10621000FFE7049801684FF4006008620498FFF7F4
:106220002FF904992020C1F89000FFE7049900207D
:1062300081F88400FFE703208DF8170006E0FFE7F0
:10624000FFE78BE700208DF81700FFE79DF81700A8
:1062500006B080BD0000000080B543F68470C2F235
:106260000040FBF799FA80BD80B543F6F060C2F2BA
:106270000040FBF791FA80BD80B586B004908DF8A0
:106280000F100498D0F8C80201900498D0F8D412E6
:1062900000EB8100D0F8C00220B9FFE703208DF8A1
:1062A00017005FE00498D0F8D41200EB8100D0F81A
:1062B000C002029004989DF80F1001F00F0101EB4D
:1062C000810100EB8100806940B3FFE704989DF8ED
:1062D0000F1001F00F0101EB810200EB82008269D7
:1062E000019801EBC10100EB8100C169B2FBF1F043
:1062F00000FB112090B9FFE704989DF80F1001F002
:106300000F0101EB810100EB810000238361049800
:106310009DF80F101A4601F01FFE1FE002990020A1
:10632000C1F814020498D0F8D41200EB8100D0F820
:10633000C402006988B1FFE70498D0F8D41200EBDA
:106340008100D0F8C40203690299D1F8080201F56E
:1063500004719DF80F209847FFE7FFE700208DF8B4
:106360001700FFE79DF8170006B080BD0000000091
:1063700080B584B002908DF807100298D0F8D4123E
:1063800000EB8100D0F8C00200900298D0F8D4123F
:1063900000EB8100D0F8C00220B9FFE703208DF8A0
:1063A0000F0019E002989DF8071001F029FB0099F1
:1063B000C1F80C020298D0F8D41200EB8100D0F89A
:1063C000C402C2680099D1F8040201F50371904734
:1063D00000208DF80F00FFE79DF80F0004B080BD8E
:1063E00080B586B005908DF81310059840F219011C
:1063F000C2F200410091097801F016F90099059860
:10640000097801F00F0101EB810100EB810100200F
:1064100003908884059840F21A01C2F2004101916C
:10642000097801F001F9019A03980599127802F0B0
:106430000F0202EB820201EB8201A1F864010598D0
:1064400040F21801C2F200410291097801F0ECF823
:10645000029A03980599137803F00F0303EB830363
:1064600001EB830188840599127802F00F0202EB98
:10647000820201EB8201C8840598D0F8D41200EBA7
:106480008100D0F8C002F0B1FFE70598D0F8D4122F
:1064900000EB8100D0F8C402406880470598D0F82E
:1064A000D41200EB8100D0F8C00202F019FA05986E
:1064B000D0F8D41200EB81010020C1F8C002059988
:1064C000C1F8BC02FFE7002006B080BD000000005C
:1064D00080B584B002900298D0F8D41200EB81000D
:1064E000D0F8C0020190019820B9FFE703208DF891
:1064F0000F0025E00298D0F8D41200EB8100D0F80C
:10650000C402C8B1FFE7019890F80002FF2813D039
:10651000FFE70298D0F8D41200EB8100D0F8C40253
:106520008368019991F8000291F801229847019936
:10653000FF2081F80002FFE700208DF80F00FFE741
:106540009DF80F0004B080BD81B0009000990A2032
:10655000088040F2C000C2F2004001B07047000065
:1065600080B586B0059040F27C00C2F200400190F8
:10657000822100F019FE014601980491012100F0EA
:1065800013FE014601980391812100F00DFE029057
:10659000049820B1FFE7049910208871FFE7039861
:1065A00020B1FFE7039940208880FFE7029820B1DF
:1065B000FFE7029940208880FFE705994320088083
:1065C00040F27C00C2F2004006B080BD0000000036
:1065D00080B586B0059040F27C00C2F20040019088
:1065E000822100F0E1FD014601980491012100F0B3
:1065F000DBFD014601980391812100F0D5FD029059
:10660000049820B1FFE7049910208871FFE70398F0
:1066100028B1FFE703994FF400708880FFE70298E4
:1066200028B1FFE702994FF400708880FFE70599D1
:106630004320088040F27C00C2F2004006B080BDDA
:1066400080B586B0059040F27C00C2F20040019017
:10665000822100F0A9FD014601980491012100F07A
:10666000A3FD014601980391812100F09DFD029058
:10667000049820B1FFE7049910208871FFE7039880
:1066800020B1FFE7039940208880FFE7029820B1FE
:10669000FFE7029940208880FFE7059943200880A2
:1066A00040F27C00C2F2004006B080BD0000000055
:1066B00080B590B00E908DF837104FF4077002F04F
:1066C00013F90C900C9860B9FFE70E98D0F8D4122B
:1066D00000EB81010020C1F8C00202208DF83F00CC
:1066E000F0E00C984FF40771EAF7C6F80C980E9991
:1066F000D1F8D42201EB8201C1F8C0020E99D1F881
:10670000D40201EB8000D0F8C002C1F8BC020E98A0
:10671000007C002840D1FFE70E9840F21901C2F238
:10672000004107910978022208924FF400730993FF
:1067300001F05AFA0799089A099B0E98097801F016
:106740000F0101EB810100EB810101200B90888496
:106750000E9840F21A01C2F200410A91097801F044
:1067600043FA0A9A0B980E99127802F00F0202EB84
:10677000820201EB8201A1F864010E9840F2180137
:10678000C2F20041097801F00F0101EB810100EB39
:1067900081011020C8843EE00E9840F21901C2F237
:1067A000004102910978022203924023049301F0F0
:1067B0001BFA0299039A049B0E98097801F00F01C5
:1067C00001EB810100EB81010120069088840E9885
:1067D00040F21A01C2F200410591097801F004FA71
:1067E000059A06980E99127802F00F0202EB8202C7
:1067F00001EB8201A1F864010E9840F21801C2F287
:106800000041097801F00F0101EB810100EB8101EA
:106810001020C884FFE70E9840F21801C2F2004130
:10682000009109780322082301F0DEF900990E98FF
:10683000097801F00F0101EB810100EB81010120DA
:1068400088840C9900200190C1F804020E98D0F8B9
:10685000D41200EB8100D0F8C40200688047019890
:106860000C99C1F814020C99C1F818020C98D0F8D0
:10687000040220B9FFE702208DF83F0022E00E98C5
:10688000007C70B9FFE70E9840F21A01C2F2004195
:1068900009780C9AD2F804224FF4007301F0CCF975
:1068A0000CE00E9840F21A01C2F2004109780C9AED
:1068B000D2F80422402301F0BFF9FFE700208DF851
:1068C0003F00FFE79DF83F0010B080BD00000000D2
:1068D00080B584B002900298D0F8D41200EB810009
:1068E000D0F8C00201900298D0F8D41200EB8100D9
:1068F000D0F8C00220B9FFE703208DF80F0022E096
:106900000298007C70B9FFE7029840F21A01C2F2C7
:1069100000410978019AD2F804224FF4007301F083
:106920008BF90CE0029840F21A01C2F2004109789A
:10693000019AD2F80422402301F07EF9FFE70020FB
:106940008DF80F00FFE79DF80F0004B080BD000038
:1069500083B001900091009820B9FFE703208DF8E3
:106960000B000BE000980199D1F8D42201EB8201D1
:10697000C1F8C40200208DF80B00FFE79DF80B0062
:1069800003B070470000000084B0029001910298AB
:10699000D0F8D41200EB8100D0F8C002009000982B
:1069A00020B9FFE703208DF80F0007E00198009958
:1069B000C1F8040200208DF80F00FFE79DF80F00DA
:1069C00004B070470000000085B00390029101926E
:1069D0000398D0F8D41200EB8100D0F8C0020090E8
:1069E000009820B9FFE703208DF813000BE0029810
:1069F0000099C1F8080201980099C1F8100200201E
:106A00008DF81300FFE79DF8130005B070470000F4
:106A100080B58AB0089007910898D0F8D41200EB9E
:106A20008100D0F8C002069000208DF81500ADF866
:106A300012008DF81100069820B9FFE703208DF8A9
:106A40002700C7E00798007800F060000146039136
:106A500000285ED0FFE70398202840F0AE80FFE7D3
:106A60000798C088002846D0FFE7079800780006FE
:106A7000002823D5FFE70898D0F8D41200EB810056
:106A8000D0F8C4028368079A50780699D28898474C
:106A90000798C088082803D3FFE70720029003E087
:106AA0000798C0880290FFE70298ADF81600089892
:106AB0000699BDF8162000F083F91BE0079840788E
:106AC000069981F800020798C0883F2804D8FFE79C
:106AD0000798C088019002E040200190FFE70198EC
:106AE000069981F801020898069991F8012200F0B0
:106AF00037F9FFE70CE00898D0F8D41200EB8100DA
:106B0000D0F8C40283680799487800229847FFE7C5
:106B10005BE007984078014600910B2844D8009923
:106B2000DFE801F0064142424242424242421C3208
:106B3000089890F89C02032807D1FFE708980DF108
:106B40001201022200F03CF907E00898079900F0D2
:106B5000F7F803208DF81100FFE72DE0089890F872
:106B60009C02032807D1FFE708980DF115010122C7
:106B700000F026F907E00898079900F0E1F80320F3
:106B80008DF81100FFE717E0089890F89C020328A1
:106B900008D0FFE70898079900F0D2F803208DF895
:106BA0001100FFE708E007E00898079900F0C8F82F
:106BB00003208DF81100FFE707E00898079900F01F
:106BC000BFF803208DF81100FFE79DF811008DF844
:106BD0002700FFE79DF827000AB080BD00000000F5
:106BE00080B584B002900298D0F8D41200EB8100F6
:106BF000D0F8C002019001208DF80300019820B95F
:106C0000FFE703208DF80F002AE00198D0F8140266
:106C100008BBFFE701990120C1F814020198D0F8E0
:106C20001002029A40F21901C2F200410B7803F0FF
:106C30000F0303EB830302EB830290610298097850
:106C4000019BD3F80822D3F8103201F085F9002017
:106C50008DF80300FFE79DF803008DF80F00FFE7B4
:106C60009DF80F0004B080BD80B582B001908DF812
:106C7000031000208DF802000198D0F8B8124A687D
:106C80009DF80310904720B1FFE703208DF8020024
:106C9000FFE79DF8020002B080BD00000000000088
:106CA00080B582B001900091019890F89C02013863
:106CB00002280ED8FFE700984088012808D1FFE796
:106CC00001990020C1F8A402019800F095F8FFE7AF
:106CD00004E00198009900F033F8FFE702B080BDAE
:106CE00082B001908DF80310002002B070470000C0
:106CF00082B001908DF80310002002B070470000B0
:106D000080B584B00390029101920398029A019B8E
:106D10000021009100F090FF009804B080BD0000B9
:106D200080B584B00390029101920398029A019B6E
:106D30000021009101F010F9009804B080BD00001E
:106D400080B582B0019000910198802101F094F803
:106D50000198002101F090F802B080BD0000000011
:106D600080B584B003900291019203990320C1F889
:106D7000940201980399C1F8580101980399C1F848
:106D80005C010398029A019B0021009100F054FFDE
:106D9000009804B080BD000080B582B001900199D8
:106DA0000520C1F8940201980023009319461A4661
:106DB00000F042FF009802B080BD0000000000001B
:106DC00080B584B003900291019203990220C1F82A
:106DD000940201980399886101980399C861039806
:106DE000029A019B0021009101F0B6F8009804B0CE
:106DF00080BD00000000000080B582B001900199C4
:106E00000420C1F8940201980023009319461A4601
:106E100001F0A2F8009802B080BD00000000000060
:106E200080B584B0039002910298C088012805D0F3
:106E3000FFE703980299FFF783FF21E0039890F89A
:106E40009C12481E0191022804D3FFE701980328F1
:106E50000AD00FE0039900208860039800F1080130
:106E60000122FFF7ADFF0AE00398011D0122FFF7A1
:106E7000A7FF04E003980299FFF762FFFFE7FFE72F
:106E800004B080BD0000000080B588B00790069176
:106E90000020ADF8160004908DF80F000698C07819
:106EA0000138014602910E2800F241810299DFE883
:106EB00011F02A00340051003E013E010B01230174
:106EC0003E013E013E013E013E013E013E010F00FA
:106ED0000798D0F8B402C06950B1FFE70798D0F81E
:106EE000B412CA69007C0DF116019047049009E0C4
:106EF00007980699FFF724FF9DF80F0001308DF8E1
:106F00000F00FFE71DE10798D0F8B4120A68007C73
:106F10000DF116019047049013E10798007C60B9C9
:106F2000FFE70798D0F8B802816A0DF1160088478C
:106F300004900499022048700BE00798D0F8B8023A
:106F4000C16A0DF116008847049004990220487028
:106F5000FFE7F6E00698807801460191052800F2E7
:106F6000A8800199DFE801F0031E39546F8A079861
:106F7000D0F8B402406850B1FFE70798D0F8B412D7
:106F80004A68007C0DF116019047049009E00798CB
:106F90000699FFF7D5FE9DF80F0001308DF80F0020
:106FA000FFE790E00798D0F8B402806850B1FFE79F
:106FB0000798D0F8B4128A68007C0DF1160190474A
:106FC000049009E007980699FFF7BAFE9DF80F00B4
:106FD00001308DF80F00FFE775E00798D0F8B40294
:106FE000C06850B1FFE70798D0F8B412CA68007CB7
:106FF0000DF116019047049009E007980699FFF7F4
:107000009FFE9DF80F0001308DF80F00FFE75AE05A
:107010000798D0F8B402006950B1FFE70798D0F89C
:10702000B4120A69007C0DF116019047049009E042
:1070300007980699FFF784FE9DF80F0001308DF840
:107040000F00FFE73FE00798D0F8B402406950B165
:10705000FFE70798D0F8B4124A69007C0DF11601D9
:107060009047049009E007980699FFF769FE9DF89C
:107070000F0001308DF80F00FFE724E00798D0F8EB
:10708000B402806950B1FFE70798D0F8B4128A695A
:10709000007C0DF116019047049009E007980699CD
:1070A000FFF74EFE9DF80F0001308DF80F00FFE74F
:1070B00009E007980699FFF743FE9DF80F0001309D
:1070C0008DF80F00FFE73CE00798007C48B9FFE728
:1070D0000798D0F8B802416B0DF11600884704906C
:1070E00009E007980699FFF72BFE9DF80F00013085
:1070F0008DF80F00FFE724E00798007C60B9FFE7F8
:107100000798D0F8B802016B0DF11600884704907B
:1071100004990720487009E007980699FFF710FEC8
:107120009DF80F0001308DF80F00FFE709E0079888
:107130000699FFF705FE9DF80F0001308DF80F004E
:10714000FFE79DF80F0008B1FFE72AE00698C08826
:1071500018B3FFE7BDF81600C8B1FFE7BDF8160089
:107160000699C988884204DAFFE7BDF81600009046
:1071700003E00698C0880090FFE70098ADF816007D
:1071800007980499BDF81620FFF71AFE04E0079847
:107190000699FFF7D5FDFFE703E00798FFF72CFE00
:1071A000FFE708B080BD000080B586B005908DF87F
:1071B0001310059803900598029000200190029901
:1071C00048880978884227DDFFE702980078ADF803
:1071D0000200FFE7BDF802000299498888421ADAE6
:1071E000FFE703980DF1020100F036F803900398D1
:1071F000407805280ED1FFE7039801900198807828
:107200009DF81310884201D1FFE704E000200190AF
:10721000FFE7FFE7DEE7FFE7019806B080BD00006B
:1072200083B0029000208DF8070002980090FFE7DD
:107230000098007848B1FFE79DF8070001308DF80D
:107240000700009801300090F2E79DF8070003B0B6
:10725000704700000000000083B002900191029886
:1072600000900098027801990888104408800298DC
:107270000099097808440090009803B07047000016
:1072800080B582B001900091019890F89C0201387D
:1072900002281FD8FFE70098C088022805D0FFE722
:1072A00001980099FFF74CFD19E001990120C86091
:1072B0000198D0F8A40230B1FFE70199C86840F006
:1072C0000200C860FFE7019800F10C010222FFF7FD
:1072D00077FD04E001980099FFF732FDFFE702B067
:1072E00080BD00000000000080B586B005900491CC
:1072F000039200208DF80B00059808B9FFE74FE0D6
:10730000059801900198FFF78BFF0146022000EBE2
:107310004100B0F5007F04D9FFE74FF40070009002
:1073200008E00198FFF77CFF0146022000EB4100D6
:107330000090FFE70098039908800398007804996B
:107340009DF80B2088549DF80B0001308DF80B0040
:1073500004999DF80B20032088549DF80B00013000
:107360008DF80B00FFE701980078C8B1FFE701989E
:10737000007804999DF80B20885401980130019001
:107380009DF80B0001308DF80B0004999DF80B203F
:10739000002088549DF80B0001308DF80B00E2E7C7
:1073A00006B080BD0000000082B08DF8070000200C
:1073B0008DF806009DF8070001460091032814D8B7
:1073C0000099DFE801F002060A0E00208DF80600A1
:1073D0000FE003208DF806000BE001208DF8060079
:1073E00007E003208DF8060003E003208DF8060077
:1073F000FFE79DF8060002B07047000000000000A3
:1074000080B582B08DF8070000919DF8070060B943
:10741000FFE7009A4DF67F10C0F6030040F2F4310A
:10742000C2F20041FFF760FF0BE0009A4DF67F10BB
:10743000C0F6030040F2F431C2F20041FFF754FFFE
:10744000FFE740F2F430C2F2004002B080BD00001D
:1074500082B08DF80700009100991220088040F258
:10746000CC00C2F2004002B07047000000000000F3
:1074700080B582B08DF8070000919DF8070060B9D3
:10748000FFE7009A4DF67110C0F6030040F2F431A8
:10749000C2F20041FFF728FF0BE0009A4DF6711091
:1074A000C0F6030040F2F431C2F20041FFF71CFFC6
:1074B000FFE740F2F430C2F2004002B080BD0000AD
:1074C00082B08DF80700009100990420088040F2F6
:1074D000F400C2F2004002B070470000000000005B
:1074E00080B584B08DF80F000291029A4DF68A1093
:1074F000C0F6030040F2F431C2F200410191FFF7FF
:10750000F3FE019804B080BD80B582B08DF807000D
:1075100000919DF8070060B9FFE7009A4DF69D10B5
:10752000C0F6030040F2F431C2F20041FFF7DCFE86
:107530000BE0009A4DF69D10C0F6030040F2F431C6
:10754000C2F20041FFF7D0FEFFE740F2F430C2F292
:10755000004002B080BD000080B582B08DF8070009
:10756000009100991A200880ECF7A6FA40F2F80082
:10757000C2F2004002B080BD80B584B0029001919B
:107580008DF80320029820B9FFE703208DF80F0043
:1075900023E002990020C1F8B8020299C1F8C402A0
:1075A0000299C1F8D002019828B1FFE70198029929
:1075B000C1F8B402FFE70299012081F89C029DF80E
:1075C000030002990870029800F02AFA8DF8020070
:1075D0009DF802008DF80F00FFE79DF80F0004B042
:1075E00080BD00000000000080B582B001908DF8E1
:1075F000031000208DF802008DF801000198D0F8EA
:10760000C8029DF80310F3F743F98DF802009DF8C6
:107610000200FFF7C9FE8DF801009DF8010002B0DD
:1076200080BD00000000000080B582B001908DF8A0
:10763000031000208DF802008DF801000198D0F8A9
:10764000C8029DF80310F3F7CFF88DF802009DF8FB
:107650000200FFF7A9FE8DF801009DF8010002B0BD
:1076600080BD00000000000080B588B006908DF855
:10767000171004929DF81700002874D1FFE70698B0
:10768000143003900698D0F8940202285DD1FFE7E9
:1076900003998868C968884212D9FFE70399886806
:1076A000CA68801A886006980499039A9268FFF75E
:1076B00037FB0698002319461A4600F0BDFA43E04E
:1076C00003988168C06888421ED1FFE70399486823
:1076D000C968884218D3FFE7039840680699D1F833
:1076E0009812884210D2FFE70698002201921146B4
:1076F000FFF716FB019B0698C0F8983206981946CA
:107700001A4600F099FA1EE0069890F89C020328A9
:1077100011D1FFE70698D0F8B802C06850B1FFE772
:1077200006990020C1F8D4020698D0F8B812C968AA
:107730008847FFE7FFE70698802100F09DFB069849
:10774000FFF72AFBFFE7FFE7FFE7069890F8A002A4
:1077500040B1FFE7069800F093FC0699002081F8FD
:10776000A002FFE740E006989DF8171041F0800165
:10777000FFF7B6FA8DF80A009DF80A00FF2832D00C
:10778000FFE79DF80A0070BBFFE7069890F89C029F
:10779000032827D1FFE706989DF80A1000EB810027
:1077A000D0F8B8024069E0B1FFE79DF80A000699F9
:1077B000C1F8D40206989DF80A1000EB8101D1F8B7
:1077C000B8124A699DF8171090478DF80B009DF884
:1077D0000B0028B1FFE79DF80B008DF81F0007E0B4
:1077E000FFE7FFE7FFE7FFE700208DF81F00FFE757
:1077F0009DF81F0008B080BD80B58AB008908DF854
:107800001F10069200208DF813009DF81F0000281D
:1078100040F08280FFE7089800F5AA70059008986C
:10782000D0F89402032876D1FFE705998868C968E3
:1078300088421DD9FFE705998868CA68801A886060
:10784000089802900698039005998868C96888424C
:1078500004D2FFE705988068019003E00598C068AE
:107860000190FFE703990298019AFFF749FA51E066
:10787000089890F8AA0200F01F000146009140B15C
:10788000FFE70098012808D0FFE7009802280CD0F5
:1078900013E000208DF8120013E0089890F8AE1263
:1078A000FFF726FA8DF812000BE0089890F8AE1258
:1078B000FFF716FA8DF8120003E000208DF8120091
:1078C000FFE79DF8120008BBFFE7089890F89C02BC
:1078D00003281AD1FFE708989DF8121000EB8100E9
:1078E000D0F8B802006978B1FFE79DF81200089956
:1078F000C1F8D40208989DF8121000EB8101D1F86C
:10790000B81209698847FFE7FFE7FFE70898FFF724
:1079100073FAFFE7FFE740E008989DF81F1001F0B9
:107920007F01FFF7DDF98DF812009DF81200FF28A6
:1079300032D0FFE79DF8120070BBFFE7089890F87F
:107940009C0203281ED1FFE708989DF8121000EB57
:107950008100D0F8B802806998B1FFE79DF8120065
:107960000899C1F8D40208989DF8121000EB810123
:10797000D1F8B8128A699DF81F1090478DF813004E
:10798000FFE7FFE79DF8130028B1FFE79DF813001C
:107990008DF8270005E0FFE7FFE700208DF82700BE
:1079A000FFE79DF827000AB080BD0000000000003E
:1079B00081B00090002001B070470000000000007E
:1079C00080B582B0019000208DF80300019901205C
:1079D00081F89C020198D0F8B80268B1FFE70198DD
:1079E000D0F8B8124A680179904720B1FFE7032028
:1079F0008DF80300FFE7FFE79DF8030002B080BDAC
:107A000080B582B001908DF803100198D0F8C802BB
:107A10009DF80310F2F7A0FF02B080BD0000000047
:107A200080B584B0039003980078012838D1FFE72F
:107A3000039943F65400C2F200400290C0F8E014EB
:107A40000399C1F8C8020021C4F2040101600921B0
:107A500001710222C2710021817142728172C17270
:107A600001738173C1730174F3F74AFD18B1FFE725
:107A7000EBF742FEFFE743F65400C2F200400190EC
:107A80004FF40071F2F7E4FD019800218022F2F733
:107A9000EBFD019801214FF4BA72F2F7E5FDFFE723
:107AA000002004B080BD000084B002908DF8071063
:107AB0000298D0F8C80200909DF807000006002840
:107AC0000DD5FFE700989DF8071001F07F0101EB4D
:107AD000C10100EB8100807D8DF80F000DE0009862
:107AE0009DF8071001F07F0101EBC10100EB81005F
:107AF00090F856028DF80F00FFE79DF80F0004B0D4
:107B0000704700000000000080B584B002908DF83E
:107B100007100298D0F8D41200EB8100D0F8B80218
:107B200020B9FFE703208DF80F0020E0029890F8BD
:107B30009C02032817D1FFE70298D0F8D41200EB7B
:107B40008100D0F8B802006A60B1FFE70298D0F86F
:107B5000D41200EB8101D1F8B8120A6A9DF807101F
:107B60009047FFE7FFE700208DF80F00FFE79DF843
:107B70000F0004B080BD000080B584B002908DF885
:107B800007100298D0F8D41200EB8100D0F8B802A8
:107B900020B9FFE703208DF80F0020E0029890F84D
:107BA0009C02032817D1FFE70298D0F8D41200EB0B
:107BB0008100D0F8B802406A60B1FFE70298D0F8BF
:107BC000D41200EB8101D1F8B8124A6A9DF807106F
:107BD0009047FFE7FFE700208DF80F00FFE79DF8D3
:107BE0000F0004B080BD000080B584B003908DF814
:107BF0000B108DF80A20ADF8083000208DF8070032
:107C00008DF806000398D0F8C8029DF80B10BDF857
:107C100008209DF80A30F2F7B3FE8DF807009DF8B2
:107C20000700FFF7C1FB8DF806009DF8060004B0C1
:107C300080BD00000000000080B586B005908DF882
:107C400013100392029300208DF807008DF80600B0
:107C50000598D0F8C8029DF81310039A029BF2F71A
:107C600007FF8DF807009DF80700FFF79DFB8DF8D3
:107C700006009DF8060006B080BD00000000000070
:107C800080B586B0059000208DF81300059A01217B
:107C900082F89C120599C1F89402059948600599EB
:107CA000C1F8A402059981F8A0020598D0F8B8029D
:107CB000A0B1FFE70598D0F8B802406868B1FFE7C7
:107CC0000598D0F8B8124A680179904720B1FFE7CB
:107CD00003208DF81300FFE7FFE7FFE70598002278
:107CE0000192402303931146FFF77EFF019A039B05
:107CF000059901200290A1F864010598C0F860314F
:107D000005988021FFF770FF02990398059A9184E6
:107D1000059908629DF8130006B080BD00000000C0
:107D200081B00090009890F89C02042807D1FFE7EA
:107D3000009890F89D02009981F89C02FFE70020CE
:107D400001B070470000000080B582B0019001983A
:107D500090F89C02032813D1FFE70198D0F8B802ED
:107D600068B1FFE70198D0F8B802C06930B1FFE709
:107D70000198D0F8B812C9698847FFE7FFE7FFE725
:107D8000002002B080BD000082B001908DF8031089
:107D90009DF8030001990874002002B070470000AC
:107DA00080B582B001908DF8031000208DF802009C
:107DB0008DF801000198D0F8C8029DF80310F3F780
:107DC0004FFD8DF802009DF80200FFF7EDFA8DF8E7
:107DD00001009DF8010002B080BD0000000000001D
:107DE00080B584B003900291039800F2AA20029912
:107DF00000F0D6F803990120C1F894020399B1F874
:107E0000B002C1F89802039890F8AA0200F01F008F
:107E10000146009140B1FFE7009801280CD0FFE730
:107E20000098022810D017E0039800F2AA2100F071
:107E300083FA8DF8070019E0039800F2AA2100F0F8
:107E4000BBFC8DF8070011E0039800F2AA2100F0B6
:107E5000DBFA8DF8070009E0039890F8AA1201F008
:107E6000800100F009F88DF80700FFE79DF8070092
:107E700004B080BD0000000080B582B001908DF894
:107E8000031000208DF802008DF801000198D0F851
:107E9000C8029DF80310F2F723FE8DF802009DF84A
:107EA0000200FFF781FA8DF801009DF8010002B091
:107EB00080BD00000000000080B582B0019000206D
:107EC0008DF803008DF802000198D0F8C802F3F78E
:107ED00003FD8DF803009DF80300FFF765FA8DF8A8
:107EE00002009DF8020002B080BD0000000000000A
:107EF00080B582B0019000208DF803008DF802005B
:107F00000198D0F8C802F3F727FD8DF803009DF81B
:107F10000300FFF749FA8DF802009DF8020002B055
:107F200080BD00000000000081B00090009890F833
:107F30009C02042807D0FFE7009890F89C02009963
:107F400081F89D02FFE70099042081F89C0200203F
:107F500001B070470000000080B586B005908DF834
:107F600013100392029300208DF807008DF806008D
:107F70000598D0F8C8029DF81310039A029BF2F7F7
:107F80001FFE8DF807009DF80700FFF70DFA8DF82A
:107F900006009DF8060006B080BD0000000000004D
:107FA00080B584B003900291029801900198007806
:107FB00003990870019801300190019800780399A5
:107FC00048700198013001900198FCF7DDF90399A0
:107FD000488001980130019001980130019001988A
:107FE000FCF7D2F90399888001980130019001983B
:107FF000013001900198FCF7C7F90399C88004B0DB
:1080000080BD00000000000080B584B002900191A6
:108010000020ADF80200019820B9FFE703208DF899
:108020000F0026E001980299C1F8B8020298D0F832
:10803000D41200EB8100D0F8B802C06A78B1FFE733
:108040000298D0F8D41200EB8100D0F8B802C16ACF
:108050000DF1020088470299C1F8D002FFE70299AA
:10806000D1F8D8020130C1F8D80200208DF80F00F5
:10807000FFE79DF80F0004B080BD00000000000085
:1080800081B00090002001B07047000000000000A7
:1080900080B584B00390029102988088B8BBFFE756
:1080A0000298C08898BBFFE7029840887F282ED8A6
:1080B000FFE70298807800F07F008DF807000398B2
:1080C00090F89C02032805D1FFE703980299FEF778
:1080D00037FE1BE09DF80700039981F89E02039884
:1080E0009DF80710FFF75CFE0398FEF785FE9DF8EC
:1080F000070028B1FFE70399022081F89C0204E001
:108100000399012081F89C02FFE7FFE704E0039850
:108110000299FEF715FEFFE704B080BD00000000E5
:1081200080B582B001908DF8031000208DF8020018
:108130000198D0F8B80250B1FFE70198D0F8B81212
:108140000A689DF8031090478DF80200FFE79DF83C
:10815000020002B080BD000080B586B0049003919B
:1081600000208DF80B000398817840F2F030C2F2C5
:10817000004001700078022808D3FFE704980399B3
:10818000FEF7DEFD03208DF81700A0E0049890F8BC
:108190009C0201460191022804D0FFE701980328C0
:1081A0002FD07FE040F2F030C2F20040007818B3E8
:1081B000FFE740F2F031C2F200410878049A5060C3
:1081C00004980978FFF7ACFF8DF80B009DF80B00C1
:1081D00048B1FFE704980399FEF7B2FD0499022025
:1081E00081F89C0207E00498FEF706FE049903203C
:1081F00081F89C02FFE703E00498FEF7FDFDFFE72E
:1082000060E040F2F030C2F20040007898B9FFE739
:108210000499022081F89C0240F2F031C2F2004140
:108220000878049A506004980978FEF71DFD0498B8
:10823000FEF7E2FD35E040F2F030C2F20040007897
:1082400004994968884227D0FFE704980179FEF72E
:108250000BFD40F2F031C2F200410878049A506000
:1082600004980978FFF75CFF8DF80B009DF80B0070
:1082700068B1FFE704980399FEF762FD049801795D
:10828000FEF7F2FC0499022081F89C0203E00498B6
:10829000FEF7B2FDFFE703E00498FEF7ADFDFFE750
:1082A000FFE70FE004980399FEF74AFD049840F2B7
:1082B000F031C2F200410978FEF7D6FC03208DF8B8
:1082C0000B00FFE79DF80B008DF81700FFE79DF806
:1082D000170006B080BD000080B582B0019000910B
:1082E00000984088012808D1FFE701990120C1F8D2
:1082F000A4020198FEF780FD13E000984088022850
:1083000009D1FFE700984079019981F8A00201980E
:10831000FEF772FD04E001980099FEF711FDFFE7FA
:10832000FFE702B080BD000080B582B001900198E7
:10833000FFF7C2FD02B080BD80B586B00590049104
:1083400000208DF80F000498007800F060000146CE
:108350000291A8B1FFE70298202804D0FFE7029815
:10836000402846D1FFE70598D0F8D41200EB8101F0
:10837000D1F8B8128A68049990478DF80F003DE053
:10838000049840780146019109282CD80199DFE82A
:1083900001F01B252A202A0A052A160F05980499A0
:1083A000FEF772FD24E005980499FFF771FE1FE0C7
:1083B00005980499FFF7D0FE8DF80F0018E0059896
:1083C0000499FEF72DFD13E005980499FEF758FF78
:1083D0000EE005980499FFF77FFF09E005980499DE
:1083E000FEF75EFC04E005980499FEF7A9FCFFE7A0
:1083F00004E005980499FEF7A3FCFFE79DF80F0041
:1084000006B080BD0000000080B58CB00B900A91D2
:1084100000208DF821000A9880888DF823000A98A2
:10842000007800F0600001460791B8B3FFE70798B5
:10843000202805D0FFE70798402840F0B281FFE7E9
:108440000B989DF82310FEF74BFC8DF822009DF849
:108450002200FF2821D0FFE79DF82200E8B9FFE7BE
:108460009DF822000B99C1F8D4020B989DF82210B8
:1084700000EB8100D0F8B802806868B1FFE70B9884
:108480009DF8221000EB8101D1F8B8128A680A9990
:1084900090478DF82100FFE7FFE787E10A984078D1
:1084A00001460691002800F0BD80FFE706980128EC
:1084B0004CD0FFE70698032840F06D81FFE70B984A
:1084C00090F89C0201460591022804D0FFE7059828
:1084D000032819D034E09DF8230078B1FFE79DF818
:1084E000230080280AD0FFE70B989DF82310FFF7A0
:1084F000C3FC0B988021FFF7BFFC04E00B980A999E
:10850000FEF71EFCFFE720E00A984088A0B9FFE7CD
:108510009DF8230078B1FFE79DF8230080280AD05A
:10852000FFE70A98C08830B9FFE70B989DF8231041
:10853000FFF7A2FCFFE7FFE70B98FEF75DFC04E006
:108540000B980A99FEF7FCFBFFE729E10B9890F8DE
:108550009C0201460491022804D0FFE704980328F6
:1085600019D059E09DF8230078B1FFE79DF823006A
:1085700080280AD0FFE70B989DF82310FFF77CFCBA
:108580000B988021FFF778FC04E00B980A99FEF71E
:10859000D7FBFFE745E00A984088E0BBFFE79DF87E
:1085A0002300400630B1FFE70B989DF82310FFF73A
:1085B0001BF8FFE70B98FEF71FFC0B989DF82310A4
:1085C000FEF78EFB8DF822009DF82200FF2821D0B7
:1085D000FFE79DF82200E8B9FFE79DF822000B991C
:1085E000C1F8D4020B989DF8221000EB8100D0F85E
:1085F000B802806868B1FFE70B989DF8221000EB85
:108600008101D1F8B8128A680A9990478DF8210043
:10861000FFE7FFE7FFE704E00B980A99FEF790FBFE
:10862000FFE7BDE00B9890F89C02014603910228F9
:1086300004D0FFE70398032838D0A6E09DF8230074
:1086400050B1FFE79DF82300802805D0FFE70B9885
:108650000A99FEF775FB9DE09DF8230000060028AF
:108660000CD5FFE70B989DF8231001F07F0101EB7B
:10867000810100EB8100143002900CE00B989DF812
:10868000231001F07F0101EB810100EB810000F577
:10869000AA700290FFE702980990099900200860EB
:1086A0000B9809990222FEF78BFB73E09DF82300DB
:1086B0000006002812D5FFE70B989DF8231001F063
:1086C0000F0101EB810100EB8100808C28B9FFE7ED
:1086D0000B980A99FEF734FB5CE012E00B989DF8CA
:1086E000231001F00F0101EB810100EB8100B0F8D4
:1086F000640128B9FFE70B980A99FEF721FB49E0CE
:10870000FFE79DF82300000600280CD5FFE70B9833
:108710009DF8231001F07F0101EB810100EB810046
:10872000143001900CE00B989DF8231001F07F01AC
:1087300001EB810100EB810000F5AA700190FFE7D9
:10874000019809909DF8230028B1FFE79DF82300C8
:10875000802804D1FFE70999002008600FE00B98FA
:108760009DF82310FFF7A0F920B1FFE70999012038
:10877000086003E0099900200860FFE7FFE70B9815
:1087800009990222FEF71CFB04E00B980A99FEF7F8
:10879000D7FAFFE704E00B980A99FEF7D1FAFFE752
:1087A00004E00B980A99FEF7CBFAFFE79DF8210049
:1087B0000CB080BD0000000080B584B00390029131
:1087C00000208DF807000298007800F06000014654
:1087D000009140B1FFE70098202804D0FFE70098FF
:1087E00040285AD1FFE7039890F89C0201380228EC
:1087F0004DD8FFE702980079012842D8FFE7039897
:1088000002990979FEF774FA8DF806009DF80600C2
:10881000FF2825D0FFE79DF8060008BBFFE7039877
:108820009DF8061000EB8100D0F8B802806890B186
:10883000FFE79DF806000399C1F8D40203989DF85C
:10884000061000EB8101D1F8B8128A6802999047AE
:108850008DF8070003E003208DF80700FFE703E031
:1088600003208DF80700FFE70298C08840B9FFE7B2
:108870009DF8070020B9FFE70398FEF7BDFAFFE770
:1088800004E003980299FEF75BFAFFE704E003981F
:108890000299FEF755FAFFE704E003980299FEF704
:1088A0004FFAFFE79DF8070004B080BD000000000C
:1088B00080B582B001900198FFF71AFB0198D0F8BB
:1088C000B80238B1FFE70198D0F8B8124A680179C8
:1088D0009047FFE7002002B080BD000000000000CC
:1088E00081B0009001B0704781B0009040F2F45028
:1088F000C2F2004001B0704784B003900291039827
:10890000019002980078009002984078012830D1B8
:10891000FFE70298007800F00F01012000FA01F251
:108920000199D1F81C081043C1F81C08019800995E
:1089300000EB4110D0F800090004002818D4FFE72C
:10894000029988686FF3DF20097940EA8140009A34
:1089500040EA8250019901EB4211D1F800291043FD
:1089600048F20002C1F200021043C1F80009FFE71B
:108970002EE00298007800F00F01012000FA01F2C9
:108980000199D1F81C0840EA0240C1F81C0801987E
:10899000009900EB4110D0F8000B0004002816D419
:1089A000FFE7029988686FF3DF20097940EA814088
:1089B0000199009A01EB4211D1F8002B104348F2C3
:1089C0000002C1F200021043C1F8000BFFE7FFE70D
:1089D000002004B07047000082B001900198009020
:1089E0000099D1F8000940F2FF729043C1F80009E4
:1089F0000099D1F8040840F48070C1F80408002000
:108A000002B070470000000080B58AB0DDF830C0C9
:108A1000CDF814C00493039202919DF814108DF8C0
:108A200024100299039A049B0893079206910190DF
:108A30009DF81D00012823D1FFE70199886B20F4E0
:108A4000803088630199C8684FF6BF72CFF6BD7257
:108A50001040C8600199C86820F44010C8609DF8B3
:108A60002400012806D1FFE70199C86840F480106E
:108A7000C860FFE7019800F03FF88DF803001AE0A6
:108A80000199C86840F04000C860019800F034F8CF
:108A90008DF803009DF8210030B9FFE70199886B3C
:108AA00040F48030886305E00199886B20F48030C1
:108AB0008863FFE7FFE79DF81A00012816D1FFE75A
:108AC0000199C86D80B2C8650199C86D0022C0F2D5
:108AD000EE321043C8650199886840F0060088604E
:108AE0000199886840F020008860FFE79DF8030046
:108AF0000AB080BD0000000083B00190002000900B
:108B0000FFE70098013000900098B0F1706F04D931
:108B1000FFE703208DF80B0026E0FFE701980069CE
:108B2000C00F0028EDD0FFE70020009001990869F0
:108B300040F001000861FFE70098013000900098C4
:108B4000B0F1706F04D9FFE703208DF80B000BE044
:108B5000FFE70198006900F001000128ECD0FFE771
:108B600000208DF80B00FFE79DF80B0003B0704765
:108B700084B00390029103980190029800780090CD
:108B800002984078012845D1FFE70198009900EB51
:108B90004110D0F80009C00FA8B1FFE70198009973
:108BA00000EB4111D1F8000940F00060C1F8000964
:108BB0000198009900EB4111D1F8000940F0804084
:108BC000C1F80009FFE70298007800F00F010120CA
:108BD00000FA01F3019AD2F83C189943C2F83C1804
:108BE0000299097801F00F0100FA01F20199D1F818
:108BF0001C089043C1F81C080198009900EB411132
:108C0000D1F8000947F60002CEF633421040C1F811
:108C1000000946E00198009900EB4110D0F8000BE4
:108C2000C00FA8B1FFE70198009900EB4111D1F8FE
:108C3000000B40F00060C1F8000B0198009900EBB8
:108C40004111D1F8000B40F08040C1F8000BFFE764
:108C50000298007800F00F01012000FA01F3019A58
:108C6000D2F83C1821EA0341C2F83C18029909786D
:108C700001F00F0100FA01F20199D1F81C0820EA75
:108C80000240C1F81C080198009900EB4111D1F88D
:108C9000000B47F60002CEF6F3721040C1F8000B4D
:108CA000FFE7002004B0704782B001900198009067
:108CB0000099D1F8000E20F00300C1F8000E0099D1
:108CC000D1F8040820F00200C1F80408002002B026
:108CD000704700000000000082B0019001980090F1
:108CE0000099D1F8000E20F00300C1F8000E0099A1
:108CF000D1F8040840F00200C1F80408002002B0D6
:108D0000704700000000000080B58CB0DDF838C06E
:108D1000CDF81CC00693059204919DF81C108DF8A7
:108D20002C100499059A069B0A93099208910390C6
:108D300000208DF80B00039901910090FFE7009847
:108D40000E280CD8FFE70398009900EB8101002062
:108D5000C1F80401FFE7009801300090EFE79DF8AB
:108D60002A00B8B9FFE70199D1F8040840F00200E1
:108D7000C1F804080399886B20F4001088630399F4
:108D8000086840F0400008600399086840F08000DF
:108D9000086005E00399886B40F400108863FFE7E2
:108DA00001990020C1F8000E9DF8250001280FD17F
:108DB000FFE79DF8230028B9FFE70398002100F0A2
:108DC000DBFE04E00398012100F0D6FEFFE704E09B
:108DD0000398032100F0D0FEFFE70398102100F074
:108DE000AFFC20B1FFE701208DF80B00FFE70398EF
:108DF00000F06AFC20B1FFE701208DF80B00FFE7CF
:108E000001990020C1F810080199C1F814080199CE
:108E1000C1F81C080090FFE700989DF820108842D8
:108E20003BD2FFE70198009900EB4110D0F8000910
:108E3000C00FB0B1FFE7009848B9FFE7019800996B
:108E400000EB41114FF00060C1F8000908E0019803
:108E5000009900EB41114FF09040C1F80009FFE785
:108E600007E00198009900EB41110020C1F80009CA
:108E7000FFE70198009900EB41110020C1F81009AB
:108E80000198009900EB41114FF67F30C1F80809B5
:108E9000FFE7009801300090BEE700200090FFE758
:108EA00000989DF8201088423BD2FFE70198009976
:108EB00000EB4110D0F8000BC00FB0B1FFE70098F5
:108EC00048B9FFE70198009900EB41114FF00060AD
:108ED000C1F8000B08E00198009900EB41114FF038
:108EE0009040C1F8000BFFE707E00198009900EB04
:108EF00041110020C1F8000BFFE70198009900EB39
:108F000041110020C1F8100B0198009900EB4111AC
:108F10004FF67F30C1F8080BFFE700980130009052
:108F2000BEE70199D1F8100820F48070C1F810084C
:108F300003990020886103996FF0804048619DF893
:108F4000220030B9FFE70399886940F0100088617A
:108F5000FFE70399886943F60002C8F23C02104318
:108F600088619DF8260030B1FFE70399886940F0D9
:108F700008008861FFE79DF82A00012808D1FFE773
:108F8000039988690422C4F2000210438861FFE754
:108F90009DF80B000CB080BD81B0009000998868EE
:108FA00020F001008860002001B070470000000040
:108FB00086B004908DF80F100292049801900498E6
:108FC000006C0090009843F20B01C4F65471884283
:108FD0000BD3FFE70198D0F8000BC00F20B1FFE7DB
:108FE00000208DF817002EE0FFE701990020C1F85E
:108FF000100B0199D1F8100B40F40020C1F8100BB0
:109000000199D1F8100B40F01800C1F8100B01992C
:10901000D1F8100B40F0C040C1F8100B9DF80F00C4
:1090200001280CD1FFE702980199C1F8140B0199AE
:10903000D1F8000B40F08020C1F8000BFFE70020C2
:109040008DF81700FFE79DF8170006B07047000085
:1090500084B00390029103980190029800780090E8
:1090600002984078012820D1FFE70198009900EB91
:109070004111D1F8000920F40010C1F8000902984C
:109080000079032805D0FFE70298007902280BD168
:10909000FFE70198009900EB4111D1F8000940F079
:1090A0008050C1F80009FFE71FE00198009900EB2C
:1090B0004111D1F8000B20F40010C1F8000B029808
:1090C0000079032805D0FFE70298007902280BD128
:1090D000FFE70198009900EB4111D1F8000B40F037
:1090E0008050C1F8000BFFE7FFE7002004B0704795
:1090F00084B0039002910398019002980078009048
:1091000002984078012822D1FFE70198009900EBEE
:109110004110D0F80009C00F70B9FFE7009858B1AE
:10912000FFE70198009900EB4111D1F8000920F008
:109130008040C1F80009FFE70198009900EB411158
:10914000D1F8000940F40010C1F8000921E00198AD
:10915000009900EB4110D0F8000BC00F70B9FFE789
:10916000009858B1FFE70198009900EB4111D1F840
:10917000000B20F08040C1F8000BFFE70198009938
:1091800000EB4111D1F8000B40F40010C1F8000BC6
:10919000FFE7002004B0704780B588B007900691C3
:1091A0008DF8172007980490069800780390069889
:1091B0004078012840F02481FFE706980069F8B95B
:1091C000FFE70498039900EB4111D1F810096FF300
:1091D000DC40C1F810090498039900EB4111D1F863
:1091E000100940F40020C1F810090498039900EB1D
:1091F0004111D1F810096FF31200C1F8100971E0A4
:109200000498039900EB4111D1F810096FF3120093
:10921000C1F810090498039900EB4111D1F8100925
:109220006FF3DC40C1F810090398A8B9FFE706986E
:1092300081680069884204D9FFE706998868086157
:10924000FFE70498039900EB4111D1F8100940F4AD
:109250000020C1F8100937E00698816800690844C9
:109260000138B0FBF1F0ADF80A00BDF80A1000209B
:10927000C1F6F87000EAC1420498039900EB41116D
:10928000D1F810091043C1F8100906980079012897
:1092900019D1FFE70498039900EB4111D1F81009A7
:1092A00020F0C040C1F81009BDF80A0000F0030228
:1092B0000498039900EB4111D1F8100940EA42707B
:1092C000C1F81009FFE7FFE7069802696FF3DF4274
:1092D0000498039900EB4111D1F810091043C1F82B
:1092E0001009FFE79DF8170001283BD1FFE706981A
:1092F000C06948B1FFE70698C0690499039A01EB79
:109300004211C1F81409FFE70698007901281ED11F
:10931000FFE70498D0F80808C00500280BD4FFE741
:109320000498039900EB4111D1F8000940F0005076
:10933000C1F800090AE00498039900EB4111D1F843
:10934000000940F08050C1F80009FFE7FFE70498EA
:10935000039900EB4111D1F8000940F00440C1F835
:1093600000094CE00498039900EB4111D1F8000981
:1093700040F00440C1F8000906980079012813D094
:10938000FFE70698006970B1FFE70698007800F0E3
:109390000F01012000FA01F20499D1F834081043BA
:1093A000C1F83408FFE729E00498D0F80808C005A0
:1093B00000280BD4FFE70498039900EB4111D1F882
:1093C000000940F00050C1F800090AE00498039930
:1093D00000EB4111D1F8000940F08050C1F80009BC
:1093E000FFE70798069BD9681A781B8A9DF817C073
:1093F000EE46CEF800C000F0B3FCFFE7FFE7C4E0A4
:109400000498039900EB4111D1F8100B6FF312008F
:10941000C1F8100B0498039900EB4111D1F8100B1F
:109420006FF3DC40C1F8100B039818BBFFE70698F8
:10943000006920B1FFE7069988680861FFE706998F
:10944000886808620698026A6FF3DF4204980399FD
:1094500000EB4111D1F8100B1043C1F8100B049828
:10946000039900EB4111D1F8100B40F40020C1F832
:10947000100B49E006980069C0B9FFE706988268BA
:109480006FF3DF420498039900EB4111D1F8100B00
:109490001043C1F8100B0498039900EB4111D1F867
:1094A000100B40F40020C1F8100B2CE006988168E6
:1094B000006908440138B0FBF1F0ADF80A000699E4
:1094C0008868BDF80A2050430862BDF80A100020E1
:1094D000C1F6F87000EAC1420498039900EB41110B
:1094E000D1F8100B1043C1F8100B0698026A6FF305
:1094F000DF420498039900EB4111D1F8100B10439F
:10950000C1F8100BFFE7FFE79DF8170001280ED107
:10951000FFE70698C06848B1FFE70698C06804995D
:10952000039A01EB4211C1F8140BFFE7FFE706981D
:10953000007901281ED1FFE70498D0F80808C0057B
:1095400000280BD4FFE70498039900EB4111D1F8F0
:10955000000B40F00050C1F8000B0AE0049803999A
:1095600000EB4111D1F8000B40F08050C1F8000B26
:10957000FFE7FFE70498039900EB4111D1F8000BD6
:1095800040F00440C1F8000BFFE7002008B080BDA8
:1095900085B004900391002002908DF80700049894
:1095A00000900398407801283ED1FFE70098039986
:1095B000097800EB4110D0F80009C00F98B3FFE71D
:1095C00000980399097800EB4111D1F8000940F0A7
:1095D0000060C1F8000900980399097800EB411177
:1095E000D1F8000940F08040C1F80009FFE7029877
:1095F00001300290029842F21171884204D3FFE7D1
:1096000001208DF807000DE0FFE700980399097825
:1096100000EB4110D0F8000900F00040B0F1004F1D
:10962000E5D0FFE7FFE73DE000980399097800EBFC
:109630004110D0F8000BC00F98B3FFE700980399D2
:10964000097800EB4111D1F8000B40F00060C1F83F
:10965000000B00980399097800EB4111D1F8000B39
:1096600040F08040C1F8000BFFE702980130029003
:10967000029842F21171884204D3FFE701208DF86D
:1096800007000DE0FFE700980399097800EB41100F
:10969000D0F8000B00F00040B0F1004FE5D0FFE73C
:1096A000FFE7FFE79DF8070005B0704700000000E6
:1096B00081B000900099886840F001008860002027
:1096C00001B070470000000083B0019000200090BE
:1096D000FFE70098013000900098B0F1706F04D956
:1096E000FFE703208DF80B0024E0FFE701980069F5
:1096F000C00F0028EDD0FFE7002000900199102056
:109700000861FFE70098013000900098B0F1706F99
:1097100004D9FFE703208DF80B000BE0FFE7019869
:10972000006900F010001028ECD0FFE700208DF851
:109730000B00FFE79DF80B0003B07047000000002E
:1097400084B00290019100200090FFE70098013062
:1097500000900098B0F1706F04D9FFE703208DF8F6
:109760000F0026E0FFE702980069C00F0028EDD047
:10977000FFE70020009001988001203002990861E5
:10978000FFE70098013000900098B0F1706F04D9A5
:10979000FFE703208DF80F000BE0FFE70298006958
:1097A00000F020002028ECD0FFE700208DF80F000B
:1097B000FFE79DF80F0004B07047000000000000B4
:1097C00084B00390039802900298D0F8080800F043
:1097D00006000090009820B9FFE700208DF80700F0
:1097E00010E00098022804D0FFE70098062804D172
:1097F000FFE702208DF8070003E00F208DF8070037
:10980000FFE7FFE79DF8070004B070470000000085
:1098100081B000900098406900F0010001B07047ED
:1098200083B00290029801900198D0F81808009037
:109830000198D0F81C18009808400090BDF800006E
:1098400003B070470000000083B0029002980190BE
:109850000198D0F8180800900198D0F81C180098CA
:1098600008400090BDF8020003B0704700000000FF
:1098700086B005908DF81310059803900398D0F8E2
:10988000100801900398D0F83408009000989DF8D3
:10989000131001F00F01C84000F00101019840EAE7
:1098A000C110019003989DF8131000EB4110D0F8FF
:1098B0000809019908400290029806B0704700001C
:1098C00084B003908DF80B100398019001989DF8D7
:1098D0000B1000EB4110D0F8080B00900198D0F865
:1098E0001418009808400090009804B070470000D9
:1098F00082B00190019840690090019881690098B8
:1099000008400090009802B070470000000000007E
:1099100089B008900791ADF81A200898059007982B
:109920000490BDF81A0080080190BDF81A0000F0FC
:109930000300ADF8020000200290FFE702980199B1
:10994000884217D2FFE705984FF480514058049998
:109950000860049801300490049801300490049841
:1099600001300490049801300490FFE70298013020
:109970000290E3E7BDF8020008B3FFE70020029081
:1099800005984FF4805140580390FFE703989DF8E5
:109990000810C900C840049908700298013002906C
:1099A000049801300490BDF802000138ADF80200BF
:1099B000FFE7BDF802000028E8D1FFE7FFE70498C1
:1099C00009B070470000000080B58CB00B900A9180
:1099D00041F64030C2F200400090099014F044F982
:1099E00001460098089114F02FF90790FFE708A8A6
:1099F00007A91DF0CDFA88B3FFE708A80BF0ACFA71
:109A000006900698406805900598007B08B9FFE726
:109A100024E005981030049004981AF0F1FC0390AB
:109A200004981AF0E1FC0290FFE703A802A91DF0D8
:109A300057FB70B1FFE703A80BF09EF90190019866
:109A40000B990A9A0DF00CF8FFE703A80EF070F8D6
:109A5000EBE7FFE708A80EF063FDC8E70CB080BD98
:109A600080B586B004908DF80F1000200290049904
:109A7000C86820F0C040C8609DF80F00012823D1BD
:109A8000FFE70499C86840F00050C860FFE70A206B
:109A9000EEF79AFF02980A300290FFE70498FFF76A
:109AA000B7FE014600200129019007D0FFE7029987
:109AB0000020C82938BF01200190FFE70198C007A6
:109AC0000028E4D1FFE72AE09DF80F0010BBFFE774
:109AD0000499C86840F08040C860FFE70A20EEF7AC
:109AE00073FF02980A300290FFE70498FFF790FE98
:109AF00001460020009039B1FFE702990020C829F3
:109B000038BF01200090FFE70098C0070028E5D18A
:109B1000FFE703E001208DF817000CE0FFE7029853
:109B2000C82804D1FFE701208DF8170003E00020CA
:109B30008DF81700FFE79DF8170006B080BD000004
:109B400083B002908DF80710029800900099D1F828
:109B5000000820F4FE60C1F800089DF8070000F03E
:109B60007F020099D1F8000840EA0210C1F800080D
:109B7000002003B07047000083B002908DF80710FA
:109B8000029800909DF807200099D1F80008104332
:109B9000C1F80008002003B070470000000000007A
:109BA00084B0039002918DF807209DF807000228E9
:109BB00040F0B880FFE702984AF6C041C0F2D801F1
:109BC00088420BD3FFE702984EF2BF11C0F2E401C6
:109BD000884203D8FFE70F200090A2E002984EF2DF
:109BE000C011C0F2E40188420BD3FFE7029842F2B1
:109BF000FF31C0F2F401884203D8FFE70E20009045
:109C00008EE0029842F20041C0F2F40188420BD388
:109C1000FFE7029847F27F31C0F20611884203D86D
:109C2000FFE70D2000907AE0029847F28031C0F201
:109C3000061188420BD3FFE7029844F69F11C0F249
:109C40001A11884203D8FFE70C20009066E00298C2
:109C500044F6A011C0F21A1188420BD3FFE7029814
:109C600042F6FF41C0F23111884203D8FFE70B20D2
:109C7000009052E0029842F60051C0F23111884241
:109C80000BD3FFE702984AF23F41C0F24C118842E1
:109C900003D8FFE70A2000903EE002984AF24041D4
:109CA000C0F24C1188420BD3FFE7029843F2FF51F8
:109CB000C0F26E11884203D8FFE7092000902AE025
:109CC000029843F20061C0F26E1188420BD3FFE7A5
:109CD00002984AF61F31C0F2A611884203D8FFE766
:109CE0000820009016E002984AF62031C0F2A61132
:109CF00088420BD3FFE7029844F2FF71C0F2E811EB
:109D0000884203D8FFE70720009002E00620009079
:109D1000FFE7FFE7FFE7FFE7FFE7FFE7FFE7FFE713
:109D2000FFE70AE09DF8070018B9FFE70920009057
:109D300002E009200090FFE7FFE70399C86820F4DC
:109D40007050C860009800F00F020399C86840EA9C
:109D50008220C860002004B07047000000000000AE
:109D600080B588B084460A98CDF81CC006918DF85D
:109D70001720ADF814308DF813000798039006985B
:109D800002909DF8130048BBFFE7BDF814000330B4
:109D90008008019000200090FFE700980199884218
:109DA0001BD2FFE70298006803999DF8172001EB8A
:109DB00002314FF48052885002980130029002988C
:109DC0000130029002980130029002980130029016
:109DD000FFE7009801300090DFE7FFE7002008B0C0
:109DE00080BD000000000000FFE7FEE7000000006B
:109DF00080B51DF0D1FA80BD80B51DF075FB80BD2A
:109E000080B51DF0B1FA80BD80B51DF085FA80BD2A
:109E100080B51DF069FA1DF0AFFB1DF0CDFC1DF003
:109E20002BFD1DF059FD1DF087FD1DF0B5FD1DF04A
:109E3000CBFD1DF0E1FD1DF0F7FD1DF0CDFB1DF08C
:109E4000E3FB1DF0F9FB1DF00FFC1DF025FC1DF0E0
:109E50003BFC1DF051FC1DF067FC1DF07DFC1DF06E
:109E600093FC1DF0D9FC1DF0EFFC80BD000000004C
:109E700080B51DF0D9FA1DF097FB1DF0B5FC1DF063
:109E800013FD1DF041FD1DF06FFD80BD00000000C1
:109E900080B51DF041FB80BD80B51DF0DDFA80BDB1
:109EA00080B51DF0F1FA80BD80B51DF005FB80BDC9
:109EB00080B51DF049FB80BD80B51DF09DFA80BDC9
:109EC00080B51DF081FA80BD80B51DF03DFA80BDE2
:109ED00081B08DED000A9DED000AB0EEC00A01B020
:109EE0007047000010B50446012898BF012400BF48
:109EF0002046E6F702FD002818BF10BD1DF008F946
:109F000008B18047F4E7002010BD00000000000009
:109F1000BFF34F8F4EF60C51CEF20001086800F4EB
:109F2000E0600422C0F2FA5210430860BFF34F8F82
:109F3000FFE700BFFDE70000F0B581B00C46054625
:109F4000012898BF0125042998BF042400276846EA
:109F500021462A460097E6F726FD009878B96E4616
:109F60001DF0D6F850B18047304621462A4600976A
:109F7000E6F719FD00980028F2D000E0002001B0BB
:109F8000F0BD00000000000080B586B00490039191
:109F900004980190039820B9FFE702208DF817007C
:109FA00027E003980068013020B9FFE702208DF810
:109FB00017001EE001980399029102990968C16097
:109FC00002994968816102998968C1610299C968E9
:109FD000016208F0A5FE019800F0BAF8019941F677
:109FE0004C30C2F200400160012008748DF8170067
:109FF000FFE79DF8170006B080BD000000000000DC
:10A0000080B590B00F908DED0C0B8DF82F100F9840
:10A0100001909DED0C0BB5EE400BF1EE10FA06D160
:10A02000FFE701998869C969F7F772F840E001987C
:10A0300090ED080AB8EE400B9DED0C1B80EE010B75
:10A04000BCEEC00B8DED0A0A0A989DF82F1048430C
:10A0500048F21F51C5F2EB11A0FB01014FF0FF3098
:10A0600000EB511009900020009008900790069096
:10A070000590049003900290602102910999039148
:10A0800004900690FFE701990A988A691268D062E5
:10A090000A988969C860FFE701998869CA6902A9B5
:10A0A000F6F77AFD01998869C969F6F7DDFEFFE7E1
:10A0B00010B080BD0000000080B584B00390029114
:10A0C0000398009002980190062834D80199DFE89F
:10A0D00001F004080F161D242B0000990020486190
:10A0E0002AE0009941F63010C2F20040486123E0B6
:10A0F000009941F67010C2F2004048611CE00099DE
:10A1000041F6A400C2F20040486115E0009941F612
:10A11000DC00C2F2004048610EE0009941F6D440F4
:10A12000C2F20040486107E0009941F68400C2F2A3
:10A130000040486100E0FFE70098406928B1FFE770
:10A140000098406907F088FBFFE704B080BD00007D
:10A150002DE9F041D2B051904CA80E9007F0A0FA32
:10A16000282002904C9032278DF834710020059001
:10A170008DF835014CF20C71C0F603010DF58B70B2
:10A1800001901222E6F758FA01990E984A91092196
:10A190004B9108304A994B9A19F08AF90E9941F679
:10A1A0003010C2F2004007F0A3FA40A80D9007F06B
:10A1B00077FA0D98029A059940928DF804718DF8FE
:10A1C000051131228DF8E820042204928DF8E9204F
:10A1D0008DF8EA1008248DF8EB402C238DF8EC3034
:10A1E0008DF8ED208DF8EE108DF8EF4029268DF8D2
:10A1F000F0608DF8F1208DF8F2108DF8F3402522F3
:10A2000008928DF8F42002228DF8F5208DF8F610D2
:10A210008DF8F7403AA93E913F9408303E993F9A15
:10A2200019F046F90D9941F67010C2F2004007F09E
:10A230005FFA35A80C9007F033FA0C98049B059A46
:10A240004FF03C08CDF8D4808DF8D87001210691EC
:10A250008DF8D9104FF02E0CCDF80CC08DF8C2C07F
:10A260008DF8C3308DF8C4208DF8C5408DF8C6C078
:10A270008DF8C7308DF8C8208DF8C9108DF8CA2028
:10A280008DF8CB100DF1C2013391052134910830C6
:10A290003399349A19F00CF90C9941F6A400C2F2E2
:10A2A000004007F025FA2BA80B9007F0F9F90B985E
:10A2B000DDF80CC0049B059A0699CDF8AC808DF8AA
:10A2C000B0708DF8B1108DF896C08DF897308DF87C
:10A2D00098208DF899408DF89AC08DF89B308DF8B4
:10A2E0009C208DF89D408DF89EC08DF89F308DF894
:10A2F000A0208DF8A1108DF8A2208DF8A3100DF1EB
:10A3000096012991072107912A91083029992A9AC3
:10A3100019F0CEF80B9941F6DC00C2F2004007F0CC
:10A32000E7F920A80A9007F0BBF90A98DDF810C0F9
:10A33000059B069A0799DDF820E0CDF880808DF81E
:10A3400084708DF885208DF86AE08DF86BC08DF8EB
:10A350006C308DF86D4027258DF86E508DF86FC0EC
:10A360008DF870308DF871408DF872608DF873C083
:10A370008DF874308DF875208DF876308DF8772053
:10A380000DF16A021E921F9108301E991F9A19F052
:10A390008FF80A9941F6D440C2F2004007F0A8F9BC
:10A3A00015A8099007F07CF90998DDF810C0059B05
:10A3B000069A0799DDF820E0CDF854808DF85870A2
:10A3C0008DF859208DF83E608DF83FC08DF84030F3
:10A3D0008DF841408DF842508DF843C08DF84430DF
:10A3E0008DF845408DF846E08DF847C08DF848302F
:10A3F0008DF849208DF84A308DF84B200DF13E0242
:10A400001392149108301399149A19F051F809997C
:10A4100041F68400C2F2004007F06AF9099807F09B
:10A4200053F90A9807F050F90B9807F04DF90C987A
:10A4300007F04AF90D9807F047F90E9807F044F92C
:10A4400052B0BDE8F081000080B586B00590059857
:10A450000390007C08B9FFE73CE003984069C8B36B
:10A46000FFE7EFF7C1FF01460398049140690499A3
:10A4700007F056F941F61050C2F2004080ED000B93
:10A4800090ED000B41F60850C2F2004090ED001B29
:10A49000B4EE410BF1EE10FA1BD0FFE7039841F642
:10A4A0001051C2F2004191ED000B41F60852C2F288
:10A4B000004282ED000B91ED000B8DED000B406929
:10A4C00007F00EF99DED000B01460398FFF798FD8C
:10A4D000FFE7FFE706B080BD81B0009001B0704794
:10A4E00080B582B001900198009008F065FC00985A
:10A4F000002141608160C16002B080BD00000000A9
:10A5000080B582B001900198009008F05DFC009841
:10A510004CF67021C0F60301083101600021816111
:10A52000C16101620921816002B080BD00000000AC
:10A5300080B582B001900198009000F009F8009871
:10A5400024211CF040FE02B080BD0000000000008D
:10A5500080B582B001900198009008F04DFC009801
:10A5600002B080BD0000000080B588B00690059163
:10A5700006980290059820B9FFE702208DF81F0089
:10A5800068E005980068013020B9FFE702208DF8E7
:10A590001F005FE0059804900498806820B9FFE7E9
:10A5A00002208DF81F0055E0029905980068C860E8
:10A5B00004988068C1F890000498011D41F6641069
:10A5C000C2F2004013F018F8014602980968C1640D
:10A5D0000499C96881670499097C01F0010180F838
:10A5E00074100499497C01F0010180F8801090F802
:10A5F0008000C00770B1FFE702990498807C81F861
:10A60000810004984069C1F8840004988069C1F809
:10A610008800FFE70298D0F8901001F500710391CF
:10A62000503004994968039AEC460823CCF800306E
:10A630000023019307F0CCFB029808F071FB02980D
:10A6400007F036F9029A01990120107491618DF892
:10A650001F00FFE79DF81F0008B080BD000000004C
:10A6600080B588B0069006980490007C18B9FFE782
:10A67000002007905DE0049890F87400C00718B9B6
:10A68000FFE70020079054E004982030022114F0E6
:10A6900013FB006878B9FFE70498C06F58B9FFE76B
:10A6A00004982030012114F007FB04990068C86762
:10A6B000002007903DE004982030012114F0FCFABE
:10A6C00004990068C96F401A059005980290002807
:10A6D000039002D502984042039004990398896F31
:10A6E000B0EB510F12DDFFE70498806F059914F06D
:10A6F000E3FCB0EE401B9DED050AB8EEC00B30EE5A
:10A70000410BBDEEC00B8DED050AFFE7049820302C
:10A710000190012114F0D0FA049A014601980968C9
:10A72000D167022114F0C8FA00680599084407901F
:10A73000FFE7079808B080BD80B586B0049003910C
:10A74000ADF80A20049820B9FFE702208DF8170021
:10A750000AE00498019001980399BDF90A2000F0DD
:10A7600007F88DF81700FFE79DF8170006B080BDC9
:10A7700080B58EB00C900B91ADF82A200C98099002
:10A78000007C20B9FFE702208DF8370074E00B98B9
:10A790000CF086F8082804D0FFE702208DF8370077
:10A7A0006AE00998D0F8900001380146089107281E
:10A7B0005AD80899DFE801F004192E4304192E43F2
:10A7C0009DF82B0006900B9800211AF0B1FD014670
:10A7D00006980870BDF82A0007900B9801211AF01E
:10A7E000A7FD01460798087042E09DF82B000490F1
:10A7F0000B9802211AF09CFD014604980870BDF8E0
:10A800002A0005900B9803211AF092FD0146059845
:10A8100008702DE09DF82B0002900B9804211AF08F
:10A8200087FD014602980870BDF82A0003900B9836
:10A8300005211AF07DFD01460398087018E09DF887
:10A840002B0000900B9806211AF072FD014600982B
:10A850000870BDF82A0001900B9807211AF068FDD6
:10A8600001460198087003E002208DF8370003E0EC
:10A8700001208DF83700FFE79DF837000EB080BD4E
:10A8800080B58AB00990099805900A2108914FF483
:10A89000FA710791462106918069013008B9FFE7F6
:10A8A00061E0EFF7A1FD05994968401A332804D308
:10A8B000FFE705990020886155E0059820300021C8
:10A8C00014F0FAF9006803900028049002D5039868
:10A8D000404204900598049A0221462AB8BF0121FB
:10A8E000816190F88000C007E0B3FFE7059901F1AE
:10A8F000200091F9811014F0DFF900680190002820
:10A90000029002D501984042029005990298D1F830
:10A91000841088421EDDFFE705988069012819D15F
:10A92000FFE70598D0F88C100131C0F88C10D0F8F2
:10A930008810D0F88C004CF6CD42CCF6CC42A1FB6E
:10A940000221B0EBD10F04D9FFE7059903208861FC
:10A95000FFE706E005990020C1F88C00022088611D
:10A96000FFE7FFE7FFE70AB080BD0000000000003E
:10A9700080B582B001900198009006F0EDFF00983C
:10A98000002181604FF40052C260017441740521BE
:10A9900081744FF4FA614161C821816102B080BDC8
:10A9A00080B584B003900398019006F0E5FF01980C
:10A9B0004CF69421C0F60301083101600021029198
:10A9C000C164503007F034FA0198029980F874108D
:10A9D0004FF400528267C16780F88010052280F82A
:10A9E00081204FF4FA62C0F88420C822C0F8882081
:10A9F000C0F88C10C0F8901004B080BD00000000BA
:10AA000080B582B001900198009000F009F800989C
:10AA100094211CF0D8FB02B080BD000000000000B3
:10AA200080B582B00190019800904CF69421C0F658
:10AA30000301083140F8501B07F006FA009806F0B1
:10AA4000BFFF009802B080BD80B586B0049003912E
:10AA500004980190039820B9FFE702208DF81700B1
:10AA600033E003980068013020B9FFE702208DF839
:10AA700017002AE001990398029002980068C860C4
:10AA80000298011D41F66410C2F2004012F0B4FDBC
:10AA90000146019809680162029989684162029938
:10AAA000C968816202990969C1620299898A01862D
:10AAB00008F036F901990120087441F65032C2F2CB
:10AAC000004211608DF81700FFE79DF8170006B0EF
:10AAD00080BD00000000000080B582B001900198A8
:10AAE0000090007C08B9FFE74EE00098406A013012
:10AAF00040B1FFE70099086A496A07F0B5F8009984
:10AB0000486103E0009900204861FFE70098806AEF
:10AB1000013040B1FFE70099086A896A07F0A4F89C
:10AB20000099886103E0009900208861FFE70098A0
:10AB3000C06A48B3FFE70099C86A098EEFF724FCA2
:10AB4000009991F8381088420DD0FFE70099C86A43
:10AB5000098EEFF719FC009981F83800EFF744FCF3
:10AB600000994863FFE7EFF73FFC0099496B401AF3
:10AB70000B2808D3FFE7009991F83800B0FA80F06D
:10AB800040090877FFE7FFE702B080BD0000000042
:10AB900081B0009001B0704780B582B001900198FB
:10ABA000009008F009F900984FF0FF314160816092
:10ABB000C16000210161818202B080BD00000000FF
:10ABC00080B582B001900198009008F0FDF80098DF
:10ABD0004CF6BC21C0F6030108310160002141613F
:10ABE0008161017701624FF0FF3242628262C1628D
:10ABF0000186416380F838100821816002B080BD71
:10AC000080B582B001900198009000F009F800989A
:10AC10003C211CF0D8FA02B080BD0000000000000A
:10AC200080B582B001900198009008F0E5F8009896
:10AC300002B080BD0000000080B584B00290029890
:10AC40000190007B20B9FFE702208DF80F0012E091
:10AC50000198C069FDF72CFE0198007B032806D1FE
:10AC6000FFE70199012008738DF80F0003E002202F
:10AC70008DF80F00FFE79DF80F0004B080BD0000C5
:10AC800080B58CB00A9009910A980290099820B971
:10AC9000FFE702208DF82F0031E00298007B0328A7
:10ACA00004D1FFE702208DF82F0028E002980999CF
:10ACB000089108990968816008994A68014641F835
:10ACC0001C2F0091103019F0A7FB029808F0B8F87B
:10ACD00000990298059006A8019005AA1BF040FF74
:10ACE000019A41F64031C2F2004103A812F0D8FFA8
:10ACF00002990320087301208DF82F00FFE79DF8CB
:10AD00002F000CB080BD000080B584B00290029886
:10AD10000190007B20B9FFE702208DF80F000AE0C8
:10AD20000198C069FDF700FB019903200873012019
:10AD30008DF80F00FFE79DF80F0004B080BD000004
:10AD400082B080B5C8B04B934A92469045914698E0
:10AD50000290007B20B9FFE702208DF81F0116E06A
:10AD60004AA84490459A44980390039B04A80190F4
:10AD70004FF48071E5F71EFC0198E5F73EFC019960
:10AD80000246029800F01CF88DF81F01FFE79DF8BD
:10AD90001F0148B0BDE8804002B0704700000000CD
:10ADA00081B0009001B0704780B582B001900198E9
:10ADB000009008F06DF800980021416002B080BD5D
:10ADC00080B584B00290019100920298007B20B976
:10ADD000FFE702208DF80F000EE00198BDF800108B
:10ADE000E7F7B2FE20B1FFE702208DF80F0003E085
:10ADF00001208DF80F00FFE79DF80F0004B080BD23
:10AE000080B582B001900198009008F069F8009830
:10AE10004CF6E021C0F6030108310160103019F052
:10AE200027FB00980021C1610421416002B080BD70
:10AE300080B582B001900198009000F009F8009868
:10AE400020211CF0C0F902B080BD0000000000000D
:10AE500080B584B002900298019003904CF6E021F6
:10AE6000C0F603010831016008F01AF80198806803
:10AE7000013050B1FFE7019800F11C0141F640306C
:10AE8000C2F2004012F000FFFFE70198103019F005
:10AE900003FB019808F03CF8039804B080BD000063
:10AEA00080B586B00490039104980190039820B96E
:10AEB000FFE702208DF817005FE00398006801307B
:10AEC00020B9FFE702208DF8170056E0019903989A
:10AED000029003980068C8600298011D41F6641052
:10AEE000C2F2004012F088FB01990068C86702981E
:10AEF0008068C1F88C0002988089A1F890000298BF
:10AF00000069C1F894000298808AA1F8980002981C
:10AF1000807DC00708B3FFE70198012180F89A10EF
:10AF2000029A9269C0F89C20029AD269C0F8A020C7
:10AF3000029A126AC0F8A420029A82F82410029A97
:10AF40006421D184029A0021C4F2C8219163A830FF
:10AF50000299243107F02CFEFFE7019807F0E0FE8C
:10AF6000019809F099F90199012081F8510081F8BF
:10AF7000500008748DF81700FFE79DF8170006B021
:10AF800080BD00000000000083B001900198009097
:10AF9000007C20B9FFE702208DF80B0010E000983C
:10AFA0008069012808D1FFE700994FF0FF308861E0
:10AFB00001208DF80B0003E001208DF80B00FFE766
:10AFC0009DF80B0003B0704780B586B004900498DC
:10AFD0000390007C20B9FFE702208DF8170023E0E2
:10AFE00003988069013028B1FFE70398806902283F
:10AFF00016D1FFE7039B6946002048601E200860C9
:10B000004BF6E950C0F601004DF6F401C0F603011D
:10B010004FF480721FF06CFC01208DF8170003E0E4
:10B0200002208DF81700FFE79DF8170006B080BDDD
:10B0300080B59EB01C901C980A9090F89A00C007AA
:10B0400020B9FFE702208DF87700C3E00A988069F5
:10B0500002280BD1FFE70A99D1F8A000D1F8A4107B
:10B06000F6F756F802208DF87700B3E00A9800F161
:10B07000A8010591D0F89C00139013A8149001200A
:10B08000049015901499159A16A8079019F0E4FCED
:10B090000A981C30062113F0E3FD01460498096864
:10B0A0000D910DA90E910F900E990F9A10A8069070
:10B0B00019F0D2FC0599069B079A19A8089007F089
:10B0C000F7FC069819F044FD079819F041FD08981F
:10B0D0000A99D1F8A0100968C96A0C919DED0C0A73
:10B0E000B8EE400A8DED090A002119F041FD9DEDF1
:10B0F000090A01460A9891ED001A20EE010A9FED17
:10B10000371A80EE010ABCEEC00A8DED0B0AD0F8AA
:10B11000A40040B9FFE70A980B99D0F8A000006896
:10B1200040F8341F4FE00A98D0F8A400042809D151
:10B13000FFE70A980B99D0F8A000006840F8381F84
:10B1400003903EE00A98D0F8A400082809D1FFE750
:10B150000A980B99D0F8A000006840F83C1F0290B4
:10B160002CE00A98D0F8A4000C2809D1FFE70A982F
:10B170000B99D0F8A000006840F8401F01901AE039
:10B180000A98D0F8A400102809D1FFE70A980B9973
:10B19000D0F8A000006840F8581F009008E00A9816
:10B1A0000B99D0F8A000006840F85C1F0090FFE702
:10B1B00000980190FFE701980290FFE70298039042
:10B1C000FFE70398FFE701208DF8770019A819F031
:10B1D000BFFCFFE79DF877001EB080BD0000C842AD
:10B1E00080B58EB00C900C980290002103918DF8E0
:10B1F0002F100DF12F02049200F0F2FF962005901F
:10B2000009F082F802980399049A00F0E9FF059882
:10B2100009F07AF802981421B62201F095F850202E
:10B220001EF012FE02980399049A00F0D9FF0598C7
:10B2300009F06AF802980399049A00F0D1FF059882
:10B2400009F062F89DF82F000F2804D0FFE70220D4
:10B250008DF837003DE01120ADF82C000F20C8F22A
:10B2600010200A900AA809900998089009980630B9
:10B270000790FFE708980799884226D0FFE70298D1
:10B2800008990691069A1178527801F05DF8962097
:10B29000019009F039F80298069909780DF12F020A
:10B2A00000F09EFF019809F02FF89DF82F000699F5
:10B2B0004978884204D0FFE702208DF8370008E083
:10B2C000FFE7089802300890D4E701208DF8370096
:10B2D000FFE79DF837000EB080BD000000000000C1
:10B2E00080B58EB00C900C980190002102918DF8E1
:10B2F0002F100DF12F02039200F0FAFF9620049018
:10B3000009F002F801980299039A00F0F1FF0498FD
:10B3100008F0FAFF01987E21B62201F035F850209E
:10B320001EF092FD01980299039A00F0E1FF049843
:10B3300008F0EAFF01980299039A00F0D9FF0498F7
:10B3400008F0E2FF9DF82F001E2804D0FFE702203E
:10B350008DF8370040E04AF64030C0F241000A90D4
:10B3600040F27D40C0F27C00099009A8089008983E
:10B370000790089808300690FFE7079806998842DA
:10B3800026D0FFE7019807990591059A1178527820
:10B3900000F0FAFF9620009008F0B6FF019805999A
:10B3A00009780DF12F0200F0A3FF009808F0ACFF20
:10B3B0009DF82F0005994978884204D0FFE70220C4
:10B3C0008DF8370008E0FFE7079802300790D4E7D0
:10B3D00001208DF83700FFE79DF837000EB080BDE3
:10B3E00080B582B0019001980090007C08B9FFE719
:10B3F0000BE000988069012807D1FFE7009800F072
:10B4000093FD009800F044F9FFE702B080BD000012
:10B4100080B582B001900199D1F89400B1F89810EC
:10B420000022EEF7C9FF02B080BD0000000000005E
:10B4300080B582B0019001980090007C08B9FFE7C8
:10B4400008E000988069012804D1FFE70098FFF721
:10B45000EFFDFFE702B080BD80B5B6B0DDF8E8C013
:10B46000DDF8E4C0DDF8E0C03590349133923293DA
:10B470008DED310ACDED300A8DED2F1A9DED310A9B
:10B480009FED811A20EE010A8DED2E0A9DED300A06
:10B4900020EE010A8DED2D0A9DED2F0A20EE010A06
:10B4A0008DED2C0A9DED2E0A1CF05AFD8DED2B0A18
:10B4B0009DED2E0A1DF04CF98DED2A0A9DED2D0A09
:10B4C0001CF04EFD8DED290A9DED2D0A1DF040F971
:10B4D0008DED280A9DED2C0A1CF042FD8DED270A0A
:10B4E0009DED2C0A1DF034F98DED260A9DED270AFD
:10B4F0009DED291A20EE010A8DED1D0A9DED270A0A
:10B500009DED281A20EE011A9DED2A2A9DED260AAE
:10B510009DED2B3A20EE030A91EE020A8DED1E0AF4
:10B520009DED270A9DED281A20EE011A9DED2B2A8C
:10B530009DED260A9DED2A3A20EE030AA1EE020AAD
:10B540008DED1F0A9DED260A9DED291A20EE010AB8
:10B550008DED200A9DED260A9DED281A20EE011A98
:10B560009DED2A2A9DED270A9DED2B3A20EE030A38
:10B57000A1EE020A8DED210A9DED260A9DED281A05
:10B5800020EE011A9DED2B2A9DED270A9DED2A3A0A
:10B5900020EE030A91EE020A8DED220A9DED280AA3
:10B5A000B1EE400A8DED230A9DED290A9DED2A1A80
:10B5B00020EE010A8DED240A9DED290A9DED2B1A3E
:10B5C00020EE010A8DED250A349800681A90339810
:10B5D00000681B90329800681C903898006817909B
:10B5E0003998006818903A980068199000201690D1
:10B5F000159014901390129011900FA806900322AA
:10B6000000921DAB11461CF02BFD00990DA8029075
:10B61000012201921AAB1CF023FD0099019A0BA89C
:10B62000039014AB1CF01CFD0099019A09A804902A
:10B6300017AB1CF015FD0099019A07A8059011ABF6
:10B640001CF00EFD069908461CF01EFD0299039A97
:10B6500006981CF0F5FF0499059A06981CF0F0FF77
:10B66000149834990860159833990860169832999F
:10B6700008601198389908601298399908601398F1
:10B680003A99086036B080BD35FA8E3C0000000063
:10B690002DE9F041B2B02E902E98249041F6305111
:10B6A000C2F20041259191ED000A8DED1B0A1C307C
:10B6B0002190032113F0D4FA9DED1B0AD0ED000A6E
:10B6C000B6EE001A8DED1E1A02F05EF8219825994B
:10B6D00081ED000A41F63451C2F20041269191ED0C
:10B6E000000A8DED1C0A042113F0BAFA9DED1C0A24
:10B6F0009DED1E1AD0ED000A02F046F82198269919
:10B7000081ED000A41F63851C2F20041279191EDD6
:10B71000000A8DED1D0A052113F0A2FA9DED1D0A08
:10B720009DED1E1AD0ED000A02F02EF821982799FF
:10B7300081ED000A41F61851C2F20041289191EDC5
:10B74000000A8DED1F0A002113F08AFA9DED1F0AF1
:10B75000D0ED000A9FED2F1A8DED231A02F014F898
:10B760002198289981ED000A41F61C54C2F2004448
:10B77000299494ED000A8DED200A012113F070FA4E
:10B780009DED200A9DED231AD0ED000A01F0FCFF8B
:10B79000219884ED000A41F62055C2F200452A9511
:10B7A00095ED000A8DED220A022113F059FA9DED64
:10B7B000220A9DED231AD0ED000A01F0E5FF24983E
:10B7C0002599269A279BDDF8A0C085ED000AEE4654
:10B7D000CEF80850CEF80440CEF800C09FED0E0A17
:10B7E0009FED0E1AF0EE410AFFF736FE289A2999CE
:10B7F0002A9892ED000A91ED001A20EE010A90EDD0
:10B80000001A20EE010AB5EE400AF1EE10FA00F03F
:10B81000EB8005E09A99993E0000B44200000000D8
:10B8200041F61850C2F200401A9090ED001A41F60D
:10B830001C50C2F20040199090ED000A20EE000A60
:10B84000A1EE010A41F62054C2F2004494ED001A20
:10B85000A1EE010A06F0F8FE1999DDF868E08DED19
:10B860002D0A9DED2D1A9EED000A20EE010A8EEDA7
:10B87000000A9DED2D1A91ED000A20EE010A81EDDE
:10B88000000A9DED2D1A94ED000A20EE010A84EDC8
:10B89000000A41F63C55C2F2004595ED001A41F60A
:10B8A0004452C2F2004292ED002A40F28026C2F2D7
:10B8B000004696ED000A41F64053C2F2004393ED74
:10B8C000003A20EE030A91EE020A30EE000A41F639
:10B8D0004850C2F2004080ED000A96ED001A95ED46
:10B8E000002A93ED000A92ED003A20EE030AA1EE41
:10B8F000020A30EE000A41F64C5CC2F2004C8CEDBC
:10B90000000A96ED001A95ED000A20EE000A91EE6D
:10B91000010A93ED001AA1EE410A92ED001AA1EE80
:10B92000010A41F65052C2F2004282ED000A91ED46
:10B93000001A92ED002A94ED000A9CED003A20EEE8
:10B94000030A91EE020A41F62453C2F2004383ED4A
:10B95000000A94ED001A90ED002A9EED000A92ED87
:10B96000003A20EE030A91EE020A41F62852C2F292
:10B97000004282ED000A9EED001A9CED002A91ED36
:10B98000000A90ED003A20EE030A91EE020A41F619
:10B990002C51C2F2004181ED000A41F63050C2F252
:10B9A000004090ED000A93ED001A9FEDF42AA1EEFD
:10B9B000020A80ED000A41F63450C2F2004090EDD8
:10B9C000000A92ED001AA1EE020A80ED000A41F68B
:10B9D0003850C2F2004090ED000A91ED001AA1EE3D
:10B9E000020A80ED000AFFE740F28023C2F2004322
:10B9F0001793186841F65457C2F20047386041F671
:10BA00003C52C2F200421592106841F65855C2F2FB
:10BA10000045286041F64051C2F200411891086883
:10BA200041F65C5EC2F2004ECEF8000041F6445092
:10BA3000C2F200401690D0F800C041F66058C2F241
:10BA40000048C8F800C097ED000A95ED002A41F6BD
:10BA5000305CC2F2004C9CED003A9EED001A41F6BB
:10BA60003454C2F2004494ED004A21EE041AA2EECE
:10BA7000031A98ED002A41F63856C2F2004696EDB8
:10BA8000003AA2EE031A9FEDBE2AA1EE420A83ED10
:10BA9000000A95ED000A97ED003A9CED004A9EEDF4
:10BAA000001A96ED005A21EE051AA3EE041A98ED3D
:10BAB000003A94ED004AA3EE441AA1EE020A82ED88
:10BAC000000A9EED000A97ED003A94ED004A95EDCC
:10BAD000001A96ED005A21EE051A93EE041A98ED1D
:10BAE000003A9CED004AA3EE041AA1EE020A81ED91
:10BAF000000A98ED000A97ED003A96ED004A95EDA0
:10BB0000001A94ED005A21EE051AA3EE041A9EEDD8
:10BB1000003A9CED004AA3EE441AA1EE020A80ED21
:10BB2000000A93ED001A92ED000A20EE000AA1EE41
:10BB3000010A91ED001AA1EE010A90ED001AA1EEA2
:10BB4000010A06F081FD159B169A179918988DED3C
:10BB50002D0A9DED2D1A91ED000A20EE010A81EDCE
:10BB6000000A9DED2D1A93ED000A20EE010A83EDE7
:10BB7000000A9DED2D1A90ED000A20EE010A80EDDD
:10BB8000000A9DED2D1A92ED000A20EE010A82EDC9
:10BB9000000A93ED001A92ED002A91ED000A90ED53
:10BBA000003A20EE030A91EE020A30EE000A8DED13
:10BBB0002C0A9DED2C1ABFEE000A91EE410A8DED84
:10BBC000300A2BA82F909DED300AB5EE400AF1EE19
:10BBD00010FA0BDBFFE79DED300A1BF03DFF2F98BD
:10BBE00080ED000A00208DF8C70006E02F990020A4
:10BBF0000860FF208DF8C700FFE724989DED2C0A10
:10BC00008DED030A9DED2B0A8DED040A383012905C
:10BC10000121149113F018F89DED030ADDED040ADB
:10BC20001BF032FF129841F63C51C2F200410A91DA
:10BC300091ED000A41F64051C2F20041079191EDA9
:10BC4000002A40F28021C2F20041099191ED003AB0
:10BC500041F64451C2F20041089191ED001A23EEE1
:10BC6000014AA0EE024A34EE044A8DED054A20EE68
:10BC7000000AA3EE030AA2EE420AA1EE410A8DEDEC
:10BC8000060A02210E9112F0DFFF9DED050ADDED9F
:10BC9000060A1BF0F9FEDDF81CC0089B099A0A99F8
:10BCA00012989CED002A93ED001A92ED003A91ED66
:10BCB000000A23EE004AA2EE014A34EE044A8DED5A
:10BCC0000B4A20EE000A93EE030AA2EE420AA1EE0E
:10BCD000010A8DED0C0A0021119112F0B5FF9DEDC6
:10BCE0000B0ADDED0C0A1BF0CFFE1499129812F02E
:10BCF000ABFF14990246129892ED000A9FED211AAB
:10BD00008DED101A20EE010A8DED0D0A12F09CFF48
:10BD10009DED0D0A0E990246129882ED000A12F06E
:10BD200093FF0E999DED101A0246129892ED000AAB
:10BD300020EE010A8DED0F0A12F086FF9DED0F0A2D
:10BD400011990246129882ED000A12F07DFF9DEDD6
:10BD5000101A11990246129892ED000A20EE010A7B
:10BD60008DED130A12F070FF9DED130A0146149831
:10BD700081ED000A32B0BDE8F08100BFCDCCCC3DF2
:10BD80006F12033ADF2E654280B582B001900199AF
:10BD9000D1F88C00B1F890100022EEF70DFB02B044
:10BDA00080BD00000000000080B582B001900199C4
:10BDB000D1F89400B1F898100122EEF7FDFA02B024
:10BDC00080BD00000000000080B582B001900199A4
:10BDD000D1F88C00B1F890100122EEF7EDFA02B024
:10BDE00080BD00000000000080B58AB0099009986D
:10BDF00020B9FFE700201EF063F8FFE709980890DC
:10BE00000A2007900020069005900490C821039115
:10BE100008998861FFE70798411E079188B1FFE7FD
:10BE20000898FFF75DFA012807D1FFE70898FFF7A8
:10BE3000D7F9012801D1FFE703E064201EF004F8E0
:10BE4000E9E70798002807DCFFE7089902208861E6
:10BE500000201EF035F8FFE708990020C1F8E00047
:10BE60000899C1F8E4000899C1F8E8000290FFE7DA
:10BE70000298C72834D8FFE7089800F055F80898CA
:10BE80001C30032112F0ECFE90ED001A9DED060A25
:10BE900030EE010A8DED060A08981C30042101914C
:10BEA00012F0DEFE90ED001A9DED050A30EE010A5B
:10BEB0008DED050A08981C30052112F0D1FE0146CF
:10BEC000019891ED001A9DED040A30EE010A8DED06
:10BED000040A1DF0B9FFFFE7029801300290C7E79E
:10BEE0009DED060A9FED0E1A80EE010A089880ED7E
:10BEF000380A9DED050A80EE010A089880ED390A9E
:10BF00009DED040A80EE010A089880ED3A0A08992E
:10BF10000120886100201DF0D3FF0AB080BD00BF62
:10BF2000000048430000000080B592B011901198C5
:10BF30000E9000210C9110910F9112210FAA0D92D9
:10BF4000062300F075F90E980C999DF83C209DF899
:10BF50003D3042EA032212B200EE102AB8EEC00AC7
:10BF60009FED671A8DED091A20EE010A8DED070A83
:10BF70001C300A9012F074FE9DED070A9DED091A1F
:10BF800001460A9881ED000A9DF83E109DF83F2079
:10BF900041EA022109B200EE101AB8EEC00A20EE02
:10BFA000010A8DED080A012112F05AFE9DED080AE2
:10BFB0009DED091A01460A9881ED000A9DF840108E
:10BFC0009DF8412041EA022109B200EE101AB8EEB4
:10BFD000C00A20EE010A8DED0B0A022112F040FE8C
:10BFE0009DED0B0A0C990D9A03460E9883ED000AFD
:10BFF000082300F0A5F89DF83C000F285AD1FFE770
:10C000000E989DF83E109DF83F2041EA022109B2AA
:10C0100000EE101AB8EEC01A90ED380A9FED392ADA
:10C020008DED042A91EE020A8DED020A1C30059076
:10C03000032112F015FE9DED020A0E999DED042AD2
:10C040000246059882ED000A9DF840209DF8413097
:10C0500042EA032212B200EE102AB8EEC01A91EDA5
:10C06000390A91EE020A8DED030A042112F0F8FD5F
:10C070009DED030A0E999DED042A0246059882ED76
:10C08000000A9DF842209DF8433042EA032212B292
:10C0900000EE102AB8EEC01A91ED3A0A91EE020AAB
:10C0A0008DED060A052112F0DBFD9DED060A80EDFF
:10C0B000000AFFE70E9822210FAA022300F0B8F829
:10C0C0000E989DF83C109DF83D20C90041EA5211A0
:10C0D00000EE101AB8EEC01AB4EE002AB3EE070A4A
:10C0E000A1EE020A8DED010A1C30062112F0B8FD06
:10C0F0009DED010A80ED000A012012B080BD00BF55
:10C10000E7416B3A58A08B3A80B582B00190019814
:10C11000009008F0E9F800980021816081810161B8
:10C12000818281750022C4F220228261C161016294
:10C13000243006F0A5FC009802B080BD000000008D
:10C14000D0B502AF8CB047F80C0C07F80D1C47F8BF
:10C15000142C47F8183C57F80C0C47F82C0CFFF738
:10C1600057F957F82C0C17F80D1C41F0800107F80F
:10C17000191CC06FA7F11901012206F0F1F957F857
:10C18000181C47F8301C684647F8200CC81D20F0E2
:10C1900007026846801A47F8340C854647F8241C85
:10C1A00057F8181C0144552247F8282CA7F12802FB
:10C1B00011F05AFF57F8341C57F8303C57F82C0C44
:10C1C000C06F57F8142C06F08BF957F82C0CFFF7BA
:10C1D000EBFD57F8200C8546A7F10804A546D0BD15
:10C1E00080B586B005908DF81310039205980190E4
:10C1F000FFF70EF901989DF8131041F080018DF8BA
:10C200000B10C06F0DF10B010122009206F0A8F98E
:10C21000009B019855218DF80A10C06F039A0DF10B
:10C220000A0106F05DF90198FFF7BEFD06B080BD7A
:10C23000D0B502AF8EB047F80C0C07F80D1C47F8CC
:10C24000142C47F8183C57F80C0C47F82C0CFFF747
:10C250009BFD57F82C0C17F80D1C41F0800107F8D6
:10C26000191CC06FA7F1190147F83C1C012247F8BF
:10C27000382C06F075F957F83C1C57F8382C57F84D
:10C280002C0CC06F06F06CF957F8181C47F8301CDE
:10C29000684647F8200CC81D20F007026846801A3F
:10C2A00047F8340C854647F8241C57F8181C0144FD
:10C2B000552247F8282CA7F1280211F0D5FE57F88F
:10C2C000341C57F8303C57F82C0CC06F57F8142C1E
:10C2D00006F006F957F82C0CFFF776FD57F8200CFE
:10C2E0008546A7F10804A546D0BD00000000000067
:10C2F00080B586B005908DF81310039205980190D3
:10C30000FFF742FD01989DF8131041F080018DF870
:10C310000A10552100918DF80B10C06F0DF10A0124
:10C32000022206F01DF9009901988DF80910C06FDE
:10C33000039A0DF10901012306F0D2F80198FFF7E5
:10C3400043FD06B080BD000080B584B003908DF839
:10C350000B108DF80A2003980190FFF759F8019807
:10C360009DF80B108DF808109DF80A108DF8091033
:10C37000C06F02A9022206F0F3F80198FFF714FD3E
:10C3800004B080BD0000000080B584B003908DF83B
:10C390000B108DF80A2003980190FFF7F5FC019827
:10C3A0009DF80B108DF808109DF80A108DF80910F3
:10C3B000C06F02A9022206F0D3F80198FFF704FD2E
:10C3C00004B080BD0000000080B584B003900398E5
:10C3D000019007F0DDFF01984CF60031C0F6030133
:10C3E000083101600021029180F8441080F8451066
:10C3F0008164C16480F8501080F8511080F85210A8
:10C4000080F8531080F8541080F8551080F85610BA
:10C4100080F8571080F8581080F8591080F85A109A
:10C4200080F85B1080F85C1080F85D1080F85E107A
:10C4300080F85F1080F860104166A0F86810C1664F
:10C440000167416780F87810C167C0F88010C0F8B4
:10C450008410C0F88810C0F88C10A0F89010C0F8B4
:10C460009410A0F8981080F89A100022C4F22022AC
:10C47000C0F89C20C0F8A010C0F8A410A83006F0A6
:10C4800013FC019802994EF60A02C4F21C12C0F87D
:10C49000DC20C0F8E010C0F8E410C0F8E8104161FA
:10C4A00004B080BD0000000080B582B0019001980A
:10C4B000009000F009F80098EC211AF084FE02B018
:10C4C00080BD00000000000080B582B0019001989E
:10C4D00000904CF60031C0F60301083140F8A81B6B
:10C4E00006F0FEFB009807F08BFF009802B080BDBD
:10C4F00081B0009001B0704780B58AB0089008986C
:10C5000002908068013020B9FFE702208DF82700F3
:10C5100014E0029800F10801059006A8019005AA10
:10C520001AF0FAFA019A41F6FC01C2F2004103A89E
:10C5300011F096FA01208DF82700FFE79DF82700FB
:10C540000AB080BD0000000081B0009001B07047CB
:10C5500080B584B00290029801908068013020B9C3
:10C56000FFE702208DF80F000CE0019800F10801B0
:10C5700041F6FC00C2F2004011F066FA01208DF88D
:10C580000F00FFE79DF80F0004B080BD0000000021
:10C5900081B0009000984FF0FF31016001B070470A
:10C5A00081B00090FEDE000080B582B0019001985D
:10C5B00000904CF62431C0F6030108310160FFF70A
:10C5C000C7FF009802B080BD82B0009001200190AA
:10C5D000019880F31388FDF79BFC00000000000029
:10C5E00080B596B015901598069041F66410C2F289
:10C5F00000400790149011F02BF801460798139112
:10C6000011F016F81290FFE713A812A91AF078FC9F
:10C6100070B1FFE713A808F03FFC11901198406833
:10C62000016809698847FFE713A80BF009FFEBE7EA
:10C630000B20109041F6C400C2F2004010A911F086
:10C64000B3F800680168496988470EA8039004F0B0
:10C650003BFF039905200E900F9040F20820C2F294
:10C66000004004F0B9FC07200C9041F6D000C2F263
:10C67000004004900CA911F067F9014604980D914F
:10C6800011F052F90B900DA80BA91AF051FC0146BC
:10C690000020059049B1FFE70DA808F02DFC406887
:10C6A000002818BF01200590FFE70598C00738B1A2
:10C6B000FFE70DA808F020FC06994068C860FFE776
:10C6C0000820099041F6D000C2F20040019009A96B
:10C6D00011F03AF9014601980A9111F025F90890F4
:10C6E0000AA808A91AF024FC01460020029049B1CA
:10C6F000FFE70AA808F000FC4068002818BF0120E6
:10C700000290FFE70298C00738B1FFE70AA808F0D7
:10C71000F3FB069940680861FFE74FF47A701DF05B
:10C7200093FB06990120087116B080BD000000003F
:10C7300080B58CB00B900B980990C068E8B3FFE708
:10C740000998C068007DC00758B9FFE70998C0681C
:10C75000007B012805D1FFE70998C06806F080FF3B
:10C76000FFE70999C868026A40F20820C2F2004057
:10C7700008908261CA68526AC261CA68926A02629B
:10C78000CA68D26A4262CA68126B826290F8452017
:10C79000CB6802F0010283F83420826CCB689A6384
:10C7A000C26CCB68DA63026DCB681A64426DCB68E9
:10C7B0005A64806DC9688864FFE709980069E8B326
:10C7C000FFE709980069007DC00758B9FFE709989D
:10C7D0000069007B012805D1FFE70998006906F090
:10C7E0003FFFFFE709990869026A40F20820C2F298
:10C7F00000400790C2620A69526A02630A69926A3B
:10C8000042630A69D26A82630A69126BC26390F852
:10C8100045200B6902F0010283F83420C26D0B69D8
:10C820009A63026E0B69DA63426E0B691A64826E58
:10C830000B695A64C06E09698864FFE70998C0688B
:10C8400028B1FFE70998C068007D069002E001204A
:10C850000690FFE70998069901F001018DF82B1069
:10C86000006928B1FFE709980069007D059002E0A2
:10C8700001200590FFE7059800F001008DF82A00DF
:10C880009DF82B100020C907049021B1FFE79DF807
:10C890002A000490FFE70998049901F0010140F291
:10C8A0000822C2F200421174C06828B1FFE709985B
:10C8B000C068407D039002E001200390FFE70998E3
:10C8C000039901F001018DF82910006928B1FFE7F3
:10C8D00009980069407D029002E001200290FFE784
:10C8E000029800F001008DF828009DF82910002022
:10C8F000C907019021B1FFE79DF828000190FFE7EB
:10C90000019800F0010140F20820C2F20040417499
:10C9100090F84400C00720B1FFE70998FFF754FEE4
:10C92000FFE70CB080BD000081B0009001B07047FF
:10C9300080B586B041F6C840C2F200406946486002
:10C9400004200390086040F29970C0F602004DF296
:10C950007871C0F603014FF48072002305931DF037
:10C96000C7FF059B41F65430C2F20040694648605B
:10C970001820086040F2B100C0F602004DF26C7160
:10C98000C0F603014FF480521DF0B2FF059B0398DF
:10C9900041F6CC42C2F2004269464A60086040F665
:10C9A0008160C0F602004DF28571C0F603014FF4BC
:10C9B000806204921DF09CFF049A059B41F6D040D2
:10C9C000C2F20040694648601420086041F22150DC
:10C9D000C0F602004DF26571C0F603011DF088FF3C
:10C9E00006B080BD0000000080B592B01190119893
:10C9F0001090007C08B9FFE785E010984168806DD1
:10CA00008842C0F08080FFE7109864300B900021CE
:10CA1000099118F08DFC01460B98097805910121C8
:10CA2000069118F085FC059B06990246109812782D
:10CA300042EA0322079220300E9012F03DF9079946
:10CA400002460B981160022118F072FC01460B9807
:10CA500009780891032118F06BFC089B099902469C
:10CA60000E98127842EA032212B20A9212F024F9C6
:10CA70000A9902460B981160042118F059FC0146EE
:10CA80000B9809780C9105210D9118F051FC0C9B25
:10CA90000D9902460E98127842EA032212B20F92C2
:10CAA00012F00AF90F9902461098116090F874007C
:10CAB000C00728B1FFE71098FDF7D2FD049002E00F
:10CAC00000200490FFE71098049900912030029014
:10CAD000022112F0F1F800990246109811606430BA
:10CAE0000621019118F024FC01990246029892F95E
:10CAF0000020039212F0E0F81099024603981060AB
:10CB0000886D4860FFE712B080BD000000000000A3
:10CB100080B582B0019001980090FDF741FF009828
:10CB20004CF64031C0F60301083101600321416138
:10CB300002B080BD0000000080B582B00190019875
:10CB4000009000F009F8009894211AF03CFB02B024
:10CB500080BD00000000000080B582B00190019807
:10CB60000090FDF75DFF009802B080BD000000005E
:10CB700080B586B004908DF80F1002929DF80F00DA
:10CB800001900498029AFF2107F04EFC014601989B
:10CB9000884204D1FFE701208DF8170003E002204E
:10CBA0008DF81700FFE79DF8170006B080BD000064
:10CBB00080B586B00490ADF80E100292BDF80E005C
:10CBC00001900498029A4FF6FF7107F04DFC014660
:10CBD0000198884204D1FFE701208DF8170003E097
:10CBE00002208DF81700FFE79DF8170006B080BD02
:10CBF00080B582B0019000910198009AFF2107F062
:10CC000013FC02B080BD000080B582B0019000919D
:10CC10000198009A4FF6FF7107F026FC02B080BD24
:10CC200080B5ADF54C7D41F64400C2F2004000787D
:10CC3000BFF35F8FC00708BBFFE741F64400C2F2B5
:10CC400000401CF094FEC8B1FFE742F24460C2F21B
:10CC500000402090FFF7B8FB20994CF2C940C0F685
:10CC6000010040F20002C0F60002E3F7C1FC41F609
:10CC70004400C2F200401CF090FEFFE7BAA81F90EB
:10CC8000FFF742FA1F990B20BA900820BB9040F69C
:10CC90000002C5F60202BC920123ADF8F432BE9246
:10CCA000ADF8FC0200208DF8FE020020C4F2202026
:10CCB000C09043F65860C2F20040C1900C20C29070
:10CCC0000020C4F22010C4900020C4F24000C5909F
:10CCD0004FF07C50C6900020C4F2A010C9900020F4
:10CCE000C4F2C820C89042F24460C2F20040FEF78D
:10CCF000D7F841F61400C2F200400078BFF35F8F0E
:10CD0000C00708BBFFE741F61400C2F200401CF068
:10CD10002EFEC8B1FFE741F66450C2F200401E90FB
:10CD200000F04AFF1E994DF60140C0F6010040F2A6
:10CD30000002C0F60002E3F75BFC41F61400C2F209
:10CD400000401CF02AFEFFE781A81D9000F0F0FED5
:10CD50001D990C20819000238DF8083201228DF856
:10CD6000092241F20000C5F6020083904FF4005CF6
:10CD7000ADF810C28DF840228DF8412291904FF409
:10CD80000070ADF8480202228DF878228DF87932D1
:10CD900040F20042C5F602029F924FF4807CADF84B
:10CDA00080C24FF0030C8DF8B0C28DF8B132AD9255
:10CDB000ADF8B80241F66450C2F2004000F0FCFC4D
:10CDC00041F62000C2F200400078BFF35F8FC00739
:10CDD00008BBFFE741F62000C2F200401CF0C7FD8F
:10CDE000C8B1FFE741F6C860C2F200401C90FDF7F1
:10CDF000E7FE1C994AF62140C0F6010040F200020D
:10CE0000C0F60002E3F7F4FB41F62000C2F2004056
:10CE10001CF0C3FDFFE77BA81B90FDF7BDFE1B992F
:10CE200006207B900A207C9010207D904FF0FF30F0
:10CE30007E9041F6C860C2F20040FDF705FE41F663
:10CE40003400C2F200400078BFF35F8FC00708BB18
:10CE5000FFE741F63400C2F200401CF088FDC8B183
:10CE6000FFE742F2A410C2F200401A90FDF7A8FEBC
:10CE70001A994AF62140C0F6010040F20002C0F6BD
:10CE80000002E3F7B5FB41F63400C2F200401CF0AB
:10CE900084FDFFE775A81990FDF77EFE199907201C
:10CEA00075900A2076900E2077901320789042F2A9
:10CEB000A410C2F20040FDF7C7FD41F64800C2F2DF
:10CEC00000400078BFF35F8FC00708BBFFE741F663
:10CED0004800C2F200401CF04AFDC8B1FFE742F230
:10CEE0003070C2F200401890FDF70AFB18994AF220
:10CEF0005150C0F6010040F20002C0F60002E3F714
:10CF000077FB41F64800C2F200401CF046FDFFE707
:10CF100071A81790FDF7E4FA17990820719043F66D
:10CF2000C050C2F2004072900420739048F2A0609A
:10CF3000C0F20100749042F23070C2F20040FDF77E
:10CF400023F841F63800C2F200400078BFF35F8F4B
:10CF5000C00708BBFFE741F63800C2F200401CF0F2
:10CF600006FDC8B1FFE742F2E010C2F200401690A1
:10CF700003F09EFE169940F66960C0F6020040F28A
:10CF80000002C0F60002E3F733FB41F63800C2F2BC
:10CF900000401CF002FDFFE76FA8159003F078FE3B
:10CFA000159905206F900320709042F2E010C2F2B4
:10CFB000004003F065FC41F64C00C2F200400078EE
:10CFC000BFF35F8FC00708BBFFE741F64C00C2F21A
:10CFD00000401CF0CCFCC8B1FFE742F25470C2F232
:10CFE00000401490FFF794FD14994CF65930C0F6A8
:10CFF000010040F20002C0F60002E3F7F9FA41F640
:10D000004C00C2F200401CF0C8FCFFE768A8139077
:10D01000FDF7AEFC13990D206890052069906A9089
:10D0200001228DF8B0218DF8B1218DF8B20142F2C4
:10D030005470C2F20040FDF797FA41F62400C2F2A4
:10D0400000400078BFF35F8FC00708BBFFE741F6E1
:10D050002400C2F200401CF08AFCC8B1FFE741F690
:10D060000470C2F20040129007F082F8129944F264
:10D070005920C0F6020040F20002C0F60002E3F7B9
:10D08000B7FA41F62400C2F200401CF086FCFFE72C
:10D0900060A8119006F00CFF11990E2060900620F8
:10D0A00061900920629002208DF88C0100208DF89B
:10D0B0008D010020C4F2201064904FF080406590F4
:10D0C000312066903020679041F60470C2F2004033
:10D0D00006F0EEFB41F62C00C2F200400078BFF3F0
:10D0E0005F8FC00708BBFFE741F62C00C2F200408B
:10D0F0001CF03DFCC8B1FFE742F25400C2F2004010
:10D10000109007F035F8109944F25920C0F602004B
:10D1100040F20002C0F60002E3F76AFA41F62C0082
:10D12000C2F200401CF039FCFFE758A80F9006F04F
:10D13000BFFE0F990F2058900620599009205A9051
:10D1400002208DF86C0100208DF86D010020C4F2E2
:10D1500020105C904FF080405D9033205E90322034
:10D160005F9042F25400C2F2004006F0A1FB41F68B
:10D170001800C2F200400078BFF35F8FC00708BB01
:10D18000FFE741F61800C2F200401CF0F0FBC8B106
:10D19000FFE741F67850C2F200400E9006F0E8FF3B
:10D1A0000E9944F25920C0F6020040F20002C0F687
:10D1B0000002E3F71DFA41F61800C2F200401CF02D
:10D1C000ECFBFFE750A80D9006F072FE0D991020C1
:10D1D0005090062051900920529002208DF84C0169
:10D1E00000208DF84D010020C4F2201054904FF023
:10D1F00080405590352056903420579041F6785015
:10D20000C2F2004006F054FB41F63C00C2F200407E
:10D210000078BFF35F8FC00708BBFFE741F63C0013
:10D22000C2F200401CF0A3FBC8B1FFE742F2F44099
:10D23000C2F200400C9006F09BFF0C9944F259207A
:10D24000C0F6020040F20002C0F60002E3F7D0F997
:10D2500041F63C00C2F200401CF09FFBFFE748A8EB
:10D260000B9006F025FE0B9911204890062049905E
:10D2700009204A9002208DF82C0100208DF82D0104
:10D280000020C4F220104C904FF080404D90372089
:10D290004E9036204F9042F2F440C2F2004006F029
:10D2A00007FB41F65000C2F200400078BFF35F8FE9
:10D2B000C00708BBFFE741F65000C2F200401CF077
:10D2C00056FBC8B1FFE742F2E870C2F200400A9094
:10D2D000FFF71EFC0A994CF65930C0F6010040F2E7
:10D2E0000002C0F60002E3F783F941F65000C2F2F3
:10D2F00000401CF052FBFFE741A80990FDF738FB06
:10D300000999122041900520429006224392012261
:10D310008DF814218DF815218DF8160142F2E87070
:10D32000C2F20040FDF720F941F62800C2F20040A9
:10D330000078BFF35F8FC00708BBFFE741F6280006
:10D34000C2F200401CF013FBC8B1FFE741F6AC701D
:10D35000C2F20040089006F00BFF089944F25920F1
:10D36000C0F6020040F20002C0F60002E3F740F906
:10D3700041F62800C2F200401CF00FFBFFE739A87D
:10D38000079006F095FD07991320399007203A90F1
:10D3900009203B9002208DF8F00000208DF8F1006C
:10D3A0000020C4F220103D904FF080403E9031208C
:10D3B0003F903020409041F6AC70C2F2004006F041
:10D3C00077FA41F63000C2F200400078BFF35F8F79
:10D3D000C00708BBFFE741F63000C2F200401CF076
:10D3E000C6FAC8B1FFE742F2FC00C2F20040069064
:10D3F00006F0BEFE069944F25920C0F6020040F243
:10D400000002C0F60002E3F7F3F841F63000C2F282
:10D4100000401CF0C2FAFFE731A8059006F048FD75
:10D420000599142031900720329009203390022072
:10D430008DF8D00000208DF8D1000020C4F220101B
:10D4400035904FF08040369033203790322038901E
:10D4500042F2FC00C2F2004006F02AFA41F61C003B
:10D46000C2F200400078BFF35F8FC00708BBFFE740
:10D4700041F61C00C2F200401CF079FAC8B1FFE787
:10D4800041F62060C2F20040049006F071FE04995B
:10D4900044F25920C0F6020040F20002C0F6000239
:10D4A000E3F7A6F841F61C00C2F200401CF075FA42
:10D4B000FFE729A8039006F0FBFC039915202990AB
:10D4C00007202A9009202B9002208DF8B000002020
:10D4D0008DF8B1000020C4F220102D904FF0804054
:10D4E0002E9035202F903420309041F62060C2F2EB
:10D4F000004006F0DDF941F64000C2F2004000783D
:10D50000BFF35F8FC00708BBFFE741F64000C2F2E0
:10D5100000401CF02CFAC8B1FFE742F29C50C2F266
:10D520000040029006F024FE029944F25920C0F611
:10D53000020040F20002C0F60002E3F759F841F69B
:10D540004000C2F200401CF028FAFFE721A8019039
:10D5500006F0AEFC019916202190072022900920A8
:10D56000239002208DF8900000208DF8910000207B
:10D57000C4F2201025904FF080402690372027904D
:10D580003620289042F29C50C2F2004006F090F9FA
:10D5900001200DF54C7D80BD80B5C2B022A801F000
:10D5A000E3FC0720229006202390082025900D20E0
:10D5B00026900E2027900F202890102029901120CF
:10D5C0002A9041F69010C2F200402B9041F6A8300C
:10D5D000C2F200402C9041F6CC30C2F200402D90B7
:10D5E00041F6F030C2F200402E9041F61440C2F2F3
:10D5F00000402F900020C4F2400031900020329073
:10D6000033900021C4F2A011369144F20001C4F21B
:10D610009C5135914FF07E513A914CF6CD41C3F675
:10D62000CC513B913C900020C4F248303F9044F2F2
:10D630000000C4F29C603E9041F65400C2F20040EB
:10D640000078BFF35F8FC00710BBFFE741F65400BF
:10D65000C2F200401CF08BF9D0B1FFE742F67C002B
:10D66000C2F20040019022A902F0BAFB01994FF6E4
:10D67000A160C0F6010040F20002C0F60002E2F72D
:10D68000B7FF41F65400C2F200401CF086F9FFE7F4
:10D6900002A801F069FC082002900721039105907F
:10D6A000122006901320079014200890152009904E
:10D6B00016200A9041F69010C2F200400B9041F6FD
:10D6C0003840C2F200400C9041F65C40C2F200408B
:10D6D0000D9041F68040C2F200400E9041F6A44009
:10D6E000C2F200400F900020C4F2400011900020D0
:10D6F000129013900021C4F2A011169144F200017F
:10D70000C4F29C5115914FF07E511A914CF6CD41C7
:10D71000C3F6CC511B911C900020C4F248301F90DE
:10D7200044F20000C4F29C601E9041F65800C2F220
:10D7300000400078BFF35F8FC00710BBFFE741F6E2
:10D740005800C2F200401CF012F9D0B1FFE742F6D7
:10D750005420C2F20040009002A902F041FB00995F
:10D760004FF6A160C0F6010040F20002C0F60002D0
:10D77000E2F73EFF41F65800C2F200401CF00DF9FE
:10D78000FFE7012042B080BD83B08DED020ACDEDF0
:10D79000010A8DED001A9DED021A9DED002A9DED06
:10D7A000010AB7EE003A33EE423A20EE030AA1EE48
:10D7B000020A03B070470000F0B58BB009900891E1
:10D7C00009980590089820B9FFE702208DF82B00F2
:10D7D000D9E008980068013020B9FFE702208DF8F1
:10D7E0002B00D0E005990898079007980068C8605A
:10D7F00000200690FFE70698032800F3B680FFE7B5
:10D8000007980699C1EBC10200EBC200017940F212
:10D810002810C2F2004000F832100799069AC2EBB5
:10D82000C20701EBC703039300EBC70204925C69D4
:10D830009D695E689968D3F80CC0D3F810E040F891
:10D84000376055611461C2F80CE0C2F808C051603D
:10D85000D969D3F820C0D3F824E09C6ADD6A1E6B36
:10D86000D66295625462C2F820E0C2F81CC0916191
:10D87000596B9B6B536311630699C1EBC10110F89F
:10D88000310002280CD0FFE70698C0EBC00140F23F
:10D890002810C2F2004010F83100032860D1FFE7E1
:10D8A00005980699C1EBC10C40F22812C2F2004261
:10D8B000029202EBCC0303F10C015B7812F83C20DE
:10D8C000EC46CCF800204DF6A912C0F6010202F099
:10D8D0001FFB02990598069AC2EBC20201EBC20136
:10D8E0000C314DF6E923C0F60103002202F08CFB57
:10D8F00002990598069AC2EBC20201EBC2010C31F3
:10D900004DF65923C0F60103012202F07DFB029976
:10D910000598069AC2EBC20201EBC2010C314DF62A
:10D92000A123C0F60103062202F06EFB02990598BE
:10D93000069AC2EBC20201EBC2010C314DF6713303
:10D94000C0F60103042202F05FFB02990598069AD3
:10D95000C2EBC20201EBC2010C3102F011FBFFE786
:10D96000FFE706980130069045E7059805F0D8F9DD
:10D9700005990120087441F65C32C2F20042116040
:10D980008DF82B00FFE79DF82B000BB0F0BD0000D9
:10D9900081B000900098FF2101700021417041602A
:10D9A000018101B07047000080B582B08DF806009B
:10D9B0009DF80600042804DBFFE700208DF807002F
:10D9C00019E09DF80600032811D8FFE79DF806002E
:10D9D000C0EBC00140F22810C2F2004000EBC101D0
:10D9E00048680989ECF7D0FC8DF8070003E00020B7
:10D9F0008DF80700FFE79DF8070002B080BD00002A
:10DA000080B584B003900398029040F22811C2F2CE
:10DA10000041019148680989ECF7B6FC0199013889
:10DA2000B0FA80F0400941F65E12C2F20042107076
:10DA3000C86BB1F84010ECF7A7FC01460298013919
:10DA4000B1FA81F1490941F66012C2F20042117047
:10DA500002F0C2FA04B080BD84B003900398029033
:10DA6000029800798DF807009DF8070001460091A3
:10DA7000022804D0FFE70098032807D00DE041F604
:10DA80005C11C2F200410020087007E041F65D1110
:10DA9000C2F200410020087000E0FFE704B07047C8
:10DAA00084B0039003980290029800798DF80700E3
:10DAB0009DF8070001460091022804D0FFE7009876
:10DAC000032807D00DE041F65F11C2F200410120AA
:10DAD000087007E041F66111C2F2004101200870B0
:10DAE00000E0FFE704B0704784B003900398029011
:10DAF000029800798DF807009DF807000146009113
:10DB0000022804D0FFE70098032807D00DE041F673
:10DB10005C11C2F200410120087007E041F65D117E
:10DB2000C2F200410120087000E0FFE704B0704736
:10DB300080B586B0049004980190059002F07CFABC
:10DB40000199081DE43102910390FFE703980090CA
:10DB5000FFF71EFF0098029A00F138010846914233
:10DB60000390F3D1FFE7059806B080BD00000000E8
:10DB700084B0039003980290029800798DF8070012
:10DB80009DF8070001460091022804D0FFE70098A5
:10DB9000032807D00DE041F65F11C2F200410020DA
:10DBA000087007E041F66111C2F2004100200870E0
:10DBB00000E0FFE704B0704780B582B001900198A3
:10DBC000009002F045FA00984CF66831C0F6030167
:10DBD000083101600B21816002B080BD00000000AF
:10DBE00080B582B001900198009000F009F800988B
:10DBF000142119F0E8FA02B080BD00000000000016
:10DC000080B582B001900198009002F045FA00982A
:10DC100002B080BD0000000081B00090009800219B
:10DC2000016001B07047000081B0009000980021B1
:10DC3000017001B07047000080B5A6B02490239118
:10DC40002498029023980068013020B9FFE7022051
:10DC50008DF8970018E0239903A801908022E2F73D
:10DC600072FD019800F10C0141F6C400C2F20040BF
:10DC70000FF09AFD02990068886000200871012069
:10DC800048718DF89700FFE79DF8970026B080BD9A
:10DC900080B584B0029002980190407920B9FFE7E6
:10DCA00002208DF80F001AE001980121417180686F
:10DCB000406903F0EDFC01990874C868496988421D
:10DCC00009D0FFE7019988684969FCF7F5F90199DE
:10DCD0004869C860FFE701208DF80F00FFE79DF855
:10DCE0000F0004B080BD000080B584B003900291A5
:10DCF00003980190029905F00BFD01984CF68C31C8
:10DD0000C0F6030108310160DDF808C0DCF8081036
:10DD1000DCF80C20DCF81030DCF814C0C0F814C0BB
:10DD20000361C260816004B080BD0000000000009B
:10DD300080B582B001900198009005F0F9FC009840
:10DD40004CF68C31C0F6030108310160002181607E
:10DD5000C1601030FFF768FF00981430FFF75CFFD8
:10DD6000009802B080BD000080B582B0019001989B
:10DD7000009000F009F80098182119F024FA02B078
:10DD800080BD00000000000080B582B001900198C5
:10DD9000009005F0E1FC009802B080BD000000009A
:10DDA00084B002900299039100200870486001F14C
:10DDB0000800183100910190FFE70199009A0020B6
:10DDC00041F8040B084691420190F6D1FFE7039811
:10DDD00004B070470000000081B00090009800215E
:10DDE0000160017101B0704780B5A8B026902591FF
:10DDF0002698049025980068013020B9FFE702209A
:10DE00008DF89F002DE0259905A801908022E2F76A
:10DE10009AFC019800F1140141F67800C2F200402A
:10DE20000FF066FC014604980968C1620F990291DF
:10DE300030300021039110F0FBFE029A0499034652
:10DE400003981A60CA6AD2F8A0200A62CA6AD2F895
:10DE5000A4204A62C8610871012048718DF89F00B2
:10DE6000FFE79DF89F0028B080BD00000000000083
:10DE700080B588B00790069107980090069890EDBD
:10DE8000000A00F039F900988DED050A0699096934
:10DE90000491C16A0191303003900021029110F089
:10DEA000C7FE01460198096814319DED050A069ADE
:10DEB0009DED041AD2ED010AD2ED021A92ED032A69
:10DEC00006F04AF80299039810F0B2FE006804F0D8
:10DED00017F8012008B080BD80B59CB01A901A9840
:10DEE0000C90407920B9FFE702208DF86F00E3E045
:10DEF0000C98C06A2030012110F0DEFE00689FED12
:10DF0000700ADFED700A102105F046FE00F0DCF823
:10DF10000C9880ED030A90ED031A90ED060A30EE9E
:10DF2000410A11F0ADF80C98B1EE041A0021B4EEDC
:10DF3000410AF1EE10FAB8BF0121017400790146DF
:10DF40000B91032800F29D800B99DFE801F0021786
:10DF50003D750C981830099010F0DEFE01460998C6
:10DF60000A910FF041FB01460A980022199219AA62
:10DF700010F06EF801208DF86F009DE00C990020E4
:10DF8000C4F2A010149000201590CA6AD2F8A02004
:10DF90001692C96AD1F8A4101791189014A8079086
:10DFA00010F0BAFE0146079808910FF01DFB0C9A7D
:10DFB00001460898183210F007F80C9902200871F1
:10DFC00001208DF86F0077E00C98007CC00760B1ED
:10DFD000FFE70C990020C4F2A010886103200871AB
:10DFE000012048718DF86F0066E00C990020C4F2A2
:10DFF000A0100F9000201090CA6AD2F8A0201192B1
:10E00000C96AD1F8A410129113900FA8049010F0CF
:10E0100083FE0146049805910FF0E6FA0C9A01463A
:10E020000598183206920FF0CFFF06990C98FFF76B
:10E030001FFF8DF86F003FE00C98007DC007C0B156
:10E04000FFE70C981830039010F066FE0146039825
:10E0500002910FF0C9FA0146029800220E920EAA10
:10E060000FF0F6FF0C980399FFF702FF8DF86F0091
:10E0700022E00C9800F11801FFF7FAFE8DF86F000E
:10E080001AE00C980168096988470C9818300090CC
:10E0900010F042FE0146009801910FF0A5FA0146EA
:10E0A000019800220D920DAA0FF0D2FF0C990220C8
:10E0B00048718DF86F00FFE79DF86F001CB080BDC0
:10E0C000D80F49C0D80F494083B08DED020A002017
:10E0D000C4F2A000019042F6E060C4F26520009016
:10E0E0009DED021A9FED032AB1EE040AA1EE020A89
:10E0F00003B07047E02E654283B08DED020A002028
:10E10000C4F2A000019042F6E060C4F265200090E5
:10E110009DED020AB9EE041A30EE010A9FED021AD3
:10E1200080EE010A03B07047E02E65420000000057
:10E13000B0B584B00390029103980190029905F064
:10E14000E7FA01984CF6B031C0F6030108310160DE
:10E15000DDF808E0DEF80810DEF80C20DEF81030FC
:10E16000DEF814C0DEF81840DEF81C50C56184618A
:10E17000C0F814C00361C2608160DEF82010DEF8D0
:10E180002420DEF82830DEF82CC0DEF830E0C0F8BD
:10E1900030E0C0F82CC083624262016204B0B0BDBE
:10E1A00080B582B001900198009005F0C1FA009806
:10E1B0004CF6B031C0F60301083101604FF6403132
:10E1C000C0F2050181600C30FFF706FE00981430A4
:10E1D000FFF7E6FD00980021C16202B080BD00009B
:10E1E00080B582B001900198009000F009F8009885
:10E1F000342118F0E8FF02B080BD000000000000EC
:10E2000080B582B001900198009005F0A5FA0098C1
:10E2100002B080BD0000000084B00290029903911A
:10E2200000200870486001F1080018310091019049
:10E23000FFE70199009A002041F8040B084691423B
:10E240000190F6D1FFE7039804B07047000000008A
:10E2500081B00090009800210160017101B0704709
:10E2600080B5A8B02690259126980490259800683E
:10E27000013020B9FFE702208DF89F002DE025999D
:10E2800005A801908022E2F75EFA019800F11801DA
:10E2900041F67800C2F200400FF02AFA01460498D5
:10E2A00009688162109902912C300021039110F0CD
:10E2B000BFFC029A0499034603981A608A6AD2F84E
:10E2C000A020CA618A6AD2F8A4200A628861087113
:10E2D000012048718DF89F00FFE79DF89F0028B04E
:10E2E00080BD00000000000080B588B00790069156
:10E2F00007980090069890ED000A00F03DF900980C
:10E300008DED050A069909690491816A01912C3005
:10E3100003900021029110F08BFC014601980968DE
:10E3200014319DED050A069A9DED041AD2ED010AFD
:10E33000D2ED021A92ED032A05F00EFE029903981F
:10E3400010F076FC006803F0DBFD012008B080BD12
:10E3500080B59CB01A901A980C90407920B9FFE7CC
:10E3600002208DF86F00E1E00C98806A20300121D6
:10E3700010F0A2FC00689FED6F0ADFED6F0A10211C
:10E3800005F00AFC00F0DCF80C9880ED020A90ED34
:10E39000021A90ED050A30EE410A10F071FE0C9859
:10E3A000B1EE041A0021B4EE410AF1EE10FAB8BF42
:10E3B00001210173007901460B91032800F29B8033
:10E3C0000B99DFE801F002173D730C9814300990A7
:10E3D00010F0A2FC014609980A910FF005F90146D8
:10E3E0000A980022199219AA0FF032FE01208DF826
:10E3F0006F009BE00C990020C4F2301014900020B4
:10E4000015908A6AD2F8A0201692896AD1F8A410D1
:10E410001791189014A8079010F07EFC01460798F9
:10E4200008910FF0E1F80C9A0146089814320FF0A9
:10E43000CBFD0C990220087101208DF86F0075E06A
:10E440000C98007BC00750B1FFE70C990020486191
:10E4500003200871012048718DF86F0066E00C9967
:10E460000020C4F230100F90002010908A6AD2F879
:10E47000A0201192896AD1F8A410129113900FA8CC
:10E48000049010F049FC0146049805910FF0ACF897
:10E490000C9A01460598143206920FF095FD0699E4
:10E4A0000C98FFF721FF8DF86F003FE00C98007C7F
:10E4B000C007C0B1FFE70C981430039010F02CFC9B
:10E4C0000146039802910FF08FF80146029800224E
:10E4D0000E920EAA0FF0BCFD0C980399FFF704FFF3
:10E4E0008DF86F0022E00C9800F11401FFF7FCFE9C
:10E4F0008DF86F001AE00C980168096988470C983C
:10E500001430009010F008FC0146009801910FF0C3
:10E510006BF80146019800220D920DAA0FF098FDAC
:10E520000C99022048718DF86F00FFE79DF86F008D
:10E530001CB080BDD80F49C0D80F49400000000072
:10E5400083B08DED020A43F23330C4F283000190B0
:10E5500042F6E060C4F2652000909DED021A9FED46
:10E56000042A9FED040AA1EE020A03B0704700BF1F
:10E57000E02E65423333834083B08DED020A43F2CF
:10E580003330C4F28300019042F6E060C4F26520AB
:10E5900000909DED020A9FED051A30EE410A9FEDB5
:10E5A000041A80EE010A03B0704700BF3333834082
:10E5B000E02E654200000000B0B584B003900291E7
:10E5C00003980190029905F0A3F801984CF6D43114
:10E5D000C0F6030108310160DDF808C0DCF808105E
:10E5E000DCF80C20DCF81030DCF814E0DCF8184023
:10E5F000DCF81C50C5618461C0F814E00361C2609E
:10E600008160DCF82010DCF82420DCF82830DCF80D
:10E610002CC0C0F82CC083624262016204B0B0BD5D
:10E6200080B582B001900198009005F081F80098C3
:10E630004CF6D431C0F60301083101600830FFF711
:10E6400007FE00981030FFF7E7FD00980021816277
:10E6500002B080BD0000000080B582B0019001983A
:10E66000009000F009F80098302118F0ACFD02B0DD
:10E6700080BD00000000000080B582B001900198CC
:10E68000009005F069F8009802B080BD000000001D
:10E6900081B000900098002101604160017201B0DA
:10E6A000704700000000000080B5A6B024902391C0
:10E6B0002498029023980068013020B9FFE70220D7
:10E6C0008DF8970017E0239903A801908022E2F7C4
:10E6D0003AF80198011D41F6C400C2F200400FF063
:10E6E00063F8029900688860002008710120487171
:10E6F0008DF89700FFE79DF8970026B080BD0000D9
:10E7000080B58AB0089008980590407920B9FFE755
:10E7100002208DF8270077E005980121417180687B
:10E72000406948F65401401A079007980390002862
:10E73000049002D50398404204900498B0F5FA6F13
:10E7400004DAFFE705990020C86003E005990798FF
:10E75000C860FFE70598806806F04AF820B9FFE72F
:10E760000599002008611CE005988068806948F2DE
:10E770001A11401A0690069801900028029002D5BE
:10E780000198404202900298B0F5FA6F04DAFFE770
:10E7900005990020086103E0059906980861FFE7E4
:10E7A000FFE705988068007F01280AD1FFE7EBF7B3
:10E7B0001BFE059902468B69C869D21A1044C861CC
:10E7C00003E005990020C861FFE7EBF70DFE014665
:10E7D00005988161C06920B9FFE705990020087597
:10E7E0000EE00598C06900097C2804D8FFE7059968
:10E7F0000120087503E0059902200875FFE7FFE78F
:10E8000001208DF82700FFE79DF827000AB080BDA2
:10E8100010B584B00390029103980190029904F01E
:10E8200077FF01984CF6F831C0F60301083101601A
:10E83000029CA168E2682369D4F814C0D4F818E0F7
:10E84000E469C461C0F818E0C0F814C00361C26094
:10E85000816004B010BD000080B584B003900398BF
:10E86000019004F065FF01984CF6F831C0F6030101
:10E87000083101600021029181600C30FFF708FF30
:10E88000019802998161C16104B080BD000000005F
:10E8900080B582B001900198009000F009F80098CE
:10E8A000202118F090FC02B080BD000000000000A4
:10E8B00080B582B001900198009004F04DFF00985F
:10E8C00002B080BD0000000080B5A4B0229021916C
:10E8D0002298009021980068013020B9FFE70220BB
:10E8E0008DF88F0041E0219901A88022E1F72BFFEC
:10E8F00000980199816000F5B870219900F058F8EE
:10E9000000984C30219900F023FD0098DC302199CB
:10E91000FFF76AFA009800F588702199FFF7A0FCCC
:10E92000009800F5A070219900F0CAFF009800F54A
:10E93000D0702199FFF7B8FE009800F5E07021999A
:10E94000FFF77AF9009800F0E7FA009804F010FF5A
:10E95000009941F65830C2F2004001600020087171
:10E96000012008738DF88F00FFE79DF88F0024B019
:10E9700080BD00000000000084B002900299039165
:10E9800000200870486001F10800183100910190E2
:10E99000FFE70199009A002041F8040B08469142D4
:10E9A0000190F6D1FFE7039804B070470000000023
:10E9B00080B5A8B0269025912698049025980068E7
:10E9C000013020B9FFE702208DF89F002DE0259946
:10E9D00005A801908022E1F7B6FE019800F1200120
:10E9E00041F67800C2F200400EF082FE0146049823
:10E9F00009688162129902912C300021039110F074
:10EA000017F9029A0499034603981A608A6AD2F8A1
:10EA1000A020CA618A6AD2F8A4200A6288610871BB
:10EA2000012048718DF89F00FFE79DF89F0028B0F6
:10EA300080BD00000000000081B00090009800211F
:10EA40000160017101B0704780B588B007900691F0
:10EA500007980090069890ED000A00F041F90098A0
:10EA60008DED050A069909690491816A01912C309E
:10EA700003900021029110F0DBF80146019809682B
:10EA800014319DED050A069A9DED041AD2ED010A96
:10EA9000D2ED021A92ED032A05F05EFA029903986C
:10EAA00010F0C6F8006803F02BFA012008B080BD12
:10EAB00080B59CB01A901A980C90407920B9FFE765
:10EAC00002208DF86F00E5E00C98806A203001216B
:10EAD00010F0F2F800689FED710ADFED710A102165
:10EAE00005F05AF800F0E0F80C9880ED020A90ED7D
:10EAF000021A90ED050A30EE410A10F0C1FA0C98A6
:10EB0000B1EE041A0021B4EE410AF1EE10FAB8BFDA
:10EB100001210173007901460B91032800F29F80C7
:10EB20000B99DFE801F002193F770C981430099037
:10EB300010F0F2F8014609980A910EF055FD0146D1
:10EB40000A980022199219AA0FF082FA0C99012052
:10EB500048718DF86F009DE00C990020C4F2B4203C
:10EB60001490002015908A6AD2F8A0201692896A23
:10EB7000D1F8A4101791189014A8079010F0CCF8B1
:10EB80000146079808910EF02FFD0C9A014608984F
:10EB900014320FF019FA0C990220087101208DF837
:10EBA0006F0077E00C98007BC00760B1FFE70C991D
:10EBB0000020C4F2B420486103200871012048718C
:10EBC0008DF86F0066E00C990020C4F2B4200F901D
:10EBD000002010908A6AD2F8A0201192896AD1F898
:10EBE000A410129113900FA8049010F095F801460C
:10EBF000049805910EF0F8FC0C9A01460598143221
:10EC000006920FF0E1F906990C98FFF71DFF8DF8B9
:10EC10006F003FE00C98007CC007C0B1FFE70C9884
:10EC20001430039010F078F80146039802910EF02A
:10EC3000DBFC0146029800220E920EAA0FF008FAA1
:10EC40000C980399FFF700FF8DF86F0022E00C98F5
:10EC500000F11401FFF7F8FE8DF86F001AE00C9830
:10EC60000168096988470C981430009010F054F836
:10EC70000146009801910EF0B7FC01460198002270
:10EC80000D920DAA0FF0E4F90C99022048718DF84D
:10EC90006F00FFE79DF86F001CB080BDD80F49C022
:10ECA000D80F49400000000083B08DED020A00201B
:10ECB000C4F2B420019042F6E060C4F265200090F6
:10ECC0009DED021A9FED032A9FED030AA1EE020AB1
:10ECD00003B07047E02E65420000B442000000001F
:10ECE00083B08DED020A0020C4F2B420019042F6F8
:10ECF000E060C4F2652000909DED020A9FED041AC9
:10ED000030EE410A9FED031A80EE010A03B070470E
:10ED10000000B442E02E6542B0B584B00390029189
:10ED200003980190029904F0F3FC01984CF61C4101
:10ED3000C0F6030108310160DDF808C0DCF80810F6
:10ED4000DCF80C20DCF81030DCF814E0DCF81840BB
:10ED5000DCF81C50C5618461C0F814E00361C26036
:10ED60008160DCF82010DCF82420DCF82830DCF8A6
:10ED70002CC0C0F82CC083624262016204B0B0BDF6
:10ED800080B582B001900198009004F0D1FC009809
:10ED90004CF61C41C0F60301083101600830FFF752
:10EDA0004BFE00981030FFF7E7FD009800218162CC
:10EDB00002B080BD0000000080B582B001900198D3
:10EDC000009000F009F80098302118F0FCF902B02A
:10EDD00080BD00000000000080B582B00190019865
:10EDE000009004F0B9FC009802B080BD0000000063
:10EDF00081B00090009800210170417041608160F5
:10EE0000C1600161416101B0704700000000000075
:10EE100080B586B0059005980490007B08B9FFE79F
:10EE200070E00498DC30FFF757F8049800F588701C
:10EE3000FFF78EFA04984C3000F05EFB049800F562
:10EE4000D070FFF75DFC049800F5A07000F0B0FDF5
:10EE5000049800F5B870FFF72BFE049800F5E070F9
:10EE6000FEF716FF049890ED6B0AB8EEC00A9FED0E
:10EE7000261A80EE010A9FED251A20EE010ABDEE4A
:10EE8000C00A10EE101A4942817690ED6C0AB8EE75
:10EE9000C00A9FED1F2A80EE020A20EE010ABDEE95
:10EEA000C00A10EE101A4942C17690F8B4110177E9
:10EEB000806D00F031FC049880ED080AD0F8E8106D
:10EEC0004162D0F818118162D0F84811C162D0F8BF
:10EED00078110163816E0391D830002101910FF008
:10EEE000A7FE019902460498126814320292D430A7
:10EEF0000FF006FF029902460398B2F90020FBF7D3
:10EF00001BFCFFE706B080BD0078CD460000C8427C
:10EF1000009CC7460000000080B584B003900398B1
:10EF20000290006928B1FFE7029800691AF0C8FF53
:10EF3000FFE7029B03F1100069464860102008605B
:10EF40004EF6A170C0F601004DF6DD01C0F60301DA
:10EF50004FF400721BF0CCFC012004B080BD000017
:10EF600081B0009001B0704780B582B001900198E7
:10EF7000009004F051FC00984FF0FF314160816037
:10EF8000C160016141618161C1610162383003F09A
:10EF900077FD00985C3003F073FD009802B080BDEF
:10EFA00010B5ADF5067D8590859820B9FFE7002066
:10EFB0001AF086FFFFE785990FA800F0A5FEFFE78E
:10EFC000FFE79DF840000146089148B1FFE7089827
:10EFD000022829D0FFE70898032800F0D6802BE10B
:10EFE00000208DF850000FA807904C3004F050FB23
:10EFF0000798DC3004F04CFB079800F5887004F0AB
:10F0000047FB079800F5A07004F042FB079800F555
:10F01000B87004F03DFB079800F5E07004F038FB91
:10F0200014201AF011FFCBE7FA201AF00DFF0FA8F9
:10F03000069000F5D07004F043FB069800F5E070F0
:10F0400004F03EFB0698DC3004F03AFB069800F52D
:10F05000887004F035FBFFE70A201AF0F5FEFFE7A1
:10F060009DF81D1100200129059008D1FFE79DF8AA
:10F0700051010138B0FA80F040090590FFE705988A
:10F08000C0070028E8D0FFE70020C4F2F0104C9041
:10F090000020C4F20C205890FFE70A201AF0D4FE9A
:10F0A000FFE79DF828110020C907049021B1FFE770
:10F0B0009DF858010490FFE70498C0070028ECD0A1
:10F0C000FFE70FA8039000F5A07004F0F9FA039889
:10F0D00000F5B87004F0F4FAFFE70A201AF0B4FE65
:10F0E000FFE79DF8811100200129029008D1FFE778
:10F0F0009DF8B1010138B0FA80F040090290FFE7B5
:10F100000298C0070028E8D0FFE70FA84C3004F0B1
:10F11000D7FAFFE70A201AF097FEFFE79DF88D0067
:10F120000128F7D1FFE7012001908DF89C008DF8B0
:10F130002C018DF85C018DF88C018DF8BC01849058
:10F1400000200E900D900C900B900A90099009A849
:10F15000FFF74EFE019809990A9A0B9BDDF830C023
:10F16000DDF834E00E9C2194CDF880E0CDF87CC031
:10F170001E931D921C918DF871008DF85000032193
:10F180008DF840108DF848001AE70FA800F05CF8E1
:10F190009DF8710000F001008DF89C009DF8710051
:10F1A00000F001008DF82C019DF8710000F00100C5
:10F1B0008DF85C019DF8710000F001008DF88C0164
:10F1C0009DF8710000F001008DF8BC019DF8710000
:10F1D000C00770B9FFE79DED1D0A00F0B5FA289051
:10F1E0001E984C901F985890209864902198709089
:10F1F000FFE79DF82801C007D0B1FFE79DF858014F
:10F20000C007A8B1FFE79DF89800C00780B1FFE7ED
:10F210009DF88801C00758B1FFE79DF8B801C00705
:10F2200030B1FFE701208DF851008DF87100FFE744
:10F2300001201AF009FEC3E60FA804F0F5F9FFE774
:10F24000BEE600000000000010B594B012901298C5
:10F250000190007BF8B9FFE70020119010900F900B
:10F260000E900D900C900CA8FFF7C2FD01990C9820
:10F270000D9A0E9BDDF83CC0DDF840E0119C8C64DB
:10F28000C1F844E0C1F840C0CB638A634863022000
:10F290008DF84F0056E0019838300021CCF2C321A0
:10F2A0000B910021C4F2C3210A910BA90AAA0FF005
:10F2B0003BFD01460198096881633C304FF0814174
:10F2C000099144F6CD41C4F2A431089109A908AAD4
:10F2D0000FF02AFD014601980968C1634030002102
:10F2E00007910021C4F23431069107A906AA0FF054
:10F2F0001BFD014601980968016444300021CCF2ED
:10F30000B42105910021C4F2B421049105A904AAF5
:10F310000FF00AFD01460198096841644830002158
:10F32000CCF2702103910021C4F21131029103A9A2
:10F3300002AA0FF0F9FC01990068886401208DF899
:10F340004F00FFE79DF84F0014B010BD0000000013
:10F3500080B5AAB028902791289805902798006832
:10F36000013020B9FFE702208DF8A70040E027997F
:10F3700007A802908022E1F7E6F9029800F1100157
:10F3800041F67800C2F200400EF0B2F9014605984D
:10F390000968C161109901918C30002103910FF02F
:10F3A00047FC019A0299034605981A6038310122F8
:10F3B00004928DF85420203003F0FAFB0299049A4D
:10F3C00005985C318DF87820543003F0F1FB0399F7
:10F3D00005988830ADF81A100DF11A010FF080FC75
:10F3E000039A059904980A7148718DF8A700FFE700
:10F3F0009DF8A7002AB080BD80B5A4B00DA90091EA
:10F4000001460098239180ED150A239802902298D6
:10F410001C901CA81D90012008901E901D991E9AFA
:10F420001FA8079015F018FB0298C0692030022130
:10F430000FF042FC00990246089892ED000AB8EEDF
:10F44000C00A81ED090A16A9179118901799189A00
:10F4500019A8069015F000FB0298069B079A00F188
:10F46000200113A8059003F023FB0298C069203007
:10F47000002101910FF020FC00990246089892EDBE
:10F48000000AB8EEC00A81ED000A0DA90E910F9096
:10F490000E990F9A10A8049015F0DEFA0298049BBA
:10F4A000059A00F154010AA8039003F001FB0199A9
:10F4B000039815F05DFB029A0146039891ED000A4E
:10F4C000BDEEC00A10EE101AADF82610BDF82610D9
:10F4D000A2F8881015F03CFB049815F039FB05984C
:10F4E00015F036FB069815F033FB079815F030FB46
:10F4F000089824B080BD000080B58CB00A900A98AE
:10F500000690407920B9FFE702208DF82F00F6E041
:10F510000698C069203002210FF0CEFB0146069804
:10F520000968C160C1688069401A0490002805908C
:10F5300002D50498404205900698059900EE101AED
:10F54000B8EEC00B9FED701B0021B4EE410BF1EE45
:10F5500010FAB8BF01210174007901460391032814
:10F5600000F2B3800399DFE801F0021D608706987E
:10F57000016809698847069888300021ADF826108F
:10F580000DF126010FF0ACFB0698203003F04CFA89
:10F590000698543003F048FA0699012048718DF816
:10F5A0002F00ACE00698C069203001210FF084FBE9
:10F5B000014606980968A1F596510291C06920306C
:10F5C00002210FF079FB014602980860FFE70698D8
:10F5D000C069203002210FF06FFB0068B0F5805F3A
:10F5E0000CDDFFE70698C069203002210FF064FBB4
:10F5F00001460868A0F500500860E8E706988830E2
:10F600000021ADF8241009A90FF06AFB06982030FC
:10F6100003F00AFA0698543003F006FA069902201D
:10F62000087101208DF82F0069E00698C0680090ED
:10F630000028019002D5009840420190019863286B
:10F6400012DCFFE7069800218161203003F0ECF91D
:10F650000698543003F0E8F9069903200871012058
:10F6600048718DF82F004AE006989FED290AFFF7B0
:10F67000C3FE8DF82F0042E0069901F11800002228
:10F68000089201F1080208A90FF07EFB01460698D6
:10F6900009688161007DC00768B1FFE7069888307E
:10F6A0000021ADF81E100DF11E010FF019FB012015
:10F6B0008DF82F0023E0069890ED060AB8EEC00AF8
:10F6C000FFF79AFE8DF82F0019E006980168096986
:10F6D0008847069888300021ADF81C1007A90FF064
:10F6E000FFFA0698203003F09FF90698543003F093
:10F6F0009BF90699022048718DF82F00FFE79DF8CD
:10F700002F000CB080BD00BF7B14AE47E17A64408F
:10F71000000000000000000083B002900020019073
:10F7200041F27B40C4F2B61000909DED020AB8EEA3
:10F73000C00A9FED031A80EE010A03B0704700BFB4
:10F740007B14B6410000000083B08DED020A00205A
:10F75000019041F27B40C4F2B61000909DED021A78
:10F760009FED052A9FED050AA1EE020ABDEEC00A33
:10F7700010EE100A03B070477B14B6410000000081
:10F7800081B00090009800210170416001B0704785
:10F7900081B00090009800210160017101B07047B4
:10F7A00010B584B00390029103980190029903F080
:10F7B000AFFF01984CF64041C0F6030108310160EB
:10F7C000029CA168E2682369D4F814C0D4F818E058
:10F7D000E469C461C0F818E0C0F814C00361C260F5
:10F7E000816020300299203103F02EFA01985430C4
:10F7F0000299543103F028FA0198029AD2F888103D
:10F80000D2F88C20C0F88C20C0F8881004B010BD4D
:10F8100080B584B003900398019003F089FF0198AC
:10F820004CF64041C0F603010831016041F2551128
:10F8300081600C30FFF7ACFF01981430FFF7A0FF98
:10F84000019800210291C161203003F02DFA019846
:10F85000543003F029FA01980299A0F8881004B0F6
:10F8600080BD00000000000080B582B001900198CA
:10F87000009000F009F80098902117F0A4FC02B065
:10F8800080BD00000000000080B584B003900398A4
:10F8900002904CF64041C0F6030101F10802014616
:10F8A00041F8202B0191543003F01AFA019803F02B
:10F8B00017FA029803F050FF029804B080BD0000D0
:10F8C00080B5A8B0269025912698049025980068C8
:10F8D000013020B9FFE702208DF89F002DE0259927
:10F8E00005A801908022E0F72EFF019800F11C018D
:10F8F00041F67800C2F200400DF0FAFE014604988D
:10F9000009688162119902912C30002103910FF056
:10F910008FF9029A0499034603981A608A6AD2F80A
:10F92000A020CA618A6AD2F8A4200A62886108719C
:10F93000012048718DF89F00FFE79DF89F0028B0D7
:10F9400080BD00000000000080B588B007900691DF
:10F9500007980090069890ED000A00F031F90098A1
:10F960008DED050A069909690491816A01912C308F
:10F970000390002102910FF05BF90146019809689C
:10F9800014319DED050A069A9DED041AD2ED010A87
:10F99000D2ED021A92ED032A04F0DEFA02990398DE
:10F9A0000FF046F9006802F0ABFA012008B080BD04
:10F9B00080B59CB01A901A980C90407920B9FFE756
:10F9C00002208DF86F00DBE00C98806A2030012166
:10F9D0000FF072F900689FED6C0ADFED6C0A1021E0
:10F9E00004F0DAF800F0D4F80C9880ED020A90EDFB
:10F9F000021A90ED050A30EE410A0FF041FB0C9817
:10FA0000B1EE041A0021B4EE410AF1EE10FAB8BFCB
:10FA100001210173007901460B91032800F29580C2
:10FA20000B99DFE801F002173A6D0C981430099039
:10FA30000FF072F9014609980A910DF0D5FD0146C3
:10FA40000A980022199219AA0EF002FB01208DF8E3
:10FA50006F0095E00C990020149015908A6AD2F8F6
:10FA6000A0201692896AD1F8A4101791189014A8B2
:10FA700007900FF051F90146079808910DF0B4FD79
:10FA80000C9A0146089814320EF09EFA0C99022046
:10FA9000087101208DF86F0072E00C98007BC007A0
:10FAA00050B1FFE70C990020486103200871012044
:10FAB00048718DF86F0063E00C9900200F90109052
:10FAC0008A6AD2F8A0201192896AD1F8A410129102
:10FAD00013900FA804900FF01FF9014604980591A8
:10FAE0000DF082FD0C9A01460598143206920EF034
:10FAF0006BFA06990C98FFF727FF8DF86F003FE02F
:10FB00000C98007CC007C0B1FFE70C98143003903C
:10FB10000FF002F90146039802910DF065FD0146D0
:10FB2000029800220E920EAA0EF092FA0C980399F7
:10FB3000FFF70AFF8DF86F0022E00C9800F1140126
:10FB4000FFF702FF8DF86F001AE00C980168096951
:10FB500088470C98143000900FF0DEF801460098AA
:10FB600001910DF041FD0146019800220D920DAA70
:10FB70000EF06EFA0C99022048718DF86F00FFE7C5
:10FB80009DF86F001CB080BDD80F49C0D80F494008
:10FB900083B08DED020A0020019042F6E060C4F2CD
:10FBA000652000909DED021A9FED032A9FED030A48
:10FBB000A1EE020A03B07047E02E6542000000008B
:10FBC00083B08DED020A0020019042F6E060C4F29D
:10FBD000652000909DED020A9FED021A80EE010A59
:10FBE00003B07047E02E654284B002900299039101
:10FBF00000200870486001F1080018310091019060
:10FC0000FFE70199009A002041F8040B0846914251
:10FC10000190F6D1FFE7039804B0704700000000A0
:10FC200081B00090009800210160017101B070471F
:10FC3000B0B584B00390029103980190029903F04B
:10FC400067FD01984CF66441C0F60301083101607C
:10FC5000DDF808C0DCF80810DCF80C20DCF8103007
:10FC6000DCF814E0DCF81840DCF81C50C561846155
:10FC7000C0F814E00361C2608160DCF82010DCF899
:10FC80002420DCF82830DCF82CC0C0F82CC08362BB
:10FC90004262016204B0B0BD80B582B001900198AB
:10FCA000009003F045FD00984CF66441C0F6030156
:10FCB000083101600830FFF7B3FF00981030FFF7FC
:10FCC00093FF00980021816202B080BD0000000017
:10FCD00080B582B001900198009000F009F800987A
:10FCE000302117F070FA02B080BD00000000000063
:10FCF00080B582B001900198009003F02DFD00982E
:10FD000002B080BD00000000B0B584B00390029145
:10FD100003980190029903F087FD01984CF6884101
:10FD2000C0F6030108310160029A51699369D2F863
:10FD30001CC0D2F820E0546A956A85624462C0F81B
:10FD400020E0C0F81CC083614161D16A136BD2F816
:10FD500034C0D2F838E0D46B156C0564C463C0F8C5
:10FD600038E0C0F834C00363C162516C926C8264A5
:10FD700041644C3002994C31FFF712FD0198DC30A0
:10FD80000299DC31FEF7D4F9019800F588700299E8
:10FD900001F58871FEF710FC019800F5A07002993A
:10FDA00001F5A071FFF744FF019800F5B8700299C2
:10FDB00001F5B871FEF7B0FF019800F5D070029917
:10FDC00001F5D071FEF724FD019800F5E07002996D
:10FDD00001F5E071FDF788FF019804B0B0BD0000A7
:10FDE00080B584B0039002910398019003F038FD30
:10FDF00001984CF68841C0F60301083101600021EA
:10FE0000017541758175C175017641768176C1763E
:10FE10000177016241628162C162016380F834103E
:10FE200080F835108163C1630164416481644C30A2
:10FE3000FFF7EEFC0198DC30FEF7B2F9019800F50F
:10FE40008870FEF7EDFB019800F5A070FFF724FF26
:10FE5000019800F5B870FEF793FF019800F5D07097
:10FE6000FEF7FAFC019800F5E070FDF761FF0198DC
:10FE70000299FEF729FD019804B080BD0000000042
:10FE800080B582B001900198009000F009F80098C8
:10FE90004FF4EC7117F097F902B080BD000000003C
:10FEA00080B582B001900198009003F095FC009815
:10FEB00000F5E070FDF768FF009800F5D070FEF7E0
:10FEC000F7FC009800F5B870FEF786FF009800F583
:10FED000A070FFF70DFF009800F58870FEF7CCFBCF
:10FEE0000098DC30FEF78CF900984C30FFF7CCFC22
:10FEF000009803F0CDFC009802B080BD0000000027
:10FF000082B001900091012002B070470000000013
:10FF100080B584B084460698CDF80CC00291019259
:10FF20008DF803308DF8020002982C21E0F7A4FC34
:10FF300002998878082262F31F108870019802994C
:10FF400088609DF80300B0FA80F042090299C878F1
:10FF500000F07F0040EAC210C8709DF803200299AB
:10FF6000C87802F0010200F0BF0040EA8210C870B9
:10FF70009DF802000299087104B080BD00000000E5
:10FF800084B00290019141F60050C2F20040006836
:10FF90000090FFE7009868B1FFE700980199884258
:10FFA00004D1FFE74FF0FF3003900FE00098806A24
:10FFB0000090EFE741F60051C2F200410868019A53
:10FFC00090620198086000200390FFE7039804B056
:10FFD000704700000000000080B582B0019041F63B
:10FFE0000050C2F2004000680090FFE7009840B166
:10FFF000FFE7009804F05CFAFFE70098806A009041
:020000040802F0
:10000000F4E702B080BD000084B0039002918DF847
:1000100007200093009802999DF8072001EB8201C8
:10002000C86004B07047000081B0009001B0704714
:1000300081B0009001B0704780B582B00190019806
:10004000009002F0B9FE009802B080BD00000000F0
:1000500080B582B001900198009002F0B5FE009842
:100060004CF6B041C0F60301083101600B218160FC
:1000700002B080BD0000000080B582B00190019800
:10008000009000F009F80098142117F09CF802B0D5
:1000900080BD00000000000080B582B00190019892
:1000A000009002F0A9FE009802B080BD00000000A0
:1000B00080B58CB00B9040F21410C2F20040FCF7F7
:1000C0008FFAFFE741F6C400C2F2004002900A90A6
:1000D0000DF0A6FB0146029809910DF081FB0890F6
:1000E000FFE709A808A916F017FF70B1FFE709A8F4
:1000F00004F0DEFE079007984068016809688847A9
:10010000FFE709A808F0B8F9EBE740F21410C2F2D3
:100110000040FCF70DFB41F6D000C2F20040019018
:1001200006900DF021FC0146019805910DF0FCFBB5
:100130000490FFE705A804A916F0FAFE70B1FFE7E6
:1001400005A804F0CDFE0390039840680168096893
:100150008847FFE705A808F0ABF9EBE741F6B410D4
:10016000C2F2004001F0CCFE41F69010C2F2004015
:1001700001F0C6FE012019F067FEA3E700000000B1
:1001800080B58EB0694608200A90086041F6B41028
:10019000C2F20040052105914FF400720192002344
:1001A0000D9301F05DFE05990A980D9B6A4610605B
:1001B00041F69010C2F2004040F2FF12029201F0AC
:1001C0004FFE05990A980D9B6A46106041F6FC1097
:1001D000C2F2004040F2FE32039201F041FE059966
:1001E0000A980D9B6A46106041F6D810C2F2004092
:1001F0004FF42072049201F033FE019A0A980D9B8D
:100200006946086041F64420C2F200400621089188
:1002100001F026FE029A08990A980D9BEC46CCF84C
:10022000000041F62020C2F2004001F019FE039ABE
:1002300008990A980D9BEC46CCF8000041F68C20FA
:10024000C2F2004001F00CFE049A08990A980D9B36
:10025000EC46CCF8000041F66820C2F2004001F004
:10026000FFFD019A0A980D9B6946086041F6D4206B
:10027000C2F2004007210B9101F0F2FD029A0A98A8
:100280000B990D9BEC46CCF8000041F6B020C2F271
:10029000004001F0E5FD039A0A980B990D9BEC468E
:1002A000CCF8000041F61C30C2F2004001F0D8FD4D
:1002B000049A0A980B990D9BEC46CCF8000041F685
:1002C000F820C2F2004001F0CBFD05990A980D9B81
:1002D0006A46106041F66030C2F200403022069259
:1002E00001F0BEFD05990A980D9B6A46106041F623
:1002F0008430C2F200403222079201F0B1FD069A2A
:1003000008990A980D9BEC46CCF8000041F6A830FD
:10031000C2F2004001F0A4FD079A08990A980D9BCB
:10032000EC46CCF8000041F6CC30C2F2004001F0BF
:1003300097FD069A0A980B990D9BEC46CCF80000A5
:1003400041F63840C2F2004001F08AFD079A0A984F
:100350000B990D9BEC46CCF8000041F65C40C2F2D4
:10036000004001F07DFD08990A980D9B6A461060D7
:1003700041F6F030C2F200403422099201F070FDE3
:1003800008990A980D9B6A46106041F61440C2F223
:10039000004036220C9201F063FD099A0A980B99ED
:1003A0000D9BEC46CCF8000041F68040C2F20040C4
:1003B00001F056FD0A980B990C9A0D9BEC46CCF86F
:1003C000000041F6A440C2F2004001F049FD0120C6
:1003D0000EB080BD0000000080B5C6B041F65C00E4
:1003E000C2F200400078BFF35F8FC00708BBFFE791
:1003F00041F65C00C2F2004019F0B9FAC8B1FFE75B
:1004000042F62C40C2F200400D9001F081FC0D99A3
:1004100041F67950C0F6020040F20002C0F6000238
:10042000E0F7E6F841F65C00C2F2004019F0B5FAD8
:10043000FFE73EA80C9001F0C7FB0C980A213E9103
:1004400043F25C01C2F200413F9101218DF800119D
:100450008DF8011143F6A461C2F2004141910421DB
:100460008DF8081138910E22399210223A921322F7
:100470003B9238AA3C923D9114303C993D9A13F03E
:10048000F7FA0C9942F62C40C2F2004001F0E4FA6F
:1004900041F66400C2F200400078BFF35F8FC007EE
:1004A00008BBFFE741F66400C2F2004019F05FFAB2
:1004B000C8B1FFE742F68C40C2F200400B9003F057
:1004C0003FF80B9943F2C950C0F6020040F2000217
:1004D000C0F60002E0F78CF841F66400C2F200407A
:1004E00019F05BFAFFE730A80A9002F05DFE0A9966
:1004F0000320309044F2AC00C2F20040319001225F
:100500008DF8D420042036904FF4007037908DF889
:10051000C82002223392349042F68C40C2F200404E
:1005200002F032FD41F66000C2F200400078BFF3F5
:100530005F8FC00708BBFFE741F66000C2F20040D2
:1005400019F015FAC8B1FFE742F66C40C2F200405C
:100550000990FAF755FC09994AF65160C0F6010076
:1005600040F20002C0F60002E0F742F841F66000F7
:10057000C2F2004019F011FAFFE72EA80890FAF72E
:1005800013FC08990B202E9042F68050C2F20040D6
:100590002F9042F66C40C2F20040FAF771FB41F630
:1005A0006800C2F200400078BFF35F8FC00708BB4D
:1005B000FFE741F66800C2F2004019F0D8F9C8B16F
:1005C000FFE742F6E440C2F20040079001F0ECFE83
:1005D000079942F20940C0F6020040F20002C0F65C
:1005E0000002E0F705F841F66800C2F2004019F099
:1005F000D4F9FFE724A8069001F0C6FD069905206E
:10060000249043F26460C2F20040259042F6E44038
:10061000C2F2004001F0C4FC41F66C00C2F200409E
:100620000078BFF35F8FC00708BBFFE741F66C009F
:10063000C2F2004019F09BF9C8B1FFE742F6105032
:10064000C2F20040059001F0AFFE059942F2094068
:10065000C0F6020040F20002C0F60002DFF7C8FF59
:1006600041F66C00C2F2004019F097F9FFE71AA8B2
:10067000049001F089FD049906201A9043F2047059
:10068000C2F200401B9042F61050C2F2004001F04E
:1006900087FC41F67000C2F200400078BFF35F8F24
:1006A000C00708BBFFE741F67000C2F2004019F036
:1006B0005EF9C8B1FFE742F63C50C2F20040039039
:1006C00001F072FE039942F20940C0F6020040F2C6
:1006D0000002C0F60002DFF78BFF41F67000C2F2A5
:1006E000004019F05AF9FFE710A8029001F04CFD04
:1006F00002990720109043F2A470C2F200401190BA
:1007000042F63C50C2F2004001F04AFC41F674004F
:10071000C2F200400078BFF35F8FC00708BBFFE75D
:1007200041F67400C2F2004019F021F9C8B1FFE7A8
:1007300042F66850C2F20040019001F03DFF01997D
:1007400042F20160C0F6020040F20002C0F6000270
:10075000DFF74EFF41F67400C2F2004019F01DF9B8
:10076000FFE70EA8009001F0EFFE009908200E9020
:1007700043F63850C2F200400F9042F66850C2F281
:10078000004001F06DFEFFF7FBFC3EA801F034FADB
:10079000012046B080BD000080B52DED048B9CB0DB
:1007A0001B900B20199041F66410C2F2004019A969
:1007B0000CF022FF00681A90FFE71A9840F2082117
:1007C000C2F20041179191ED060A91ED071A91EDE1
:1007D000082A91ED093AB7EEC00AB7EEC11AB7EE92
:1007E000C22AB7EEC33A91ED0A4AB7EEC44A91ED78
:1007F0000B5AB7EEC55A91ED0C6AB7EEC66A91ED89
:100800000D7AB7EEC77A91ED0E8AB7EEC88A91EDF0
:100810000F9AB7EEC99A91F8452002F0010291F9BA
:10082000123091F813C00CF0010C097D01F0010E9B
:1008300069461891C1F854E0C1F850C0CB648A648D
:1008400081ED109B81ED0E8B81ED0C7B81ED0A6BB0
:1008500081ED085B81ED064B81ED043B81ED022BC0
:1008600081ED001B53EC102B4DF29471C0F6030187
:10087000FAF766FA4FF4FA7019F0E6FA9DE700000D
:1008800080B58EB00C900B910C9803900B9820B90A
:10089000FFE702208DF8370038E00B980068013040
:1008A00020B9FFE702208DF837002FE003990B985D
:1008B0000A900A980068C8600A98011D41F6641001
:1008C000C2F200400CF098FE014603980968C0F897
:1008D0000C11099002F024FA0398D0F80C01019051
:1008E00009980490049905A8029015F031F901982F
:1008F000029902F071FD029815F036F90399012072
:100900000874C1F804018DF83700FFE79DF837003F
:100910000EB080BD0000000080B58AB008908DF850
:100920001F10069208980290007C20B9FFE7022071
:100930008DF827008FE09DF81F00014601910128E6
:1009400008D0FFE7019802282ED0FFE7019803287E
:1009500054D07CE0069805900599A520087005996B
:10096000C8780130C87005991820A1F801000598D1
:100970000421FCF73DF905990871059940F2023010
:10098000A1F8050005981F21FCF73EF901460298E1
:10099000059AA2F81F10D0F80C010599212202F047
:1009A00037FD8DF8270056E0069804900499A5209D
:1009B00008700499C8780130C87004991820A1F80B
:1009C000010004980421FCF713F9049908710499B3
:1009D00040F20930A1F8050004981F21FCF714F932
:1009E00001460298049AA2F81F10D0F80C0104994D
:1009F000212202F00DFD8DF827002CE006980390CF
:100A00000399A52008700399C8780130C87003992C
:100A10000720A1F8010003980421FCF7E9F80399E5
:100A20000871039940F20630A1F8050003980E21E1
:100A3000FCF7EAF801460298039AD181D0F80C013C
:100A40000399102202F0E4FC8DF8270003E0022055
:100A50008DF82700FFE79DF827000AB080BD000051
:100A600081B08DED000A9DED000A9FED051A20EE84
:100A7000010ABDEEC00A10EE100A01B0704700BFB7
:100A80000000C8420000000080B582B001900198CB
:100A90000090007C08B9FFE70AE00099D1F8100344
:100AA0004968884204D9FFE7009800F03DF8FFE765
:100AB00002B080BD0000000081B0ADF80200BDF9B9
:100AC000020000EE100AB8EEC00A9FED031A80EE95
:100AD000010A01B0704700BF0000C84200000000DA
:100AE00080B582B0019001980090007C08B9FFE7C2
:100AF00016E0E9F779FC00994968401AB0F57A7F69
:100B000007D9FFE70099022008740120C1F8040109
:100B100006E00099012008740220C1F80401FFE7F3
:100B200002B080BD0000000080B58EB00C900C9823
:100B30000690007C20B9FFE702208DF83700A0E086
:100B400000200B90FFE706980B99059100F588703F
:100B500005F04EF901460598884280F08080FFE755
:100B6000069800F588700B990EF09EF80078A5287D
:100B700001D0FFE76FE0069800F5887004900B99AC
:100B80000EF092F8014604980A910B990EF08CF839
:100B90000A9909790422FBF7EBFF012801D0FFE74E
:100BA00059E00A98B0F805000146039140F202317D
:100BB000884206D0FFE7039840F20931884224D0EA
:100BC00047E006980B992131029100F5887005F0F5
:100BD0000FF901460298884201D9FFE73AE00A98E6
:100BE00009900998B0F81F101F22FBF7E1FF0128B8
:100BF00001D0FFE72EE00698099911302122DFF796
:100C00001BFD0B9820300B9024E006980B992131A6
:100C1000019100F5887005F0EBF8014601988842D3
:100C200001D9FFE716E00A9808900898B0F81F105D
:100C30001F22FBF7BDFF012801D0FFE70AE006985D
:100C4000089932302122DFF7F7FC0B9820300B9007
:100C500000E0FFE7FFE70B9801300B9073E7069881
:100C600000F5887000218DF81F100DF11F010EF0A6
:100C70000BF8E9F7B9FB0699486001208DF83700B9
:100C8000FFE79DF837000EB080BD000000000000B7
:100C900080B582B001900198009002F08DF8009824
:100CA0004FF0FF31416002B080BD00000000000045
:100CB00080B58EB00C900C9807900D9002F084F8DF
:100CC00007994CF6D440C0F6030008300860A5230D
:100CD0004B7400200890488208754875C8820876D1
:100CE000A1F81900A1F81B00A1F81D00A1F81F0030
:100CF000A1F82100A1F82300A1F82500A1F8270000
:100D0000A1F82900A1F82B0081F82D0081F82E0010
:100D100081F82F0008860A4602F8323F0992A1F8AE
:100D2000330081F8350081F83600A1F8370081F8EA
:100D3000390048878887C887A1F84000A1F8420099
:100D4000A1F84400A1F84600A1F84800A1F84A0023
:100D5000A1F84C0081F84E0001F14F0051310A9189
:100D60000B90FFE70B990A9A002001F8010B084647
:100D700091420B90F6D1FFE70799099A0020029063
:100D8000A2F81F00A52281F85320A1F8540081F891
:100D9000560081F85700A1F8580081F85A0081F8F0
:100DA0005B00B1F85C3003F47043A1F85C30B1F83B
:100DB0005C306FF31F33A1F85C30B1F85E3003F4A0
:100DC0007043A1F85E30B1F85E306FF31F33A1F8C5
:100DD0005E3081F86000A1F8610001F8632F039193
:100DE0000A460492A1F80100C8700871A1F8050034
:100DF000C87101F108009D3105910690FFE7069941
:100E0000059A002001F8010B084691420690F6D1A0
:100E1000FFE70798049A00210191A2F89D10C0F8FD
:100E20000411C0F80811C0F80C1100F588704FF4D7
:100E30000071DFF721FD01980799C1F81003062022
:100E400088600D980EB080BD80B582B00190019889
:100E5000009000F009F800984FF4457116F0B3F9CE
:100E600002B080BD0000000080B582B00190019802
:100E7000009001F0C1FF009802B080BD00000000AA
:100E800080B596B01590FFE741F66410C2F20040BD
:100E9000049014900CF0DCFB0146049813910CF0C4
:100EA000C7FB1290FFE713A812A916F029F870B13A
:100EB000FFE713A803F0F0FF119011984068016854
:100EC00009688847FFE713A807F0BAFAEBE741F68D
:100ED000C400C2F20040039010900CF0A1FC014647
:100EE00003980F910CF07CFC0E90FFE70FA80EA961
:100EF00016F012F870B1FFE70FA803F0D9FF0D90BC
:100F00000D984068016849688847FFE70FA807F017
:100F1000B3FAEBE741F6FC00C2F2004002900C90FD
:100F20000CF082FD014602980B910CF06DFD0A90C9
:100F3000FFE70BA80AA916F007F870B1FFE70BA8A6
:100F400003F0E6FF099009984068016849688847FE
:100F5000FFE70BA807F0C0FAEBE740F21410C2F26B
:100F60000040FBF7E1FC41F6D000C2F200400190E6
:100F700008900CF0F9FC0146019807910CF0D4FCA4
:100F80000690FFE707A806A915F0D2FF70B1FFE7AA
:100F900007A803F0A5FF0590059840680168496817
:100FA0008847FFE707A807F083FAEBE743F644001A
:100FB000C2F20040E9F720FA0A2018F045FF63E783
:100FC00080B5FFF709FAFBF72BFEFCF7E5FAFBF714
:100FD000AFFC19F0A1F880BD80B58EB00C900B91DC
:100FE0000C9804900B9820B9FFE702208DF8370089
:100FF00071E00B980068013020B9FFE702208DF8FE
:10100000370068E004990B980A900A980068886095
:101010000A98011D41F6C400C2F2004002900CF093
:10102000EFFB0146029809910CF0DAFB089009A841
:1010300008A915F071FF01460020039049B1FFE7B0
:1010400009A803F041FF4068002818BF0120039061
:10105000FFE70398C00738B1FFE709A803F034FFA2
:10106000049940680867FFE70C20069041F6C40029
:10107000C2F20040009006A90CF0C2FB01460098A5
:1010800007910CF0ADFB059007A805A915F044FFEA
:1010900001460020019049B1FFE707A803F014FFC3
:1010A0004068002818BF01200190FFE70198C007A1
:1010B00038B1FFE707A803F007FF049940684867C5
:1010C000FFE70498FBF718FA04990220087301203F
:1010D0008DF83700FFE79DF837000EB080BD0000A7
:1010E00080B582B0019001980090007B012801D06A
:1010F000FFE715E00098006F08B9FFE710E00098DF
:1011000000F092F8009800F00FF8009800F030F925
:101110000098006F00F111020121FFF7FDFBFFE7CE
:1011200002B080BD0000000080B584B00390039839
:101130000190007B012801D0FFE76BE00198006F70
:1011400008B9FFE766E00199086F32300290029813
:10115000C07900F0010081F844000298C079C0F322
:10116000400081F845000298C079C0F3001081F872
:1011700046000298B0F90800FFF79EFC019880ED48
:10118000120A0298B0F90A00FFF796FC019880ED68
:10119000130A0298B0F90C00FFF78EFC019880ED5D
:1011A000140A0298B0F90E00FFF786FC019880ED52
:1011B000150A0298B0F91000FFF77EFC019880ED47
:1011C000160A0298B0F91200FFF776FC019880ED3C
:1011D000170A0298B0F91400FFF76EFC019880ED31
:1011E000180A0298B0F91600FFF766FC019880ED26
:1011F000190A0298B0F91800FFF75EFC019880ED1B
:101200001A0A0298B0F91A00FFF756FC019880ED0F
:101210001B0AFFE704B080BD81B000900099012057
:10122000087301B07047000080B58EB00D900D9826
:101230000490007B012801D0FFE794E007200B9089
:1012400041F6D000C2F2004002900BA90CF07CFBEA
:10125000014602980C910CF067FB0A900CA80AA9B1
:1012600015F066FE01460020039049B1FFE70CA887
:1012700003F042FE4068002818BF01200390FFE7FA
:101280000398C00758B1FFE70CA803F035FE049996
:10129000406809900998807E81F84000FFE70820A7
:1012A000079041F6D000C2F20040009007A90CF070
:1012B0004BFB0146009808910CF036FB069008A8FD
:1012C00006A915F035FE01460020019049B1FFE75F
:1012D00008A803F011FE4068002818BF0120019003
:1012E000FFE70198C00778B1FFE708A803F004FE04
:1012F0000499406805900598807E81F84100059822
:10130000C07E81F84200FFE741F66010C2F2004063
:101310000078C00720B1FFE704990120887410E02D
:1013200041F65E10C2F200400078C00720B1FFE72E
:1013300004990220887403E0049900208874FFE770
:10134000FFE7049941F65F10C2F20040007800F018
:101350000100C87441F66110C2F20040007800F04C
:1013600001000875FFE70EB080BD0000000000001E
:1013700080B584B0039003980190007B012801D0D0
:10138000FFE79CE00198006F08B9FFE797E001983C
:10139000016F11310291029A0021D171007CC007C6
:1013A00030B1FFE70299C87940F00100C871FFE74A
:1013B0000198407CC00730B1FFE70299C87940F03E
:1013C0000200C871FFE70198817C01F00303029AD3
:1013D000D17941EA8301D171C07CC00730B1FFE708
:1013E0000299C87940F01000C871FFE70198007DAC
:1013F000C00730B1FFE70299C87940F02000C871FA
:10140000FFE7019890ED060AFFF72AFB01460198D5
:10141000029A118190ED070AFFF722FB014601981D
:10142000029A518190ED080AFFF71AFB01460198D4
:10143000029A918190ED090AFFF712FB014601988B
:10144000029AD18190ED0A0AFFF70AFB0146019842
:10145000029A118290ED0B0AFFF702FB01460198F8
:10146000029A518290ED0C0AFFF7FAFA01460198B0
:10147000029A918290ED0D0AFFF7F2FA0146019867
:10148000029AD18290ED0E0AFFF7EAFA014601981E
:10149000029A118390ED0F0AFFF7E2FA01460198D4
:1014A000029A518390F84010029A117790F84110F7
:1014B000029A517790F8420002998877FFE704B0CA
:1014C00080BD00000000000080B582B0019001984E
:1014D0000090FBF75DF800984FF0FF31416002B0DB
:1014E00080BD00000000000080B582B0019001982E
:1014F000009000F009F80098782115F064FE02B021
:1015000080BD00000000000080B582B0019001980D
:101510000090FBF749F8009802B080BD0000000081
:1015200080B586B00590FFE741F6FC00C2F20040AE
:10153000009004900CF078FA0146009803910CF0AA
:1015400063FA0290FFE703A802A915F0FDFC70B151
:10155000FFE703A803F0DCFC0190019840680168F4
:1015600009688847FFE703A806F0B6FFEBE72820E5
:1015700018F06AFCD8E7000085B003908DF80B10D6
:10158000039800909DF80B000138014601911F2837
:1015900047D80199DFE801F0101845214545452A53
:1015A00045454545454545334545454545454545FD
:1015B000454545454545453C009801684EF6602047
:1015C000B0FBF1F004902FE0009801684EF6602027
:1015D000B0FBF1F04008049026E0009801684EF658
:1015E0006020B0FBF1F0800804901DE000980168D5
:1015F0004EF66020B0FBF1F0C008049014E00098B3
:1016000001684EF66020B0FBF1F0000904900BE099
:10161000009801684EF66020B0FBF1F0400904909C
:1016200002E000200490FFE7049805B07047000036
:1016300080B586B004AA019203908DF80B109DF935
:101640000B0020B9FFE700200590049015E09DF9FC
:101650000B002E3800EE100AB8EEC00AB2EE081ADF
:1016600080EE010A02200DF0F7FC01989FED061BA9
:1016700020EE010B80ED000BFFE7019890ED000BD1
:1016800006B080BD00BF00BF0000000000807B40AE
:1016900081B000900098807F00F0010001B0704799
:1016A00080B582B0019001980090782101603221CC
:1016B000017100214171083011F0BEFE009802B0A6
:1016C00080BD00000000000080B582B0019001984C
:1016D0000090083011F0C4FE009802B080BD0000F8
:1016E00081B000900098007901B0704700000000C0
:1016F00080B582B00190009101980099096801605D
:101700000099097901710099497901F0010141714C
:1017100000990831083011F0B3FE02B080BD00001E
:1017200080B58AB00790069107980590083004F0BC
:101730004FFD20B1FFE700200990089088E0059850
:10174000007FC00708BBFFE705990120087700204C
:101750004877888201F108000390898A11F0C0FE61
:1017600005990246039812788A75069A0492898A26
:1017700011F0B6FE014605984978FFF7FDFE059980
:10178000024604981044886148E0FFE705980699EE
:10179000826900209142029006D3FFE70598407FBE
:1017A00080F001000290FFE70298C007A8B3FFE7AE
:1017B0000599888A0130888201F108000090898AA1
:1017C00011F08EFE05990246009812788A75898A72
:1017D00011F086FE014605984978FFF7CDFE059980
:1017E000034600988A691A448A61898A019104F043
:1017F000E3FC0146019888420ED3FFE705980121DA
:101800004177002181754079C00720B1FFE7059934
:1018100000200877FFE7FFE7B8E7FFE70598407982
:10182000C00728B9FFE70598407FC00720B1FFE750
:1018300005990120887703E0059900208877FFE764
:10184000059890F91610FFF7F3FE8DED080BFFE7F2
:101850009DED080B0AB080BD81B00090009900207A
:101860000877487701B0704780B584B0039003983B
:10187000019000210291016001714171083011F065
:10188000DBFD019802998182817581610177417741
:10189000817704B080BD000080B582B001900198CE
:1018A0000090083011F0DCFD009802B080BD00000F
:1018B00080B58AB0089008980290C0680130A8B13D
:1018C000FFE7029800F10C01059006A8019005AA17
:1018D00015F0F2F8019A41F67801C2F2004103A82E
:1018E0000BF02EFF01208DF8270003E002208DF879
:1018F0002700FFE79DF827000AB080BD0000000028
:1019000082B001908DED000A022002B07047000005
:1019100080B584B002900298019001F02DFA0198F0
:10192000C068013068B1FFE7019800F10C0141F691
:101930007800C2F200400BF0F7FE01208DF80F0096
:1019400003E002208DF80F00FFE79DF80F0004B0C0
:1019500080BD00000000000080B582B001900198B9
:10196000009001F029FA00984FF0FF31416002B079
:1019700080BD00000000000080B582B00190019899
:10198000009001F021FA00984CF61451C0F60301C2
:10199000083101604FF0FF3141618161FF21017722
:1019A00020302C21DEF768FF00980121816002B011
:1019B00080BD00000000000081B00090FEDE00004D
:1019C00080B582B00190019800904CF61451C0F699
:1019D000030108310160FFF79BFF009801F00CFA4A
:1019E000009802B080BD000080B584B002900298DB
:1019F0000190007B20B9FFE702208DF80F0026E060
:101A00000198007DC00770B1FFE70198407DC007D5
:101A100048B1FFE701988069EEF70EFF0198006971
:101A2000E3F732FE0FE00198007DC00728B1FFE721
:101A300001980069E3F728FE04E001980069E3F7E4
:101A4000E3FDFFE7FFE701208DF80F00FFE79DF8BA
:101A50000F0004B080BD000080B58CB00A900991E1
:101A60000A980190099820B9FFE702208DF82F000D
:101A70005AE00198007B032804D1FFE702208DF88B
:101A80002F0051E00198099908910899096881602F
:101A90000899496801610899097A01F00101017505
:101AA0000899497A01F0010141750899C968816175
:101AB0000899097C017708991431203011F0C0FF92
:101AC00001980069E3F7A0FD0198007DC00760B1AF
:101AD000FFE7019901F12C00097F0022ADF81E20DB
:101AE0000DF11E0213F040FDFFE7019801F0A8F987
:101AF000019800F11001049005A8009004AA15F0C7
:101B000017F8009A41F60811C2F2004102A80CF041
:101B100007F801990120087341F62C12C2F2004225
:101B200011608DF82F00FFE79DF82F000CB080BDED
:101B300080B586B0049004980390007B012804D0FF
:101B4000FFE702208DF8170036E00398007DC007FC
:101B5000B0B1FFE70398407DC00788B1FFE7039865
:101B60008069EEF745FD0398016902912C3013F06E
:101B7000EFFC039A01460298127FE3F73DFC17E061
:101B80000398007DC00768B1FFE7039801690191E0
:101B90002C3013F0DDFC039A01460198127FE3F725
:101BA0002BFC04E003980069E3F71AFBFFE7FFE76B
:101BB00001208DF81700FFE79DF8170006B080BDE3
:101BC00081B0009001B0704780B582B0019001985B
:101BD000009001F05DF900980021416001724172AE
:101BE000C16001210174143011F006FF009802B0A9
:101BF00080BD00000000000080B582B00190019817
:101C00000090143011F00CFF009802B080BD00006D
:101C100080B584B00390029103980190007B28B1B5
:101C2000FFE70198007DC00708B9FFE718E00198B9
:101C3000042100F019F80146019801870E2100F0F7
:101C400013F8014601984187102100F00DF8014674
:101C500001988187132100F007F80199C887FFE7F1
:101C600004B080BD0000000080B58EB00C900B91D8
:101C70000C980390007B20B9FFE70220ADF83600F6
:101C800041E00398007DC007B8B3FFE70398203018
:101C9000029011F03DFE01460298089111F02CFED1
:101CA0000790089807990BAA0CF0EAF901460298E8
:101CB000099111F021FE069009A806A915F094F8E3
:101CC00020B1FFE70220ADF836001CE0039800F1D8
:101CD0002C010191203011F01BFE05900998049011
:101CE0000598049913F0B4FE01460198C9B213F0A7
:101CF000EFFC0088ADF82A0000E0FFE7BDF82A00FD
:101D0000ADF83600FFE7BDF836000EB080BD00002C
:101D100080B582B001900198009001F0E1F8009840
:101D20004CF63C51C0F6030108310160002101610D
:101D300001754175816101210177203011F05CFE50
:101D400000982C3013F0A0FC00980521416002B0EF
:101D500080BD00000000000080B582B001900198B5
:101D6000009000F009F80098402115F02CFA02B01C
:101D700080BD00000000000080B584B00290029891
:101D8000019003904CF63C51C0F60301083101600C
:101D900001F086F801988068013050B1FFE70198A2
:101DA00000F1100141F60810C2F200400BF0ACFE49
:101DB000FFE701982C3013F07BFC0198203011F0E4
:101DC0002FFE019801F0A4F8039804B080BD000034
:101DD00080B588B0DDF828C007900691059204937D
:101DE0000798029041F66410C2F2004006A90BF079
:101DF00003FC014602980968016205994160049953
:101E0000C1600A990161143001900A9800F024FA27
:101E10000146019800228DF80F200DF10F0213F0FA
:101E200033F90299086A00F017F908B080BD000084
:101E300080B582B001900198009000F05DFA0098A2
:101E400002B080BD0000000080B582B00190019812
:101E5000009000F065FA009802B080BD000000001C
:101E600080B588B0DDF828C00790069105920493EC
:101E70000798029041F66410C2F2004006A90BF0E8
:101E8000BBFB01460298096801620599416004990B
:101E9000C1600A990161143001900A9800F0DCF9E0
:101EA0000146019800228DF80F200DF10F0213F06A
:101EB000EBF80299086A00F007F908B080BD00004D
:101EC00080B588B00790069107980190069804F0B5
:101ED000EFFC0590069804F0D7FC014601980491A8
:101EE000143013F099F8039005980499039A0BF0B5
:101EF000F3FF01460198029100F002F808B080BD9E
:101F000080B582B001900199086A00F015FA02B01C
:101F100080BD00000000000080B582B001900198F3
:101F2000009000F0E9F9009802B080BD00000000C8
:101F300080B582B001900198009000F0F1F900980E
:101F400002B080BD0000000080B584B0029002980D
:101F50000190007B20B9FFE702208DF80F0018E008
:101F600001980069E7F75CFF20B1FFE702208DF8D8
:101F70000F000EE00198007B032806D1FFE70199CE
:101F8000012008738DF80F0003E002208DF80F0088
:101F9000FFE79DF80F0004B080BD000000000000C6
:101FA00080B58EB00C900B910C9804900B9820B9D2
:101FB000FFE702208DF8370048E00498007B0328F3
:101FC00004D1FFE702208DF837003FE004980B9919
:101FD0000A910A99096881600A99496840F8101FB6
:101FE000019000680A990831E6F756FE01980068EA
:101FF0006A46032111600222012303931146E6F78A
:10200000D7FE039A019800684021E6F7F1FD039995
:10201000019800680022E6F7FBFC049800F010FF2E
:1020200001990498079008A8029007AA14F08CFD63
:10203000029A41F61411C2F2004105A80BF0D0FD3E
:102040000499039808738DF83700FFE79DF837006F
:102050000EB080BD0000000080B58CB00A900991E0
:102060000A980190203002900CF09AF801460298EC
:1020700007910CF089F80690099805900798069941
:1020800005AA0CF021F80146029808910CF07CF8A2
:10209000049008A804A914F0E7FD58B1FFE70198DF
:1020A00020300999039103A90CF086F801208DF8DE
:1020B0002F0003E002208DF82F00FFE79DF82F008E
:1020C0000CB080BD0000000080B58CB00A90099172
:1020D0000A980190143002900CF0CAF80146029858
:1020E00007910CF0B9F806900998059007980699A1
:1020F00005AA0CF00DF80146029808910CF0ACF816
:10210000049008A804A914F0BFFD58B1FFE7019896
:1021100014300999039103A90CF0B6F801208DF849
:102120002F0003E002208DF82F00FFE79DF82F001D
:102130000CB080BD0000000080B584B00290029811
:102140000190007B012804D0FFE702208DF80F00EA
:1021500010E001980069E7F73BFE20B1FFE702209D
:102160008DF80F0006E001990320087301208DF817
:102170000F00FFE79DF80F0004B080BD00000000D5
:1021800081B0009001B0704780B582B00190019895
:10219000009000F07DFE0098002141608160C160E8
:1021A00002220261012242618161C16101624162D8
:1021B00002B080BD0000000080B5A6B0259024913B
:1021C00025980390006940210AAA14ABE6F74CFE5B
:1021D00003982030099009980BF0E2FF08900998C5
:1021E0000BF0D2FF0790FFE708A807A914F0E8FE5C
:1021F00068B3FFE708A802F03BFF06900698006866
:1022000040680A9988421DD1FFE7E8F7EDF8069982
:102210000968886006980068143004F041FB0146A4
:1022200014A802900844019006980068143012F037
:10223000F3FE0199024602980592059A0BF0D4FE2E
:102240000490FFE7FFE708A806F022FFCCE726B0DE
:1022500080BD00000000000083B001900198009054
:102260000F283AD80099DFE801F0080B0E11141777
:102270001A1D202326292C2F3235002002902FE012
:10228000012002902CE00220029029E0032002901D
:1022900026E00420029023E00520029020E00620A2
:1022A00002901DE0072002901AE00820029017E03B
:1022B0000C20029014E01020029011E014200290F3
:1022C0000EE0182002900BE02020029008E0302061
:1022D000029005E04020029002E000200290FFE71B
:1022E000029803B07047000082B0019000910199FC
:1022F0000220087302B0704780B582B00190019847
:1023000000904FF0FF310160002141608160C160A9
:1023100008210161143012F0BFFF009802B080BDA7
:1023200080B582B0019001980090143012F0F0FF57
:10233000009802B080BD000080B58EB00C900B916B
:102340000C980190007B032804D0FFE702208DF851
:10235000370025E001980B9949680291002103910B
:102360000B9AD26804920B9A126905920691079112
:10237000089109910A91006900900B98143012F0AD
:102380003FFE0246009802A9E6F7C2FB20B1FFE734
:1023900002208DF8370003E001208DF83700FFE7B9
:1023A0009DF837000EB080BD80B584B003900398CF
:1023B000019000F095FD01984CF65C51C0F60301C8
:1023C0000831016000210291016114300BF07CFFA3
:1023D000019820300BF010FF01980299416004B081
:1023E00080BD00000000000080B582B0019001981F
:1023F000009000F009F800982C2114F0E4FE02B0DF
:1024000080BD00000000000080B584B002900298FA
:10241000019003904CF65C51C0F603010831016055
:1024200000F03EFD01988068013050B1FFE701984F
:1024300000F1100141F61410C2F200400BF0C4FB91
:10244000FFE7019820300BF0E3FE019814300BF009
:1024500047FF019800F05CFD039804B080BD0000C8
:1024600080B58CB00A9009910A980290099820B919
:10247000FFE702208DF82F002CE00298007B032854
:1024800004D1FFE702208DF82F0023E0029809997C
:10249000089108990968816008994A68014641F8DD
:1024A000102F009100F0CCFC00990298059006A82E
:1024B000019005AA14F060FB019A41F62011C2F2C6
:1024C000004103A80BF02CFC0299012008738DF841
:1024D0002F00FFE79DF82F000CB080BD000000002A
:1024E00080B588B0069005910492039306980290F7
:1024F000007B012804D0FFE702208DF81F001AE0BE
:1025000002980321017300690599049ABDF80C3003
:10251000EE464FF00A0CCEF800C0EDF78DFB20B16F
:10252000FFE702208DF81F0005E0029901200873E3
:102530008DF81F00FFE79DF81F0008B080BD000068
:1025400081B0009001B0704780B582B001900198D1
:10255000009000F09DFC00980021416002B080BD19
:1025600080B586B004900391029204980190007B9C
:10257000012804D0FFE702208DF8170015E001982C
:102580000321017300690399BDF808200A23EDF7C0
:102590005FF920B1FFE702208DF8170005E00199EF
:1025A000012008738DF81700FFE79DF8170006B0AB
:1025B00080BD00000000000080B582B0019001984D
:1025C000009000F08DFC00984CF67C51C0F60301A1
:1025D00008310160002101610221416002B080BD2B
:1025E00080B582B001900198009000F009F8009841
:1025F000142114F0E8FD02B080BD000000000000CE
:1026000080B584B002900298019003904CF67C5102
:10261000C0F603010831016000F042FC01988068B7
:10262000013050B1FFE7019800F1100141F6201090
:10263000C2F200400BF068FBFFE7019800F068FC75
:10264000039804B080BD000082B08DED010A0198AE
:102650000090009945F6DF10C5F63770A0EB6100D9
:1026600000909DED000A9DED011ABEEE002A21EEBC
:10267000021A21EE002AB7EE081AA2EE001A20EE86
:10268000010A02B07047000080B596B00A9015901C
:1026900014911392129314990B9100228DF84720F4
:1026A000897F109210AA12F01FFA0B98007828B9AF
:1026B000FFE701208DF847000F90FBE00B98406A80
:1026C000099048B1FFE70998012831D0FFE7099840
:1026D000022800F08380E7E000200E90FFE70B99CE
:1026E0000E98897F884222D2FFE713980E9904F052
:1026F0006BF890ED000A8DED070A12980E9904F020
:1027000063F89DED070A01460A9891ED001A30EE34
:10271000410A8DED080A0E9912F02AFA9DED080A79
:1027200080ED000AFFE70E9801300E90D7E7BCE07D
:1027300000200D90FFE70B990D98897F88424CD2BD
:10274000FFE713980D9904F03FF890ED000A8DED26
:10275000050A12980D9904F037F89DED050A014617
:102760000A9891ED001A30EE410A8DED060A0D9996
:1027700012F0FEF99DED060A01460A9881ED000A65
:102780000D9912F0F5F990ED000AF7F7A1FB9FED16
:102790004E1AB4EE410AF1EE10FA19DDFFE70A987D
:1027A0000D9912F0E5F9D0ED000A9FED480A0CF002
:1027B00073FC0A988DED040A0D9912F0D9F99DED7C
:1027C000041A90ED000A30EE410A80ED000AFFE79E
:1027D000FFE70D9801300D90ADE766E000200C900A
:1027E000FFE70B990C98897F88425CD2FFE713982A
:1027F0000C9903F0E9FF90ED000A8DED020A1298A2
:102800000C9903F0E1FF9DED020A01460A9891ED53
:10281000001A30EE410A8DED030A0C9912F0A8F966
:102820009DED030A01460A9881ED000A0C9912F009
:102830009FF990ED000AF7F74BFB0B98808B01EEA8
:10284000100AB8EE411AB6EE002A21EE021AB4EED2
:10285000410AF1EE10FA21DDFFE70A980B99898B06
:1028600000EE101AB8EE400A8DED000A0C9912F035
:102870007FF99DED000AD0ED000A0CF00DFC0A98DE
:102880008DED010A0C9912F073F99DED011A90ED8E
:10289000000A30EE410A80ED000AFFE7FFE70C98DE
:1028A00001300C909DE7FFE7FFE701208DF847001E
:1028B0000F90FFE79DF8470020B9FFE70A9812F054
:1028C00047F9FFE716B080BD000034430000B44371
:1028D00080B588B006908DED050A049106980190A8
:1028E00090ED040AB5EE400AF1EE10FA14DDFFE7B0
:1028F0009DED050AF7F7ECFA019890ED041AB4EE95
:10290000410AF1EE10FA07DAFFE7049900200861A6
:1029100004998861079071E001999DED050A088C82
:1029200001EE100AB8EE411A80EE011A049890EDFB
:10293000040A30EE010A80ED040A0498103001F117
:10294000180291ED060AB1EE400A8DED030A03A9C3
:102950000CF0EAF901990068049A106104989DED61
:10296000051A90ED050A90ED062A31EE421A31EE75
:10297000401A9FED242AA1EE020A80ED050A91ED8E
:10298000010A9DED051A20EE010A049880ED000A67
:1029900091ED020A049890ED041A20EE010A80EDF0
:1029A000010A91ED030A049890ED051A20EE010A40
:1029B00080ED020A049890ED000A90ED012A90ED56
:1029C000021A30EE020A30EE010A80ED030A049882
:1029D0000C3001F1140291ED050AB1EE400A8DEDC3
:1029E000020A02A90CF0A0F900680499C8600598D1
:1029F000049988610498C0680790FFE79DED070A75
:102A000008B080BDCDCCCC3D81B0009000980021B5
:102A1000016041608160C16001614161816101B01B
:102A2000704700000000000080B588B0069006984E
:102A30000290007820B9FFE702208DF81F001AE00D
:102A400002980078032804D1FFE702208DF81F00C8
:102A500011E00298817F03A8019011F0E1F902983A
:102A60000199283011F05CFA019811F049FA01201F
:102A70008DF81F00FFE79DF81F0008B080BD000023
:102A800081B000900098012101704FF47A7141806B
:102A9000002141608160C1600161416181614FF449
:102AA00000528283016201B0704700000000000004
:102AB00080B590B003900F900E910D920C930E99EB
:102AC000049100228DF82F20897F0A920AAA12F021
:102AD0000BF80498007828B9FFE701208DF82F0043
:102AE000099058E004980078032805D1FFE70120F9
:102AF0008DF82F0009904EE00D9803F01DFE04990B
:102B0000897F884208D1FFE70C9803F015FE0499ED
:102B1000897F884205D0FFE701208DF82F000990BA
:102B200039E004990D9A0C9B06A8FFF7ADFD002033
:102B30000590FFE704990598897F884223D2FFE733
:102B4000059906A812F014F80146049891ED000AC0
:102B50008DED010A2830059911F0EEF99DED010A7D
:102B600001460498FFF7B4FE03988DED020A05991B
:102B700011F0FEFF9DED020A80ED000AFFE70598C7
:102B800001300590D6E701208DF82F00099006A8A6
:102B900011F0DEFFFFE79DF82F0020B9FFE7039853
:102BA00011F0D6FFFFE710B080BD0000000000006C
:102BB00080B586B00490039104980190039820B9E1
:102BC000FFE702208DF8170039E00198007803280C
:102BD00004D1FFE702208DF8170030E0039802903F
:102BE0000298007820B9FFE702208DF8170026E050
:102BF000019802994988018402990978817702999C
:102C0000496841600299896881600299C968C16018
:102C100002990969016102994969416102998969C9
:102C200081610299096A41620299898B8183FFF768
:102C3000FBFE0199012008708DF81700FFE79DF851
:102C4000170006B080BD0000B0B584B003900291BB
:102C500003980190DDF808C0DCF80010DCF80420CF
:102C6000DCF80830DCF80CE0DCF81040DCF814503C
:102C700045610461C0F80CE0836042600160DCF8EB
:102C80001810DCF81C20DCF82030DCF824C0C0F878
:102C900024C00362C261816128300299283111F099
:102CA00007F9019804B0B0BD80B582B001900198D9
:102CB00000900021017041608160C160016141614B
:102CC00081614FF400528283012282774FF47A723D
:102CD00002844162283011F0D7F8009802B080BD1C
:102CE00080B582B0019001980090283011F008F969
:102CF000009802B080BD000081B00090022001B0B9
:102D0000704700000000000081B00090022001B078
:102D1000704700000000000081B0009001B07047D3
:102D200080B58AB0089008980290C0680130A8B1B8
:102D3000FFE7029800F10C01059006A8019005AA92
:102D400013F0C6FE019A41F6C401C2F2004103A885
:102D50000AF082FD01208DF8270003E002208DF8A3
:102D60002700FFE79DF827000AB080BD00000000A3
:102D700081B0009001B0704780B584B00290029895
:102D80000190C068013068B1FFE7019800F10C01C3
:102D900041F6C400C2F200400AF052FD01208DF855
:102DA0000F0003E002208DF80F00FFE79DF80F00F1
:102DB00004B080BD0000000081B0009000984FF08A
:102DC000FF31016001B0704781B0009000984CF66F
:102DD0009C51C0F6030108310160002141604FF0B1
:102DE000FF328260C260017401B0704700000000D1
:102DF00081B00090FEDE000080B582B001900198A5
:102E000000904CF69C51C0F6030108310160FFF7B9
:102E1000B3FF009802B080BD81B00090022001B0E5
:102E2000704700000000000081B00090022001B057
:102E3000704700000000000081B0009001B07047B2
:102E400080B58AB008900898029080680130A8B1D7
:102E5000FFE7029800F10801059006A8019005AA75
:102E600013F01EFE019A41F66411C2F2004103A85C
:102E70000AF00AFC01208DF8270003E002208DF8FB
:102E80002700FFE79DF827000AB080BD0000000082
:102E900081B0009000984FF0FF31016001B07047A1
:102EA00080B584B00290029801908068013068B1CA
:102EB000FFE7019800F1080141F66410C2F20040FA
:102EC0000AF0D6FB01208DF80F0003E002208DF8F8
:102ED0000F00FFE79DF80F0004B080BD0000000068
:102EE00081B0009000984CF6C051C0F60301083143
:102EF00001604FF0FF31416081600021017301B03A
:102F0000704700000000000081B00090FEDE00006D
:102F100080B582B00190019800904CF6C051C0F687
:102F2000030108310160FFF7BBFF009802B080BDCC
:102F300080B584B0029002980190007B20B9FFE731
:102F400002208DF80F0018E001980069EEF710FBE1
:102F500020B1FFE702208DF80F000EE00198007B02
:102F6000032806D1FFE70199012008738DF80F00AF
:102F700003E002208DF80F00FFE79DF80F0004B07A
:102F800080BD00000000000080B59AB01890179135
:102F900018980890179820B9FFE702208DF867006D
:102FA00084E00898007B032804D1FFE702208DF815
:102FB00067007BE008981799169116990968816057
:102FC0001699496801611699097A01F001010175A4
:102FD0001699097D01F0010141750069EEF7C8FA03
:102FE00008984C3011F0A8FB0898007DC007F8B194
:102FF000FFE708981699C968816116990969016205
:1030000000F12801059181690691016A00208DF87F
:103010004B0013A807900DF14B0212F009F9059827
:103020000699079A11F0C4F8079812F071F9FFE7B2
:103030000898407DC007F8B1FFE70898169989699C
:10304000C1611699C969416200F134010291C169F7
:103050000391416A00208DF83B000FA804900DF108
:103060003B0212F0E5F802980399049A11F0A0F8D7
:10307000049812F04DF9FFE70898FFF7E1FE089871
:1030800000F110010B900CA801900BAA13F080FD29
:10309000019A41F65011C2F2004109A80AF0A0FEBF
:1030A0000899012008738DF86700FFE79DF8670015
:1030B0001AB080BD0000000080B58AB00890089862
:1030C0000490007B012804D0FFE702208DF8270040
:1030D0004CE004980168496988470498407DC0071E
:1030E00030B3FFE70498343011F056F801460498E5
:1030F0000791079940F8481F019050F8381C039138
:1031000001F026FE11F07CFF01460198029101F0CA
:103110001FFE03F0C5FB02990246039892B2EEF738
:103120000FF920B1FFE702208DF827001EE0FFE72E
:103130000498007DC00790B1FFE704982830009004
:1031400011F02AF8049A0146009806910699116434
:1031500011F022F80499059005984864FFE7049956
:103160000320087301208DF82700FFE79DF8270052
:103170000AB080BD0000000080B582B001900198C7
:103180000090407DC00760B1FFE70098007B0228F7
:1031900007D1FFE700980121017301680969884799
:1031A000FFE702B080BD000080B582B001900198B9
:1031B0000090FFF76DFE0098002343600372042225
:1031C000C2608021016103758261C16102B080BD6E
:1031D00080B594B01390129113980690007B28B19B
:1031E000FFE70698407DC00708B9FFE773E006983F
:1031F000407DC00700286ED0FFE70698129AB2F80B
:103200005C10B2F85E20891A11914830049001F0E8
:1032100097FD01460498109104F07AFC0146069847
:103220000591343010F0ACFF014605980F910FA9BD
:1032300013F0EEFD48B1FFE70698343010F0ACFF14
:1032400006990E900E988864FFE70698016903912D
:103250004830019001F07CFD11F0D2FE014601984A
:10326000029101F075FD03F01BFB029902460398E1
:1032700092B2EEF765F806984C300D900D9811F06B
:103280004FFA0C900D9811F03FFA0B90FFE70CA845
:103290000BA913F031FF70B1FFE70CA801F07CFD22
:1032A0000A900A981099119A03F0E6FBFFE70CA820
:1032B00004F04EFCEBE7109811F0AEFE0990109868
:1032C00011F092FE0890002007900998089907AA2B
:1032D0000AF0AEFEFFE714B080BD00000000000061
:1032E00080B590B00F900E910F980690007B28B19A
:1032F000FFE70698007DC00708B9FFE758E0069889
:10330000007DC007002853D0FFE7069844300490A2
:1033100001F01EFD11F080FE014604980D9101F0B0
:1033200017FD11F061FE0C9000200B900D980C9988
:103330000BAA0AF07DFE049804F0EAFB0146069809
:103340000591283010F01CFF014605980A910AA942
:1033500013F05EFD48B1FFE70698283010F01CFF1F
:103360000699099009984864FFE70698016C08914E
:10337000406C07900898079912F07AFBB8B1FFE704
:103380000698016903914430019001F0E1FC11F0CD
:1033900037FE01460198029101F0DAFC03F080FA51
:1033A00002990246039892B2EFF796F9FFE7FFE71A
:1033B00010B080BD0000000080B584B00390029181
:1033C00003980190016849698847019902200873B0
:1033D00004B080BD0000000080B584B0029001916F
:1033E00002980090007B20B9FFE702208DF80F00C3
:1033F00008E000984C30019911F0D6F901208DF8C1
:103400000F00FFE79DF80F0004B080BD0000000032
:1034100080B592B010900F910E9210980590007B9D
:1034200020B9FFE702208DF8470085E00598007D70
:10343000C00700286CD0FFE705990E98096A8842FA
:103440001BD8FFE70598016C0D91406C0C900D980E
:103450000C9912F00DFB01280FD0FFE70598416C85
:103460000B91006C0A900B980A9912F001FB0599D8
:1034700089690139884204D1FFE702208DF84700AD
:103480005AE00598403001F063FC0F990E9A0A4407
:1034900011F0E2FD0598016C0991406C08900998C3
:1034A000089912F0E5FAB8B9FFE7059801690491A7
:1034B0004430029001F04CFC11F0A2FD014602984C
:1034C000039101F045FC03F0EBF9039902460498DF
:1034D00092B2EFF701F9FFE70598403004F018FBCE
:1034E000014605980191283010F04AFE01460198E6
:1034F000079107A913F08CFC48B1FFE70598283025
:1035000010F04AFE0599069006980864FFE70FE060
:10351000059800690F99BDF838204FF47A73EFF7DA
:103520003FF820B1FFE702208DF8470004E0FFE7F5
:1035300001208DF84700FFE79DF8470012B080BDDD
:1035400080B582B0019001980090FFF7C9FC009807
:103550004CF6E051C0F60301083101600021016121
:103560000175417504218161C1618021016241625F
:10357000283010F0B5FE0098343010F0B1FE0098FD
:10358000403004F0BDFA0098443004F0B9FA0098D5
:10359000483004F0B5FA00984C3011F02DF900983D
:1035A0000121416002B080BD80B582B001900198D8
:1035B000009000F009F80098582113F004FE02B0C2
:1035C00080BD00000000000080B584B00290029829
:1035D000019003904CF6E051C0F603010831016000
:1035E000FFF75EFC01988068013050B1FFE7019859
:1035F00000F1100141F65010C2F200400AF0E4FB65
:10360000FFE701984C3011F00BF90198343010F0BD
:103610007BFE0198283010F077FE0198FFF778FCC8
:10362000039804B080BD000080B584B00290029879
:103630000190007B20B9FFE702208DF80F000BE01E
:10364000019800210171016889688847019901206A
:1036500008738DF80F00FFE79DF80F0004B080BDE0
:1036600083B0019001980090007B20B9FFE7022011
:103670008DF80B0008E00099022008710320087300
:1036800001208DF80B00FFE79DF80B0003B0704799
:1036900083B0019001980090407920B9FFE70220A3
:1036A0008DF80B0007E00099002008710120487197
:1036B0008DF80B00FFE79DF80B0003B0704700008A
:1036C00083B0019001980090407920B9FFE7022073
:1036D0008DF80B0007E0009A012010710321517151
:1036E0008DF80B00FFE79DF80B0003B0704700005A
:1036F00081B00090022001B070470000000000007F
:1037000081B00090022001B070470000000000006E
:1037100082B00190009101984CF60061C0F603015F
:103720000831016000998988818002B070470000EB
:1037300081B0009000984CF60061C0F6030108319A
:10374000016000210171417101B07047000000006B
:1037500081B00090FEDE000081B00090009801B0C2
:10376000704700000000000081B0009001B0704779
:1037700080B58AB00890089802908068013020B91E
:10378000FFE702208DF8270014E0029800F10801FD
:10379000059006A8019005AA13F0B2F9019A41F626
:1037A000D001C2F2004103A80AF0FAF801208DF816
:1037B0002700FFE79DF827000AB080BD0000000049
:1037C00081B00090022001B07047000000000000AE
:1037D00081B0009001B0704780B584B0029002982B
:1037E00001908068013020B9FFE702208DF80F00BA
:1037F0000CE0019800F1080141F6D000C2F200404F
:103800000AF0C2F801208DF80F00FFE79DF80F00C5
:1038100004B080BD0000000081B0009000984FF01F
:10382000FF31016001B0704782B0019000910198B2
:103830004CF62461C0F6030108310160DDF800C0D8
:10384000DCF80410DCF80820DCF80C30DCF810C0E0
:10385000C0F810C0C3608260416002B070470000D1
:1038600081B0009000984CF62461C0F60301083145
:103870000160002101714FF0FF328260017301612C
:1038800001B070470000000081B00090FEDE000033
:1038900080B582B00190019800904CF62461C0F68A
:1038A000030108310160FFF797FF009802B080BD67
:1038B00080B58AB00890079108980490079820B9BD
:1038C000FFE702208DF8270081E0079800680130AB
:1038D00020B9FFE702208DF8270078E0002006904D
:1038E000079805900598806820B9FFE702208DF8B9
:1038F00027006CE0049905980068C8600598806806
:10390000C1F898000598007B81F89C000598006933
:10391000C1F8A00005984069C1F8A4000598011DF0
:1039200041F66410C2F2004009F066FE01460498B8
:103930000968C1640599497B01F0010180F87410A0
:1039400090F99C000146039102281CD0FFE70398E0
:1039500003282ED1FFE70498D0F8981001F54071A4
:103960000691503005994968069AEC460823CCF830
:1039700000300023FEF72CFA0498FFF7D1F90498E1
:10398000FDF796FF16E00498059989690691503075
:1039900005994968069AEC460823CCF800300023C4
:1039A000FEF716FA0498FFF7BBF90498FDF780FFBD
:1039B00000E0FFE70499012002900874002088616C
:1039C000084600F009F802988DF82700FFE79DF8F7
:1039D00027000AB080BD000080B588B00690059130
:1039E00006980190059820B9FFE702208DF81F0086
:1039F0002DE00598007C20B9FFE702208DF81F001C
:103A000025E0019890F99C00022804D0FFE70220ED
:103A10008DF81F001BE0019800F1800102A80090C2
:103A200011F04EFC009941F6A830C2F20040FEF7BA
:103A300047FA009941F6CC30C2F20040FEF740FA56
:103A4000009801218DF81F1011F062FCFFE79DF82E
:103A50001F0008B080BD000080B58CB00A900A98A5
:103A60000890806918B9FFE700200B9062E0089881
:103A700090F87400C00718B9FFE700200B9059E0D8
:103A80000898203002210BF017F9006878B9FFE799
:103A90000898C06F58B9FFE70898203001210BF053
:103AA0000BF908990068C86700200B9042E008985D
:103AB000203001210BF000F908990068C96F401A05
:103AC0000990099806900028079002D50698404270
:103AD000079008990798896F01EBD171B0EB610FDE
:103AE00015DDFFE70898806F029009980390049015
:103AF0000028059002D50498404205900298039A48
:103B0000059992FBF1F100FB11200990FFE708985D
:103B10002030019001210BF0CFF8089A014601985E
:103B20000968D16702210BF0C7F8006809990844B9
:103B30000B90FFE70B980CB080BD00000000000068
:103B400086B08DED050ACDED040A8DED031A0290C5
:103B50009DED030A9DED041A30EE410A8DED010A38
:103B6000049800909DED050A9DED001A30EE410A83
:103B7000029901208840013801EE100AB8EEC11AFE
:103B800020EE010A9DED011A80EE010ABDEEC00A89
:103B900010EE100A06B0704786B005908DED040A4D
:103BA000CDED030A02919DED030A9DED041A30EE5E
:103BB000410A8DED010A049800909DED050AB8EECA
:103BC000C00A9DED011A20EE010A029901208840E9
:103BD000013801EE100AB8EEC11A80EE010A9DED1F
:103BE000001A30EE010A06B0704700000000000025
:103BF00080B5A8B0279027982690007C08B9FFE7E9
:103C000052E1269890F99C0001462591022800F087
:103C10009580FFE72598032840F04581FFE7269827
:103C20004168806D8842C0F08880FFE72698643044
:103C3000219000211C9111F07BFB0146219809780D
:103C400018910121199111F073FB189B19990246E3
:103C50002698127842EA032212B21A922030239058
:103C60000BF02AF81A99024621981160022111F0EE
:103C70005FFB0146219809781B91032111F058FB45
:103C80001B9B1C9902462398127842EA032212B227
:103C90001D920BF011F81D99024621981160042124
:103CA00011F046FB0146219809781E9105211F91CC
:103CB00011F03EFB1E9B1F9902462398127842EAA0
:103CC000032212B220920AF0F7FF209902462198AF
:103CD00011600621229111F02BFB229902462398B4
:103CE00092F9002024920AF0E7FF249902462698D0
:103CF000116090F87400C00728B1FFE72698FFF71D
:103D0000ABFE179002E000201790FFE72698179966
:103D1000169120301590022114910AF0CDFF1499CC
:103D2000169A034615981A600AF0C6FF26990246AD
:103D300016981060886D4860FFE7B5E026984168E6
:103D4000806D8842C0F0AE80FFE726986430109006
:103D50000021099111F0ECFA01462698097801F04A
:103D60000F0103912030129009210AF0A5FF039A58
:103D70000999034610981A6011F0DAFA0146129870
:103D80000978090904910A210AF096FF049902466C
:103D9000109811600121069111F0CAFA014610989D
:103DA00009780591022111F0C3FA059B0699024694
:103DB0001298127842EA032207920AF07DFF0799CF
:103DC00002461098116003210D9111F0B1FA0146DD
:103DD000109809780901089104210B9111F0A8FAB3
:103DE000089A0999034612981B7842EA13120A921C
:103DF0000AF062FF0A9A0B99034610981A6011F0B4
:103E000097FA01461098097801F00F010C910521ED
:103E100011F08EFA0C9B0D9902461298127842EA24
:103E200003220E920AF048FF0E9902461098116084
:103E3000062111F07DFA0146129891F900100F91B8
:103E400008210AF039FF0F990246109811600721E6
:103E5000119111F06DFA11990246129892F9002011
:103E600013920AF029FF139902462698116090F8E0
:103E70007400C00728B1FFE72698FFF7EDFD029018
:103E800002E000200290FFE726980299019120307D
:103E900002210AF011FF2699024601981060886DF0
:103EA0004860FFE700E0FFE728B080BD00000000A9
:103EB00080B582B0019001980090FDF74DFD00980B
:103EC00000218160FF2202734173016141618161C0
:103ED000C16102B080BD000080B588B0079007982E
:103EE00003900A2106914FF4FA7105913221049151
:103EF0008069013008B9FFE72BE0039890F99C0036
:103F0000022805D1FFE703990846FFF765FDFFE7A3
:103F1000E6F76AFA03994968401A332804D3FFE7A1
:103F200003990020886114E00398203000210AF0F2
:103F3000C3FE006801900028029002D5019840421B
:103F400002900399029A0220322AB8BF01208861A8
:103F5000FFE708B080BD000080B58AB008900791E7
:103F60008DED060ACDED050A8DED041ACDED031A8F
:103F70008DED022A089820B9FFE702208DF827006E
:103F800012E008980190019807999DED060ADDED71
:103F9000050A9DED041ADDED031A9DED022A00F0DD
:103FA00007F88DF82700FFE79DF827000AB080BDCD
:103FB00080B598B010AA0B9202460B9816921591F4
:103FC00080ED040AC0ED030A80ED021AC0ED011A6B
:103FD00080ED002A16980C90007C20B9FFE70220A3
:103FE0008DF85F00B5E0159802F05AFC082804D05F
:103FF000FFE702208DF85F00ABE00C9890F99C0081
:10400000022804D0FFE702208DF85F00A1E00B98A2
:1040100090ED040ADFED510A9FED511A1020FFF7D1
:104020008FFD01460B98ADF83E1090ED030AFBEEB4
:104030000E0AB3EE0E1A0C200190FFF781FD0B99CA
:1040400002460198ADF83C2091ED010ADFED450AEA
:10405000CDED000A9FED441AFFF772FDDDED000A79
:104060000B9902460198ADF83A2091ED000AB1EEA5
:10407000041AFFF765FD0B9902460198ADF8382048
:1040800091ED020AFAEE040AB2EE041AFFF758FDA7
:10409000ADF836009DF83F0002901598002111F010
:1040A00047F90146029808709DF83E000390159864
:1040B00001210A9111F03CF9014603980870BDF8FE
:1040C0003C00000904901598022111F031F90146D5
:1040D00004980870BDF83C109DF83B0040EA0110C0
:1040E00005901598032111F023F9014605980870F1
:1040F0009DF83A0006901598042111F019F901462F
:1041000006980870BDF83800000907901598052139
:1041100011F00EF9014607980870BDF838109DF8A7
:10412000370040EA011008901598062111F000F9B7
:104130000146089808709DF83600099015980721E7
:1041400011F0F6F8099902460A9811708DF85F008F
:10415000FFE79DF85F0018B080BD00BFD80F49C0D1
:10416000D80F4940000000000000FA4300000000A2
:1041700080B58EB00D900D980290FDF7FDFB029872
:104180004CF64C61C0F60301083101600021049136
:10419000C1645030FDF74CFE0298049980F8741009
:1041A0004FF400528267C1678030FF2103918DF880
:1041B00024108DF825108DF826108DF827108DF815
:1041C00028108DF829108DF82A10FC218DF82B105D
:1041D00009A90B91082101910C910B990C9A10F0EF
:1041E000DFFF02980199039A8C308DF814208DF826
:1041F00015208DF816208DF817208DF818208DF8D1
:1042000019208DF81A20FD228DF81B2005AA07928F
:1042100008910799089A10F0C3FF0298039A04992D
:10422000C0F8981080F89C20C0F8A010C0F8A41026
:104230000EB080BD0000000080B582B001900198F2
:10424000009000F009F80098A82112F0BCFF02B01D
:1042500080BD00000000000080B584B0039003988A
:1042600002904CF64C61C0F6030101F108020146D0
:1042700041F8502B01918C3011F04AF802988030AF
:1042800011F046F80198FDF7DFFD0298FDF798FB65
:10429000029804B080BD000080B58AB008900898EC
:1042A0000290C0680130A8B1FFE7029800F10C014C
:1042B000059006A8019005AA12F016FC019A41F695
:1042C000F441C2F2004103A809F0FAFA01208DF886
:1042D000270003E002208DF82700FFE79DF8270064
:1042E0000AB080BD0000000080B582B00190019846
:1042F0000090FEF761FD00984FF0FF31416002B081
:1043000080BD00000000000087B006900698C0EB5A
:10431000001040010590002004904EF21800CEF2EB
:10432000000001680391006802904EF21400CEF282
:10433000000000680190FFE74EF21800CEF2000086
:10434000006803900398029988421FD0FFE7039802
:104350000299884205D2FFE702980399401A00901B
:1043600006E001980399401A029908440090FFE77B
:1043700000990498084404900398029004980599C1
:10438000884202D3FFE707B07047FFE7D4E7000099
:1043900080B586B00490049800900590FEF714FD57
:1043A00000994CF67460C0F60300083008604FF0C6
:1043B000FF30486188610020019048630863C8624B
:1043C000886248620862C861886301F13C00443138
:1043D00002910390FFE70399029A002041F8040B31
:1043E000084691420390F6D1FFE7009902208860C9
:1043F000059806B080BD000081B00090FEDE000090
:1044000080B582B00190019800904CF67461C0F6BE
:10441000030108310160FEF7AFFC0098FEF7ECFCE9
:10442000009802B080BD000084B003908DF80B109E
:104430000192FFE70198411E019188B1FFE79DF8C5
:104440000B0003994A1C0392097848400090009998
:104450004CF66E10C0F60300405C8DF80B00E9E7E7
:104460009DF80B0004B0704784B00390ADF80A10BB
:104470000192FFE70198411E0191A8B1FFE79DF865
:104480000A0003994A1C03920978484000909DF85D
:104490000B00009A4CF26E71C0F6030131F8121055
:1044A0004840ADF80A00E5E7BDF80A0004B07047DF
:1044B00080B584B0039003988168007988478DF8AF
:1044C0000B000398C07800F00700012805DBFFE728
:1044D0000399088801300880FFE79DF80B000399D5
:1044E000C978B0EBD11F1FD0FFE7039AD178012024
:1044F00000EBD10000F0070001F0C70141EAC00164
:10450000D17003280FDBFFE79DF80B200399C878D3
:1045100000F07F0040EAC210C8700399C87800F02C
:10452000C700C870FFE705E00399C87800F0C7002E
:10453000C870FFE70398C07800F0070001460191BA
:10454000052800F24B810199DFE811F006003300E5
:104550007000E20048011C010398C178C1F380108B
:10456000B0EBD11F1DD1FFE70399887800F00F0051
:1045700088700398C06820B1FFE70398C168884736
:10458000FFE70399002008800399887800F0F00085
:10459000013088700399C87800F0F8000130C870C5
:1045A00006E003998878082262F31F108870FFE7FD
:1045B0001AE10398C178C1F38010B0EBD11F18D075
:1045C000FFE703998878012262F31F10887003982F
:1045D000006920B1FFE7039801698847FFE7039965
:1045E000002008800399C87800F0F8000230C870F5
:1045F0001BE003980088B0F5FA7F15DDFFE703990B
:104600008878052262F31F1088700398006A20B131
:10461000FFE70398016A8847FFE70399C87800F02D
:10462000F8000530C870FFE7FFE7DDE00398C178C8
:10463000C1F38010B0EBD11F30D1FFE70399887828
:1046400000F00F0088700398C06820B1FFE703985E
:10465000C1688847FFE70398807800F00F000F28B3
:104660000AD0FFE703998878421C02F00F0200F09D
:10467000F00010448870FFE70398406920B1FFE71D
:10468000039841698847FFE7039900200880039950
:10469000C87800F0F8000330C87038E0039800884C
:1046A000972833DBFFE70398807800F00F0001289C
:1046B0000FD1FFE703998878032262F31F108870F7
:1046C0000398806920B1FFE7039881698847FFE775
:1046D00016E00398807800F00F0002280FD1FFE762
:1046E00003998878042262F31F1088700398C069C8
:1046F00020B1FFE70398C1698847FFE7FFE7FFE7BD
:104700000399C87800F0F800C870FFE7FFE76BE096
:104710000398C178C1F38010B0EBD11F24D0FFE71C
:1047200003998878012262F31F108870039800694A
:1047300020B1FFE7039801698847FFE703980088E5
:1047400095280ADCFFE70399002008800399C878C0
:1047500000F0F8000230C87005E00399C87800F056
:10476000F800C870FFE70CE003980088972807DB83
:10477000FFE70399C87800F0F8000130C870FFE740
:10478000FFE731E00398C178C1F38010B0EBD11F8F
:104790000FD1FFE703998878062262F31F10887013
:1047A0000398406A20B1FFE70398416A8847FFE712
:1047B00013E003998878012262F31F108870039830
:1047C000006920B1FFE7039801698847FFE7039973
:1047D000C87800F0F800C870FFE705E00399C878D2
:1047E00000F0F800C870FFE704B080BD00000000D2
:1047F00081B000900098806AB0F1FF3018BF0120AE
:1048000001B070470000000081B000900099086876
:10481000496800EB410001B0704700000000000053
:1048200081B000900098006801B07047000000005F
:1048300081B0009000990868496800EB810001B0E0
:10484000704700000000000081B0009000980068F0
:1048500001B070470000000081B000900099086826
:10486000496800EB810001B07047000000000000C3
:1048700081B000900098406801B0704700000000CF
:1048800081B000900098006801B0704700000000FF
:1048900081B00090009908684968084401B07047E9
:1048A00081B000900098406801B07047000000009F
:1048B00081B000900098006801B0704700000000CF
:1048C00080B584B0039002910192039883680299A5
:1048D0000968019A1268984704B080BD0000000082
:1048E00080B584B003900291019203988368029985
:1048F000019A1268984704B080BD000000000000D3
:1049000082B001900091009802B070470000000052
:1049100082B001900091009802B070470000000042
:1049200082B001900091009802B070470000000032
:1049300080B582B00190019804F012FD08F088F96A
:1049400002B080BD0000000080B582B001900198E7
:10495000083000F02DFE02B080BD00000000000015
:1049600080B582B001900198FFF7EEFF0068B0FAC1
:1049700080F0400902B080BD80B582B001900198FE
:1049800004F022FD08F06CF902B080BD00000000C8
:1049900080B582B001900198083000F011FE02B09D
:1049A00080BD00000000000080B582B00190019839
:1049B000FFF7EEFF0068B0FA80F0400902B080BD5A
:1049C00080B582B00190019800F022FD006802B02D
:1049D00080BD00000000000080B582B00190019809
:1049E00000F016FD006802B080BD0000000000006D
:1049F00080B582B00190019800F012FD006802B00D
:104A000080BD00000000000080B582B001900198D8
:104A100000F006FD006802B080BD0000000000004C
:104A200080B582B00190019800F002FD006802B0EC
:104A300080BD00000000000080B582B001900198A8
:104A400000F0F6FC006802B080BD0000000000002D
:104A500080B582B00190019800F0F2FC006802B0CD
:104A600080BD00000000000080B582B00190019878
:104A700000F0E6FC006802B080BD0000000000000D
:104A800080B582B00190019800F0E2FC006802B0AD
:104A900080BD00000000000080B582B00190019848
:104AA00000F0D6FC006802B080BD000000000000ED
:104AB00080B582B00190019800F0D2FC006802B08D
:104AC00080BD00000000000080B582B00190019818
:104AD00000F0C6FC006802B080BD000000000000CD
:104AE00080B582B00190019800F0C2FC006802B06D
:104AF00080BD00000000000080B582B001900198E8
:104B000000F0B6FC006802B080BD000000000000AC
:104B100080B582B00190019800F0B2FC006802B04C
:104B200080BD00000000000080B582B001900198B7
:104B300000F0A6FC006802B080BD0000000000008C
:104B400080B582B00190019800F0A2FC006802B02C
:104B500080BD00000000000080B582B00190019887
:104B600000F096FC006802B080BD0000000000006C
:104B700080B582B00190019800F092FC006802B00C
:104B800080BD00000000000080B582B00190019857
:104B900000F086FC006802B080BD0000000000004C
:104BA00080B582B00190019800F082FC006802B0EC
:104BB00080BD00000000000080B582B00190019827
:104BC00000F076FC006802B080BD0000000000002C
:104BD00080B584B0DDF818C0039102920193029968
:104BE000019A069B06F084FB04B080BD0000000023
:104BF00080B584B0DDF818C0039102920193029948
:104C0000019A069B06F090FB04B080BD00000000F6
:104C100080B584B0DDF818C0039102920193029927
:104C2000019A069B06F09CFB04B080BD00000000CA
:104C300080B584B0DDF818C0039102920193029907
:104C4000019A069B06F0A8FB04B080BD000000009E
:104C500080B584B0DDF818C00391029201930299E7
:104C6000019A069B06F0B4FB04B080BD0000000072
:104C700080B584B0DDF818C00391029201930299C7
:104C8000019A069B06F0C0FB04B080BD0000000046
:104C900080B584B0DDF818C00391029201930299A7
:104CA000019A069B06F0D4FB04B080BD0000000012
:104CB00080B584B0DDF818C0039102920193029987
:104CC000019A069B06F0E0FB04B080BD00000000E6
:104CD00081B000900098006801B0704700000000AB
:104CE00080B584B002900191029800680390019908
:104CF00003A802F0DDFE039804B080BD00000000B0
:104D000081B000900098006801B07047000000007A
:104D100080B584B0029001910298006803900199D7
:104D200003A802F0D9FE039804B080BD0000000083
:104D300081B000900098006801B07047000000004A
:104D400081B000900098006801B07047000000003A
:104D500080B582B001900198006802F0B1FF02B006
:104D600080BD00000000000081B000900098006845
:104D700001B070470000000081B00090009800680A
:104D800001B070470000000081B0009000980068FA
:104D900001B070470000000081B0009000980068EA
:104DA00001B070470000000081B0009000980068DA
:104DB00001B070470000000081B0009000980068CA
:104DC00001B070470000000080B584B002900191EE
:104DD000029800680390019903A802F0C9FE0398A5
:104DE00004B080BD0000000080B582B00190019841
:104DF00010F0CAFC02B080BD80B582B0019001986D
:104E000010F0CAFC02B080BD80B582B0019001985C
:104E100010F0CAFC02B080BD80B582B0019001984C
:104E200010F0CAFC02B080BD80B582B0019001983C
:104E300010F0CAFC02B080BD80B582B0019001982C
:104E400010F0CAFC02B080BD80B582B0019001981C
:104E500010F0CAFC02B080BD80B582B0019001980C
:104E600010F0CAFC02B080BD80B582B001900198FC
:104E700010F0CAFC02B080BD80B582B001900198EC
:104E800010F0CAFC02B080BD80B582B001900198DC
:104E900010F0CAFC02B080BD80B582B001900198CC
:104EA00000F012F902F03CFF02B080BD00000000EB
:104EB00080B582B00190019800F03AF902F040FF0D
:104EC00002B080BD0000000080B582B00190019862
:104ED00000F02EF902F034FF04F0AAF802B080BD11
:104EE00080B582B00190019800F042F902F038FFDD
:104EF00002B080BD0000000080B582B00190019832
:104F000000F036F902F02CFF04F09AF802B080BDF0
:104F100080B582B00190019800F04AF902F028FFB4
:104F200002B080BD0000000080B582B00190019801
:104F300000F05EF902F024FF04F08AF802B080BDB0
:104F400080B582B00190019800F072F902F020FF64
:104F500004F086F802B080BD80B582B0019001985F
:104F600000F086F902F01CFF02B080BD00000000D6
:104F700080B582B00190019800F0AEF902F020FFF8
:104F800004F076F802B080BD80B582B0019001983F
:104F9000009000F00DF8009900680968401A801030
:104FA0004AF6AB21CAF6AA21484302B080BD0000F0
:104FB00080B582B0019001980C3000F091FA02B0F7
:104FC00080BD00000000000080B582B00190019813
:104FD000009000F009F8009900680968401A001173
:104FE00002B080BD0000000080B582B00190019841
:104FF0000C3000F095FA02B080BD00000000000007
:1050000080B582B001900198009000F009F80099F5
:1050100000680968401A02B080BD0000000000006E
:1050200080B582B0019001980C3000F0A1FA02B076
:1050300080BD00000000000080B582B001900198A2
:10504000009000F009F8009900680968401A4010C3
:1050500002B080BD0000000080B582B001900198D0
:105060000C3000F09DFA02B080BD0000000000008E
:1050700080B582B001900198006804F079F902F0DF
:105080009FFC02B080BD000080B582B00190019805
:10509000006804F0A1F902F0BBFC02B080BD000082
:1050A00081B000900098006801B0704700000000D7
:1050B00080B582B001900198FFF7F2FF103002B086
:1050C00080BD00000000000080B582B00190019812
:1050D000FFF7E6FF103003F053FF02B080BD000081
:1050E00081B000900098006801B070470000000097
:1050F00080B582B001900198FFF7F2FF103002B046
:1051000080BD00000000000081B0009000980068A1
:1051100001B070470000000080B582B00190019896
:10512000FFF7F2FF103002B080BD00000000000069
:1051300080B582B001900198FFF7E6FF103003F0D0
:1051400027FF02B080BD000081B000900098006889
:1051500001B070470000000080B582B00190019856
:10516000FFF7F2FF103002B080BD00000000000029
:1051700080B582B001900198FFF7E6FF103003F090
:105180000FFF02B080BD000081B000900098006861
:1051900001B070470000000080B582B00190019816
:1051A000FFF7F2FF103002B080BD000000000000E9
:1051B00080B582B001900198FFF7E6FF103003F050
:1051C000F7FE02B080BD000081B00090009800683A
:1051D00001B070470000000080B582B001900198D6
:1051E000FFF7F2FF103002B080BD000000000000A9
:1051F00080B582B001900198FFF7E6FF103003F010
:10520000DFFE02B080BD000081B000900098006811
:1052100001B070470000000080B582B00190019895
:10522000FFF7F2FF103002B080BD00000000000068
:1052300080B582B001900198FFF7E6FF103003F0CF
:10524000C7FE02B080BD000081B0009000980068E9
:1052500001B070470000000080B582B00190019855
:10526000FFF7F2FF103002B080BD00000000000028
:1052700080B582B001900198FFF7E6FF103003F08F
:10528000AFFE02B080BD000081B0009000980068C1
:1052900001B070470000000080B582B00190019815
:1052A000FFF7F2FF103002B080BD000000000000E8
:1052B00081B000900098006801B0704700000000C5
:1052C00080B582B001900198FFF7F2FF103002B074
:1052D00080BD00000000000080B582B00190019800
:1052E000FFF7E6FF103003F083FE02B080BD000040
:1052F00081B000900098806801B070470000000005
:1053000080B582B00190019800F0F2FB02B080BD40
:1053100080B582B00190019800F0EAFB02B080BD38
:1053200080B582B00190019800F0E2FB02B080BD30
:1053300080B582B00190019800F0DAFB02B080BD28
:1053400080B582B00190019800F0D2FB02B080BD20
:1053500080B582B00190019800F0CAFB02B080BD18
:1053600080B582B00190019800F0C2FB02B080BD10
:1053700080B582B00190019800F0BAFB02B080BD08
:1053800080B582B00190019800F0B2FB02B080BD00
:1053900080B582B00190019800F0AAFB02B080BDF8
:1053A00080B582B00190019800F0A2FB02B080BDF0
:1053B00080B582B00190019800F0E2FB02B080BDA0
:1053C00080B582B00190019800F09AFB02B080BDD8
:1053D00080B582B00190019800F0DAFB02B080BD88
:1053E00080B582B00190019800F092FB02B080BDC0
:1053F00080B582B00190019800F0D2FB02B080BD70
:1054000080B582B00190019800F08AFB02B080BDA7
:1054100080B582B00190019800F0CAFB02B080BD57
:1054200080B582B00190019800F0CAFB02B080BD47
:1054300080B582B00190019800F0CAFB02B080BD37
:1054400080B582B00190019800F0CAFB02B080BD27
:1054500080B582B00190019800F0CAFB02B080BD17
:1054600080B582B00190019800F0CAFB02B080BD07
:1054700080B582B00190019800F0CAFB02B080BDF7
:1054800080B582B00190019800F0CAFB02B080BDE7
:1054900080B582B00190019800F0CAFB02B080BDD7
:1054A00080B582B00190019800F0CAFB02B080BDC7
:1054B00080B582B00190019800F0CAFB02B080BDB7
:1054C00080B582B00190019800F0CAFB02B080BDA7
:1054D00080B582B00190019800F02AFB02B080BD37
:1054E00080B582B00190019800F0BAFB02B080BD97
:1054F00080B582B00190019800F0BAFB02B080BD87
:1055000080B582B00190019800F0BAFB02B080BD76
:1055100080B582B00190019800F012FB02B080BD0E
:1055200080B582B00190019800F0AAFB02B080BD66
:1055300080B582B00190019800F0AAFB02B080BD56
:1055400080B582B00190019800F002FB02B080BDEE
:1055500080B582B00190019800F0A2FB02B080BD3E
:1055600080B582B00190019800F0FAFA02B080BDD7
:1055700080B582B00190019800F092FB02B080BD2E
:1055800080B582B00190019800F092FB02B080BD1E
:1055900080B582B00190019800F0EAFA02B080BDB7
:1055A00080B582B00190019800F082FB02B080BD0E
:1055B00080B582B00190019800F082FB02B080BDFE
:1055C00080B582B00190019800F07AFB02B080BDF6
:1055D00081B000900098806801B070470000000022
:1055E00081B000900098806801B070470000000012
:1055F00080B586B0059004910392059802900498B6
:1056000001900398FFF7F0FB01990246029800F021
:105610005FFB06B080BD000080B584B003900291AE
:105620000192039800900298FFF7DEFB0146009874
:10563000019A00F04DFB04B080BD000000000000A6
:1056400080B586B005900491039205980290049865
:1056500001900398FFF7D0FB01990246029800F0F1
:1056600047FB06B080BD000080B584B00390029176
:105670000192039800900298FFF7BEFB0146009844
:10568000019A00F035FB04B080BD0000000000006E
:1056900080B586B005900491039205980290049815
:1056A00001900398FFF7B0FB01990246029800F0C1
:1056B0001FFB06B080BD000080B584B0039002914E
:1056C0000192039800900298FFF79EFB0146009814
:1056D000019A00F00DFB04B080BD00000000000046
:1056E00080B586B0059004910392059802900498C5
:1056F00001900398FFF790FB01990246029800F091
:10570000F7FA06B080BD000080B584B00390029126
:105710000192039800900298FFF77EFB01460098E3
:10572000019A00F0E5FA04B080BD0000000000001E
:1057300080B586B005900491039205980290049874
:1057400001900398FFF770FB01990246029800F060
:10575000DFFA06B080BD000080B584B003900291EE
:105760000192039800900298FFF75EFB01460098B3
:10577000019A00F0CDFA04B080BD000000000000E6
:1057800080B586B005900491039205980290049824
:1057900001900398FFF750FB01990246029800F030
:1057A000C7FA06B080BD000080B584B003900291B6
:1057B0000192039800900298FFF73EFB0146009883
:1057C000019A00F0B5FA04B080BD000000000000AE
:1057D00080B586B0059004910392059802900498D4
:1057E00001900398FFF730FB01990246029800F000
:1057F000AFFA06B080BD000080B584B0039002917E
:105800000192039800900298FFF71EFB0146009852
:10581000019A00F09DFA04B080BD00000000000075
:1058200080B586B005900491039205980290049883
:1058300001900398FFF710FB01990246029800F0CF
:1058400097FA06B080BD000080B584B00390029145
:105850000192039800900298FFF7FEFA0146009823
:10586000019A00F085FA04B080BD0000000000003D
:1058700080B586B005900491039205980290049833
:1058800001900398FFF7F0FA01990246029800F0A0
:105890007FFA06B080BD000080B584B0039002910D
:1058A0000192039800900298FFF7DEFA01460098F3
:1058B000019A00F06DFA04B080BD00000000000005
:1058C00080B586B0059004910392059802900498E3
:1058D00001900398FFF7D0FA01990246029800F070
:1058E00067FA06B080BD000080B584B003900291D5
:1058F0000192039800900298FFF7BEFA01460098C3
:10590000019A00F055FA04B080BD000000000000CC
:1059100080B586B005900491039205980290049892
:1059200001900398FFF7B0FA01990246029800F03F
:105930004FFA06B080BD000080B584B0039002919C
:105940000192039800900298FFF79EFA0146009892
:10595000019A00F03DFA04B080BD00000000000094
:1059600081B000900098006801B07047000000000E
:1059700080B582B001900198FFF7F2FF103002B0BD
:1059800080BD00000000000081B000900098006819
:1059900001B070470000000080B582B0019001980E
:1059A000FFF7F2FF103002B080BD000000000000E1
:1059B00081B000900098006801B0704700000000BE
:1059C00080B582B001900198FFF7F2FF103002B06D
:1059D00080BD00000000000081B0009000980068C9
:1059E00001B070470000000080B582B001900198BE
:1059F000FFF7F2FF103002B080BD00000000000091
:105A000081B000900098006801B07047000000006D
:105A100080B582B001900198FFF7F2FF103002B01C
:105A200080BD00000000000081B000900098006878
:105A300001B070470000000080B582B0019001986D
:105A4000FFF7F2FF103002B080BD00000000000040
:105A500081B000900098006801B07047000000001D
:105A600080B582B001900198FFF7F2FF103002B0CC
:105A700080BD00000000000081B000900098006828
:105A800001B070470000000080B582B0019001981D
:105A9000FFF7F2FF103002B080BD000000000000F0
:105AA00081B000900098006801B0704700000000CD
:105AB00080B582B001900198FFF7F2FF103002B07C
:105AC00080BD00000000000081B0009000980068D8
:105AD00001B070470000000080B582B001900198CD
:105AE000FFF7F2FF103002B080BD000000000000A0
:105AF00081B00090009801B07047000000000000E5
:105B000081B00090009801B07047000000000000D4
:105B100081B00090009801B07047000000000000C4
:105B200081B00090009801B07047000000000000B4
:105B300081B00090009801B07047000000000000A4
:105B400081B00090009801B0704700000000000094
:105B500081B00090009801B0704700000000000084
:105B600081B00090009801B0704700000000000074
:105B700081B00090009801B0704700000000000064
:105B800081B00090009801B0704700000000000054
:105B900081B00090009801B0704700000000000044
:105BA00081B00090009801B0704700000000000034
:105BB00081B00090009801B0704700000000000024
:105BC00081B00090009801B0704700000000000014
:105BD00081B00090009801B0704700000000000004
:105BE00081B00090009801B07047000000000000F4
:105BF00081B00090009801B07047000000000000E4
:105C000081B00090009801B07047000000000000D3
:105C100081B00090009801B07047000000000000C3
:105C200081B00090009801B07047000000000000B3
:105C300081B00090009801B07047000000000000A3
:105C400081B00090009801B0704700000000000093
:105C500081B00090009801B0704700000000000083
:105C600081B00090009801B0704700000000000073
:105C700081B00090009801B0704700000000000063
:105C800081B00090009801B0704700000000000053
:105C900081B00090009801B0704700000000000043
:105CA00081B00090009801B0704700000000000033
:105CB00081B00090009801B0704700000000000023
:105CC00081B00090009801B0704700000000000013
:105CD00083B00290019100920198016800980268D7
:105CE00000209142B8BF012003B0704700000000BF
:105CF00083B00290019100920198016800980268B7
:105D000000209142B8BF012003B07047000000009E
:105D100083B0029001910092019801680098026896
:105D200000209142B8BF012003B07047000000007E
:105D300083B0029001910092019801680098026876
:105D400000209142B8BF012003B07047000000005E
:105D500083B0029001910092019801680098026856
:105D60000020914238BF012003B0704700000000BE
:105D700083B0029001910092019801680098026836
:105D80000020914238BF012003B07047000000009E
:105D900083B0029001910092019801680098026816
:105DA0000020914238BF012003B07047000000007E
:105DB00083B00290019100920198016800980268F6
:105DC0000020914238BF012003B07047000000005E
:105DD00083B00290019100920198016800980268D6
:105DE0000020914238BF012003B07047000000003E
:105DF00081B000904FF4007001B0704700000000C7
:105E000083B0029001910092019890ED000A0098F1
:105E100090ED001A0020B4EE410AF1EE10FAB8BF7E
:105E2000012003B07047000083B0029001910092FE
:105E3000019801680098026800209142B8BF0120D3
:105E400003B070470000000083B0029001910092FF
:105E500001980168009802680020914238BF012033
:105E600003B070470000000080B582B00190019837
:105E70000430FFF745FA03F0C3F802B080BD00001C
:105E800080B582B001900198FFF7EEFF02B080BDAF
:105E900080B582B001900198FFF7E6FF006802B07C
:105EA00080BD00000000000080B582B00190019824
:105EB0000430FFF72DFA03F0A3F802B080BD000014
:105EC00080B582B001900198FFF7EEFF02B080BD6F
:105ED00080B582B001900198FFF7E6FF006802B03C
:105EE00080BD00000000000080B582B001900198E4
:105EF0000430FFF715FA03F083F802B080BD00000C
:105F000080B582B001900198FFF7EEFF02B080BD2E
:105F100080B582B001900198FFF7E6FF006802B0FB
:105F200080BD00000000000080B582B001900198A3
:105F30000430FFF7FDF903F063F802B080BD000004
:105F400080B582B001900198FFF7EEFF02B080BDEE
:105F500080B582B001900198FFF7E6FF006802B0BB
:105F600080BD00000000000080B582B00190019863
:105F70000430FFF7E5F903F043F802B080BD0000FC
:105F800080B582B001900198FFF7EEFF02B080BDAE
:105F900080B582B001900198FFF7E6FF006802B07B
:105FA00080BD00000000000080B582B00190019823
:105FB0000430FFF7CDF903F023F802B080BD0000F4
:105FC00080B582B001900198FFF7EEFF02B080BD6E
:105FD00080B582B001900198FFF7E6FF006802B03B
:105FE00080BD00000000000080B582B001900198E3
:105FF0000430FFF7B5F903F003F802B080BD0000EC
:1060000080B582B001900198FFF7EEFF02B080BD2D
:1060100080B582B001900198FFF7E6FF006802B0FA
:1060200080BD00000000000080B582B001900198A2
:106030000430FFF79DF902F0E3FF02B080BD0000DD
:1060400080B582B001900198FFF7EEFF02B080BDED
:1060500080B582B001900198FFF7E6FF006802B0BA
:1060600080BD00000000000080B582B00190019862
:106070000430FFF785F902F0C3FF02B080BD0000D5
:1060800080B582B001900198FFF7EEFF02B080BDAD
:1060900080B582B001900198FFF7E6FF006802B07A
:1060A00080BD00000000000080B582B00190019822
:1060B0000430FFF76DF902F0A3FF02B080BD0000CD
:1060C00080B582B001900198FFF7EEFF02B080BD6D
:1060D00080B582B001900198FFF7E6FF006802B03A
:1060E00080BD00000000000080B582B001900198E2
:1060F0000430FFF755F902F083FF02B080BD0000C5
:1061000080B582B001900198FFF7EEFF02B080BD2C
:1061100080B582B001900198FFF7E6FF006802B0F9
:1061200080BD00000000000080B588B00690059199
:106130000698019000F074F804900598049988423C
:1061400003D9FFE7019800F02FF8019800F058F804
:10615000039003980499B0EB510F03D3FFE7049821
:10616000079009E003984000029002A805A907F0F3
:106170006BFE00680790FFE7079808B080BD00003D
:1061800082B00190009102B0704700000000000052
:1061900081B0009001B0704782B00190009102B0D0
:1061A000704700000000000082B001904DF25E7068
:1061B000C0F6030005F050FA81B000900098016825
:1061C0004068401A401001B0704700000000000015
:1061D00081B00090009908684968401AB0FA80F0D0
:1061E000400901B07047000080B582B0019001986D
:1061F0000830FFF7E5F802B080BD000000000000A5
:1062000080B582B001900198009000F01DF80099CF
:1062100000680968401A401002B080BD000000000C
:1062200080B584B003900398FFF7DEFF03F0F0F928
:10623000029002F07DFE019002A801A907F028FE5D
:10624000006804B080BD000080B582B00190019864
:106250000830FFF7ADF802B080BD0000000000007C
:1062600080B588B0069005910698019000F068F816
:10627000049005980499884203D9FFE7019800F03B
:106280002FF8019800F04CF8039003980499B0EBB4
:10629000510F03D3FFE70498079009E003984000EB
:1062A000029002A805A907F0CFFD00680790FFE75C
:1062B000079808B080BD000082B00190009102B044
:1062C000704700000000000081B0009001B07047EE
:1062D00082B00190009102B0704700000000000001
:1062E00082B001904DF25E70C0F6030005F0B4F983
:1062F00081B00090009801684068401A801001B099
:10630000704700000000000080B582B00190019845
:106310000830FFF765F802B080BD00000000000003
:1063200080B582B001900198009000F01DF80099AE
:1063300000680968401A801002B080BD00000000AB
:1063400080B584B003900398FFF7DEFF03F08CF96B
:10635000029002F0EDFD019002A801A907F098FD5E
:10636000006804B080BD000080B582B00190019843
:106370000830FFF72DF802B080BD000000000000DB
:1063800082B00190009102B0704700000000000050
:1063900081B0009001B0704782B00190009102B0CE
:1063A000704700000000000082B001904DF25E7066
:1063B000C0F6030005F050F981B000900098016824
:1063C0004068401A801046F6B751CBF2DB61484373
:1063D00001B070470000000080B582B001900198C4
:1063E0000830FFF70DF802B080BD0000000000008B
:1063F00080B582B001900198009000F021F80099DA
:1064000000680968401A801046F6B751CBF2DB618C
:10641000484302B080BD000080B584B0039003986B
:10642000FFF7DAFF03F050F9029002F081FD0190CE
:1064300002A801A907F02CFD006804B080BD00008F
:1064400080B582B0019001980830FEF7D1FF02B00C
:1064500080BD00000000000080B588B00690059166
:106460000698019000F070F804900598049988420D
:1064700003D9FFE7019800F02FF8019800F050F8D9
:10648000039003980499B0EB510F03D3FFE70498EE
:10649000079009E003984000029002A805A907F0C0
:1064A000D3FC00680790FFE7079808B080BD0000A4
:1064B00082B00190009102B070470000000000001F
:1064C00081B0009001B0704782B00190009102B09D
:1064D000704700000000000082B001904DF25E7035
:1064E000C0F6030005F0B8F881B00090009801688C
:1064F0004068401A80104AF6AB21CAF6AA214843E8
:1065000001B070470000000080B582B00190019892
:106510000830FEF7DDFF02B080BD00000000000083
:1065200080B582B001900198009000F021F80099A8
:1065300000680968401A80104AF6AB21CAF6AA2101
:10654000484302B080BD000080B584B0039003983A
:10655000FFF7DAFF03F0BCFB029002F0E9FC0190C8
:1065600002A801A907F094FC006804B080BD0000F7
:1065700080B582B0019001980830FEF7A1FF02B00B
:1065800080BD00000000000081B0009001B07047A5
:1065900082B00190009102B070470000000000003E
:1065A00081B00090009801684068401A001101B065
:1065B000704700000000000080B582B00190019893
:1065C000009000F009F8009900680968401A00116D
:1065D00002B080BD0000000080B582B0019001983B
:1065E0000830FEF785FF02B080BD0000000000000B
:1065F00080B588B0069005910698019000F068F883
:10660000049005980499884203D9FFE7019800F0A7
:106610002FF8019800F04CF8039003980499B0EB20
:10662000510F03D3FFE70498079009E00398400057
:10663000029002A805A907F007FC00680790FFE791
:10664000079808B080BD000082B00190009102B0B0
:10665000704700000000000081B0009001B070475A
:1066600082B00190009102B070470000000000006D
:1066700082B001904DF25E70C0F6030004F0ECFFB2
:1066800081B00090009801684068401A001101B084
:10669000704700000000000080B582B001900198B2
:1066A0000830FEF735FF02B080BD0000000000009A
:1066B00080B582B001900198009000F01DF800991B
:1066C00000680968401A001102B080BD0000000097
:1066D00080B584B003900398FFF7DEFF03F03CFB26
:1066E000029002F025FC019002A801A907F0D0FB5E
:1066F000006804B080BD000080B582B001900198B0
:106700000830FEF7FDFE02B080BD00000000000072
:1067100082B00190009102B07047000000000000BC
:1067200081B0009001B0704782B001904DF25E7070
:10673000C0F6030004F090FF81B00090009801685B
:106740004068401A801001B070470000000000004F
:1067500080B582B0019001980830FEF7F1FE02B0DA
:1067600080BD00000000000080B582B0019001985B
:10677000009000F01DF8009900680968401A801028
:1067800002B080BD0000000080B584B00390039883
:10679000FFF7DEFF03F018FB029002F0C9FB019047
:1067A00002A801A907F074FB006804B080BD0000D6
:1067B00080B582B0019001980830FEF7B9FE02B0B2
:1067C00080BD00000000000082B00190009101989F
:1067D0000068009900EB810002B0704700000000E3
:1067E00080B584B002900191019903A801F058F995
:1067F000039804B080BD000080B588B00690059174
:106800000698019000F07CF804900598049988425D
:1068100003D9FFE7019800F02FF8019800F060F825
:10682000039003980499B0EB510F03D3FFE704984A
:10683000079009E003984000029002A805A907F01C
:1068400003FB00680790FFE7079808B080BD0000D1
:1068500082B00190009102B070470000000000007B
:1068600081B0009001B0704782B00190009102B0F9
:10687000704700000000000082B001904DF25E7091
:10688000C0F6030004F0E8FE80B582B000900098E6
:106890004168FFF7A5FF0190019802B080BD00009C
:1068A00081B00090009801684068401A01B07047BC
:1068B00080B582B0009000980168FFF791FF0190C9
:1068C000019802B080BD000080B582B001900198AF
:1068D0000830FEF745FE02B080BD00000000000059
:1068E00080B582B001900198009000F01DF80099E9
:1068F00000680968401A02B080BD00000000000076
:1069000080B584B003900398FFF7DEFF03F08CFAA4
:10691000029002F00DFB019002A801A907F0B8FA5D
:10692000006804B080BD000080B582B0019001987D
:106930000830FEF70DFE02B080BD00000000000030
:1069400080B588B0069005910698019000F068F82F
:10695000049005980499884203D9FFE7019800F054
:106960002FF8019800F04CF8039003980499B0EBCD
:10697000510F03D3FFE70498079009E00398400004
:10698000029002A805A907F05FFA00680790FFE7E8
:10699000079808B080BD000082B00190009102B05D
:1069A000704700000000000081B0009001B0704707
:1069B00082B00190009102B070470000000000001A
:1069C00082B001904DF25E70C0F6030004F044FE08
:1069D00081B00090009801684068401A401001B0F2
:1069E000704700000000000080B582B0019001985F
:1069F0000830FEF7CDFD02B080BD000000000000B1
:106A000080B582B001900198009000F01DF80099C7
:106A100000680968401A401002B080BD0000000004
:106A200080B584B003900398FFF7DEFF03F028FAE7
:106A3000029002F07DFA019002A801A907F028FA5D
:106A4000006804B080BD000080B582B0019001985C
:106A50000830FEF795FD02B080BD00000000000088
:106A600080B584B0039002910192039802A901AA13
:106A7000FDF726FF04B080BD80B584B0039002917D
:106A800001920398029901AAFDF72AFF04B080BD84
:106A900081B000906FF0004001B07047000000002E
:106AA00081B000906FF0404001B0704700000000DE
:106AB00081B0009049F24920C0F6241001B070471F
:106AC00081B0009045F25550C1F2555001B0704769
:106AD00081B0009045F25550C1F2555001B0704759
:106AE00081B000904AF6AA20C0F6AA2001B07047F3
:106AF00081B000904AF6AA20C0F6AA2001B07047E3
:106B000081B000904AF6AA20C0F6AA2001B07047D2
:106B100081B000904AF6AA20C0F6AA2001B07047C2
:106B200081B000904AF6AA20C0F6AA2001B07047B2
:106B300081B000904AF6AA20C0F6AA2001B07047A2
:106B400081B000904AF6AA20C0F6AA2001B0704792
:106B500081B000904AF6AA20C0F6AA2001B0704782
:106B600081B000904AF6AA20C0F6AA2001B0704772
:106B700081B000904AF6AA20C0F6AA2001B0704762
:106B800081B000904AF6AA20C0F6AA2001B0704752
:106B900081B0009045F25550C1F2555001B0704798
:106BA00081B000906FF0704001B0704700000000AD
:106BB00081B000906FF0404001B0704700000000CD
:106BC00081B000904FF0FF3001B07047000000002E
:106BD00081B000906FF0004001B0704700000000ED
:106BE00080B584B00390029102A803A910F04CF97B
:106BF00004B080BD0000000080B584B00390029115
:106C000002A803A910F054F904B080BD00000000F0
:106C100083B00190009100980199401A401003B090
:106C2000704700000000000083B0019000910098C0
:106C30000199401A801003B0704700000000000066
:106C400083B00190009100980199401A03B07047F9
:106C500083B00190009100980199401A401003B050
:106C6000704700000000000083B001900091009880
:106C70000199401A801003B0704700000000000026
:106C800081B00090012001B07047000000000000BA
:106C900080B584B00290029801900390C06840686B
:106CA00030B1FFE701990868C96849688847FFE77C
:106CB000039804B080BD000080B584B002900191BB
:106CC00002980390019A116852684260016001992C
:106CD000896881600199C968C160C068406858B11D
:106CE000FFE700F0BDF80199C860684600F094F82D
:106CF000019900988860FFE7039804B080BD000008
:106D000080B584B002900191029800900390019A9E
:106D10001168526842600160019989688160019937
:106D2000C968C160C068006848B1FFE70098C068E2
:106D3000016801980068884700990860FFE7039898
:106D400004B080BD0000000080B586B004900391BF
:106D5000049801900590083000F05EF800F080F88B
:106D60000199C8600398FFF78BFF78B1FFE700F047
:106D70003FF8019902900298886000F081F801467E
:106D80000198C160039900F053F8FFE7059806B039
:106D900080BD00000000000080B584B00290029821
:106DA00001900390C068406830B1FFE7019908681E
:106DB000C96849688847FFE7039804B080BD0000B0
:106DC00080B584B0039002910192039800900098DE
:106DD000029901AA00F038F804B080BD000000005C
:106DE00084B003900291019205F02AFF0000000098
:106DF00080B582B046F6C151C0F6020101A800F08C
:106E000003F8019802B080BD82B001900091019812
:106E10000099016002B0704781B00090009846F67A
:106E2000E151C0F60201016001B0704700000000AE
:106E300082B001900091019800990968016002B048
:106E4000704700000000000080B584B003900291FC
:106E5000019203980299019A05F0DEFF04B080BD0B
:106E60004CF69860C0F60300704700000000000078
:106E700081B04CF6A860C0F6030001B07047000076
:106E800080B582B0FFF7F4FF02B080BD00000000C3
:106E900080B582B001900198083003F091FE02B0F5
:106EA00080BD00000000000080B58CB00B900A91FE
:106EB000099208930B98FFF7EBFF079004A8019045
:106EC000012103F0EDFE0198FEF782FB0AA909AA51
:106ED00001F086FA019807990091FEF779FB00F01E
:106EE0006FFD01460098089A02F02EFC019803F00D
:106EF000BBFE01460198029103F0E2FE02980CB03D
:106F000080BD00000000000080B584B003900291B5
:106F10000398FFF7BDFF019001980090029800F0E0
:106F20004FFD0146009802F0EFFB029800F034FE9E
:106F300001980299012202F0DBFB04B080BD000041
:106F400082B00190009100984068019909684860FA
:106F50000198006800994968086002B07047000015
:106F600080B582B000900098FDF7E2FC014601A8D0
:106F700002F086F8019802B080BD00000000000019
:106F800080B582B001900198083003F011FE02B084
:106F900080BD00000000000080B582B00090009825
:106FA000416801A802F06CF8019802B080BD0000B1
:106FB00080B586B0059005980190FDF7D1FC28BBFF
:106FC000FFE7019841680491FDF7B2FC0390049833
:106FD00003990968FFF7B4FF0198FFF7D1FF014655
:106FE00000200860FFE70498039988420DD0FFE76E
:106FF000049802F0BDF9014601980291049949688C
:1070000004910299FFF780FFEDE7FFE706B080BD2E
:1070100080B584B003900398009002F0BDF9009809
:1070200008300021029102A90DF1070203F0D0FD02
:10703000009804B080BD000080B582B00190019836
:107040000090FFF7B5FF009802B080BD000000007F
:1070500080B582B001900198083003F0D1FD02B0F4
:1070600080BD00000000000080B58CB00B900A913C
:10707000099208930B98FFF7EBFF079004A8019083
:10708000012103F045FE0198FEF7AAFA0AA909AA10
:1070900001F0BAF9019807990091FEF7A1FA00F002
:1070A000B7FC01460098089A02F086FB019803F0AD
:1070B00013FE01460198029103F03AFE02980CB0CB
:1070C00080BD00000000000080B584B003900291F4
:1070D0000398FFF7BDFF019001980090029800F01F
:1070E00097FC0146009802F047FB029800F05CFD17
:1070F00001980299012202F033FB04B080BD000028
:1071000082B0019000910098406801990968486038
:107110000198006800994968086002B07047000053
:1071200080B582B000900098FDF726FC014601A8CA
:1071300001F0B6FF019802B080BD00000000000021
:1071400080B582B001900198083003F051FD02B083
:1071500080BD00000000000080B582B00090009863
:10716000416801A801F09CFF019802B080BD0000B9
:1071700080B586B0059005980190FDF715FC28BBF9
:10718000FFE7019841680491FDF7F6FB039004982E
:1071900003990968FFF7B4FF0198FFF7D1FF014693
:1071A00000200860FFE70498039988420DD0FFE7AC
:1071B000049802F011F90146019802910499496876
:1071C00004910299FFF780FFEDE7FFE706B080BD6D
:1071D00080B584B003900398009002F011F90098F4
:1071E00008300021029102A90DF1070203F010FD01
:1071F000009804B080BD000080B582B00190019875
:107200000090FFF7B5FF009802B080BD00000000BD
:1072100081B00090FFE70098006820B1FFE7009878
:1072200000680090F7E7009801B070470000000088
:1072300080B582B00190019803F012F802B080BDD1
:1072400080B586B0059004910598019003F000F890
:1072500001460198096803910499029102F0F8FF30
:10726000014602980860039838B1FFE7019802F0E0
:10727000F7FF039905F0A4F8FFE706B080BD000012
:1072800080B584B003900398019002F0E1FF0146BD
:1072900001980968029102F0DBFF014600200860B6
:1072A000029804B080BD000080B584B003900291C4
:1072B000019203980090019A02A902F0DDFF009864
:1072C00004B080BD0000000080B582B0019001983C
:1072D00000900021FFF7B4FF009802B080BD0000CD
:1072E00080B582B00190019802F0E2FF02B080BD4B
:1072F00080B586B0059004910598019002F0D0FF0A
:1073000001460198096803910499029102F0C8FFAF
:10731000014602980860039838B1FFE7019802F02F
:10732000C7FF039905F080F8FFE706B080BD0000B5
:1073300080B584B003900398019002F0B1FF01463C
:1073400001980968029102F0ABFF01460020086035
:10735000029804B080BD000080B584B00390029113
:10736000019203980090019A02A902F0ADFF0098E3
:1073700004B080BD0000000080B582B0019001988B
:1073800000900021FFF7B4FF009802B080BD00001C
:1073900080B582B00190019802F0B2FF02B080BDCA
:1073A00080B586B0059004910598019002F0A0FF89
:1073B00001460198096803910499029102F098FF2F
:1073C000014602980860039838B1FFE7019802F07F
:1073D00097FF039905F05CF8FFE706B080BD000059
:1073E00080B584B003900398019002F081FF0146BC
:1073F00001980968029102F07BFF014600200860B5
:10740000029804B080BD000080B584B00390029162
:10741000019203980090019A02A902F07DFF009862
:1074200004B080BD0000000080B582B001900198DA
:1074300000900021FFF7B4FF009802B080BD00006B
:1074400080B582B00190019802F082FF02B080BD49
:1074500080B586B0059004910598019002F070FF08
:1074600001460198096803910499029102F068FFAE
:10747000014602980860039838B1FFE7019802F0CE
:1074800067FF039905F038F8FFE706B080BD0000FC
:1074900080B584B003900398019002F051FF01463B
:1074A00001980968029102F04BFF01460020086034
:1074B000029804B080BD000080B584B003900291B2
:1074C000019203980090019A02A902F04DFF0098E2
:1074D00004B080BD0000000080B582B0019001982A
:1074E00000900021FFF7B4FF009802B080BD0000BB
:1074F00080B582B00190019802F052FF02B080BDC9
:1075000080B586B0059004910598019002F040FF87
:1075100001460198096803910499029102F038FF2D
:10752000014602980860039838B1FFE7019802F01D
:1075300037FF039905F014F8FFE706B080BD00009F
:1075400080B584B003900398019002F021FF0146BA
:1075500001980968029102F01BFF014600200860B3
:10756000029804B080BD000080B584B00390029101
:10757000019203980090019A02A902F01DFF009861
:1075800004B080BD0000000080B582B00190019879
:1075900000900021FFF7B4FF009802B080BD00000A
:1075A00080B582B00190019802F022FF02B080BD48
:1075B00080B586B0059004910598019002F010FF07
:1075C00001460198096803910499029102F008FFAD
:1075D000014602980860039838B1FFE7019802F06D
:1075E00007FF039904F0F0FFFFE706B080BD00003D
:1075F00080B584B003900398019002F0F1FE01463B
:1076000001980968029102F0EBFE01460020086033
:10761000029804B080BD000080B584B00390029150
:10762000019203980090019A02A902F0EDFE0098E1
:1076300004B080BD0000000080B582B001900198C8
:1076400000900021FFF7B4FF009802B080BD000059
:1076500080B582B00190019802F0F2FE02B080BDC8
:1076600080B586B0059004910598019002F0E0FE87
:1076700001460198096803910499029102F0D8FE2D
:10768000014602980860039838B1FFE7019802F0BC
:10769000D7FE039904F0CCFFFFE706B080BD0000E1
:1076A00080B584B003900398019002F0C1FE0146BA
:1076B00001980968029102F0BBFE014600200860B3
:1076C000029804B080BD000080B584B003900291A0
:1076D000019203980090019A02A902F0BDFE009861
:1076E00004B080BD0000000080B582B00190019818
:1076F00000900021FFF7B4FF009802B080BD0000A9
:1077000080B582B00190019802F0C2FE02B080BD47
:1077100080B586B0059004910598019002F0B0FE06
:1077200001460198096803910499029102F0A8FEAC
:10773000014602980860039838B1FFE7019802F00B
:10774000A7FE039904F0A8FFFFE706B080BD000084
:1077500080B584B003900398019002F091FE014639
:1077600001980968029102F08BFE01460020086032
:10777000029804B080BD000080B584B003900291EF
:10778000019203980090019A02A902F08DFE0098E0
:1077900004B080BD0000000080B582B00190019867
:1077A00000900021FFF7B4FF009802B080BD0000F8
:1077B00080B582B00190019802F092FE02B080BDC7
:1077C00080B586B0059004910598019002F080FE86
:1077D00001460198096803910499029102F078FE2C
:1077E000014602980860039838B1FFE7019802F05B
:1077F00077FE039904F084FFFFE706B080BD000028
:1078000080B584B003900398019002F061FE0146B8
:1078100001980968029102F05BFE014600200860B1
:10782000029804B080BD000080B584B0039002913E
:10783000019203980090019A02A902F05DFE00985F
:1078400004B080BD0000000080B582B001900198B6
:1078500000900021FFF7B4FF009802B080BD000047
:1078600080B582B00190019802F062FE02B080BD46
:1078700080B586B0059004910598019002F050FE05
:1078800001460198096803910499029102F048FEAB
:10789000014602980860039838B1FFE7019802F0AA
:1078A00047FE039904F060FFFFE706B080BD0000CB
:1078B00080B584B003900398019002F031FE014638
:1078C00001980968029102F02BFE01460020086031
:1078D000029804B080BD000080B584B0039002918E
:1078E000019203980090019A02A902F02DFE0098DF
:1078F00004B080BD0000000080B582B00190019806
:1079000000900021FFF7B4FF009802B080BD000096
:1079100080B582B00190019802F032FE02B080BDC5
:1079200080B586B0059004910598019002F020FE84
:1079300001460198096803910499029102F018FE2A
:10794000014602980860039838B1FFE7019802F0F9
:1079500017FE039904F03CFFFFE706B080BD00006E
:1079600080B584B003900398019002F001FE0146B7
:1079700001980968029102F0FBFD014600200860B1
:10798000029804B080BD000080B584B003900291DD
:10799000019203980090019A02A902F0FDFD00985F
:1079A00004B080BD0000000080B582B00190019855
:1079B00000900021FFF7B4FF009802B080BD0000E6
:1079C00081B000900098083001B0704700000000BE
:1079D00080B582B00190019801F0C2FC02B080BD78
:1079E00080B584B0039002910192039800900299AF
:1079F000019A01F0C5FC009804B080BD00000000B1
:107A000081B00090009801B07047000000000000B5
:107A100081B000900098083001B07047000000006D
:107A200080B582B00190019801F0CEFC02B080BD1B
:107A300080B584B00390029101920398009002995E
:107A4000019A01F0D1FC009804B080BD0000000054
:107A500081B00090009801B0704700000000000065
:107A600080B582B000900098406830B1FFE7009880
:107A70004068FFF7CDFB01900FE0FFE7009803F0AF
:107A800003FE28B9FFE70098FDF732FC0090F5E708
:107A90000098FDF72DFC0190FFE7019802B080BD32
:107AA00082B00190009101980099016002B0704786
:107AB00082B0019000910198009A01681144016020
:107AC00002B070470000000082B001900091019860
:107AD0000099016002B0704782B001900091019856
:107AE000009A016801EB8201016002B0704700005A
:107AF00082B00190009101980099016002B0704736
:107B000081B0009000980021016001B07047000032
:107B100081B00090009801680C31016001B070479D
:107B200082B00190009101980099016002B0704705
:107B300081B00090009801681031016001B0704779
:107B400082B00190009101980099016002B07047E5
:107B500081B00090009801681031016001B0704759
:107B600082B00190009101980099016002B07047C5
:107B700082B0019000910198009A0168114401605F
:107B800002B070470000000081B0009000980168CA
:107B90000131016001B0704780B582B00190019859
:107BA000FFF72EFF02B080BD80B582B00190019832
:107BB000FFF74EFF02B080BD81B0009001B070476A
:107BC00081B0009001B0704781B0009001B0704763
:107BD00081B0009001B0704781B0009001B0704753
:107BE00081B0009001B0704781B0009001B0704743
:107BF00081B0009001B0704781B0009001B0704733
:107C000081B0009001B0704781B0009001B0704722
:107C100081B0009001B0704781B0009001B0704712
:107C200081B00090009801B0704700000000000093
:107C300081B00090009801B0704700000000000083
:107C400081B00090009801B0704700000000000073
:107C500081B00090009801B0704700000000000063
:107C600081B00090009801B0704700000000000053
:107C700081B00090009801B0704700000000000043
:107C800081B00090009801B0704700000000000033
:107C900080B582B00190019803F086FC02B080BDEF
:107CA00080B582B00190019803F08AFC02B080BDDB
:107CB00080B582B00190019803F08EFC02B080BDC7
:107CC00081B00090009801B07047000000000000F3
:107CD00081B00090009801B07047000000000000E3
:107CE00081B00090009801B07047000000000000D3
:107CF00081B00090009801B07047000000000000C3
:107D000081B00090009801B07047000000000000B2
:107D100081B00090009801B07047000000000000A2
:107D200080B582B0019001980DF086FD02B080BD53
:107D300080B582B0019001980DF086FD02B080BD43
:107D400080B582B0019001980DF086FD02B080BD33
:107D500080B582B0019001980DF086FD02B080BD23
:107D600080B582B0019001980DF086FD02B080BD13
:107D700080B582B0019001980DF086FD02B080BD03
:107D800080B582B0019001980DF086FD02B080BDF3
:107D900080B582B0019001980DF086FD02B080BDE3
:107DA00080B582B0019001980DF086FD02B080BDD3
:107DB00080B582B0019001980DF086FD02B080BDC3
:107DC00080B582B0019001980DF086FD02B080BDB3
:107DD00080B584B0029001910298009001990098BA
:107DE00002F0E6FF0390039804B080BD000000009D
:107DF00080B584B00290019102980090019900989A
:107E000002F0F2FF0390039804B080BD0000000070
:107E100080B584B002900191029800900199009879
:107E200003F002F80390039804B080BD0000000046
:107E300080B586B004900391049802900398019055
:107E40000298019903F00CF80590059806B080BDE2
:107E500080B586B004900391049802900398019035
:107E60000298019903F00CF80590059806B080BDC2
:107E700080B582B0019000910198009903F010F84C
:107E800002B080BD0000000080B582B0019000917A
:107E90000198009903F020F802B080BD00000000B6
:107EA00080B582B0019000910198009903F038F8F4
:107EB00002B080BD0000000080B582B0019000914A
:107EC0000198009903F048F802B080BD000000005E
:107ED00080B582B0019000910198009903F058F8A4
:107EE00002B080BD0000000080B582B0019000911A
:107EF0000198009903F068F802B080BD000000000E
:107F000080B582B0019000910198009903F078F853
:107F100002B080BD0000000080B582B001900091E9
:107F20000198009903F088F802B080BD00000000BD
:107F300080B58CB00B900A910A98006820B1FFE7D9
:107F40000A98406818B9FFE70A98059004E00A9873
:107F5000FFF786FD0590FFE70598099009980068EE
:107F600020B1FFE709980068049003E00998406891
:107F70000490FFE70498089000200790089828B123
:107F8000FFE70998806808998860FFE7099803F07F
:107F90007BFB98B1FFE70898099989680860099800
:107FA0000B99884206D0FFE70998FDF7A1F94068D0
:107FB000079002E008980B90FFE70CE00898039008
:107FC0000998FDF795F9014603984860099880687B
:107FD00000680790FFE70998007B00F001008DF82A
:107FE0001B0009980A99884239D0FFE70A988068EF
:107FF000099988600A9803F047FB20B1FFE70998C8
:108000008168086007E009980290FDF771F9014660
:1080100002984860FFE70A98006809990860099982
:10802000086801F0D5FA0A984068099948600998EB
:10803000406828B1FFE70999486801F0C9FAFFE7ED
:108040000A98007B099900F0010008730B980A99BF
:10805000884203D1FFE709980B90FFE7FFE79DF8FF
:108060001B00C007002800F03481FFE70B980028B0
:1080700000F02F81FFE7089820B1FFE70899012061
:10808000087325E1FFE7079803F0FEFA002840F0A7
:108090008F80FFE70798007BC007E0B9FFE70799EB
:1080A000012008730798FDF723F9014600200873A3
:1080B0000798FDF71DF902F047FE0B98079909682C
:1080C000884203D1FFE707980B90FFE70798006805
:1080D00040680790FFE70798006830B1FFE707980E
:1080E0000068007BC00790B3FFE70798406830B195
:1080F000FFE707984068007BC00740B3FFE7079998
:10810000002008730798FDF7F3F8089008980B997A
:10811000884205D0FFE70898007BC00720B9FFE739
:10812000089901200873D2E0089803F0ADFA30B145
:10813000FFE70898FDF7DCF84068019004E0089834
:10814000806800680190FFE7019807902FE007988A
:10815000406830B1FFE707984068007BC00778B1FE
:10816000FFE707980168012008730799002008734A
:10817000079803F03DFA0798FDF7BAF80790FFE774
:108180000798FDF7B5F8007B079900F00100087328
:108190000798FDF7ADF80146012008730799496873
:1081A00008730798FDF7A4F802F0CEFD8FE08DE08C
:1081B0000798007BC007E0B9FFE707990120087323
:1081C0000798FDF795F80146002008730798FDF71A
:1081D0008FF803F00DFA0B9807994968884203D18C
:1081E000FFE707980B90FFE7079840680068079043
:1081F000FFE70798006830B1FFE707980068007B49
:10820000C00790B3FFE70798406830B1FFE70798D1
:108210004068007BC00740B3FFE707990020087360
:108220000798FDF765F808900898007BC00728B10B
:10823000FFE708980B99884204D1FFE708990120CD
:10824000087344E0089803F01FFA30B1FFE708987C
:10825000FDF74EF84068009004E0089880680068D8
:108260000090FFE7009807902FE00798006830B172
:10827000FFE707980068007BC00778B1FFE7079821
:10828000416801200873079900200873079802F0DD
:108290005BFD0798FDF72CF80790FFE70798FDF7BF
:1082A00027F8007B079900F0010008730798FDF795
:1082B0001FF8014601200873079909680873079899
:1082C000FDF716F803F094F901E0FFE7DBE6FFE7BE
:1082D000FFE70CB080BD000080B582B0019001982E
:1082E0000090009802F078FD02B080BD0000000010
:1082F00080B582B0019001980090009802F08CFD4A
:1083000002B080BD0000000080B582B001900198ED
:108310000090009802F09CFD02B080BD00000000BB
:1083200080B584B0029002980190019802F0A0FDFF
:108330000390039804B080BD80B584B00290029889
:108340000190019802F0A4FD0390039804B080BD51
:1083500080B582B00190019802F0B6FD02B080BDF8
:1083600080B582B00190019802F0CAFD02B080BDD4
:1083700080B582B00190019802F0CAFD02B080BDC4
:1083800080B582B00190019802F0DEFD02B080BDA0
:1083900080B582B00190019802F0F2FD02B080BD7C
:1083A00080B582B00190019802F006FE02B080BD57
:1083B00080B582B00190019802F01AFE02B080BD33
:1083C00080B582B00190019802F02EFE02B080BD0F
:1083D00080B582B00190019802F042FE02B080BDEB
:1083E00080B586B004900391029204980590059898
:1083F000019003990968029A1268FFF7F1FA01984F
:1084000006B080BD0000000080B586B004900391E6
:108410000292049805900598019003990968029AC0
:108420001268FFF705FB019806B080BD0000000050
:1084300082B00191009000980199016002B07047EC
:1084400080B582B001900198009000F051FE009834
:1084500002B080BD0000000082B001910090009841
:108460000199016002B0704782B0019100900098BC
:108470000199016002B0704780B582B00190019807
:10848000009000F075FE009802B080BD0000000072
:1084900082B00191009000980199016002B070478C
:1084A00082B00191009000980199016002B070477C
:1084B00080B582B001900198009000F081FE009894
:1084C00002B080BD0000000082B0019100900098D1
:1084D0000199016002B0704780B582B001900198A7
:1084E000009000F08DFE009802B080BD00000000FA
:1084F00082B00191009000980199016002B070472C
:1085000082B00191009000980199016002B070471B
:1085100082B00191009000980199016002B070470B
:1085200080B582B001900198009000F0C9FE0098DB
:1085300002B080BD0000000082B001910090009860
:108540000199016002B0704782B0019100900098DB
:108550000199016002B0704780B584B0029001912A
:108560000298009001990098FFF732FC039003985D
:1085700004B080BD0000000080B582B00190009181
:1085800001980099FFF774FC02B080BD0000000064
:1085900080B582B00190009101980099FFF774FCBA
:1085A00002B080BD0000000080B582B00190009153
:1085B00001980099FFF774FC02B080BD0000000034
:1085C00080B582B00190009101980099FFF774FC8A
:1085D00002B080BD0000000080B582B00190009123
:1085E00001980099FFF774FC02B080BD0000000004
:1085F00080B582B00190009101980099FFF774FC5A
:1086000002B080BD0000000080B582B001900091F2
:1086100001980099FFF774FC02B080BD00000000D3
:1086200080B582B00190009101980099FFF774FC29
:1086300002B080BD0000000080B584B003900291BC
:108640000398029900F004F804B080BD0000000017
:1086500080B586B00490039104980290FFE70299D8
:108660000398896888420FD0FFE7029800F064F809
:108670000299019088680C388860FFF721FB014659
:10868000019801F019FBEAE706B080BD0000000088
:1086900080B588B00790069105920798019000F187
:1086A0000801069A02A800F01FF8FFE70298039954
:1086B000884211D0FFE7019800F03EF80090029840
:1086C000FFF7FEFA01460098059A01F009FBFFE763
:1086D00002980C300290E9E702A800F019F808B0FF
:1086E00080BD00000000000083B002900191009264
:1086F000029801990968016001990968009A02EBE2
:10870000420201EB820141600199816003B0704730
:1087100081B00090009801688268116001B07047D4
:1087200080B582B0019001984168FFF785FF02B0E3
:1087300080BD00000000000080B582B0019001986B
:108740000C3001F065FF02B080BD000000000000A9
:1087500080B582B0019001980C3001F051FF02B059
:1087600080BD00000000000080B58AB0089007912D
:10877000069205930898019009900C30002104910D
:10878000059A04A901F050FF079820B9FFE7019965
:10879000002008600DE00198FFF7CEFF0146079A20
:1087A00002A802F095FC01990298086003980790CE
:1087B000FFE701980168069A02EB420201EB820191
:1087C000816041600168079A02EB420201EB82017D
:1087D0000091FFF7BDFF01460098086009980AB0B4
:1087E00080BD00000000000080B586B004900498B1
:1087F00003900590FFF794FF0398006880B1FFE7AE
:108800000398FFF799FF01460398029101680191CF
:10881000FCF7BAFB01990246029801F041FAFFE722
:10882000059806B080BD000080B584B00390029129
:108830000398029900F004F804B080BD0000000025
:1088400080B586B00490039104980290FFE70299E6
:108850000398896888420FD0FFE7029800F01CF85F
:1088600002990190886810388860FFF739FA01464C
:10887000019801F065FAEAE706B080BD000000004B
:1088800080B582B0019001984168FFF7CDFF02B03A
:1088900080BD00000000000080B582B0019001980A
:1088A0000C3001F015FF02B080BD00000000000098
:1088B00080B582B0019001980C3001F001FF02B048
:1088C00080BD00000000000080B58AB008900791CC
:1088D000069205930898019009900C3000210491AC
:1088E000059A04A901F000FF079820B9FFE7019954
:1088F000002008600DE00198FFF7CEFF0146079ABF
:1089000002A802F0F5FB019902980860039807900D
:10891000FFE701980168069A01EB0211816041604E
:108920000168079A01EB02110091FFF7C1FF0146B0
:108930000098086009980AB080BD0000000000009F
:1089400080B586B00490049803900590FFF798FFD7
:108950000398006880B1FFE70398FFF79DFF014689
:108960000398029101680191FCF72EFB01990246E0
:10897000029801F0D9F9FFE7059806B080BD000024
:1089800080B584B0039002910398029900F004F836
:1089900004B080BD0000000080B586B00490039153
:1089A00004980290FFE702990398896888420FD0E3
:1089B000FFE7029800F064F8029901908868013896
:1089C0008860FFF79DF90146019801F021FAEAE776
:1089D00006B080BD0000000080B588B00790069109
:1089E00005920798019000F10801069A02A800F08C
:1089F0001FF8FFE702980399884211D0FFE701981A
:108A000000F03EF800900298FFF77AF901460098CE
:108A1000059A01F011FAFFE7029801300290E9E7A8
:108A200002A800F019F808B080BD000000000000A6
:108A300083B0029001910092029801990968016047
:108A400001990968009A114441600199816003B05D
:108A5000704700000000000081B00090009801689D
:108A60008268116001B0704780B582B001900198B2
:108A70004168FFF785FF02B080BD000000000000E4
:108A800080B582B0019001980C3001F09DFE02B0DB
:108A900080BD00000000000080B582B00190019808
:108AA0000C3001F089FE02B080BD00000000000023
:108AB00080B58AB0089007910692059308980190B6
:108AC00009900C3000210491059A04A901F088FE58
:108AD000079820B9FFE70199002008600DE0019890
:108AE000FFF7CEFF0146079A02A802F021FB019989
:108AF0000298086003980790FFE701980168069ABA
:108B00001144816041600168079A11440091FFF7A8
:108B1000C3FF01460098086009980AB080BD0000B4
:108B200080B586B00490049803900590FFF79CFFF1
:108B30000398006880B1FFE70398FFF7A1FF0146A3
:108B40000398029101680191FCF75AFA01990246D3
:108B5000029801F04DF9FFE7059806B080BD0000CE
:108B600080B584B0039002910398029900F004F854
:108B700004B080BD0000000080B586B00490039171
:108B800004980290FFE702990398896888420FD001
:108B9000FFE7029800F064F80299019088680238B3
:108BA0008860FFF7B5F80146019801F05DF9EAE742
:108BB00006B080BD0000000080B588B00790069127
:108BC00005920798019000F10801069A02A800F0AA
:108BD0001FF8FFE702980399884211D0FFE7019838
:108BE00000F03EF800900298FFF792F801460098D6
:108BF000059A01F04DF9FFE7029802300290E9E78B
:108C000002A800F019F808B080BD000000000000C4
:108C100083B0029001910092029801990968016065
:108C200001990968009A01EB420141600199816054
:108C300003B070470000000081B000900098016808
:108C40008268116001B0704780B582B001900198D0
:108C50004168FFF785FF02B080BD00000000000002
:108C600080B582B0019001980C3001F0F5FD02B0A2
:108C700080BD00000000000080B582B00190019826
:108C80000C3001F0E1FD02B080BD000000000000EA
:108C900080B58AB0089007910692059308980190D4
:108CA00009900C3000210491059A04A901F0E0FD1F
:108CB000079820B9FFE70199002008600DE00198AE
:108CC000FFF7CEFF0146079A02A802F041FA019988
:108CD0000298086003980790FFE701980168069AD8
:108CE00001EB4201816041600168079A01EB42019A
:108CF0000091FFF7C1FF01460098086009980AB08B
:108D000080BD00000000000080B586B0049004988B
:108D100003900590FFF798FF0398006880B1FFE784
:108D20000398FFF79DFF01460398029101680191A6
:108D3000FCF782F901990246029801F089F8FFE7F1
:108D4000059806B080BD000080B588B001900791FD
:108D50000692079804900498FFF7BEFA05900698CB
:108D600002900298FFF7B8FA01460198039105A90D
:108D700003AA0DF041FE08B080BD00000000000015
:108D800080B586B00190059104920598FFF7E0FA4E
:108D900003900498FFF7DCFA01460198029103A9B9
:108DA00002AA0DF0EDFD06B080BD0000000000003D
:108DB00080B586B00190059104920598FFF7D0FA2E
:108DC00003900498FFF7CCFA01460198029103A999
:108DD00002AA0DF0EDFD06B080BD0000000000000D
:108DE00080B586B00190059104920598FFF7C0FA0E
:108DF00003900498FFF7BCFA01460198029103A979
:108E000002AA0DF0E1FD06B080BD000000000000E8
:108E100080B586B00190059104920598FFF7B0FAED
:108E200003900498FFF7ACFA01460198029103A958
:108E300002AA0DF0E1FD06B080BD000000000000B8
:108E400080B586B00190059104920598FFF7A0FACD
:108E500003900498FFF79CFA01460198029103A938
:108E600002AA0DF0D5FD06B080BD00000000000094
:108E700080B586B00190059104920598FFF790FAAD
:108E800003900498FFF78CFA01460198029103A918
:108E900002AA0DF0C9FD06B080BD00000000000070
:108EA00080B586B00190059104920598FFF780FA8D
:108EB00003900498FFF77CFA01460198029103A9F8
:108EC00002AA0DF0BDFD06B080BD0000000000004C
:108ED00080B586B00190059104920598FFF770FA6D
:108EE00003900498FFF76CFA01460198029103A9D8
:108EF00002AA0DF0B1FD06B080BD00000000000028
:108F000080B586B00190059104920598FFF760FA4C
:108F100003900498FFF75CFA01460198029103A9B7
:108F200002AA0DF0B1FD06B080BD000000000000F7
:108F300080B503F071FC80BD80B582B0019001A8BE
:108F4000FBF7C6FEFEF784FE02B080BD0000000005
:108F500080B582B0019001A8FBF7D2FEFEF788FE33
:108F600002B080BD0000000080B582B0019001A871
:108F7000FBF71AFFFEF7C4FE02B080BD0000000040
:108F800081B00090009801B0704700000000000020
:108F900081B00090009801B0704700000000000010
:108FA00081B00090009801B0704700000000000000
:108FB00081B00090009801B07047000000000000F0
:108FC00081B00090009801B07047000000000000E0
:108FD00081B00090009801B07047000000000000D0
:108FE00081B00090009801B07047000000000000C0
:108FF00081B00090009801B07047000000000000B0
:1090000081B00090009801B070470000000000009F
:1090100081B00090009801B070470000000000008F
:1090200081B00090009801B070470000000000007F
:1090300081B00090009801B070470000000000006F
:1090400081B00090009801B070470000000000005F
:1090500081B00090009801B070470000000000004F
:1090600081B00090009801B070470000000000003F
:1090700081B00090009801B070470000000000002F
:1090800082B00190009101980099016002B0704790
:1090900081B00090009801684968016001B0704794
:1090A00082B00190009101980099016002B0704770
:1090B00081B00090009801684968016001B0704774
:1090C00081B0009000980021016001B0704700005D
:1090D00082B00190009101980099016002B0704740
:1090E00082B00190009101980099016002B0704730
:1090F00080B582B0019001980090006800F048FAB5
:1091000001460098016002B080BD00000000000030
:1091100082B00190009101980099016002B07047FF
:1091200082B00190009101980099016002B07047EF
:1091300080B582B0019001980090006800F028FA94
:1091400001460098016002B080BD000000000000F0
:1091500082B00190009101980099016002B07047BF
:1091600082B00190009101980099016002B07047AF
:1091700080B582B0019001980090006800F008FA74
:1091800001460098016002B080BD000000000000B0
:1091900082B00190009101980099016002B070477F
:1091A00082B00190009101980099016002B070476F
:1091B00082B00190009101980099016002B070475F
:1091C00080B582B0019001980090006800F0E0F94D
:1091D00001460098016002B080BD00000000000060
:1091E00082B00190009101980099016002B070472F
:1091F00082B00190009101980099016002B070471F
:1092000080B582B0019001980090006800F0C0F92C
:1092100001460098016002B080BD0000000000001F
:1092200082B00190009101980099016002B07047EE
:1092300082B00190009101980099016002B07047DE
:1092400080B582B0019001980090006800F0A0F90C
:1092500001460098016002B080BD000000000000DF
:1092600082B00190009101980099016002B07047AE
:1092700082B00190009101980099016002B070479E
:1092800080B582B0019001980090006800F080F9EC
:1092900001460098016002B080BD0000000000009F
:1092A00082B00190009101980099016002B070476E
:1092B00082B00190009101980099016002B070475E
:1092C00080B582B0019001980090006800F060F9CC
:1092D00001460098016002B080BD0000000000005F
:1092E00082B00190009101980099016002B070472E
:1092F00082B00190009101980099016002B070471E
:1093000080B582B0019001980090006800F040F9AB
:1093100001460098016002B080BD0000000000001E
:1093200082B00190009101980099016002B07047ED
:1093300082B00190009101980099016002B07047DD
:1093400080B582B0019001980090006800F020F98B
:1093500001460098016002B080BD000000000000DE
:1093600080B582B001900198FFF752FE02B080BD37
:1093700080B582B001900198FFF7F2FF02B080BD86
:1093800083B00290019100920298019901600099C6
:10939000416003B07047000080B582B00190019831
:1093A0000090FFF7DDFF03F053FC014600980160D9
:1093B000FFF7D6FF03F04CFC01460098416002B075
:1093C00080BD00000000000080B582B001900198CF
:1093D000FFF726FE02B080BD80B582B001900198F3
:1093E000FFF7F2FF02B080BD83B0029001910092BE
:1093F0000298019901600099416003B07047000034
:1094000080B582B0019001980090FFF7DDFF03F076
:1094100027FC014600980160FFF7D6FF03F020FC0F
:1094200001460098416002B080BD000000000000CD
:1094300081B00090009801B070470000000000006B
:1094400081B00090009801B070470000000000005B
:1094500081B00090009801B070470000000000004B
:1094600081B00090009801B070470000000000003B
:1094700081B00090009801B070470000000000002B
:1094800081B00090009801B070470000000000001B
:1094900081B00090009801B070470000000000000B
:1094A00081B00090009801B07047000000000000FB
:1094B00081B00090009801B07047000000000000EB
:1094C00081B00090009801B07047000000000000DB
:1094D00081B00090009801B07047000000000000CB
:1094E00081B00090009801B07047000000000000BB
:1094F00081B00090009801B07047000000000000AB
:1095000081B00090009801B070470000000000009A
:1095100081B00090009801B070470000000000008A
:1095200081B00090009801B070470000000000007A
:1095300081B00090009801B070470000000000006A
:1095400081B00090009801B070470000000000005A
:1095500081B00090009801B070470000000000004A
:1095600081B00090009801B070470000000000003A
:1095700081B00090009801B070470000000000002A
:1095800081B00090009801B070470000000000001A
:1095900080B582B000900098406830B1FFE7009835
:1095A0004068FDF735FE01900EE0FFE7009802F0FD
:1095B0006BF828B9FFE70098FBF79AFE0090F5E7F3
:1095C000009880680190FFE7019802B080BD00001C
:1095D00082B00190009101990098886002B07047B4
:1095E00080B584B003900291019203980299019A88
:1095F0000CF0B2FB04B080BD80B582B00190009148
:10960000019800990CF0B8FB02B080BD000000008A
:1096100080B582B001900198FDF73AFA02B080BDA2
:1096200080B584B003900291019203980299019A47
:109630000CF0C2FB04B080BD80B584B003900291F1
:10964000019203980299019A0CF0CEFB04B080BD00
:1096500080B582B001900091019800990CF0D4FB84
:1096600002B080BD0000000080B582B0019001987A
:10967000FDF716FA02B080BD80B584B00390029168
:10968000019203980299019A0CF0DEFB04B080BDB0
:1096900080B584B003900291019203980299019AD7
:1096A0000CF0EAFB04B080BD81B0009001B07047BF
:1096B00080B582B001900091019800990CF0ECFB0C
:1096C00002B080BD0000000080B582B0019001981A
:1096D000FDF7EEF902B080BD80B582B00190009137
:1096E000019800990CF0FCFB02B080BD0000000066
:1096F00080B584B003900291019203980299019A77
:109700000CF00EFC04B080BD80B582B001900091D9
:109710000098FEF77DFA02B080BD00000000000056
:1097200080B582B001900091019800990CF008FC7E
:1097300002B080BD0000000080B582B001900198A9
:10974000FDF7BEF902B080BD80B584B003900291F0
:10975000019203980299019A0CF00EFC04B080BDAE
:1097600080B584B003900291019203980299019A06
:109770000CF01AFC04B080BD80B582B0019000915D
:109780000098FEF749FA02B080BD0000000000001A
:1097900080B582B001900091019800990CF014FC02
:1097A00002B080BD0000000080B582B00190019839
:1097B000FDF78EF902B080BD80B584B003900291B0
:1097C000019203980299019A0CF01AFC04B080BD32
:1097D00080B584B003900291019203980299019A96
:1097E0000CF026FC04B080BD80B582B001900091E1
:1097F0000098FEF7E1F902B080BD00000000000013
:1098000080B582B001900091019800990CF020FC85
:1098100002B080BD0000000080B582B001900198C8
:10982000FDF75EF902B080BD80B584B0039002916F
:10983000019203980299019A0CF026FC04B080BDB5
:1098400080B584B003900291019203980299019A25
:109850000CF032FC04B080BD80B582B00190009164
:109860000098FEF7ADF902B080BD000000000000D6
:1098700080B582B001900091019800990CF02CFC09
:1098800002B080BD0000000080B582B00190019858
:10989000FDF72EF902B080BD80B584B0039002912F
:1098A000019203980299019A0CF032FC04B080BD39
:1098B00080B584B003900291019203980299019AB5
:1098C0000CF03EFC04B080BD80B582B001900091E8
:1098D0000098FEF779F902B080BD0000000000009A
:1098E00080B582B001900091019800990CF038FC8D
:1098F00002B080BD0000000080B582B001900198E8
:10990000FDF7FEF802B080BD80B584B003900291EF
:10991000019203980299019A0CF03EFC04B080BDBC
:1099200080B584B003900291019203980299019A44
:109930000CF04AFC04B080BD80B582B0019000916B
:109940000098FEF745F902B080BD0000000000005D
:1099500080B582B001900091019800990CF044FC10
:1099600002B080BD0000000080B582B00190019877
:10997000FDF7CEF802B080BD80B584B003900291AF
:10998000019203980299019A0CF04AFC04B080BD40
:1099900080B584B003900291019203980299019AD4
:1099A0000CF056FC04B080BD80B582B001900091EF
:1099B0000098FEF711F902B080BD00000000000021
:1099C00080B582B001900091019800990CF050FC94
:1099D00002B080BD0000000080B582B00190019807
:1099E000FDF79EF802B080BD80B584B0039002916F
:1099F000019203980299019A0CF056FC04B080BDC4
:109A000080B584B003900291019203980299019A63
:109A10000CF062FC04B080BD80B582B00190009172
:109A20000098FEF7DDF802B080BD000000000000E5
:109A300080B582B001900091019800990CF05CFC17
:109A400002B080BD0000000080B582B00190019896
:109A5000FDF76EF802B080BD80B584B0039002912E
:109A6000019203980299019A0CF062FC04B080BD47
:109A700080B584B003900291019203980299019AF3
:109A80000CF06EFC04B080BD80B582B001900091F6
:109A90000098FEF7A9F802B080BD000000000000A9
:109AA00080B582B001900091019800990CF068FC9B
:109AB00002B080BD0000000080B582B00190019826
:109AC000FDF73EF802B080BD80B584B003900291EE
:109AD000019203980299019A0CF06EFC04B080BDCB
:109AE00080B584B003900291019203980299019A83
:109AF0000CF07AFC04B080BD80B582B0019000917A
:109B00000098FEF775F802B080BD0000000000006C
:109B100080B582B001900091019800990CF074FC1E
:109B200002B080BD0000000080B582B001900198B5
:109B3000FDF70EF802B080BD80B584B003900291AD
:109B4000019203980299019A0CF07AFC04B080BD4E
:109B500080B584B003900291019203980299019A12
:109B60000CF086FC04B080BD80B582B001900091FD
:109B70000098FEF741F802B080BD00000000000030
:109B800080B582B001900091019800990CF080FCA2
:109B900002B080BD0000000080B582B00190019845
:109BA000FCF7DEFF02B080BD80B584B00390029167
:109BB000019203980299019A0CF086FC04B080BDD2
:109BC00080B584B003900291019203980299019AA2
:109BD0000CF092FC04B080BD80B582B00190009181
:109BE0000098FEF70DF802B080BD000000000000F4
:109BF00080B582B001900091019800990CF08CFC26
:109C000002B080BD0000000080B582B001900198D4
:109C1000FCF7AEFF02B080BD80B584B00390029126
:109C2000019203980299019A0CF092FC04B080BD55
:109C300080B584B003900291019203980299019A31
:109C40000CF09EFC04B080BD80B582B00190009104
:109C50000098FDF7D9FF02B080BD000000000000B1
:109C600080B582B001900091019800990CF098FCA9
:109C700002B080BD0000000080B582B00190019864
:109C8000FCF77EFF02B080BD80B584B003900291E6
:109C9000019203980299019A0CF09EFC04B080BDD9
:109CA00080B584B003900291019203980299019AC1
:109CB0000CF0AAFC04B080BD80B582B00190009188
:109CC000019800990CF0B0FC02B080BD00000000CB
:109CD00080B582B001900198FCF75AFF02B080BDB8
:109CE00080B584B003900291019203980299019A81
:109CF0000CF0C2FC04B080BD80B584B0039002912A
:109D0000019203980299019A0CF0CEFC04B080BD38
:109D100080B582B001900091019800990CF0D4FCBC
:109D200002B080BD0000000080B584B003900291B5
:109D3000019203980299019A0CF0DEFC04B080BDF8
:109D400080B582B001900091019800990CF0E4FC7C
:109D500002B080BD0000000080B582B00190019883
:109D6000FCF71EFF02B080BD80B584B00390029165
:109D7000019203980299019A0CF0F2FC04B080BDA4
:109D800080B584B003900291019203980299019AE0
:109D90000CF0F2FC04B080BD80B584B00390029159
:109DA000019203980299019A0CF0FEFC04B080BD68
:109DB00080B582B001900091019800990CF004FDEB
:109DC00002B080BD0000000080B582B00190019813
:109DD000FCF7EEFE02B080BD80B584B00390029126
:109DE000019203980299019A0CF00EFD04B080BD17
:109DF00080B584B003900291019203980299019A70
:109E00000CF01AFD04B080BD81B0009001B0704725
:109E100080B582B001900091019800990CF018FD76
:109E200002B080BD0000000080B582B001900198B2
:109E3000FCF7C6FE02B080BD80B584B003900291ED
:109E4000019203980299019A0CF022FD04B080BDA2
:109E500080B584B003900291019203980299019A0F
:109E60000CF02EFD04B080BD80B582B00190009151
:109E7000019800990CF034FD02B080BD0000000094
:109E800080B582B001900198FCF7A2FE02B080BDBF
:109E900080B584B003900291019203980299019ACF
:109EA0000CF03EFD04B080BD80B582B001900198F9
:109EB00001F06AFC02B080BD80B582B001900198CB
:109EC00001F06EFE02B080BD80B584B003900398AF
:109ED000019001F061FC019801F06AFE019804B064
:109EE00080BD00000000000080B582B001900198A4
:109EF00001F04AFC02B080BD80B582B001900198AB
:109F000001F062FE02B080BD80B584B0039003987A
:109F1000019001F041FC019801F05EFE019804B04F
:109F200080BD00000000000080B582B00190019863
:109F300001F02AFC02B080BD80B582B0019001988A
:109F400001F056FE02B080BD80B584B00390039846
:109F5000019001F021FC019801F052FE019804B03B
:109F600080BD00000000000080B582B00190019823
:109F700001F00AFC02B080BD80B582B0019001986A
:109F800001F04AFE02B080BD80B584B00390039812
:109F9000019001F001FC019801F046FE019804B027
:109FA00080BD00000000000080B582B001900198E3
:109FB00001F0EAFB02B080BD80B582B0019001984B
:109FC00001F03EFE02B080BD80B584B003900398DE
:109FD000019001F0E1FB019801F03AFE019804B014
:109FE00080BD00000000000080B582B001900198A3
:109FF00001F0CAFB02B080BD80B582B0019001982B
:10A0000001F032FE02B080BD80B584B003900398A9
:10A01000019001F0C1FB019801F02EFE019804B0FF
:10A0200080BD00000000000080B582B00190019862
:10A0300001F0AAFB02B080BD80B582B0019001980A
:10A0400001F026FE02B080BD80B584B00390039875
:10A05000019001F0A1FB019801F022FE019804B0EB
:10A0600080BD00000000000080B582B00190019822
:10A0700001F08AFB02B080BD80B582B001900198EA
:10A0800001F01AFE02B080BD80B584B00390039841
:10A09000019001F081FB019801F016FE019804B0D7
:10A0A00080BD00000000000080B582B001900198E2
:10A0B00001F06AFB02B080BD80B582B001900198CA
:10A0C00001F00EFE02B080BD80B584B0039003980D
:10A0D000019001F061FB019801F00AFE019804B0C3
:10A0E00080BD00000000000080B582B001900198A2
:10A0F00001F04AFB02B080BD80B582B001900198AA
:10A1000001F002FE02B080BD80B584B003900398D8
:10A11000019001F041FB019801F0FEFD019804B0AF
:10A1200080BD00000000000080B582B00190019861
:10A1300001F02AFB02B080BD80B582B00190019889
:10A1400001F0F6FD02B080BD80B584B003900398A5
:10A15000019001F021FB019801F0F2FD019804B09B
:10A1600080BD00000000000080B582B00190019821
:10A1700001F072FE02B080BD80B582B001900198FE
:10A1800001F0A2FC02B080BD80B586B005900491BC
:10A19000039205980190049901F066FE019801F080
:10A1A0009BFC019806B080BD80B582B001900198FB
:10A1B00001F062FE02B080BD80B582B001900198CE
:10A1C00001F096FC02B080BD80B586B00590049188
:10A1D000039205980190049901F056FE019801F050
:10A1E0008FFC019806B080BD80B582B001900198C7
:10A1F00001F052FE02B080BD80B582B0019001989E
:10A2000001F08AFC02B080BD80B586B00590049153
:10A21000039205980190049901F046FE019801F01F
:10A2200083FC019806B080BD80B584B00390029194
:10A23000019203980090029901F036FE009801996E
:10A2400001F07EFC009804B080BD0000000000001A
:10A2500080B582B00190019801F02EFE02B080BD61
:10A2600080B582B001900198043001F051FB02B03A
:10A2700080BD00000000000080B584B00390029112
:10A28000019203980090029901F01EFE009804309C
:10A29000019901F045FB009804B080BD000000006A
:10A2A00080B582B00190019801F01AFE02B080BD25
:10A2B00080B582B001900198043001F03DFB02B0FE
:10A2C00080BD00000000000080B584B003900291C2
:10A2D000019203980090029901F00AFE0098043060
:10A2E000019901F031FB009804B080BD000000002E
:10A2F00080B582B00190019801F006FE02B080BDE9
:10A3000080B582B001900198043001F029FB02B0C1
:10A3100080BD00000000000080B584B00390029171
:10A32000019203980090029901F0F6FD0098043024
:10A33000019901F01DFB009804B080BD00000000F1
:10A3400080B582B00190019801F0F2FD02B080BDAD
:10A3500080B582B001900198043001F015FB02B085
:10A3600080BD00000000000080B584B00390029121
:10A37000019203980090029901F0E2FD00980430E8
:10A38000019901F009FB009804B080BD00000000B5
:10A3900080B582B00190019801F0DEFD02B080BD71
:10A3A00080B582B001900198043001F001FB02B049
:10A3B00080BD00000000000080B584B003900291D1
:10A3C000019203980090029901F0CEFD00980430AC
:10A3D000019901F0F5FA009804B080BD000000007A
:10A3E00080B582B00190019801F0CAFD02B080BD35
:10A3F00080B582B001900198043001F0EDFA02B00E
:10A4000080BD00000000000080B584B00390029180
:10A41000019203980090029901F0BAFD009804306F
:10A42000019901F0E1FA009804B080BD000000003D
:10A4300080B582B00190019801F0B6FD02B080BDF8
:10A4400080B582B001900198043001F0D9FA02B0D1
:10A4500080BD00000000000080B584B00390029130
:10A46000019203980090029901F0A6FD0098043033
:10A47000019901F0CDFA009804B080BD0000000001
:10A4800080B582B00190019801F0A2FD02B080BDBC
:10A4900080B582B001900198043001F0C5FA02B095
:10A4A00080BD00000000000080B584B003900291E0
:10A4B000019203980090029901F092FD00980430F7
:10A4C000019901F0B9FA009804B080BD00000000C5
:10A4D00080B582B00190019801F08EFD02B080BD80
:10A4E00080B582B001900198043001F0B1FA02B059
:10A4F00080BD00000000000080B584B00390029190
:10A50000019203980090029901F07EFD00980430BA
:10A51000019901F0A5FA009804B080BD0000000088
:10A5200080B582B00190019801F07AFD02B080BD43
:10A5300080B582B001900198043001F09DFA02B01C
:10A5400080BD00000000000080B584B0039002913F
:10A55000019203980090029901F06AFD009804307E
:10A56000019901F091FA009804B080BD000000004C
:10A5700080B582B00190019801F066FD02B080BD07
:10A5800080B582B001900198043001F089FA02B0E0
:10A5900080BD00000000000080B584B003900291EF
:10A5A000019203980090029901F056FD0098043042
:10A5B000019901F07DFA009804B080BD0000000010
:10A5C00080B582B00190019801F052FD02B080BDCB
:10A5D00080B582B00190019801F0BEFB02B080BD51
:10A5E00080B586B005900491039205980190049976
:10A5F00001F046FD019801F0B7FB019806B080BD5F
:10A6000080B582B00190019801F032FD02B080BDAA
:10A6100080B582B001900198043001F081FD02B054
:10A6200080BD00000000000080B584B0039002915E
:10A63000019203980090029901F022FD00980430E5
:10A64000019901F075FD009804B080BD0000000084
:10A6500080B582B00190019801F092FB02B080BDFC
:10A6600080B586B0059004910392059801900499F5
:10A6700001F00EFD019801F08BFB019806B080BD42
:10A6800080B582B00190019801F00AFD02B080BD52
:10A6900080B582B00190019801F086FB02B080BDC8
:10A6A00080B586B0059004910392059801900499B5
:10A6B00001F0FEFC019801F07FFB019806B080BD1F
:10A6C00080B582B00190019801F0EAFC02B080BD33
:10A6D00080B582B001900198043001F031FD02B0E4
:10A6E00080BD00000000000080B584B0039002919E
:10A6F000019203980090029901F0DAFC009804306E
:10A70000019901F025FD009804B080BD0000000013
:10A7100080B582B00190019801F0D2FC02B080BDFA
:10A7200080B582B00190019801F052FB02B080BD6B
:10A7300080B586B005900491039205980190049924
:10A7400001F0C6FC019801F04BFB019806B080BDFA
:10A7500080B582B00190019801F0C2FC02B080BDCA
:10A7600080B582B00190019801F046FB02B080BD37
:10A7700080B586B0059004910392059801900499E4
:10A7800001F0B6FC019801F03FFB019806B080BDD6
:10A7900080B584B0039002910192039800900299D1
:10A7A00001F0A6FC0098019901F03AFB009804B072
:10A7B00080BD00000000000080B582B001900198CB
:10A7C00001F08EFC02B080BD80B582B0019001988E
:10A7D000043001F0C5FC02B080BD000000000000A4
:10A7E00080B584B003900291019203980090029981
:10A7F00001F07EFC00980430019901F0B9FC00984A
:10A8000004B080BD0000000080B582B001900198C6
:10A8100001F076FC02B080BD80B582B00190019855
:10A8200001F006FB02B080BD80B586B005900491B2
:10A83000039205980190049901F06AFC019801F0D7
:10A84000FFFA019806B080BD80B582B001900198F2
:10A8500001F056FC02B080BD80B582B00190019835
:10A86000043001F08DFC02B080BD0000000000004B
:10A8700080B584B0039002910192039800900299F0
:10A8800001F046FC00980430019901F081FC009829
:10A8900004B080BD0000000080B582B00190019836
:10A8A00001F07EFC02B080BD80B582B001900198BD
:10A8B00000F07EFF02B080BD80B584B003900291AD
:10A8C000019203980090029901F072FC009801999E
:10A8D00000F076FF009804B080BD0000000000008A
:10A8E00080B582B00190019801F05AFC02B080BDA1
:10A8F00080B582B00190019800F06AFF02B080BD7F
:10A9000080B584B00390029101920398009002995F
:10A9100001F04EFC0098019900F062FF009804B02D
:10A9200080BD00000000000080B582B00190019859
:10A9300001F036FC02B080BD80B582B00190019874
:10A9400000F056FF02B080BD80B584B00390029144
:10A95000019203980090029901F02AFC0098019955
:10A9600000F04EFF009804B080BD00000000000021
:10A9700080B582B00190019801F012FC02B080BD58
:10A9800080B582B00190019800F042FF02B080BD16
:10A9900080B584B0039002910192039800900299CF
:10A9A00001F006FC0098019900F03AFF009804B00D
:10A9B00080BD00000000000080B582B001900198C9
:10A9C00001F0EEFB02B080BD80B582B0019001982D
:10A9D00000F02EFF02B080BD80B584B003900291DC
:10A9E000019203980090029901F0E2FB009801990E
:10A9F00000F026FF009804B080BD000000000000B9
:10AA000080B582B00190019801F0CAFB02B080BD10
:10AA100080B582B00190019800F01AFF02B080BDAD
:10AA200080B584B00390029101920398009002993E
:10AA300001F0BEFB0098019900F012FF009804B0ED
:10AA400080BD00000000000080B582B00190019838
:10AA500001F0A6FB02B080BD80B582B001900198E4
:10AA600000F006FF02B080BD80B584B00390029173
:10AA7000019203980090029901F09AFB00980199C5
:10AA800000F0FEFE009804B080BD00000000000051
:10AA900080B582B00190019801F082FB02B080BDC8
:10AAA00080B582B00190019800F0F2FE02B080BD46
:10AAB00080B584B0039002910192039800900299AE
:10AAC00001F076FB0098019900F0EAFE009804B0CE
:10AAD00080BD00000000000080B582B001900198A8
:10AAE00001F05EFB02B080BD80B582B0019001989C
:10AAF00000F0DEFE02B080BD80B584B0039002910C
:10AB0000019203980090029901F052FB009801997C
:10AB100000F0D6FE009804B080BD000000000000E8
:10AB200080B582B00190019801F03AFB02B080BD7F
:10AB300080B582B00190019800F0CAFE02B080BDDD
:10AB400080B584B00390029101920398009002991D
:10AB500001F02EFB0098019900F0C2FE009804B0AD
:10AB600080BD00000000000080B582B00190019817
:10AB700001F016FB02B080BD80B582B00190019853
:10AB800000F0B6FE02B080BD80B584B003900291A3
:10AB9000019203980090029901F00AFB0098019934
:10ABA00000F0AEFE009804B080BD00000000000080
:10ABB00080B582B00190019801F0F2FA02B080BD38
:10ABC00080B582B00190019800F0C2FF02B080BD54
:10ABD00080B586B005900491039205980190049980
:10ABE00001F0E6FA019800F0BBFF019806B080BDC5
:10ABF00080B582B00190019801F0D2FA02B080BD18
:10AC000080B582B00190019800F0B6FF02B080BD1F
:10AC100080B586B00590049103920598019004993F
:10AC200001F0C6FA019800F0AFFF019806B080BDB0
:10AC300080B584B002900191019801F0DDFF40B130
:10AC4000FFE7019800900298009900F041FD039001
:10AC500004E0029800F034FD0390FFE7039804B08D
:10AC600080BD00000000000082B00190019988685A
:10AC7000009000208860009802B07047000000003B
:10AC800080B582B0019001980090806830B1FFE7F4
:10AC9000009842688168FEF72BFDFFE702B080BD97
:10ACA00080B584B0029001910298009001994160B2
:10ACB0004168FEF735FD01460098816004B080BD13
:10ACC00080B582B0019001980090FFF7D9FF0098FD
:10ACD00002B080BD0000000082B001900199886838
:10ACE000009000208860009802B0704700000000CB
:10ACF00080B582B0019001980090806830B1FFE784
:10AD0000009842688168FEF72BFDFFE702B080BD26
:10AD100080B584B002900191029800900199416041
:10AD20004168FEF735FD01460098816004B080BDA2
:10AD300080B582B0019001980090FFF7D9FF00988C
:10AD400002B080BD0000000080B584B0039003987D
:10AD50004068029002980068039948600398406830
:10AD600028B1FFE703994868FEF732FCFFE7039834
:10AD7000806802998860039800F086FC28B1FFE79C
:10AD8000029803998968086008E002980190039886
:10AD9000FAF7AEFA014601984860FFE70398029976
:10ADA000086003980299FEF713FC04B080BD000010
:10ADB00080B586B0049003910398019004A8029096
:10ADC000FCF766FF019902460298891AF9F788FF95
:10ADD0000590059806B080BD80B582B0019001A8AD
:10ADE000FCF756FF02B080BD80B586B00490039199
:10ADF0000398019004A80290FCF752FF01990246C3
:10AE00000298891A8910F9F783FF0590059806B012
:10AE100080BD00000000000080B582B0019001A854
:10AE2000FCF73EFF02B080BD80B586B00490039170
:10AE30000398019004A80290FCF73AFF019902469A
:10AE40000298891AF9F7C0FF0590059806B080BDF1
:10AE500080B582B0019001A8FCF72AFF02B080BD46
:10AE600083B00190009100980290029803B070475F
:10AE700082B0009000980190019802B070470000E5
:10AE800083B00190009100980290029803B070473F
:10AE900082B0009000980190019802B070470000C5
:10AEA00080B584B0039002910398019002990091BB
:10AEB000FCF7B6FE009902460198891A084404B0CE
:10AEC00080BD00000000000080B582B001900198B4
:10AED000FCF7A6FE02B080BD80B584B0039002915D
:10AEE0000398019002990091FCF7A2FE0099024696
:10AEF0000198891A084404B080BD000000000000D9
:10AF000080B582B001900198FCF792FE02B080BD3E
:10AF100080B582B001900198FCF792FE02B080BD2E
:10AF200080B584B00390029103980190029900913A
:10AF3000FCF78EFE009902460198891A084404B075
:10AF400080BD00000000000080B582B00190019833
:10AF5000FCF77EFE02B080BD80B584B00390029104
:10AF60000398019002990091FCF77AFE009902463D
:10AF70000198891A084404B080BD00000000000058
:10AF800080B582B001900198FCF76AFE02B080BDE6
:10AF900080B584B0039002910398019002990091CA
:10AFA000FCF766FE009902460198891A084404B02D
:10AFB00080BD00000000000080B582B001900198C3
:10AFC000FCF756FE02B080BD80B584B003900291BC
:10AFD0000398019002990091FCF752FE00990246F5
:10AFE0000198891A084404B080BD000000000000E8
:10AFF00080B582B001900198FCF742FE02B080BD9E
:10B0000080B584B003900291039801900299009159
:10B01000FCF76EFE009902460198891A084404B0B4
:10B0200080BD00000000000080B582B00190019852
:10B03000FCF75EFE02B080BD80B584B00390029143
:10B040000398019002990091FCF75AFE009902467C
:10B050000198891A084404B080BD00000000000077
:10B0600080B582B001900198FCF74AFE02B080BD25
:10B0700080B584B0019003910292039802990AF07E
:10B0800083FE019908600298486004B080BD00000A
:10B0900080B584B0019003910292039802990AF05E
:10B0A000BBFE019908600298486004B080BD0000B2
:10B0B00080B584B0019003910292039802990AF03E
:10B0C000F3FE019908600298486004B080BD00005A
:10B0D00080B584B0019003910292039802990BF01D
:10B0E000AFFA019908600298486004B080BD000082
:10B0F00080B584B0019003910292039802990BF0FD
:10B1000017FB019908600298486004B080BD0000F8
:10B1100080B584B0019003910292039802990BF0DC
:10B120005BFB019908600298486004B080BD000094
:10B1300080B584B0019003910292039802990BF0BC
:10B140008FFB019908600298486004B080BD000040
:10B1500080B584B0019003910292039802990BF09C
:10B16000C7FB019908600298486004B080BD0000E8
:10B1700080B584B0039002910192FFE70298019993
:10B1800088420ED0FFE7039800900298FCF7A8FDD4
:10B1900001460098FEF7D4FDFFE7029810300290B8
:10B1A000ECE704B080BD000080B584B0039002914C
:10B1B000019201980090009838B1FFE70398029936
:10B1C000009A5200D5F77DFAFFE7039804B080BDDE
:10B1D00080B584B00390029101920198009000988C
:10B1E00038B1FFE703980299009A5200D5F769FA3F
:10B1F000FFE7039804B080BD80B584B0039002914E
:10B20000019201980090009838B1FFE703980299E5
:10B21000009A9200D5F7C9FAFFE7039804B080BD01
:10B2200080B584B00390029101920198009000983B
:10B2300038B1FFE703980299009A9200D5F7B5FA62
:10B24000FFE7039804B080BD80B584B003900291FD
:10B25000019201980090009848B1FFE70398029985
:10B26000009AC2EBC2029200D5F79FFAFFE703985B
:10B2700004B080BD0000000080B584B0039002914E
:10B28000019201980090009838B1FFE70398029965
:10B29000009A9200D5F789FAFFE7039804B080BDC1
:10B2A00080B584B0039002910192019800900098BB
:10B2B00030B1FFE703980299009AD5F702FAFFE749
:10B2C000039804B080BD000080B584B00390029163
:10B2D000019201980090009830B1FFE7039802991D
:10B2E000009AD5F7EEF9FFE7039804B080BD00009F
:10B2F00080B586B000900591049203930498059957
:10B30000401A4010029003980599029AFFF74CFFEB
:10B3100000980399029A01EB4201019104A901AA44
:10B320000BF042FC06B080BD80B586B00090059160
:10B330000492039304980599401A80100290039890
:10B340000599029AFFF758FF00980399029A01EBBA
:10B350008201019104A901AA0BF032FC06B080BD64
:10B3600080B586B0009005910492039304980599E6
:10B37000401A029003980599029AFFF791FF0098EE
:10B380000399029A1144019104A901AA0BF024FC2B
:10B3900006B080BD0000000080B586B00090059129
:10B3A0000492039304980599401A40100290039860
:10B3B0000599029AFFF70CFF00980399029A01EB96
:10B3C0004201019104A901AA0BF012FC06B080BD54
:10B3D00080B586B000900591049203930498059976
:10B3E000401A8010029003980599029AFFF718FFFF
:10B3F00000980399029A01EB8201019104A901AA24
:10B400000BF002FC06B080BD80B586B000900591BF
:10B410000492039304980599401A801046F6B75198
:10B42000CBF2DB614843029003980599029AFFF73B
:10B430000BFF00980399029AC2EBC20201EB820152
:10B44000019104A901AA0BF0EBFB06B080BD00003E
:10B4500080B586B0009005910492039304980599F5
:10B46000401A8010029003980599029AFFF704FF92
:10B4700000980399029A01EB8201019104A901AAA3
:10B480000BF0DAFB06B080BD80B586B00090059168
:10B490000492039304980599401A02900398059921
:10B4A000029AFFF711FF00980399029A1144019143
:10B4B00004A901AA0BF0CCFB06B080BD000000007F
:10B4C00080B584B0039002910192019801F094FB41
:10B4D00040B1FFE70198009003980299009A01F0AB
:10B4E000D3FB04E00398029901F0C2FBFFE704B02C
:10B4F00080BD00000000000082B00090009802B003
:10B50000704700000000000082B00090009802B078
:10B51000704700000000000082B00090009802B068
:10B52000704700000000000082B00090009802B058
:10B53000704700000000000082B00090009802B048
:10B54000704700000000000082B00090009802B038
:10B55000704700000000000082B00090009802B028
:10B56000704700000000000082B00090009802B018
:10B57000704700000000000082B00090009802B008
:10B58000704700000000000082B00090009802B0F8
:10B59000704700000000000082B00090009802B0E8
:10B5A000704700000000000080B582B00190019853
:10B5B000006800900098FDF7BFFC02B080BD00005D
:10B5C00080B582B001900198006800900098FDF766
:10B5D000BFFC02B080BD000080B582B00190019830
:10B5E000006800900098FDF7BFFC02B080BD00002D
:10B5F00080B584B003900398006802900298406878
:10B60000039908600398006828B1FFE70399086868
:10B61000FDF7DEFFFFE703988068029988600398D2
:10B6200000F032F828B1FFE70298039989680860B2
:10B6300008E0029801900398F9F75AFE0146019834
:10B640004860FFE703980299486003980299FDF764
:10B65000BFFF04B080BD000082B0019001994DF29F
:10B66000E460C0F6030000F0ACFD00000000000044
:10B6700082B0019001994DF68300C0F6030000F0FE
:10B68000A0FD00000000000081B0009000988168DB
:10B690000968401AB0FA80F0400901B07047000014
:10B6A00081B00090009801B07047000000000000D9
:10B6B00081B00090009801B07047000000000000C9
:10B6C00080B582B00190019810F026F902B080BDDB
:10B6D00080B582B0019000910198009910F025F991
:10B6E00002B080BD0000000082B00191009000987F
:10B6F0000199016002B0704782B0019100900098FA
:10B700000199016002B0704782B0019100900098E9
:10B710000199016002B0704782B0019100900098D9
:10B720000199016002B0704782B0019100900098C9
:10B730000199016002B0704782B0019100900098B9
:10B740000199016002B0704782B0019100900098A9
:10B750000199016002B0704782B001910090009899
:10B760000199016002B0704782B001910090009889
:10B770000199016002B0704782B001910090009879
:10B780000199016002B0704781B00090009801B04B
:10B79000704700000000000080B584B0029002985D
:10B7A0000190FDF78DFC019804B080BD0000000001
:10B7B00081B00090009801B07047000000000000C8
:10B7C00082B001900091019802B070470000000023
:10B7D00081B00090009801B07047000000000000A8
:10B7E00082B001900091019802B070470000000003
:10B7F00081B00090009801B0704700000000000088
:10B8000082B001900091019802B0704700000000E2
:10B8100081B00090009801B0704700000000000067
:10B8200082B001900091019802B0704700000000C2
:10B8300081B00090009801B0704700000000000047
:10B8400082B001900091019802B0704700000000A2
:10B8500081B00090009801B0704700000000000027
:10B8600082B001900091019802B070470000000082
:10B8700081B00090009801B0704700000000000007
:10B8800082B001900091019802B070470000000062
:10B8900081B00090009801B07047000000000000E7
:10B8A00082B001900091019802B070470000000042
:10B8B00081B00090009801B07047000000000000C7
:10B8C00082B001900091019802B070470000000022
:10B8D00081B00090009801B07047000000000000A7
:10B8E00082B001900091019802B070470000000002
:10B8F00081B00090009801B0704700000000000087
:10B9000082B001900091019802B0704700000000E1
:10B9100081B00090009801B0704700000000000066
:10B9200082B0019000910198009A116852684260BB
:10B93000016002B07047000081B00090009801B033
:10B94000704700000000000082B001900091019853
:10B95000009A116852684260016002B070470000AE
:10B9600081B00090009801B0704700000000000016
:10B9700082B0019000910198009A1168526842606B
:10B98000016002B07047000081B00090009801B0E3
:10B99000704700000000000082B001900091019803
:10B9A000009A116852684260016002B0704700005E
:10B9B00081B00090009801B07047000000000000C6
:10B9C00082B0019000910198009A1168526842601B
:10B9D000016002B07047000081B00090009801B093
:10B9E000704700000000000082B0019000910198B3
:10B9F000009A116852684260016002B0704700000E
:10BA000081B00090009801B0704700000000000075
:10BA100082B0019000910198009A116852684260CA
:10BA2000016002B07047000081B00090009801B042
:10BA3000704700000000000082B001900091019862
:10BA4000009A116852684260016002B070470000BD
:10BA500081B00090009801B0704700000000000025
:10BA600082B0019000910198009A1168526842607A
:10BA7000016002B07047000081B00090009801B0F2
:10BA8000704700000000000082B001900091019812
:10BA9000009A116852684260016002B0704700006D
:10BAA00081B00090009801B07047000000000000D5
:10BAB00082B0019000910198009A1168526842602A
:10BAC000016002B07047000081B00090009801B0A2
:10BAD000704700000000000080B584B0029002981A
:10BAE00001900AF075F9019804B080BD00000000D3
:10BAF00081B00090009801B0704700000000000085
:10BB000080B584B00290029801900AF0A9F90198DA
:10BB100004B080BD0000000081B00090009801B02A
:10BB2000704700000000000080B584B002900298C9
:10BB300001900AF0E9F9019804B080BD000000000E
:10BB400082B001900091019802B07047000000009F
:10BB500081B00090009801B0704700000000000024
:10BB600080B584B00290029801900AF011FA019811
:10BB700004B080BD0000000081B00090009801B0CA
:10BB8000704700000000000080B584B00290029869
:10BB900001900AF041FA019804B080BD0000000055
:10BBA00081B00090009801B07047000000000000D4
:10BBB00080B584B00290029801900AF071FA019861
:10BBC00004B080BD0000000081B00090009801B07A
:10BBD000704700000000000080B584B00290029819
:10BBE00001900AF0A1FA019804B080BD00000000A5
:10BBF00081B00090009801B0704700000000000084
:10BC000080B584B00290029801900AF0D1FA0198B0
:10BC100004B080BD0000000081B00090009801B029
:10BC2000704700000000000080B584B002900298C8
:10BC300001900AF001FB019804B080BD00000000F3
:10BC400081B00090009801B0704700000000000033
:10BC500080B584B00290029801900AF031FB0198FF
:10BC600004B080BD0000000081B00090009801B0D9
:10BC7000704700000000000080B584B00290029878
:10BC800001900AF061FB019804B080BD0000000043
:10BC900081B00090009801B07047000000000000E3
:10BCA00080B584B00290029801900AF091FB01984F
:10BCB00004B080BD0000000081B00090009801B089
:10BCC000704700000000000080B584B00290029828
:10BCD00001900AF0C1FB019804B080BD0000000093
:10BCE00081B00090009801B0704700000000000093
:10BCF00080B584B00290029801900AF0F1FB01989F
:10BD000004B080BD0000000081B00090009801B038
:10BD1000704700000000000080B584B002900298D7
:10BD200001900AF021FC019804B080BD00000000E1
:10BD300081B00090009801B0704700000000000042
:10BD400080B584B00290029801900AF051FC0198ED
:10BD500004B080BD0000000081B00090009801B0E8
:10BD6000704700000000000080B584B00290029887
:10BD700001900AF08DFC019804B080BD0000000025
:10BD800081B00090009801B07047000000000000F2
:10BD900080B584B00290029801900AF0A1FC01984D
:10BDA00004B080BD0000000081B00090009801B098
:10BDB000704700000000000080B584B00290029837
:10BDC00001900AF0E5FC019804B080BD000000007D
:10BDD00081B00090009801B07047000000000000A2
:10BDE00080B584B00290029801900AF019FD019884
:10BDF00004B080BD0000000081B00090009801B048
:10BE0000704700000000000080B584B002900298E6
:10BE100001900AF049FD019804B080BD00000000C7
:10BE200082B001900091019802B0704700000000BC
:10BE300081B00090009801B0704700000000000041
:10BE400080B584B00290029801900AF075FD0198C7
:10BE500004B080BD0000000081B00090009801B0E7
:10BE6000704700000000000082B00190009101982E
:10BE70000021016002B0704781B00090009801B0CD
:10BE8000704700000000000082B00190009101980E
:10BE90000021016002B0704781B00090009801B0AD
:10BEA000704700000000000082B0019000910198EE
:10BEB0000021016002B0704781B00090009801B08D
:10BEC000704700000000000082B0019000910198CE
:10BED00000990968016002B070470000000000008E
:10BEE00081B00090009801B0704700000000000091
:10BEF00082B001900091019800990968016002B038
:10BF0000704700000000000081B00090009801B070
:10BF1000704700000000000082B00190009101987D
:10BF200000990968016002B070470000000000003D
:10BF300081B00090009801B0704700000000000040
:10BF400082B001900091019800990968016002B0E7
:10BF5000704700000000000081B00090009801B020
:10BF6000704700000000000082B00190009101982D
:10BF700000990968016002B07047000000000000ED
:10BF800081B00090009801B07047000000000000F0
:10BF900082B001900091019800990968016002B097
:10BFA000704700000000000081B00090009801B0D0
:10BFB000704700000000000082B0019000910198DD
:10BFC00000990968016002B070470000000000009D
:10BFD00081B00090009801B07047000000000000A0
:10BFE00082B001900091019800990968016002B047
:10BFF000704700000000000081B00090009801B080
:10C00000704700000000000082B00190009101988C
:10C0100000990968016002B070470000000000004C
:10C0200081B00090009801B070470000000000004F
:10C0300082B001900091019800990968016002B0F6
:10C04000704700000000000081B00090009801B02F
:10C05000704700000000000082B00190009101983C
:10C0600000990968016002B07047000000000000FC
:10C0700081B00090009801B07047000000000000FF
:10C0800082B00190009101980021016002B07047D8
:10C0900082B00190009101980021016002B07047C8
:10C0A00081B00090009801B07047000000000000CF
:10C0B00082B00190009101980021016002B07047A8
:10C0C00081B00090009801B07047000000000000AF
:10C0D00082B00190009101980021016002B0704788
:10C0E00081B00090009801B070470000000000008F
:10C0F00082B00190009101980021016002B0704768
:10C1000081B00090009801B070470000000000006E
:10C1100082B00190009101980021016002B0704747
:10C1200081B000900098006801B0704700000000E6
:10C1300082B00190009101980099016002B07047AF
:10C1400081B000900098006801B0704700000000C6
:10C1500082B00190009101980099016002B070478F
:10C1600081B000900098006801B0704700000000A6
:10C1700082B00190009101980099016002B070476F
:10C1800081B000900098006801B070470000000086
:10C1900082B00190009101980099016002B070474F
:10C1A00081B00090009801B07047000000000000CE
:10C1B00082B001900091019800990968016002B075
:10C1C000704784B0844601A80EC040F2383001AAFE
:10C1D000C2F2004061460092D4F747FCD4F7FEFE5D
:10C1E00080B588B007900693059204910499059A4A
:10C1F000069B0393029201910199029A039B00F01E
:10C200006FFE08B080BD000080B588B0079006932F
:10C21000059204910499059A069B03930292019159
:10C220000199029A039B00F077FE08B080BD0000E0
:10C2300080B588B007900693059204910499059AF9
:10C24000069B0393029201910199029A039B00F0CD
:10C250007FFE08B080BD000080B588B007900693CF
:10C26000059204910499059A069B03930292019109
:10C270000199029A039B00F087FE08B080BD000080
:10C2800080B588B007900693059204910499059AA9
:10C29000069B0393029201910199029A039B00F07D
:10C2A0008FFE08B080BD000080B584B0039002917D
:10C2B00002990191019900F09FFE04B080BD000039
:10C2C00080B584B00390029102990191019900F028
:10C2D000ABFE04B080BD000080B584B00390029135
:10C2E00002990191019900F0B7FE04B080BD0000F1
:10C2F00080B582B001900198FBF712FD02B080BDBD
:10C3000080B582B001900198FBF712FD02B080BDAC
:10C3100080B582B001900198FBF712FD02B080BD9C
:10C3200080B582B001900198FBF712FD02B080BD8C
:10C3300080B582B001900198FBF712FD02B080BD7C
:10C3400080B582B001900198FBF712FD02B080BD6C
:10C3500080B582B001900198FBF712FD02B080BD5C
:10C3600080B582B001900198FBF712FD02B080BD4C
:10C3700080B582B001900198FBF712FD02B080BD3C
:10C3800080B582B001900198FBF712FD02B080BD2C
:10C3900080B582B001900198FBF712FD02B080BD1C
:10C3A00083B0029001918DF80320029801990160F9
:10C3B0009DF8031001F00101017103B07047000006
:10C3C00080B584B003900291039801900079C00772
:10C3D00060B1FFE701980068009002981030FFF705
:10C3E00087FF01460098FDF7FFF9FFE7029838B193
:10C3F000FFE70198006802990122FDF7E9F9FFE7DC
:10C4000004B080BD0000000083B0029001918DF85F
:10C4100003200298019901609DF8031001F00101C9
:10C42000017103B07047000080B584B003900291A1
:10C43000039801900079C00760B1FFE70198006898
:10C44000009002981030FFF75BFF01460098FDF75F
:10C4500003FAFFE7029838B1FFE7019800680299F4
:10C460000122FDF7EDF9FFE704B080BD00000000F8
:10C4700083B0029001918DF8032002980199016028
:10C480009DF8031001F00101017103B07047000035
:10C4900080B584B003900291039801900079C007A1
:10C4A00060B1FFE701980068009002981030FFF734
:10C4B0002FFF01460098FDF707FAFFE7029838B111
:10C4C000FFE70198006802990122FDF7F1F9FFE703
:10C4D00004B080BD0000000083B0029001918DF88F
:10C4E00003200298019901609DF8031001F00101F9
:10C4F000017103B07047000080B584B003900291D1
:10C50000039801900079C00760B1FFE701980068C7
:10C51000009002981030FFF703FF01460098FDF7E6
:10C520000BFAFFE7029838B1FFE70198006802991B
:10C530000122FDF7F5F9FFE704B080BD000000001F
:10C5400083B0029001918DF8032002980199016057
:10C550009DF8031001F00101017103B07047000064
:10C5600080B584B003900291039801900079C007D0
:10C5700060B1FFE701980068009002981030FFF763
:10C58000D7FE01460098FDF70FFAFFE7029838B191
:10C59000FFE70198006802990122FDF7F9F9FFE72A
:10C5A00004B080BD0000000083B0029001918DF8BE
:10C5B00003200298019901609DF8031001F0010128
:10C5C000017103B07047000080B584B00390029100
:10C5D000039801900079C00760B1FFE701980068F7
:10C5E000009002981030FFF7ABFE01460098FDF76F
:10C5F00013FAFFE7029838B1FFE701980068029943
:10C600000122FDF7FDF9FFE704B080BD0000000046
:10C6100083B0029001918DF8032002980199016086
:10C620009DF8031001F00101017103B07047000093
:10C6300080B584B003900291039801900079C007FF
:10C6400060B1FFE701980068009002981030FFF792
:10C650007FFE01460098FDF717FAFFE7029838B110
:10C66000FFE70198006802990122FDF701FAFFE750
:10C6700004B080BD0000000083B0029001918DF8ED
:10C6800003200298019901609DF8031001F0010157
:10C69000017103B07047000080B584B0039002912F
:10C6A000039801900079C00760B1FFE70198006826
:10C6B000009002981030FFF753FE01460098FDF7F6
:10C6C0001BFAFFE7029838B1FFE70198006802996A
:10C6D0000122FDF705FAFFE704B080BD000000006D
:10C6E00083B0029001918DF80320029801990160B6
:10C6F0009DF8031001F00101017103B070470000C3
:10C7000080B584B003900291039801900079C0072E
:10C7100060B1FFE701980068009002981030FFF7C1
:10C7200027FE01460098FDF71FFAFFE7029838B18F
:10C73000FFE70198006802990122FDF709FAFFE777
:10C7400004B080BD0000000083B0029001918DF81C
:10C7500003200298019901609DF8031001F0010186
:10C76000017103B07047000080B584B0039002915E
:10C77000039801900079C00760B1FFE70198006855
:10C78000009002981030FFF7FBFD01460098FDF77E
:10C7900023FAFFE7029838B1FFE701980068029991
:10C7A0000122FDF70DFAFFE704B080BD0000000094
:10C7B00083B0029001918DF80320029801990160E5
:10C7C0009DF8031001F00101017103B070470000F2
:10C7D00080B584B003900291039801900079C0075E
:10C7E00060B1FFE701980068009002981030FFF7F1
:10C7F000CFFD01460098FDF727FAFFE7029838B110
:10C80000FFE70198006802990122FDF711FAFFE79E
:10C8100004B080BD000000006FF0004070470000D1
:10C8200080B594B0049013911292119313980E90C6
:10C8300012980D900E990D9A0FA8FCF785FA0F9893
:10C84000029010980390119809900998FBF75CFDED
:10C85000029A039B694608600BA80DF12B01F8F7BB
:10C86000D7F9139807900B990798FBF775FE089076
:10C87000119805900C990598FBF7CAFA014604989F
:10C88000069108A906AA0AF063F814B080BD00005A
:10C8900080B58EB003900D910C920B930D990C9A6C
:10C8A00009A8FCF76DFA099801900A9802900B9874
:10C8B000FBF76EFD019A029B6946086007A80DF11F
:10C8C0001B01F8F785F90D980799FBF755FE0590C0
:10C8D0000B980899FBF7F0FA01460398049105A913
:10C8E00004AA0AF041F80EB080BD0000000000006C
:10C8F00080B58EB003900D910C920B930D990C9A0C
:10C9000009A8FCF755FA099801900A9802900B982B
:10C91000FBF746FD019A029B6946086007A80DF1E6
:10C920001B01F8F765F90D980799FBF731FE0590A3
:10C930000B980899FBF7CCFA01460398049105A9D6
:10C9400004AA0AF029F80EB080BD00000000000023
:10C9500080B58EB003900D910C920B930D990C9AAB
:10C9600009A8FCF755FA099801900A9802900B98CB
:10C97000FBF72EFD019A029B6946086007A80DF19E
:10C980001B01F8F745F90D980799FBF70DFE059087
:10C990000B980899FBF7C0FA01460398049105A982
:10C9A00004AA0AF01DF80EB080BD000000000000CF
:10C9B00080B58EB003900D910C920B930D990C9A4B
:10C9C00009A8FCF73DFA099801900A9802900B9883
:10C9D000FBF7DEFC019A029B6946086007A80DF18F
:10C9E0001B01F8F725F90D980799FBF7E9FD05906C
:10C9F0000B980899FBF760FA01460398049105A982
:10CA000004AA0AF005F80EB080BD00000000000086
:10CA100080B58EB003900D910C920B930D990C9AEA
:10CA200009A8FCF725FA099801900A9802900B983A
:10CA3000FBF7B6FC019A029B6946086007A80DF156
:10CA40001B01F8F705F90D980799FBF7C5FD05904F
:10CA50000B980899FBF73CFA01460398049105A945
:10CA600004AA09F0E1FF0EB080BD00000000000044
:10CA700080B58EB003900D910C920B930D990C9A8A
:10CA800009A8FCF70DFA099801900A9802900B98F2
:10CA9000FBF78EFC019A029B6946086007A80DF11E
:10CAA0001B01F8F7E5F80D980799FBF7A1FD059034
:10CAB0000B980899FBF718FA01460398049105A909
:10CAC00004AA09F0BDFF0EB080BD00000000000008
:10CAD00080B58EB003900D910C920B930D990C9A2A
:10CAE00009A8FCF7F5F9099801900A9802900B98AB
:10CAF000FBF766FC019A029B6946086007A80DF1E6
:10CB00001B01F8F7C5F80D980799FBF77DFD059017
:10CB10000B980899FBF7F4F901460398049105A9CD
:10CB200004AA09F099FF0EB080BD000000000000CB
:10CB300080B590B003900F930E910D920E990D9ABF
:10CB40000BA8FCF7DDF90B9801900C9802900F9858
:10CB500007900798FBF7D8FB019A029B694608608B
:10CB600009A80DF12301F8F7A3F80E980999FBF72E
:10CB700057FD06900F9804900A990498FBF748F91E
:10CB800001460398059106A905AA09F071FF10B0A6
:10CB900080BD00000000000080B58EB003900D91B4
:10CBA0000C920B930D990C9A09A8FCF7A9F9099816
:10CBB00001900A9802900B98FBF70AFC019A029BDD
:10CBC0006946086007A80DF11B01F8F771F80D9888
:10CBD0000799FBF725FD05900B980899FBF79CF941
:10CBE00001460398049105A904AA09F04DFF0EB06F
:10CBF00080BD00000000000081B00090009900207E
:10CC0000082988BF012001B0704700000000000023
:10CC100080B582B001900091019800990AF0D3FA92
:10CC200002B080BD0000000080B584B00390029186
:10CC3000019203980299019A0AF0C7FA04B080BDE4
:10CC40004DF60310C0F60300FFF7BBFA000000002A
:10CC500081B00090009801B0704700000000000013
:10CC600081B00090009801B0704700000000000003
:10CC700080B582B00190009101980099FFF7C8FF3C
:10CC800002B080BD0000000080B584B00390029126
:10CC9000019203980299019AFFF7C6FF04B080BD84
:10CCA00080B588B00790069106990798081AB0FADF
:10CCB00080F040090873FFE70699079A0020914227
:10CCC000039008D0FFE70698F8F712FB007B80F08E
:10CCD00001000390FFE70398C007002800F0978049
:10CCE000FFE70698F8F704FBFEF7CEFC002847D0D4
:10CCF000FFE70698F8F7FCFAF8F7FAFA40680590AB
:10CD00000598E8B1FFE70598007BC007C0B9FFE7C9
:10CD10000698F8F7EDFA069006990120029008733C
:10CD20000698F8F7E5FA014602980691069A0799DF
:10CD3000511AB1FA81F149091173059908731EE07E
:10CD40000698FEF7A1FC40B9FFE70698F8F7D0FA7D
:10CD500006900698FDF7F8FFFFE70698F8F7C8FA7F
:10CD600006900699012008730698F8F7C1FA069014
:10CD70000699002008730698FEF73AFC47E045E064
:10CD80000698F8F7B5FA8068006804900498E8B14E
:10CD9000FFE70498007BC007C0B9FFE70698F8F7E3
:10CDA000A7FA069006990120019008730698F8F7F3
:10CDB0009FFA014601980691069A0799511AB1FA0D
:10CDC00081F149091173049908731EE00698FEF772
:10CDD0005BFC40B1FFE70698F8F78AFA06900698E0
:10CDE000FEF706FCFFE70698F8F782FA0690069928
:10CDF000012008730698F8F77BFA06900699002040
:10CE000008730698FDF7A0FF01E0FFE754E708B0BC
:10CE100080BD00000000000080B584B00390029146
:10CE2000019203980299019A08F002FE04B080BDB5
:10CE300084B00390029101920093039802990160DB
:10CE4000019941600099816004B0704700000000C2
:10CE500084B00390029101920093039802990160BB
:10CE6000019941600099816004B0704700000000A2
:10CE700084B003900291019200930398029901609B
:10CE8000019941600099816004B070470000000082
:10CE900084B003900291019200930398029901607B
:10CEA000019941600099816004B070470000000062
:10CEB00084B003900291019200930398029901605B
:10CEC000019941600099816004B070470000000042
:10CED00081B0009000990120087001B070470000F7
:10CEE00084B0039302920191009000980021017098
:10CEF00004B070470000000081B00090009801B0BD
:10CF0000704700000000000081B0009000990120EF
:10CF1000087001B07047000084B003930292019141
:10CF2000009000980021017004B0704700000000DC
:10CF300081B00090009801B0704700000000000030
:10CF400081B0009000990120087001B07047000086
:10CF500084B0039302920191009000980021017027
:10CF600004B070470000000081B00090009801B04C
:10CF7000704700000000000081B00090009901207F
:10CF8000087001B07047000084B0039302920191D1
:10CF9000009000980021017004B07047000000006C
:10CFA00081B00090009801B07047000000000000C0
:10CFB00081B0009000990120087001B07047000016
:10CFC00084B00393029201910090009800210170B7
:10CFD00004B070470000000081B00090009801B0DC
:10CFE000704700000000000081B00090009901200F
:10CFF000087001B07047000082B001910090009865
:10D000000021017002B0704781B00090009801B01B
:10D01000704700000000000081B0009000990120DE
:10D02000087001B07047000082B001910090009834
:10D030000021017002B0704781B00090009801B0EB
:10D04000704700000000000081B0009000990120AE
:10D05000087001B07047000082B001910090009804
:10D060000021017002B0704781B00090009801B0BB
:10D07000704700000000000080B58AB00990089158
:10D08000079206930899079A04A8FBF779FE099876
:10D09000029004980090059801900698FBF778F9A3
:10D0A0000099019A0346029800F06EF903900698E1
:10D0B0000399FAF701FF0AB080BD000000000000EC
:10D0C00080B58AB009900891079206930899079A4B
:10D0D00004A8FBF7B5FE0998029004980090059803
:10D0E00001900698FBF754F90099019A03460298BB
:10D0F00000F086F9039006980399FAF7DDFE0AB06E
:10D1000080BD00000000000080B58AB00990089141
:10D11000079206930899079A04A8FBF749FE099815
:10D12000029004980090059801900698FBF738F952
:10D130000099019A0346029800F072F9039006984C
:10D140000399FAF7C5FE0AB080BD00000000000098
:10D1500080B58AB009900891079206930899079ABA
:10D1600004A8FBF785FE09980290049800900598A2
:10D1700001900698FBF714F90099019A034602986A
:10D1800000F08AF9039006980399FAF7A1FE0AB015
:10D1900080BD00000000000080B58AB009900891B1
:10D1A000079206930899079A04A8FBF779FE099855
:10D1B000029004980090059801900698FBF7F8F803
:10D1C0000099019A0346029800F076F903900698B8
:10D1D0000399FAF789FE0AB080BD00000000000044
:10D1E00080B58AB009900891079206930899079A2A
:10D1F00004A8FBF7F5FD09980290049800900598A3
:10D2000001900698FBF7DCF80099019A0346029812
:10D2100000F062F9039006980399FAF771FE0AB0DC
:10D2200080BD00000000000080B58AB00990089120
:10D23000079206930899079A04A8FBF7E9FD099855
:10D24000029004980090059801900698FBF7C0F8AA
:10D250000099019A0346029800F07AF90390069823
:10D260000399FAF759FE0AB080BD000000000000E3
:10D2700080B58AB009900891079206930899079A99
:10D2800004A8FBF73DFE09980290049800900598C9
:10D2900001900698FBF79CF80099019A03460298C2
:10D2A00000F092F9039006980399FAF735FE0AB058
:10D2B00080BD00000000000080B584B003900291A2
:10D2C0000192009300980299019A521AD3F73BFAFF
:10D2D00004B080BD0000000080B58CB00B900A91B6
:10D2E00009920893089807900B9903A807AA08AB1E
:10D2F000FFF7BEFD0399049A059B0DF11B00FEF795
:10D3000097FF0A980290FFE70298099988420CD08B
:10D31000FFE70B980899029AFCF732FD029810304B
:10D320000290089810300890EEE70DF11B00019074
:10D33000FFF706FE0B980A99099AFDF719FF019865
:10D34000FFF712FE0CB080BD80B584B0039002914F
:10D350000192009300980299019A521AD3F76CF93E
:10D3600004B080BD0000000080B584B0039002913D
:10D370000192009300980299019A521AD3F75CF92E
:10D3800004B080BD0000000080B58CB00B900A9105
:10D3900009920893089807900B9903A807AA08AB6D
:10D3A000FFF746FD0399049A059B0DF11B00FEF75C
:10D3B00017FFFFE70A980999884211D0FFE70B98F9
:10D3C00002900898FAF74CFC014602980A9AFCF77A
:10D3D00027F90A9802300A90089802300890E9E785
:10D3E0000DF11B000090FFF773FD00980899019163
:10D3F000FFF782FD01980CB080BD00000000000026
:10D4000080B584B003900291019200930298019933
:10D41000009A00F0A9FD04B080BD000000000000EB
:10D4200080B58CB00B900A910992089308980790E8
:10D430000B9903A807AA08ABFFF70AFD0399049A02
:10D44000059B0DF11B00FEF7DFFEFFE70A98099927
:10D45000884211D0FFE70B9802900898FAF708FC71
:10D46000014602980A9AFCF707F90A9804300A90D4
:10D47000089804300890E9E70DF11B000090FFF7D1
:10D4800043FD009808990191FFF752FD01980CB0F7
:10D4900080BD00000000000080B584B003900291C0
:10D4A0000192009302980199009A00F06DFD04B07A
:10D4B00080BD00000000000080B584B003900291A0
:10D4C0000192009302980199009A00F06DFD04B05A
:10D4D00080BD00000000000080B58CB00B900A9168
:10D4E00009920893089807900B9903A807AA08AB1C
:10D4F000FFF7CEFC0399049A059B0DF11B00FEF784
:10D50000ABFEFFE70A980999884211D0FFE70B9814
:10D5100002900898FAF7ECFB014602980A9AFCF789
:10D520005BFC0A9804300A90089804300890E9E7F8
:10D530000DF11B000090FFF71FFD00980899019165
:10D54000FFF72EFD01980CB080BD00000000000028
:10D5500080B58CB00B900A910992089308980790B7
:10D560000B9903A807AA08ABFFF7A2FC0399049A3A
:10D57000059B0DF11B00FEF783FEFFE70A98099952
:10D58000884211D0FFE70B9802900898FAF7B8FB91
:10D59000014602980A9AFCF74FFC0A9801300A905B
:10D5A000089801300890E9E70DF11B000090FFF7A3
:10D5B000FFFC009808990191FFF70EFD01980CB04F
:10D5C00080BD00000000000080B584B0039002918F
:10D5D0000192009302980199009A00F019FD04B09D
:10D5E00080BD00000000000081B000900098143061
:10D5F00001B070470000000080B584B00390029134
:10D600000398029A01A901F08FFD0090009800682C
:10D6100030B9FFE74DF6C500C0F60300FEF728F865
:10D62000009800681030FAF77BFB043004B080BD2E
:10D6300080B584B00290029801F04AFF01900199F0
:10D6400003A8FAF7F5FE039804B080BD00000000BF
:10D6500080B584B00290029801F09EFF019001997C
:10D6600003A8FAF7E5FE039804B080BD00000000AF
:10D6700080B582B0019000910198009901F0ECFD15
:10D6800002B080BD0000000080B586B0009005911A
:10D6900004920599049A02A8019001F009FE0098ED
:10D6A000019900F059FF06B080BD000000000000A5
:10D6B00080B584B00390039801900DF10B000090A9
:10D6C000FDF71AFF0198009901F0CEFF019804B010
:10D6D00080BD00000000000080B582B0019001987C
:10D6E000009001F0E1FF009802B080BD0000000052
:10D6F00080B584B0039002910398029A01A902F0C8
:10D7000003F800900098006830B9FFE74DF6C500B7
:10D71000C0F60300FDF7ACFF009800681030FAF780
:10D7200007FB043004B080BD80B582B00190009149
:10D730000198009902F080F802B080BD000000005E
:10D7400080B586B00090059104920599049A02A8CC
:10D75000019002F09DF80098019900F011FF06B0C9
:10D7600080BD00000000000080B584B003900398E5
:10D7700001900DF10B000090FDF7C6FE0198009995
:10D7800002F052FA019804B080BD000000000000D1
:10D7900080B582B001900198009002F065FA00987F
:10D7A00002B080BD0000000080B584B003900291FB
:10D7B0000398029A01A902F087FA00900098006885
:10D7C00030B9FFE74DF6C500C0F60300FDF750FF86
:10D7D000009800681030FAF7B3FA043004B080BD46
:10D7E00080B584B00290029802F042FC0190019949
:10D7F00003A8FAF739FE039804B080BD00000000CA
:10D8000080B584B0029001910298019902F040FC29
:10D810000090009903A8FAF727FE039804B080BD92
:10D8200080B584B00290029802F086FC01900199C4
:10D8300003A8FAF719FE039804B080BD00000000A9
:10D8400080B582B0019000910198009902F0D4FA5D
:10D8500002B080BD0000000080B586B00090059148
:10D8600004920599049A02A8019002F0F1FA009836
:10D87000019900F099FE06B080BD00000000000094
:10D8800080B584B00390039801900DF10B000090D7
:10D89000FDF742FE0198009902F0B6FC019804B031
:10D8A00080BD00000000000080B582B001900198AA
:10D8B000009002F0C9FC009802B080BD000000009A
:10D8C00080B586B00090059104920599049A02A84B
:10D8D000019002F059FD0098019900F079FE06B020
:10D8E00080BD00000000000080B584B00390039864
:10D8F00001900DF10B000090FDF716FE01980099C4
:10D9000002F05AFE019804B080BD00000000000043
:10D9100080B582B001900198009002F06DFE0098F1
:10D9200002B080BD0000000080B584B00290029873
:10D9300003F066F80190019903A8FAF7B1FD039886
:10D9400004B080BD0000000080B584B00290019159
:10D950000298019903F064F80090009903A8FAF77F
:10D960009FFD039804B080BD80B584B002900298FA
:10D9700003F0AAF80190019903A8FAF791FD039822
:10D9800004B080BD0000000080B582B0019000911D
:10D990000198009902F0F8FE02B080BD000000007E
:10D9A00080B586B00090059104920599049A02A86A
:10D9B000019002F015FF0098019900F01DFE06B0DD
:10D9C00080BD00000000000080B584B00390039883
:10D9D00001900DF10B000090FDF7AEFD019800994C
:10D9E00003F0DAF8019804B080BD000000000000E8
:10D9F00080B582B001900198009003F0EDF8009896
:10DA000002B080BD0000000080B584B00290029892
:10DA100003F0E6FA0190019903A8FAF755FD03987F
:10DA200004B080BD0000000080B584B00290029870
:10DA300003F03AFB0190019903A8FAF745FD03981A
:10DA400004B080BD0000000080B582B0019000915C
:10DA50000198009903F088F902B080BD0000000031
:10DA600080B586B00090059104920599049A02A8A9
:10DA7000019003F0A5F90098019900F0D1FD06B0DE
:10DA800080BD00000000000080B584B003900398C2
:10DA900001900DF10B000090FDF756FD01980099E3
:10DAA00003F06AFB019804B080BD00000000000094
:10DAB00080B582B001900198009003F07DFB009842
:10DAC00002B080BD0000000080B584B002900298D2
:10DAD00003F076FD0190019903A8FAF709FD039878
:10DAE00004B080BD0000000080B584B002900191B8
:10DAF0000298019903F074FD0090009903A8FAF7C9
:10DB0000F7FC039804B080BD80B582B0019000910D
:10DB10000198009903F018FC02B080BD00000000DD
:10DB200080B586B00090059104920599049A02A8E8
:10DB3000019003F035FC0098019900F085FD06B0D6
:10DB400080BD00000000000080B584B00390039801
:10DB500001900DF10B000090FDF7FEFC019800997B
:10DB600003F0EAFD019804B080BD00000000000051
:10DB700080B582B001900198009003F0FDFD0098FF
:10DB800002B080BD0000000080B584B00290029811
:10DB900003F0F6FF0190019903A8FAF7B1FC03988E
:10DBA00004B080BD0000000080B584B002900191F7
:10DBB0000298019903F0F4FF0090009903A8FAF786
:10DBC0009FFC039804B080BD80B582B001900091A5
:10DBD0000198009903F098FE02B080BD000000009B
:10DBE00080B586B00090059104920599049A02A828
:10DBF000019003F0B5FE0098019900F039FD06B0E0
:10DC000080BD00000000000080B584B00390039840
:10DC100001900DF10B000090FDF7A6FC0198009912
:10DC200004F06AF8019804B080BD00000000000014
:10DC300080B582B001900198009004F07DF80098C2
:10DC400002B080BD0000000080B584B00290029850
:10DC500004F076FA0190019903A8FAF759FC0398A9
:10DC600004B080BD0000000080B584B0029002982E
:10DC700004F0CAFA0190019903A8FAF749FC039845
:10DC800004B080BD0000000080B582B0019000911A
:10DC90000198009904F018F902B080BD000000005E
:10DCA00080B586B00090059104920599049A02A867
:10DCB000019004F035F90098019900F0EDFC06B0F0
:10DCC00080BD00000000000080B584B00390039880
:10DCD00001900DF10B000090FDF74EFC01980099AA
:10DCE00004F0FAFA019804B080BD000000000000C2
:10DCF00080B582B001900198009004F00DFB00986F
:10DD000002B080BD0000000080B582B0019000919B
:10DD10000198009904F0C8FB02B080BD000000002B
:10DD200080B586B00090059104920599049A02A8E6
:10DD3000019004F0E5FB0098019900F0C1FC06B0E9
:10DD400080BD00000000000080B584B003900398FF
:10DD500001900DF10B000090FDF716FC0198009961
:10DD600004F09AFD019804B080BD0000000000009E
:10DD700080B582B001900198009004F0ADFD00984C
:10DD800002B080BD0000000080B584B0029002980F
:10DD900004F0A6FF0190019903A8FAF7D5FB0398B8
:10DDA00004B080BD0000000080B584B002900191F5
:10DDB0000298019904F0A4FF0090009903A8FAF7D3
:10DDC000C3FB039804B080BD80B582B00190009180
:10DDD0000198009904F048FE02B080BD00000000E8
:10DDE00080B586B00090059104920599049A02A826
:10DDF000019004F065FE0098019900F075FC06B0F2
:10DE000080BD00000000000080B584B0039003983E
:10DE100001900DF10B000090FDF7BEFB01980099F9
:10DE200005F01AF8019804B080BD00000000000061
:10DE300080B582B001900198009005F02DF800980F
:10DE400002B080BD0000000080B584B00390029154
:10DE50000398029900F004F804B080BD00000000AF
:10DE600080B584B0029001910299019A0DF10F00E2
:10DE7000F7F7EAFF18B1FFE70198009002E0029877
:10DE80000090FFE7009804B080BD00000000000093
:10DE900080B584B0039002910398029900F004F8D1
:10DEA00004B080BD0000000080B584B002900191F4
:10DEB0000199029A0DF10F00F7F7C6FF18B1FFE7BD
:10DEC0000198009002E002980090FFE7009804B0EB
:10DED00080BD00000000000080B58AB00890079166
:10DEE000069208980390079802900698019003996B
:10DEF000029A019B04A800F077FF05980990099801
:10DF00000AB080BD0000000080B586B00590049185
:10DF100003920599049A039B01A800F079FF0298E7
:10DF200006B080BD0000000080B586B00590049169
:10DF300003920599049A039B01A800F075FF0298CB
:10DF400006B080BD0000000080B586B00590049149
:10DF500003920599049A039B01A800F071FF0298AF
:10DF600006B080BD0000000080B586B00590049129
:10DF700003920599049A039B01A800F06DFF029893
:10DF800006B080BD0000000080B586B00590049109
:10DF900003920599049A039B01A800F069FF029877
:10DFA00006B080BD0000000080B586B005900491E9
:10DFB00003920599049A039B01A800F065FF02985B
:10DFC00006B080BD0000000080B586B005900491C9
:10DFD00003920599049A039B01A800F061FF02983F
:10DFE00006B080BD0000000080B588B006920590A4
:10DFF00004910599049A06980190019B02A800F0EB
:10E000005BFF03980790079808B080BD00000000F0
:10E0100080B586B00590049103920599049A039BFC
:10E0200001A800F059FF029806B080BD0000000072
:10E0300080B586B0059004910392059802900498EB
:10E040000190039A0298019900F052FF06B080BD3A
:10E0500080B584B003900291019203980299019ACD
:10E0600000F05AFF04B080BD80B584B003900291E7
:10E07000019203980299019A00F05EFF04B080BDFE
:10E0800080B58AB008900791069208980490089885
:10E0900003900398FAF72CF90190079802900298E0
:10E0A000FAF726F901460198069A0DF1170300F0D8
:10E0B000A3FF01460498F9F79BFE099009980AB05E
:10E0C00080BD00000000000080B58CB00A9009916E
:10E0D00008920A9806900A9803900398FAF720F994
:10E0E0000490099801900198FAF71AF90290089A99
:10E0F000049802990DF11F0300F02EFF0590069879
:10E100000599F9F795FE0B900B980CB080BD0000B7
:10E1100080B58CB00A90099108920A9806900A98E6
:10E1200003900398FAF708F9049009980190019870
:10E13000FAF702F90290089A049802990DF11F0368
:10E1400000F032FF059006980599F9F781FE0B90D3
:10E150000B980CB080BD000080B584B00390029194
:10E16000019203980090F6F7E3FB0099019A506042
:10E170000868029A1060029802685060019808606E
:10E1800004B080BD0000000080B582B0009000980F
:10E19000F8F7E6FE0190019802B080BD0000000093
:10E1A00080B582B000900098F8F7F6FE01900198D3
:10E1B00002B080BD0000000080B586B005900491DB
:10E1C00005980190049B00221146F8F76DFE03901C
:10E1D0000398F9F7FDFB014601980291029A114656
:10E1E000FFF7BAFF0198F8F7CBFE01460868013047
:10E1F000086006B080BD000080B582B00190019833
:10E200000090F8F705FF009802B080BD0000000004
:10E2100080B582B0019001980090F8F70DFF00984A
:10E2200002B080BD0000000080B584B00390029170
:10E23000019203980090F6F79FFB0099019A5060B5
:10E240000868029A1060029802685060019808609D
:10E2500004B080BD0000000080B582B0009000983E
:10E26000F8F75EFF0190019802B080BD0000000049
:10E2700080B582B000900098F8F76EFF0190019889
:10E2800002B080BD0000000080B586B0059004910A
:10E2900005980190049B00221146F8F7E5FE0390D3
:10E2A0000398F9F7BDFB014601980291029A1146C5
:10E2B000FFF7BAFF0198F8F743FF014608680130FD
:10E2C000086006B080BD000080B582B00190019862
:10E2D0000090F8F77DFF009802B080BD00000000BC
:10E2E00080B582B0019001980090F8F785FF009802
:10E2F00002B080BD0000000080B582B001900091A6
:10E30000009901A807F0F0F9019802B080BD000063
:10E3100080B582B001900091009901A807F0F4F94E
:10E32000019802B080BD000080B582B001900091DC
:10E33000009901A807F0F8F9019802B080BD00002B
:10E3400080B582B001900091009901A807F0FCF916
:10E35000019802B080BD000080B582B001900091AC
:10E36000009901A807F000FA019802B080BD0000F2
:10E3700082B00190009101980099096801600099AC
:10E380004968416002B0704782B0019000910198E5
:10E3900000990968016000994968416002B07047BE
:10E3A00082B001900091019800990968016000997C
:10E3B0004968416002B0704782B0019000910198B5
:10E3C00000990968016000994968416002B070478E
:10E3D00082B001900091019800990968016000994C
:10E3E0004968416002B0704782B001900091019885
:10E3F00000990968016000994968416002B070475E
:10E4000082B001900091019800990968016000991B
:10E410004968416002B0704782B001900091019854
:10E4200000990968016000994968416002B070472D
:10E4300082B00190009101980099096801600099EB
:10E440004968416002B0704782B001900091019824
:10E4500000990968016000994968416002B07047FD
:10E4600082B00190009101980099096801600099BB
:10E470004968416002B0704783B0029001910092F8
:10E48000029801990968016000990968416003B028
:10E49000704700000000000083B0029001910092DC
:10E4A000029801990968016000990968416003B008
:10E4B000704700000000000083B0029001910092BC
:10E4C000029801990968016000990968416003B0E8
:10E4D000704700000000000083B00290019100929C
:10E4E000029801990968016000990968416003B0C8
:10E4F000704700000000000083B00290019100927C
:10E50000029801990968016000990968416003B0A7
:10E51000704700000000000083B00290019100925B
:10E52000029801990968016000990968416003B087
:10E53000704700000000000083B00290019100923B
:10E54000029801990968016000990968416003B067
:10E55000704700000000000080B584B00390029175
:10E56000039800900299096801910199F9F760FFF9
:10E5700000980299097901F00101017104B080BD90
:10E5800080B584B0039002910398009002990968C5
:10E5900001910199F9F760FF00980299097901F05A
:10E5A0000101017104B080BD80B584B00390029177
:10E5B000039800900299096801910199F9F754FFB5
:10E5C00000980299097901F00101017104B080BD40
:10E5D00080B584B003900291039800900299096875
:10E5E00001910199F9F754FF00980299097901F016
:10E5F0000101017104B080BD80B584B00390029127
:10E60000039800900299096801910199F9F748FF70
:10E6100000980299097901F00101017104B080BDEF
:10E6200080B584B003900291039800900299096824
:10E6300001910199F9F748FF00980299097901F0D1
:10E640000101017104B080BD80B584B003900291D6
:10E65000039800900299096801910199F9F748FF20
:10E6600000980299097901F00101017104B080BD9F
:10E6700080B584B0039002910398009002990968D4
:10E6800001910199F9F73CFF00980299097901F08D
:10E690000101017104B080BD80B584B00390029186
:10E6A000039800900299096801910199F9F730FFE8
:10E6B00000980299097901F00101017104B080BD4F
:10E6C00080B584B003900291039800900299096884
:10E6D00001910199F9F730FF00980299097901F049
:10E6E0000101017104B080BD80B584B00390029136
:10E6F000039800900299096801910199F9F724FFA4
:10E7000000980299097901F00101017104B080BDFE
:10E7100083B002900191009202980199096801600A
:10E720000099097801F00101017103B07047000000
:10E7300083B00290019100920298019909680160EA
:10E740000099097801F00101017103B070470000E0
:10E7500083B00290019100920298019909680160CA
:10E760000099097801F00101017103B070470000C0
:10E7700083B00290019100920298019909680160AA
:10E780000099097801F00101017103B070470000A0
:10E7900083B002900191009202980199096801608A
:10E7A0000099097801F00101017103B07047000080
:10E7B00083B002900191009202980199096801606A
:10E7C0000099097801F00101017103B07047000060
:10E7D00083B002900191009202980199096801604A
:10E7E0000099097801F00101017103B07047000040
:10E7F00083B002900191009202980199096801602A
:10E800000099097801F00101017103B0704700001F
:10E8100083B0029001910092029801990968016009
:10E820000099097801F00101017103B070470000FF
:10E8300083B00290019100920298019909680160E9
:10E840000099097801F00101017103B070470000DF
:10E8500083B00290019100920298019909680160C9
:10E860000099097801F00101017103B070470000BF
:10E8700083B00290019100920298019909680160A9
:10E8800000990968416003B0704700000000000073
:10E8900083B0029001910092029801990968016089
:10E8A00000990968416003B0704700000000000053
:10E8B00083B0029001910092029801990968016069
:10E8C00000990968416003B0704700000000000033
:10E8D00083B0029001910092029801990968016049
:10E8E00000990968416003B0704700000000000013
:10E8F00083B0029001910092029801990968016029
:10E9000000990968416003B07047000000000000F2
:10E9100083B0029001910092029801990968016008
:10E9200000990968416003B07047000000000000D2
:10E9300083B00290019100920298019909680160E8
:10E9400000990968416003B07047000000000000B2
:10E9500083B00290019100920298019909680160C8
:10E9600000990968416003B0704700000000000092
:10E9700083B00290019100920298019909680160A8
:10E9800000990968416003B0704700000000000072
:10E9900083B0029001910092029801990968016088
:10E9A00000990968416003B0704700000000000052
:10E9B00083B0029001910092029801990968016068
:10E9C00000990968416003B0704700000000000032
:10E9D00083B0029001910092029801990968016048
:10E9E00000990968416003B0704700000000000012
:10E9F00083B0029001910092029801990968016028
:10EA000000990968416003B07047000000000000F1
:10EA100083B0029001910092029801990968016007
:10EA200000990968416003B07047000000000000D1
:10EA300083B00290019100920298019909680160E7
:10EA400000990968416003B07047000000000000B1
:10EA500083B00290019100920298019909680160C7
:10EA600000990968416003B0704700000000000091
:10EA700083B00290019100920298019909680160A7
:10EA800000990968416003B0704700000000000071
:10EA900083B0029001910092029801990968016087
:10EAA00000990968416003B0704700000000000051
:10EAB00083B0029001910092029801990968016067
:10EAC00000990968416003B0704700000000000031
:10EAD00083B0029001910092029801990968016047
:10EAE00000990968416003B0704700000000000011
:10EAF00083B0029001910092029801990968016027
:10EB000000990968416003B07047000000000000F0
:10EB100083B0029001910092029801990968016006
:10EB200000990968416003B07047000000000000D0
:10EB300083B00290019100920298019909680160E6
:10EB400000990968416003B07047000000000000B0
:10EB500083B00290019100920298019909680160C6
:10EB600000990968416003B0704700000000000090
:10EB700083B00290019100920298019909680160A6
:10EB800000990968416003B0704700000000000070
:10EB900083B0029001910092029801990968016086
:10EBA00000990968416003B0704700000000000050
:10EBB00083B002900191029800680090019800686B
:10EBC0000299086000980199086003B0704700003E
:10EBD00083B002900191029800680090019800684B
:10EBE0000299086000980199086003B0704700001E
:10EBF00083B002900191029800680090019800682B
:10EC00000299086000980199086003B070470000FD
:10EC100083B002900191029800680090019800680A
:10EC20000299086000980199086003B070470000DD
:10EC300082B0019000910198009900EB810002B030
:10EC4000704700000000000082B001900091019820
:10EC5000009900EB810002B0704700000000000046
:10EC600082B0019000910198009900EB810002B000
:10EC7000704700000000000081B00090009801B0D3
:10EC8000704700000000000080B582B00190009144
:10EC90000198FFF7F1FF009A4FF4007104F048F972
:10ECA00002B080BD0000000082B001900091019888
:10ECB0000099084402B0704782B001900091019819
:10ECC000009900EB810002B07047000000000000D6
:10ECD00081B00090009801B0704700000000000073
:10ECE00080B582B0019000910198FFF7F1FF009A82
:10ECF000012104F031F902B080BD000000000000E5
:10ED000082B0019000910198009900EB410002B09F
:10ED1000704700000000000081B00090009801B032
:10ED2000704700000000000080B584B0039002919D
:10ED3000019203980299019A00F002F804B080BD94
:10ED400080B586B00490039102920499039A0DF164
:10ED50001700F7F755F818B1FFE70398019010E096
:10ED60000299049A0DF11700F7F74AF818B1FFE776
:10ED70000298009002E004980090FFE7009801904C
:10ED8000FFE7019806B080BD80B584B00390029182
:10ED9000019203980299019A00F002F804B080BD34
:10EDA00080B586B00490039102920499039A0DF104
:10EDB0001700F7F739F818B1FFE70398019010E052
:10EDC0000299049A0DF11700F7F72EF818B1FFE732
:10EDD0000298009002E004980090FFE700980190EC
:10EDE000FFE7019806B080BD80B586B0059104921A
:10EDF0000393059902910499019103990091029955
:10EE0000019A009BFDF70CFD06B080BD00000000DC
:10EE100080B584B00391029201930399029A019BF9
:10EE2000FDF736FD04B080BD80B584B00391029239
:10EE300001930399029A019BFDF75AFD04B080BD2E
:10EE400080B584B00391029201930399029A019BC9
:10EE5000FDF77EFD04B080BD80B584B003910292C1
:10EE600001930399029A019BFDF7A2FD04B080BDB6
:10EE700080B584B00391029201930399029A019B99
:10EE8000FDF7C6FD04B080BD80B584B00391029249
:10EE900001930399029A019BFDF7EAFD04B080BD3E
:10EEA00080B584B00391029201930399029A019B69
:10EEB000FDF70EFE04B080BD80B584B003930291CF
:10EEC00001920299019A039B0093009BFDF730FE8B
:10EED00004B080BD0000000080B584B003910292B0
:10EEE00001930399029A019BFDF756FE04B080BD81
:10EEF00080B586B00590049102920598019004A80F
:10EF000005A907F0EDFF0146029A019803F0D4FF2E
:10EF1000009006B080BD000080B584B002900191E1
:10EF2000009202980199091A8910009A03F0D8FFFB
:10EF300004B080BD0000000080B584B00290019153
:10EF4000009202980199091A009A03F0DDFF04B0BB
:10EF500080BD00000000000080B586B004900391E1
:10EF600002920193FFE704A803A908F029F8A8B1C9
:10EF7000FFE70198009004A8F6F77AF80146009898
:10EF800006F03EFD006802990968884201D1FFE75A
:10EF900004E0FFE704A8FAF77BF8E4E7049805909B
:10EFA000059806B080BD000080B586B0049003913E
:10EFB00002920193FFE704A803A908F00DF8A8B195
:10EFC000FFE70198009004A8F6F75EF80146009864
:10EFD00006F022FD006802990968884201D1FFE726
:10EFE00004E0FFE704A8FAF763F8E4E70498059063
:10EFF000059806B080BD000080B584B003900291F2
:10F0000001920093FFE703980299884210D0FFE72E
:10F010000098039906F0E8FC0068019909688842A5
:10F0200001D1FFE704E0FFE7039804300390EAE72B
:10F03000039804B080BD000080B584B08DED020B54
:10F040008DED001B9DED020B9DED001B0CF090FC67
:10F0500004B080BD0000000080B582B001908DED4D
:10F06000000A9DED010AB8EEC00B9DED001AB7EE47
:10F07000C11AFFF7E1FF02B080BD000000000000F0
:10F0800081B08DED000A9DED000AB0EEC00A01B01E
:10F09000704700000000000082B08DED010ACDED48
:10F0A000000A0098C10F019861F3DF7000EE100AAA
:10F0B00002B070470000000082B0019000919DED09
:10F0C000010AB8EE401B9DED000AB8EEC00B51ECF2
:10F0D000110B52EC103BD20F62F3DF7141EC100BBD
:10F0E00002B070470000000080B582B00190019826
:10F0F0000430FAF7D9FEF9F783FF02B080BD0000B3
:10F1000080B582B0019001980830FBF7CDFB02B0CA
:10F1100080BD00000000000081B00090009801B0A8
:10F12000704700000000000080B588B0069005918F
:10F13000049206980190F6F7ABFE01460198039100
:10F14000F6F79EFE02900398002842D0FFE7FFE703
:10F150000198FFF7D5FF0499039A1032F6F748FAA1
:10F1600090B1FFE70398006830B1FFE70398029081
:10F1700003980068039006E00398059908600598D5
:10F18000006807902EE023E00198FFF7B9FF03998C
:10F190001031049AF6F740FA98B1FFE703984068F7
:10F1A00038B1FFE703980430029003984068039059
:10F1B00006E003980599086003980430079011E071
:10F1C00005E0039805990860029807900AE0FFE7B8
:10F1D000BEE70198FFF788FF059908600598006869
:10F1E0000790FFE7079808B080BD0000000000000E
:10F1F00080B582B0019001980430FAF75DFE02B04C
:10F2000080BD00000000000080B586B0049003912E
:10F210000292019304980090FFE70298A8B1FFE7DB
:10F220000098FFF76DFF02991031039AF6F7F4F991
:10F2300030B9FFE70298019002980068029003E05D
:10F24000029840680290FFE7E7E7019905A8F9F7FF
:10F250003FFF059806B080BD80B58AB00890079141
:10F2600008980190079900F043F90146019806912A
:10F2700000F02EF9059006A805A907F015FD18B1B4
:10F28000FFE7002009900DE006980390039904A879
:10F29000FCF72AFA0198049900F08EF902900120F7
:10F2A0000990FFE709980AB080BD00000000000047
:10F2B00080B582B0019100920199009A00F044F863
:10F2C00002B080BD0000000080B58CB004900B91AE
:10F2D0000A920B98FFF78CFF0990002000908DF8A0
:10F2E0002300099801210591FAF78AFA009A019002
:10F2F000099906A80290FDF753F804980199029A1B
:10F30000F7F7D2FF049809990391F5F765FB1030E0
:10F31000FCF7EEFF014603980A9AFAF785FA04987B
:10F32000F7F786FF0146059808718DF823009DF8D0
:10F33000230020B9FFE70498F7F7C6FFFFE70CB0FA
:10F3400080BD00000000000080B584B003910292EF
:10F350000399029A00F0B0F804B080BD00000000EC
:10F3600080B586B0059004910392029305980190B0
:10F37000029A00211160029A51600499029A9160E8
:10F380000299039A1160FFF7C7FE0068006870B128
:10F39000FFE70198FFF7C0FE014601980968096878
:10F3A0000091FFF7B9FE014600980860FFE7019859
:10F3B000FFF79AFE006803990968FDF771FC019850
:10F3C00000F0DEF8014608680130086006B080BD34
:10F3D00080B586B00490039104980290039905A823
:10F3E0000190F9F77DFE0198F9F782FE0298FFF788
:10F3F00093FE00680399884209D1FFE702980599B6
:10F400000091FFF789FE014600980860FFE7029827
:10F4100000F0B6F802460298116801391160FFF752
:10F4200063FE00680399F8F783FD059806B080BD78
:10F4300080B592B00590119110920F93119806909B
:10F44000109A0EA9FFF770FE0D900D9800680C90B1
:10F4500000208DF82F000D980068F8B9FFE7069995
:10F460000F9A08A80490FFF72FFF04980E990291B5
:10F470000D990391F5F7A4FA0299039A03460698A9
:10F48000FFF76EFF0498F7F7FBFE014604980C9116
:10F4900001218DF82F10F7F717FFFFE70C9907A848
:10F4A0000190F9F71DFE059801990DF12F02FFF764
:10F4B0002FF912B080BD000080B584B00291019296
:10F4C0000299019B1A46FFF7B3FF04B080BD00000C
:10F4D00080B582B000900098FFF706FE014601A8B3
:10F4E000F9F7F6FD019802B080BD000000000000B1
:10F4F00080B58CB00A9009910A98059009990391FA
:10F50000F6F7C6FC014605980491FFF7EDFD039957
:10F51000049A03460598FFF777FE0146059808917F
:10F52000FFF7D6FF079008A807A907F061FD01467D
:10F530000020069091B1FFE70598FFF7E1FD0290EA
:10F540000998019008A8F5F7B3FD019902460298C1
:10F55000F6F74EF880F001000690FFE70698C00726
:10F5600018B1FFE708980B9004E00598FFF7B0FF8B
:10F570000B90FFE70B980CB080BD0000000000006E
:10F5800080B582B0019001980830FBF785F902B090
:10F5900080BD00000000000080B582B0009000989F
:10F5A000FFF7BAFD016801A8F9F792FD019802B0D2
:10F5B00080BD00000000000080B588B00691059075
:10F5C0000598009006A80190F6F7CAF90146009840
:10F5D00004910499FFF7FCFE014600980791FFF79C
:10F5E00007FE01460198039103990291F6F7C0F9CD
:10F5F000FCF77EFE01460298FAF7F6F803980499A4
:10F600000122FAF7E5F8079808B080BD0000000075
:10F6100080B586B005900491059802900498F0B1E9
:10F62000FFE7029804990968FFF7F2FF029804992E
:10F630004968FFF7EDFF0298FFF7DAFD03900398A2
:10F64000019004981030FCF753FE01460198FAF738
:10F65000CBF8039804990122FAF7BAF8FFE706B04D
:10F6600080BD00000000000080B586B005900491C8
:10F67000059802900430FAF727FC02980830002120
:10F680000391049A03A9FBF717F90298FFF72CFDE1
:10F69000014602980191FFF73FFD01990246029849
:10F6A000116006B080BD000080B582B00190019865
:10F6B0000090F6F7EDFB01460098FFF7A9FF0098D0
:10F6C00002B080BD0000000080B582B001900198BA
:10F6D0000430FAF709FCF9F793FC02B080BD000092
:10F6E00080B582B0019001980830FBF701F902B0B3
:10F6F00080BD00000000000081B00090009801B0C3
:10F70000704700000000000080B588B006900591A9
:10F71000049206980190F6F7DBFB014601980391ED
:10F72000F6F7CEFB02900398002842D0FFE7FFE7F0
:10F730000198FFF7D5FF0499039A1032F5F780FF7F
:10F7400090B1FFE70398006830B1FFE7039802909B
:10F7500003980068039006E00398059908600598EF
:10F76000006807902EE023E00198FFF7B9FF0399A6
:10F770001031049AF5F778FF98B1FFE703984068D5
:10F7800038B1FFE703980430029003984068039073
:10F7900006E003980599086003980430079011E08B
:10F7A00005E0039805990860029807900AE0FFE7D2
:10F7B000BEE70198FFF788FF059908600598006883
:10F7C0000790FFE7079808B080BD00000000000028
:10F7D00080B582B0019001980430FAF78DFB02B039
:10F7E00080BD00000000000080B586B00490039149
:10F7F0000292019304980090FFE70298A8B1FFE7F6
:10F800000098FFF76DFF02991031039AF5F72CFF6E
:10F8100030B9FFE70298019002980068029003E077
:10F82000029840680290FFE7E7E7019905A8F9F719
:10F830006FFC059806B080BD80B58AB0089007912E
:10F8400008980190079900F043F901460198069144
:10F8500000F02EF9059006A805A907F035FA18B1B1
:10F86000FFE7002009900DE006980390039904A893
:10F87000FBF742FF0198049900F07EF90290012005
:10F880000990FFE709980AB080BD00000000000061
:10F8900080B582B0019100920199009A00F044F87D
:10F8A00002B080BD0000000080B58CB004900B91C8
:10F8B0000A920B98FFF78CFF0990002000908DF8BA
:10F8C0002300099801210591F9F7D2FF009A0190D0
:10F8D000099906A80290FCF797FD04980199029AED
:10F8E000F7F73AFD049809990391F5F78DF8103070
:10F8F000FCF706FD014603980A9AF9F7CDFF049834
:10F90000F7F7EEFC0146059808718DF823009DF885
:10F91000230020B9FFE70498F7F72EFDFFE70CB0AE
:10F9200080BD00000000000080B584B00391029209
:10F930000399029A00F0B0F804B080BD0000000006
:10F9400080B586B0059004910392029305980190CA
:10F95000029A00211160029A51600499029A916002
:10F960000299039A1160FFF7C7FE0068006870B142
:10F97000FFE70198FFF7C0FE014601980968096892
:10F980000091FFF7B9FE014600980860FFE7019873
:10F99000FFF79AFE006803990968FDF781F901985D
:10F9A00000F0DEF8014608680130086006B080BD4E
:10F9B00080B586B00490039104980290039905A83D
:10F9C0000190F9F7ADFB0198F9F7B2FB0298FFF748
:10F9D00093FE00680399884209D1FFE702980599D0
:10F9E0000091FFF789FE014600980860FFE7029842
:10F9F00000F0B6F802460298116801391160FFF76D
:10FA000063FE00680399F8F793FA059806B080BD85
:10FA100080B592B00590119110920F9311980690B5
:10FA2000109A0EA9FFF770FE0D900D9800680C90CB
:10FA300000208DF82F000D980068F8B9FFE70699AF
:10FA40000F9A08A80490FFF72FFF04980E990291CF
:10FA50000D990391F4F7CCFF0299039A0346069897
:10FA6000FFF76EFF0498F7F763FC014604980C91CA
:10FA700001218DF82F10F7F77FFCFFE70C9907A8FD
:10FA80000190F9F74DFB059801990DF12F02FEF752
:10FA90004FFE12B080BD000080B584B0029101928B
:10FAA0000299019B1A46FFF7B3FF04B080BD000026
:10FAB00080B582B000900098FFF706FE014601A8CD
:10FAC000F9F726FB019802B080BD0000000000009D
:10FAD00080B58CB00A9009910A9805900999039114
:10FAE000F6F7F6F9014605980491FFF7EDFD039945
:10FAF000049A03460598FFF777FE0146059808919A
:10FB0000FFF7D6FF079008A807A907F07DFA01467E
:10FB10000020069091B1FFE70598FFF7E1FD029004
:10FB20000998019008A8F5F7E3FA019902460298AE
:10FB3000F5F786FD80F001000690FFE70698C00704
:10FB400018B1FFE708980B9004E00598FFF7B0FFA5
:10FB50000B90FFE70B980CB080BD00000000000088
:10FB600080B582B0019001980830FAF7B9FE02B072
:10FB700080BD00000000000080B588B006910590AF
:10FB80000598009006A80190F5F7FEFE0146009842
:10FB900004910499FFF70CFF014600980791FFF7C5
:10FBA00017FE01460198039103990291F5F7F4FEBF
:10FBB000FCF7A6FB01460298F9F74EFE039804995C
:10FBC0000122F9F73DFE079808B080BD0000000053
:10FBD00080B586B005900491059802900498F0B124
:10FBE000FFE7029804990968FFF7F2FF0298049969
:10FBF0004968FFF7EDFF0298FFF7EAFD03900398CD
:10FC0000019004981030FCF77BFB01460198F9F74E
:10FC100023FE039804990122F9F712FEFFE706B0CC
:10FC200080BD00000000000080B586B00590049102
:10FC3000059802900430FAF767F90298083000211D
:10FC40000391049A03A9FAF75BFE0298FFF73CFDC3
:10FC5000014602980191FFF74FFD01990246029873
:10FC6000116006B080BD000080B582B0019001989F
:10FC70000090F6F72DF901460098FFF7A9FF0098CC
:10FC800002B080BD0000000080B582B001900198F4
:10FC90000430FAF749F9F9F7B3F902B080BD000072
:10FCA00080B582B0019001980830FAF745FE02B0A5
:10FCB00080BD00000000000081B00090009801B0FD
:10FCC000704700000000000080B588B006900591E4
:10FCD000049206980190F6F71BF9014601980391EA
:10FCE000F6F70EF902900398002842D0FFE7FFE7ED
:10FCF0000198FFF7D5FF0499039A1032F5F7C8FC75
:10FD000090B1FFE70398006830B1FFE703980290D5
:10FD100003980068039006E0039805990860059829
:10FD2000006807902EE023E00198FFF7B9FF0399E0
:10FD30001031049AF5F7C0FC98B1FFE703984068CA
:10FD400038B1FFE7039804300290039840680390AD
:10FD500006E003980599086003980430079011E0C5
:10FD600005E0039805990860029807900AE0FFE70C
:10FD7000BEE70198FFF788FF0599086005980068BD
:10FD80000790FFE7079808B080BD00000000000062
:10FD900080B582B0019001980430FAF7CDF802B036
:10FDA00080BD00000000000080B586B00490039183
:10FDB0000292019304980090FFE70298A8B1FFE730
:10FDC0000098FFF76DFF02991031039AF5F774FC64
:10FDD00030B9FFE70298019002980068029003E0B2
:10FDE000029840680290FFE7E7E7019905A8F9F754
:10FDF000AFF9059806B080BD80B58AB0089007912C
:10FE000008980190079900F043F90146019806917E
:10FE100000F02EF9059006A805A906F065FF18B1B7
:10FE2000FFE7002009900DE006980390039904A8CD
:10FE3000FBF76AFC0198049900F08EF9029001200A
:10FE40000990FFE709980AB080BD0000000000009B
:10FE500080B582B0019100920199009A00F044F8B7
:10FE600002B080BD0000000080B58CB004900B9102
:10FE70000A920B98FFF78CFF0990002000908DF8F4
:10FE80002300099801210591F9F72AFD009A0190B4
:10FE9000099906A80290FCF7EBFA04980199029AD6
:10FEA000F7F7B2FA049809990391F4F7C5FD1030F9
:10FEB000FCF72EFA014603980A9AF9F725FD0498F3
:10FEC000F7F766FA0146059808718DF823009DF84A
:10FED000230020B9FFE70498F7F7A6FAFFE70CB074
:10FEE00080BD00000000000080B584B00391029244
:10FEF0000399029A00F0B0F804B080BD0000000041
:10FF000080B586B005900491039202930598019004
:10FF1000029A00211160029A51600499029A91603C
:10FF20000299039A1160FFF7C7FE0068006870B17C
:10FF3000FFE70198FFF7C0FE0146019809680968CC
:10FF40000091FFF7B9FE014600980860FFE70198AD
:10FF5000FFF79AFE006803990968FCF7A1FE019873
:10FF600000F0DEF8014608680130086006B080BD88
:10FF700080B586B00490039104980290039905A877
:10FF80000190F9F7EDF80198F9F7F2F80298FFF708
:10FF900093FE00680399884209D1FFE7029805990A
:10FFA0000091FFF789FE014600980860FFE702987C
:10FFB00000F0B6F802460298116801391160FFF7A7
:10FFC00063FE00680399F7F7B3FF059806B080BD9C
:10FFD00080B592B00590119110920F9311980690F0
:10FFE000109A0EA9FFF770FE0D900D9800680C9006
:10FFF00000208DF82F000D980068F8B9FFE70699EA
:020000040803EF
:100000000F9A08A80490FFF72FFF04980E99029109
:100010000D990391F4F704FD0299039A034606989B
:10002000FFF76EFF0498F7F7DBF9014604980C918F
:1000300001218DF82F10F7F7F7F9FFE70C9907A8C2
:100040000190F9F78DF8059801990DF12F02FEF74F
:100050007FFB12B080BD000080B584B00291019298
:100060000299019B1A46FFF7B3FF04B080BD000060
:1000700080B582B000900098FFF706FE014601A807
:10008000F9F766F8019802B080BD0000000000009A
:1000900080B58CB00A9009910A980590099903914E
:1000A000F5F736FF014605980491FFF7EDFD03993A
:1000B000049A03460598FFF777FE014605980891D4
:1000C000FFF7D6FF079008A807A906F0A9FF014689
:1000D0000020069091B1FFE70598FFF7E1FD02903F
:1000E0000998019008A8F5F717F8019902460298B7
:1000F000F5F7CEFA80F001000690FFE70698C007FA
:1001000018B1FFE708980B9004E00598FFF7B0FFDF
:100110000B90FFE70B980CB080BD000000000000C2
:1001200080B582B0019001980830FAF7FDFB02B06B
:1001300080BD00000000000080B582B000900098F3
:10014000FFF7BAFD016801A8F9F702F8019802B0BB
:1001500080BD00000000000080B588B006910590C9
:100160000598009006A80190F5F722FC014600983A
:1001700004910499FFF7FCFE014600980791FFF7F0
:1001800007FE01460198039103990291F5F718FCC7
:10019000FCF7BEF801460298F9F796FB039804991C
:1001A0000122F9F785FB079808B080BD0000000028
:1001B00080B586B005900491059802900498F0B13E
:1001C000FFE7029804990968FFF7F2FF0298049983
:1001D0004968FFF7EDFF0298FFF7DAFD03900398F7
:1001E000019004981030FCF793F801460198F9F754
:1001F0006BFB039804990122F9F75AFBFFE706B05D
:1002000080BD00000000000080B586B0059004911C
:10021000059802900430F9F797FE02980830002103
:100220000391049A03A9FAF78FFB0298FFF72CFDBC
:10023000014602980191FFF73FFD0199024602989D
:10024000116006B080BD000080B582B001900198B9
:100250000090F5F75DFE01460098FFF7A9FF0098B2
:1002600002B080BD0000000080B582B0019001980E
:100270000430F9F779FEF8F7C3FE02B080BD000044
:1002800080B582B0019001980830FAF779FB02B08E
:1002900080BD00000000000081B00090009801B017
:1002A000704700000000000080B588B006900591FE
:1002B000049206980190F5F74BFE014601980391D0
:1002C000F5F73EFE02900398002842D0FFE7FFE7D3
:1002D0000198FFF7D5FF0499039A1032F5F700FA59
:1002E00090B1FFE70398006830B1FFE703980290F0
:1002F00003980068039006E0039805990860059844
:10030000006807902EE023E00198FFF7B9FF0399FA
:100310001031049AF5F7F8F998B1FFE703984068AF
:1003200038B1FFE7039804300290039840680390C7
:1003300006E003980599086003980430079011E0DF
:1003400005E0039805990860029807900AE0FFE726
:10035000BEE70198FFF788FF0599086005980068D7
:100360000790FFE7079808B080BD0000000000007C
:1003700080B582B0019001980430F9F7FDFD02B01C
:1003800080BD00000000000080B582B001910092A5
:100390000199009A00F044F802B080BD000000000E
:1003A00080B58CB004900B910A920B98FFF7E0FF98
:1003B0000990002000908DF82300099801210591F3
:1003C000F9F7C6FA009A0190099906A80290FCF77D
:1003D00083F804980199029AF7F76EF8049809993E
:1003E0000391F4F741FB1030FBF79AFF01460398A5
:1003F0000A9AF9F7C1FA0498F7F722F80146059826
:1004000008718DF823009DF8230020B9FFE70498B8
:10041000F7F762F8FFE70CB080BD000000000000B5
:1004200080B584B0039102920399029A00F080F89B
:1004300004B080BD0000000080B586B00590049136
:100440000392029305980190029A00211160029A8A
:1004500051600499029A91600299039A1160FFF722
:100460001BFF0068006870B1FFE70198FFF714FFF9
:1004700001460198096809680091FFF70DFF0146E0
:1004800000980860FFE70198FFF7EEFE0068039907
:100490000968FCF705FC019800F056F80146086869
:1004A0000130086006B080BD80B592B00590119112
:1004B00010920F9311980690109A0EA9FFF7F4FE70
:1004C0000D900D9800680C9000208DF82F000D986D
:1004D0000068F8B9FFE706990F9A08A80490FFF79B
:1004E0005FFF04980E9902910D990391F4F7B0FA09
:1004F0000299039A03460698FFF79EFF0498F6F7C1
:10050000C7FF014604980C9101218DF82F10F6F7D2
:10051000E3FFFFE70C9907A80190F8F739FE05986B
:1005200001990DF12F02FEF723F912B080BD0000F2
:1005300080B584B0029101920299019B1A46FFF79F
:10054000B3FF04B080BD000080B582B00190019877
:100550000830FAF70DFA02B080BD0000000000007C
:1005600080B586B005900491059802900498F0B18A
:10057000FFE7029804990968FFF7F2FF02980499CF
:100580004968FFF7EDFF0298FFF7F2FE039003982A
:10059000019004981030FBF7C3FE01460198F9F76B
:1005A000CBF9039804990122F9F7BAF9FFE706B0ED
:1005B00080BD00000000000080B586B00590049169
:1005C000059802900430F9F7DFFC0298083000210A
:1005D0000391049A03A9FAF7DBF90298FFF744FEA6
:1005E000014602980191FFF757FE019902460298D1
:1005F000116006B080BD000080B582B00190019806
:100600000090F5F7A5FC01460098FFF7A9FF0098B8
:1006100002B080BD0000000080B582B0019001985A
:100620000430F9F7C1FCF8F7EBFC02B080BD000024
:1006300080B582B0019001980830FAF7C5F902B090
:1006400080BD00000000000081B00090009801B063
:10065000704700000000000080B588B0069005914A
:10066000049206980190F5F793FC014601980391D6
:10067000F5F786FC02900398002842D0FFE7FFE7D9
:100680000198FFF7D5FF0499039A1032F5F750F857
:1006900090B1FFE70398006830B1FFE7039802903C
:1006A00003980068039006E0039805990860059890
:1006B000006807902EE023E00198FFF7B9FF039947
:1006C0001031049AF5F748F898B1FFE703984068AD
:1006D00038B1FFE703980430029003984068039014
:1006E00006E003980599086003980430079011E02C
:1006F00005E0039805990860029807900AE0FFE773
:10070000BEE70198FFF788FF059908600598006823
:100710000790FFE7079808B080BD000000000000C8
:1007200080B582B0019001980430F9F745FC02B021
:1007300080BD00000000000080B586B004900391E9
:100740000292019304980090FFE70298A8B1FFE796
:100750000098FFF76DFF02991031039AF4F7FCFF40
:1007600030B9FFE70298019002980068029003E018
:10077000029840680290FFE7E7E7019905A8F8F7BB
:100780000FFD059806B080BD80B58AB0089007912E
:1007900008980190079900F043F9014601980691E5
:1007A00000F02EF9059006A805A906F0ADFA18B1DB
:1007B000FFE7002009900DE006980390039904A834
:1007C000FAF7AAFF0198049900F08EF9029001202F
:1007D0000990FFE709980AB080BD00000000000002
:1007E00080B582B0019100920199009A00F044F81E
:1007F00002B080BD0000000080B58CB004900B9169
:100800000A920B98FFF78CFF0990002000908DF85A
:100810002300099801210591F9F7D2F8009A019077
:10082000099906A80290FBF78BFE04980199029A99
:10083000F6F79AFE049809990391F4F72DF9103010
:10084000FBF776FD014603980A9AF9F7CDF804986C
:10085000F6F74EFE0146059808718DF823009DF8C5
:10086000230020B9FFE70498F6F78EFEFFE70CB0EF
:1008700080BD00000000000080B584B003910292AA
:100880000399029A00F0B0F804B080BD00000000A7
:1008900080B586B00590049103920293059801906B
:1008A000029A00211160029A51600499029A9160A3
:1008B0000299039A1160FFF7C7FE0068006870B1E3
:1008C000FFE70198FFF7C0FE014601980968096833
:1008D0000091FFF7B9FE014600980860FFE7019814
:1008E000FFF79AFE006803990968FCF7D9F90198A7
:1008F00000F0DEF8014608680130086006B080BDEF
:1009000080B586B00490039104980290039905A8DD
:100910000190F8F74DFC0198F8F752FC0298FFF7A8
:1009200093FE00680399884209D1FFE70298059970
:100930000091FFF789FE014600980860FFE70298E2
:1009400000F0B6F802460298116801391160FFF70D
:1009500063FE00680399F7F7EBFA059806B080BDCF
:1009600080B592B00590119110920F931198069056
:10097000109A0EA9FFF770FE0D900D9800680C906C
:1009800000208DF82F000D980068F8B9FFE7069950
:100990000F9A08A80490FFF72FFF04980E99029170
:1009A0000D990391F4F76CF80299039A034606989F
:1009B000FFF76EFF0498F6F7C3FD014604980C910B
:1009C00001218DF82F10F6F7DFFDFFE70C9907A83E
:1009D0000190F8F7EDFB059801990DF12F02FDF755
:1009E000D7FE12B080BD000080B584B002910192A4
:1009F0000299019B1A46FFF7B3FF04B080BD0000C7
:100A000080B582B000900098FFF706FE014601A86D
:100A1000F8F7C6FB019802B080BD0000000000009E
:100A200080B58CB00A9009910A98059009990391B4
:100A3000F5F7AEFA014605980491FFF7EDFD03992D
:100A4000049A03460598FFF777FE0146059808913A
:100A5000FFF7D6FF079008A807A906F0EDFA0146B0
:100A60000020069091B1FFE70598FFF7E1FD0290A5
:100A70000998019008A8F4F76FFB019902460298C3
:100A8000F4F756FE80F001000690FFE70698C007D5
:100A900018B1FFE708980B9004E00598FFF7B0FF46
:100AA0000B90FFE70B980CB080BD00000000000029
:100AB00080B582B0019001980830F9F77DFF02B04F
:100AC00080BD00000000000080B582B0009000985A
:100AD000FFF7BAFD016801A8F8F762FB019802B0C0
:100AE00080BD00000000000080B588B00691059030
:100AF0000598009006A80190F4F76EFF0146009853
:100B000004910499FFF7FCFE014600980791FFF756
:100B100007FE01460198039103990291F4F764FFDF
:100B2000FBF706FC01460298F8F73EFF039804998C
:100B30000122F8F72DFF079808B080BD00000000E3
:100B400080B586B005900491059802900498F0B1A4
:100B5000FFE7029804990968FFF7F2FF02980499E9
:100B60004968FFF7EDFF0298FFF7DAFD039003985D
:100B7000019004981030FBF7DBFB01460198F8F771
:100B800013FF039804990122F8F702FFFFE706B06C
:100B900080BD00000000000080B586B00590049183
:100BA000059802900430F9F70FFA029808300021F6
:100BB0000391049A03A9F9F70FFF0298FFF72CFDA0
:100BC000014602980191FFF73FFD01990246029804
:100BD000116006B080BD000080B582B00190019820
:100BE0000090F5F7D5F901460098FFF7A9FF0098A6
:100BF00002B080BD0000000080B582B00190019875
:100C00000430F9F7F1F9F8F7FBF902B080BD000004
:100C100080B582B0019001980830F9F7F9FE02B072
:100C200080BD00000000000081B00090009801B07D
:100C3000704700000000000080B588B00690059164
:100C4000049206980190F5F7C3F9014601980391C3
:100C5000F5F7B6F902900398002842D0FFE7FFE7C6
:100C60000198FFF7D5FF0499039A1032F4F788FD35
:100C700090B1FFE70398006830B1FFE70398029056
:100C800003980068039006E00398059908600598AA
:100C9000006807902EE023E00198FFF7B9FF039961
:100CA0001031049AF4F780FD98B1FFE7039840688B
:100CB00038B1FFE70398043002900398406803902E
:100CC00006E003980599086003980430079011E046
:100CD00005E0039805990860029807900AE0FFE78D
:100CE000BEE70198FFF788FF05990860059800683E
:100CF0000790FFE7079808B080BD000000000000E3
:100D000080B582B0019001980430F9F775F902B00E
:100D100080BD00000000000080B586B00490039103
:100D20000292019304980090FFE70298A8B1FFE7B0
:100D30000098FFF76DFF02991031039AF4F734FD24
:100D400030B9FFE70298019002980068029003E032
:100D5000029840680290FFE7E7E7019905A8F8F7D5
:100D60003FFA059806B080BD80B58AB0089007911B
:100D700008980190079900F043F9014601980691FF
:100D800000F02EF9059006A805A905F0CDFF18B1D1
:100D9000FFE7002009900DE006980390039904A84E
:100DA000FAF7C2FC0198049900F08EF90290012034
:100DB0000990FFE709980AB080BD0000000000001C
:100DC00080B582B0019100920199009A00F044F838
:100DD00002B080BD0000000080B58CB004900B9183
:100DE0000A920B98FFF78CFF0990002000908DF875
:100DF0002300099801210591F8F71AFE009A019045
:100E0000099906A80290FBF7CFFB04980199029A72
:100E1000F6F702FC049809990391F3F755FE103098
:100E2000FBF78EFA014603980A9AF8F715FE049824
:100E3000F6F7B6FB0146059808718DF823009DF87A
:100E4000230020B9FFE70498F6F7F6FBFFE70CB0A4
:100E500080BD00000000000080B584B003910292C4
:100E60000399029A00F0B0F804B080BD00000000C1
:100E700080B586B005900491039202930598019085
:100E8000029A00211160029A51600499029A9160BD
:100E90000299039A1160FFF7C7FE0068006870B1FD
:100EA000FFE70198FFF7C0FE01460198096809684D
:100EB0000091FFF7B9FE014600980860FFE701982E
:100EC000FFF79AFE006803990968FBF7E9FE0198AD
:100ED00000F0DEF8014608680130086006B080BD09
:100EE00080B586B00490039104980290039905A8F8
:100EF0000190F8F77DF90198F8F782F90298FFF769
:100F000093FE00680399884209D1FFE7029805998A
:100F10000091FFF789FE014600980860FFE70298FC
:100F200000F0B6F802460298116801391160FFF727
:100F300063FE00680399F6F7FBFF059806B080BDD5
:100F400080B592B00590119110920F931198069070
:100F5000109A0EA9FFF770FE0D900D9800680C9086
:100F600000208DF82F000D980068F8B9FFE706996A
:100F70000F9A08A80490FFF72FFF04980E9902918A
:100F80000D990391F3F794FD0299039A034606988D
:100F9000FFF76EFF0498F6F72BFB014604980C91BF
:100FA00001218DF82F10F6F747FBFFE70C9907A8F2
:100FB0000190F8F71DF9059801990DF12F02FDF741
:100FC000F7FB12B080BD000080B584B002910192A1
:100FD0000299019B1A46FFF7B3FF04B080BD0000E1
:100FE00080B582B000900098FFF706FE014601A888
:100FF000F8F7F6F8019802B080BD0000000000008C
:1010000080B58CB00A9009910A98059009990391CE
:10101000F4F7DEFF014605980491FFF7EDFD039913
:10102000049A03460598FFF777FE01460598089154
:10103000FFF7D6FF079008A807A906F009F80146B0
:101040000020069091B1FFE70598FFF7E1FD0290BF
:101050000998019008A8F4F79FF8019902460298B0
:10106000F4F78EFB80F001000690FFE70698C007BA
:1010700018B1FFE708980B9004E00598FFF7B0FF60
:101080000B90FFE70B980CB080BD00000000000043
:1010900080B582B0019001980830F9F7B1FC02B038
:1010A00080BD00000000000080B582B00090009874
:1010B000FFF7BAFD016801A8F8F792F8019802B0AD
:1010C00080BD00000000000080B588B0069105904A
:1010D0000598009006A80190F4F792FC014600984C
:1010E00004910499FFF7FCFE014600980791FFF771
:1010F00007FE01460198039103990291F4F788FCD9
:10110000FBF71EF901460298F8F786FC039804994C
:101110000122F8F775FC079808B080BD00000000B8
:1011200080B586B005900491059802900498F0B1BE
:10113000FFE7029804990968FFF7F2FF0298049903
:101140004968FFF7EDFF0298FFF7DAFD0390039877
:10115000019004981030FBF7F3F801460198F8F776
:101160005BFC039804990122F8F74AFCFFE706B0FC
:1011700080BD00000000000080B586B0059004919D
:10118000059802900430F8F73FFF029808300021DC
:101190000391049A03A9F9F743FC0298FFF72CFD89
:1011A000014602980191FFF73FFD0199024602981E
:1011B000116006B080BD000080B582B0019001983A
:1011C0000090F4F705FF01460098FFF7A9FF00988B
:1011D00002B080BD0000000080B582B0019001988F
:1011E0000430F8F721FFF7F70BFF02B080BD0000D5
:1011F00080B582B0019001980830F9F72DFC02B05B
:1012000080BD00000000000081B00090009801B097
:10121000704700000000000080B588B0069005917E
:10122000049206980190F4F7F3FE014601980391A9
:10123000F4F7E6FE02900398002842D0FFE7FFE7AC
:101240000198FFF7D5FF0499039A1032F4F7C0FA1A
:1012500090B1FFE70398006830B1FFE70398029070
:1012600003980068039006E00398059908600598C4
:10127000006807902EE023E00198FFF7B9FF03997B
:101280001031049AF4F7B8FA98B1FFE70398406870
:1012900038B1FFE703980430029003984068039048
:1012A00006E003980599086003980430079011E060
:1012B00005E0039805990860029807900AE0FFE7A7
:1012C000BEE70198FFF788FF059908600598006858
:1012D0000790FFE7079808B080BD000000000000FD
:1012E00080B582B0019001980430F8F7A5FE02B0F5
:1012F00080BD00000000000080B586B0049003911E
:101300000292019304980090FFE70298A8B1FFE7CA
:101310000098FFF76DFF02991031039AF4F76CFA09
:1013200030B9FFE70298019002980068029003E04C
:10133000029840680290FFE7E7E7019905A8F7F7F0
:101340006FFF059806B080BD80B58AB00890079100
:1013500008980190079900F043F901460198069119
:1013600000F02EF9059006A805A905F0EDFC18B1CE
:10137000FFE7002009900DE006980390039904A868
:10138000FAF7DAF90198049900F07EF90290012049
:101390000990FFE709980AB080BD00000000000036
:1013A00080B582B0019100920199009A00F044F852
:1013B00002B080BD0000000080B58CB004900B919D
:1013C0000A920B98FFF78CFF0990002000908DF88F
:1013D0002300099801210591F8F762FB009A01901A
:1013E000099906A80290FBF713F904980199029A4B
:1013F000F6F76AF9049809990391F3F77DFB103029
:10140000FAF7A6FF014603980A9AF8F75DFB0498DD
:10141000F6F71EF90146059808718DF823009DF82E
:10142000230020B9FFE70498F6F75EF9FFE70CB058
:1014300080BD00000000000080B584B003910292DE
:101440000399029A00F0B0F804B080BD00000000DB
:1014500080B586B00590049103920293059801909F
:10146000029A00211160029A51600499029A9160D7
:101470000299039A1160FFF7C7FE0068006870B117
:10148000FFE70198FFF7C0FE014601980968096867
:101490000091FFF7B9FE014600980860FFE7019848
:1014A000FFF79AFE006803990968FBF7F9FB0198BA
:1014B00000F0DEF8014608680130086006B080BD23
:1014C00080B586B00490039104980290039905A812
:1014D0000190F7F7ADFE0198F7F7B2FE0298FFF71B
:1014E00093FE00680399884209D1FFE702980599A5
:1014F0000091FFF789FE014600980860FFE7029817
:1015000000F0B6F802460298116801391160FFF741
:1015100063FE00680399F6F70BFD059806B080BDE1
:1015200080B592B00590119110920F93119806908A
:10153000109A0EA9FFF770FE0D900D9800680C90A0
:1015400000208DF82F000D980068F8B9FFE7069984
:101550000F9A08A80490FFF72FFF04980E990291A4
:101560000D990391F3F7BCFA0299039A0346069882
:10157000FFF76EFF0498F6F793F8014604980C9174
:1015800001218DF82F10F6F7AFF8FFE70C9907A8A7
:101590000190F7F74DFE059801990DF12F02FDF727
:1015A00017F912B080BD000080B584B0029101929D
:1015B0000299019B1A46FFF7B3FF04B080BD0000FB
:1015C00080B582B000900098FFF706FE014601A8A2
:1015D000F7F726FE019802B080BD00000000000071
:1015E00080B58CB00A9009910A98059009990391E9
:1015F000F4F70EFD014605980491FFF7EDFD039900
:10160000049A03460598FFF777FE0146059808916E
:10161000FFF7D6FF079008A807A905F025FD0146AA
:101620000020069091B1FFE70598FFF7E1FD0290D9
:101630000998019008A8F3F7CFFD01990246029896
:10164000F4F7C6F880F001000690FFE70698C0079F
:1016500018B1FFE708980B9004E00598FFF7B0FF7A
:101660000B90FFE70B980CB080BD0000000000005D
:1016700080B582B0019001980830F9F7E5F902B021
:1016800080BD00000000000080B588B00691059084
:101690000598009006A80190F4F7C6F90146009855
:1016A00004910499FFF70CFF014600980791FFF79A
:1016B00017FE01460198039103990291F4F7BCF9D2
:1016C000FAF746FE01460298F8F7DEF90398049906
:1016D0000122F8F7CDF9079808B080BD000000009E
:1016E00080B586B005900491059802900498F0B1F9
:1016F000FFE7029804990968FFF7F2FF029804993E
:101700004968FFF7EDFF0298FFF7EAFD03900398A1
:10171000019004981030FAF71BFE01460198F8F783
:10172000B3F9039804990122F8F7A2F9FFE706B08C
:1017300080BD00000000000080B586B005900491D7
:10174000059802900430F8F77FFC029808300021D9
:101750000391049A03A9F9F787F90298FFF73CFD72
:10176000014602980191FFF74FFD01990246029848
:10177000116006B080BD000080B582B00190019874
:101780000090F4F745FC01460098FFF7A9FF009888
:1017900002B080BD0000000080B582B001900198C9
:1017A0000430F8F761FCF7F72BFC02B080BD0000B5
:1017B00080B582B0019001980830F9F771F902B054
:1017C00080BD00000000000081B00090009801B0D2
:1017D000704700000000000080B588B006900591B9
:1017E000049206980190F4F733FC014601980391A6
:1017F000F4F726FC02900398002842D0FFE7FFE7A9
:101800000198FFF7D5FF0499039A1032F4F708F80E
:1018100090B1FFE70398006830B1FFE703980290AA
:1018200003980068039006E00398059908600598FE
:10183000006807902EE023E00198FFF7B9FF0399B5
:101840001031049AF4F700F898B1FFE70398406864
:1018500038B1FFE703980430029003984068039082
:1018600006E003980599086003980430079011E09A
:1018700005E0039805990860029807900AE0FFE7E1
:10188000BEE70198FFF788FF059908600598006892
:101890000790FFE7079808B080BD00000000000037
:1018A00080B582B0019001980430F8F7E5FB02B0F2
:1018B00080BD00000000000080B586B00490039158
:1018C0000292019304980090FFE70298A8B1FFE705
:1018D0000098FFF76DFF02991031039AF3F7B4FFF8
:1018E00030B9FFE70298019002980068029003E087
:1018F000029840680290FFE7E7E7019905A8F7F72B
:10190000AFFC059806B080BD80B58AB008900791FD
:1019100008980190079900F043F901460198069153
:1019200000F02EF9059006A805A905F01DFA18B1DA
:10193000FFE7002009900DE006980390039904A8A2
:10194000F9F702FF0198049900F07EF90290012056
:101950000990FFE709980AB080BD00000000000070
:1019600080B582B0019100920199009A00F044F88C
:1019700002B080BD0000000080B58CB004900B91D7
:101980000A920B98FFF78CFF0990002000908DF8C9
:101990002300099801210591F8F7BAF8009A0190FF
:1019A000099906A80290FAF767FE04980199029A2D
:1019B000F5F7E2FE049809990391F3F7B5F81030B2
:1019C000FAF7CEFC014603980A9AF8F7B5F804989E
:1019D000F5F796FE0146059808718DF823009DF8ED
:1019E000230020B9FFE70498F5F7D6FEFFE70CB017
:1019F00080BD00000000000080B584B00391029219
:101A00000399029A00F0B0F804B080BD0000000015
:101A100080B586B0059004910392029305980190D9
:101A2000029A00211160029A51600499029A916011
:101A30000299039A1160FFF7C7FE0068006870B151
:101A4000FFE70198FFF7C0FE0146019809680968A1
:101A50000091FFF7B9FE014600980860FFE7019882
:101A6000FFF79AFE006803990968FBF719F90198D6
:101A700000F0DEF8014608680130086006B080BD5D
:101A800080B586B00490039104980290039905A84C
:101A90000190F7F7EDFB0198F7F7F2FB0298FFF7DB
:101AA00093FE00680399884209D1FFE702980599DF
:101AB0000091FFF789FE014600980860FFE7029851
:101AC00000F0B6F802460298116801391160FFF77C
:101AD00063FE00680399F6F72BFA059806B080BDFF
:101AE00080B592B00590119110920F9311980690C5
:101AF000109A0EA9FFF770FE0D900D9800680C90DB
:101B000000208DF82F000D980068F8B9FFE70699BE
:101B10000F9A08A80490FFF72FFF04980E990291DE
:101B20000D990391F2F7F4FF0299039A0346069880
:101B3000FFF76EFF0498F5F70BFE014604980C9131
:101B400001218DF82F10F5F727FEFFE70C9907A864
:101B50000190F7F78DFB059801990DF12F02FCF725
:101B600047FE12B080BD000080B584B002910192A2
:101B70000299019B1A46FFF7B3FF04B080BD000035
:101B800080B582B000900098FFF706FE014601A8DC
:101B9000F7F766FB019802B080BD0000000000006E
:101BA00080B58CB00A9009910A9805900999039123
:101BB000F4F74EFA014605980491FFF7EDFD0399FD
:101BC000049A03460598FFF777FE014605980891A9
:101BD000FFF7D6FF079008A807A905F051FA0146BC
:101BE0000020069091B1FFE70598FFF7E1FD029014
:101BF0000998019008A8F3F70FFB01990246029893
:101C0000F3F70EFE80F001000690FFE70698C0078C
:101C100018B1FFE708980B9004E00598FFF7B0FFB4
:101C20000B90FFE70B980CB080BD00000000000097
:101C300080B582B0019001980830F8F729FF02B012
:101C400080BD00000000000080B588B006910590BE
:101C50000598009006A80190F3F7FAFE0146009857
:101C600004910499FFF70CFF014600980791FFF7D4
:101C700017FE01460198039103990291F3F7F0FED4
:101C8000FAF76EFB01460298F7F736FF03980499BE
:101C90000122F7F725FF079808B080BD000000007B
:101CA00080B586B005900491059802900498F0B133
:101CB000FFE7029804990968FFF7F2FF0298049978
:101CC0004968FFF7EDFF0298FFF7EAFD03900398DC
:101CD000019004981030FAF743FB01460198F7F79A
:101CE0000BFF039804990122F7F7FAFEFFE706B00D
:101CF00080BD00000000000080B586B00590049112
:101D0000059802900430F8F7BFF9029808300021D6
:101D10000391049A03A9F8F7CBFE0298FFF73CFD64
:101D2000014602980191FFF74FFD01990246029882
:101D3000116006B080BD000080B582B001900198AE
:101D40000090F4F785F901460098FFF7A9FF009885
:101D500002B080BD0000000080B582B00190019803
:101D60000430F8F7A1F9F7F74BF902B080BD000095
:101D700080B582B0019001980830F8F7B5FE02B046
:101D800080BD00000000000081B00090009801B00C
:101D9000704700000000000080B588B006900591F3
:101DA000049206980190F4F773F9014601980391A3
:101DB000F4F766F902900398002842D0FFE7FFE7A6
:101DC0000198FFF7D5FF0499039A1032F3F750FDFD
:101DD00090B1FFE70398006830B1FFE703980290E5
:101DE00003980068039006E0039805990860059839
:101DF000006807902EE023E00198FFF7B9FF0399F0
:101E00001031049AF3F748FD98B1FFE70398406852
:101E100038B1FFE7039804300290039840680390BC
:101E200006E003980599086003980430079011E0D4
:101E300005E0039805990860029807900AE0FFE71B
:101E4000BEE70198FFF788FF0599086005980068CC
:101E50000790FFE7079808B080BD00000000000071
:101E600080B582B0019001980430F8F725F902B0EE
:101E700080BD00000000000080B586B00490039192
:101E80000292019304980090FFE70298A8B1FFE73F
:101E90000098FFF76DFF02991031039AF3F7FCFCED
:101EA00030B9FFE70298019002980068029003E0C1
:101EB000029840680290FFE7E7E7019905A8F7F765
:101EC000EFF9059806B080BD80B58AB008900791FB
:101ED00008980190079900F043F90146019806918E
:101EE00000F02EF9059006A805A904F04DFF18B1E1
:101EF000FFE7002009900DE006980390039904A8DD
:101F0000F9F72AFC0198049900F08EF9029001205B
:101F10000990FFE709980AB080BD000000000000AA
:101F200080B582B0019100920199009A00F044F8C6
:101F300002B080BD0000000080B58CB004900B9111
:101F40000A920B98FFF78CFF0990002000908DF803
:101F50002300099801210591F7F712FE009A0190DC
:101F6000099906A80290FAF7BBFB04980199029A16
:101F7000F5F75AFC049809990391F2F7EDFD10303A
:101F8000FAF7F6F9014603980A9AF7F70DFE049856
:101F9000F5F70EFC0146059808718DF823009DF8B1
:101FA000230020B9FFE70498F5F74EFCFFE70CB0DB
:101FB00080BD00000000000080B584B00391029253
:101FC0000399029A00F0B0F804B080BD0000000050
:101FD00080B586B005900491039202930598019014
:101FE000029A00211160029A51600499029A91604C
:101FF0000299039A1160FFF7C7FE0068006870B18C
:10200000FFE70198FFF7C0FE0146019809680968DB
:102010000091FFF7B9FE014600980860FFE70198BC
:10202000FFF79AFE006803990968FAF739FE0198EC
:1020300000F0DEF8014608680130086006B080BD97
:1020400080B586B00490039104980290039905A886
:102050000190F7F72DF90198F7F732F90298FFF799
:1020600093FE00680399884209D1FFE70298059919
:102070000091FFF789FE014600980860FFE702988B
:1020800000F0B6F802460298116801391160FFF7B6
:1020900063FE00680399F5F74BFF059806B080BD15
:1020A00080B592B00590119110920F9311980690FF
:1020B000109A0EA9FFF770FE0D900D9800680C9015
:1020C00000208DF82F000D980068F8B9FFE70699F9
:1020D0000F9A08A80490FFF72FFF04980E99029119
:1020E0000D990391F2F72CFD0299039A0346069885
:1020F000FFF76EFF0498F5F783FB014604980C91F7
:1021000001218DF82F10F5F79FFBFFE70C9907A829
:102110000190F7F7CDF8059801990DF12F02FCF722
:1021200077FB12B080BD000080B584B002910192AF
:102130000299019B1A46FFF7B3FF04B080BD00006F
:1021400080B582B000900098FFF706FE014601A816
:10215000F7F7A6F8019802B080BD0000000000006B
:1021600080B58CB00A9009910A980590099903915D
:10217000F3F78EFF014605980491FFF7EDFD0399F3
:10218000049A03460598FFF777FE014605980891E3
:10219000FFF7D6FF079008A807A904F07DFF0146C6
:1021A0000020069091B1FFE70598FFF7E1FD02904E
:1021B0000998019008A8F3F74FF801990246029890
:1021C000F3F756FB80F001000690FFE70698C00782
:1021D00018B1FFE708980B9004E00598FFF7B0FFEF
:1021E0000B90FFE70B980CB080BD000000000000D2
:1021F00080B582B0019001980830F8F76DFC02B00C
:1022000080BD00000000000080B582B00090009802
:10221000FFF7BAFD016801A8F7F742F8019802B08C
:1022200080BD00000000000080B588B006910590D8
:102230000598009006A80190F3F71EFC014600984F
:1022400004910499FFF7FCFE014600980791FFF7FF
:1022500007FE01460198039103990291F3F714FCDC
:10226000FAF786F801460298F7F77EFC039804997E
:102270000122F7F76DFC079808B080BD0000000050
:1022800080B586B005900491059802900498F0B14D
:10229000FFE7029804990968FFF7F2FF0298049992
:1022A0004968FFF7EDFF0298FFF7DAFD0390039806
:1022B000019004981030FAF75BF801460198F7F79F
:1022C00053FC039804990122F7F742FCFFE706B09C
:1022D00080BD00000000000080B586B0059004912C
:1022E000059802900430F7F7EFFE029808300021BD
:1022F0000391049A03A9F8F7FFFB0298FFF72CFD5E
:10230000014602980191FFF73FFD019902460298AC
:10231000116006B080BD000080B582B001900198C8
:102320000090F3F7B5FE01460098FFF7A9FF00986B
:1023300002B080BD0000000080B582B0019001981D
:102340000430F7F7D1FEF6F75BFE02B080BD000067
:1023500080B582B0019001980830F8F7E9FB02B02F
:1023600080BD00000000000081B00090009801B026
:10237000704700000000000080B588B0069005910D
:10238000049206980190F3F7A3FE01460198039189
:10239000F3F796FE02900398002842D0FFE7FFE78C
:1023A0000198FFF7D5FF0499039A1032F3F788FAE2
:1023B00090B1FFE70398006830B1FFE703980290FF
:1023C00003980068039006E0039805990860059853
:1023D000006807902EE023E00198FFF7B9FF03990A
:1023E0001031049AF3F780FA98B1FFE70398406838
:1023F00038B1FFE7039804300290039840680390D7
:1024000006E003980599086003980430079011E0EE
:1024100005E0039805990860029807900AE0FFE735
:10242000BEE70198FFF788FF0599086005980068E6
:102430000790FFE7079808B080BD0000000000008B
:1024400080B582B0019001980430F7F755FE02B0D4
:1024500080BD00000000000080B586B004900391AC
:102460000292019304980090FFE70298A8B1FFE759
:102470000098FFF76DFF02991031039AF3F734FAD1
:1024800030B9FFE70298019002980068029003E0DB
:10249000029840680290FFE7E7E7019905A8F6F780
:1024A0001FFF059806B080BD80B58AB008900791DF
:1024B00008980190079900F043F9014601980691A8
:1024C00000F02EF9059006A805A904F06DFC18B1DE
:1024D000FFE7002009900DE006980390039904A8F7
:1024E000F9F742F90198049900F07EF90290012071
:1024F0000990FFE709980AB080BD000000000000C5
:1025000080B582B0019100920199009A00F044F8E0
:1025100002B080BD0000000080B58CB004900B912B
:102520000A920B98FFF78CFF0990002000908DF81D
:102530002300099801210591F7F75AFB009A0190B1
:10254000099906A80290FAF7FFF804980199029AEF
:10255000F5F7C2F9049809990391F2F715FB1030C9
:10256000F9F70EFF014603980A9AF7F755FB04980E
:10257000F5F776F90146059808718DF823009DF866
:10258000230020B9FFE70498F5F7B6F9FFE70CB090
:1025900080BD00000000000080B584B0039102926D
:1025A0000399029A00F0B0F804B080BD000000006A
:1025B00080B586B00590049103920293059801902E
:1025C000029A00211160029A51600499029A916066
:1025D0000299039A1160FFF7C7FE0068006870B1A6
:1025E000FFE70198FFF7C0FE0146019809680968F6
:1025F0000091FFF7B9FE014600980860FFE70198D7
:10260000FFF79AFE006803990968FAF749FB0198F9
:1026100000F0DEF8014608680130086006B080BDB1
:1026200080B586B00490039104980290039905A8A0
:102630000190F6F75DFE0198F6F762FE0298FFF74B
:1026400093FE00680399884209D1FFE70298059933
:102650000091FFF789FE014600980860FFE70298A5
:1026600000F0B6F802460298116801391160FFF7D0
:1026700063FE00680399F5F75BFC059806B080BD22
:1026800080B592B00590119110920F931198069019
:10269000109A0EA9FFF770FE0D900D9800680C902F
:1026A00000208DF82F000D980068F8B9FFE7069913
:1026B0000F9A08A80490FFF72FFF04980E99029133
:1026C0000D990391F2F754FA0299039A034606987A
:1026D000FFF76EFF0498F5F7EBF8014604980C91AC
:1026E00001218DF82F10F5F707F9FFE70C9907A8DE
:1026F0000190F6F7FDFD059801990DF12F02FCF709
:1027000097F812B080BD000080B584B002910192AC
:102710000299019B1A46FFF7B3FF04B080BD000089
:1027200080B582B000900098FFF706FE014601A830
:10273000F6F7D6FD019802B080BD00000000000051
:1027400080B58CB00A9009910A9805900999039177
:10275000F3F7BEFC014605980491FFF7EDFD0399E0
:10276000049A03460598FFF777FE014605980891FD
:10277000FFF7D6FF079008A807A904F099FC0146C7
:102780000020069091B1FFE70598FFF7E1FD029068
:102790000998019008A8F2F77FFD01990246029876
:1027A000F3F78EF880F001000690FFE70698C00767
:1027B00018B1FFE708980B9004E00598FFF7B0FF09
:1027C0000B90FFE70B980CB080BD000000000000EC
:1027D00080B582B0019001980830F8F7A1F902B0F5
:1027E00080BD00000000000080B588B00691059013
:1027F0000598009006A80190F3F752F90146009859
:1028000004910499FFF70CFF014600980791FFF728
:1028100017FE01460198039103990291F3F748F9D5
:10282000F9F7AEFD01460298F7F7D6F90398049937
:102830000122F7F7C5F9079808B080BD0000000035
:1028400080B586B005900491059802900498F0B187
:10285000FFE7029804990968FFF7F2FF02980499CC
:102860004968FFF7EDFF0298FFF7EAFD0390039830
:10287000019004981030F9F783FD01460198F7F7AD
:10288000ABF9039804990122F7F79AF9FFE706B02C
:1028900080BD00000000000080B586B00590049166
:1028A000059802900430F7F72FFC029808300021B9
:1028B0000391049A03A9F8F743F90298FFF73CFD46
:1028C000014602980191FFF74FFD019902460298D7
:1028D000116006B080BD000080B582B00190019803
:1028E0000090F3F7F5FB01460098FFF7A9FF009869
:1028F00002B080BD0000000080B582B00190019858
:102900000430F7F711FCF6F77BFB02B080BD000046
:1029100080B582B0019001980830F8F72DF902B027
:1029200080BD00000000000081B00090009801B060
:10293000704700000000000080B588B00690059147
:10294000049206980190F3F7E3FB01460198039186
:10295000F3F7D6FB02900398002842D0FFE7FFE789
:102960000198FFF7D5FF0499039A1032F2F7D0FFD0
:1029700090B1FFE70398006830B1FFE70398029039
:1029800003980068039006E003980599086005988D
:10299000006807902EE023E00198FFF7B9FF039944
:1029A0001031049AF2F7C8FF98B1FFE70398406826
:1029B00038B1FFE703980430029003984068039011
:1029C00006E003980599086003980430079011E029
:1029D00005E0039805990860029807900AE0FFE770
:1029E000BEE70198FFF788FF059908600598006821
:1029F0000790FFE7079808B080BD000000000000C6
:102A000080B582B0019001980430F7F795FB02B0D1
:102A100080BD00000000000080B586B004900391E6
:102A20000292019304980090FFE70298A8B1FFE793
:102A30000098FFF76DFF02991031039AF2F77CFFBF
:102A400030B9FFE70298019002980068029003E015
:102A5000029840680290FFE7E7E7019905A8F6F7BA
:102A60005FFC059806B080BD80B58AB008900791DC
:102A700008980190079900F043F9014601980691E2
:102A800000F02EF9059006A805A904F09DF918B1EB
:102A9000FFE7002009900DE006980390039904A831
:102AA000F8F76AFE0198049900F07EF9029001207F
:102AB0000990FFE709980AB080BD000000000000FF
:102AC00080B582B0019100920199009A00F044F81B
:102AD00002B080BD0000000080B58CB004900B9166
:102AE0000A920B98FFF78CFF0990002000908DF858
:102AF0002300099801210591F7F7B2F8009A019097
:102B0000099906A80290F9F753FE04980199029AD0
:102B1000F4F73AFF049809990391F2F74DF8103051
:102B2000F9F736FC014603980A9AF7F7ADF80498CE
:102B3000F4F7EEFE0146059808718DF823009DF824
:102B4000230020B9FFE70498F4F72EFFFFE70CB04D
:102B500080BD00000000000080B584B003910292A7
:102B60000399029A00F0B0F804B080BD00000000A4
:102B700080B586B005900491039202930598019068
:102B8000029A00211160029A51600499029A9160A0
:102B90000299039A1160FFF7C7FE0068006870B1E0
:102BA000FFE70198FFF7C0FE014601980968096830
:102BB0000091FFF7B9FE014600980860FFE7019811
:102BC000FFF79AFE006803990968FAF769F8019817
:102BD00000F0DEF8014608680130086006B080BDEC
:102BE00080B586B00490039104980290039905A8DB
:102BF0000190F6F79DFB0198F6F7A2FB0298FFF70C
:102C000093FE00680399884209D1FFE7029805996D
:102C10000091FFF789FE014600980860FFE70298DF
:102C200000F0B6F802460298116801391160FFF70A
:102C300063FE00680399F5F77BF9059806B080BD3F
:102C400080B592B00590119110920F931198069053
:102C5000109A0EA9FFF770FE0D900D9800680C9069
:102C600000208DF82F000D980068F8B9FFE706994D
:102C70000F9A08A80490FFF72FFF04980E9902916D
:102C80000D990391F1F78CFF0299039A0346069878
:102C9000FFF76EFF0498F4F763FE014604980C9169
:102CA00001218DF82F10F4F77FFEFFE70C9907A89C
:102CB0000190F6F73DFB059801990DF12F02FBF706
:102CC000C7FD12B080BD000080B584B002910192B2
:102CD0000299019B1A46FFF7B3FF04B080BD0000C4
:102CE00080B582B000900098FFF706FE014601A86B
:102CF000F6F716FB019802B080BD0000000000004E
:102D000080B58CB00A9009910A98059009990391B1
:102D1000F3F7FEF9014605980491FFF7EDFD0399DD
:102D2000049A03460598FFF777FE01460598089137
:102D3000FFF7D6FF079008A807A904F0C5F90146D8
:102D40000020069091B1FFE70598FFF7E1FD0290A2
:102D50000998019008A8F2F7B3FA0199024602987F
:102D6000F2F7D6FD80F001000690FFE70698C00755
:102D700018B1FFE708980B9004E00598FFF7B0FF43
:102D80000B90FFE70B980CB080BD00000000000026
:102D900080B582B0019001980830F7F7E5FE02B0E7
:102DA00080BD00000000000080B588B0069105904D
:102DB0000598009006A80190F2F786FE014600985B
:102DC00004910499FFF70CFF014600980791FFF763
:102DD00017FE01460198039103990291F2F77CFED8
:102DE000F9F7D6FA01460298F6F72EFF03980499F0
:102DF0000122F6F71DFF079808B080BD0000000013
:102E000080B586B005900491059802900498F0B1C1
:102E1000FFE7029804990968FFF7F2FF0298049906
:102E20004968FFF7EDFF0298FFF7EAFD039003986A
:102E3000019004981030F9F7ABFA01460198F6F7C3
:102E400003FF039804990122F6F7F2FEFFE706B0AC
:102E500080BD00000000000080B586B005900491A0
:102E6000059802900430F7F76FF9029808300021B6
:102E70000391049A03A9F7F787FE0298FFF73CFD38
:102E8000014602980191FFF74FFD01990246029811
:102E9000116006B080BD000080B582B0019001983D
:102EA0000090F3F735F901460098FFF7A9FF009865
:102EB00002B080BD0000000080B586B00490039190
:102EC0000292049801900398F8F7EAFB0146029AEF
:102ED000019802F009FD0590059806B080BD00003C
:102EE00080B584B0039002910192039800900298FB
:102EF000F8F7D6FB01460098019A02F015FD04B0E0
:102F000080BD00000000000080B584B003900291F5
:102F10000192039800900298F8F7C2FB01460098CE
:102F2000019A02F019FD04B080BD0000000000000D
:102F300080B584B0039002910192039800900298AA
:102F4000F8F7B6FB01460098019A02F01DFD04B0A7
:102F500080BD00000000000080B584B003900291A5
:102F60000192039800900298F8F7A2FB014600989E
:102F7000019A02F021FD04B080BD000000000000B5
:102F800080B588B007900691079802900699039142
:102F9000F3F746F901460398884203D9FFE7029800
:102FA000F3F702F9029800F023FA0146069A04A802
:102FB000F8F75EF80298049901600499416001688D
:102FC000059A01EB4201019100F02AFA01990246AB
:102FD000029811600021F3F7D3F808B080BD00001B
:102FE00080B584B00390039802900068F8B1FFE7C1
:102FF000029800F0B9F90298F3F7CAF8029800F0C5
:10300000F7F901460298019101680091F3F7F8F889
:10301000009902460198F6F7E3FA029800F000FAE8
:10302000029902460020106048600860FFE704B083
:1030300080BD00000000000082B001900091019866
:103040000099016002B0704780B584B00390039886
:10305000029000680068D0B1FFE70298006800F0B5
:10306000D3F902980068F3F793F80298006800F02B
:10307000BFF9014602980191006801680091F3F7D9
:10308000BFF8009902460198F6F7AAFAFFE704B0E4
:1030900080BD00000000000080B584B00390029164
:1030A00003980090F3F788F801460098019102997F
:1030B00000F036F900980199F3F76EF804B080BD7E
:1030C00080B590B00F900E910D920C930F980590D3
:1030D0000C990B910B990691F3F792F8014606981B
:1030E00088423CD8FFE705980B990491F3F764F800
:1030F00001460498884223D9FFE705980E9900916C
:10310000F3F75AF801460098FBF7F6F8059A0A908B
:103110000E980A991268FAF7F7FE05980A99029133
:103120000D9903910B990191F3F746F8019B0299D0
:10313000039A84460598A3EB0C0300F089F80DE090
:1031400005980E990D9A036807A8FBF761FE05988C
:10315000089909910999FFF79FFFFFE711E005988A
:10316000FFF73EFF05980B99F2F7DEFF0146059841
:10317000FFF706FF05980E990D9A0B9B00F068F873
:10318000FFE710B080BD000080B590B00F900E91A9
:103190000D920C930F9805900C990B910B99069139
:1031A000F3F72EF80146069888423CD8FFE70598C9
:1031B0000B990491F3F700F801460498884223D94B
:1031C000FFE705980E990091F2F7F6FF0146009887
:1031D000FBF7B6F8059A0A900E980A991268FAF762
:1031E000C3FE05980A9902910D9903910B990191DB
:1031F000F2F7E2FF019B0299039A84460598A3EB3C
:103200000C0300F041F80DE005980E990D9A036843
:1032100007A8FBF721FE0598089909910999FFF77E
:103220003BFFFFE711E00598FFF7DAFE05980B99E1
:10323000F2F77AFF01460598FFF7A2FE05980E996E
:103240000D9A0B9B00F020F8FFE710B080BD000046
:1032500080B58AB009900891079206930999019167
:10326000069A03A8029000F03FF8019800F0C0F819
:103270000899079A049BF9F7FFFE0146029804910A
:1032800000F046F80AB080BD80B58AB00990089178
:103290000792069309990191069A03A8029000F0FB
:1032A00023F8019800F0A4F80899079A049BF9F70D
:1032B00007FF01460298049100F02AF80AB080BD89
:1032C00080B584B0039002910398029900F004F84D
:1032D00004B080BD0000000083B00190009103B0F5
:1032E000704700000000000083B00290019100923E
:1032F0000298019901600199496841600199496802
:10330000009A01EB4201816003B0704700000000A9
:1033100081B00090009802684168516001B0704728
:1033200080B586B00590049105980290406803909E
:10333000FFE70498039988420ED0FFE7029800F057
:1033400057F80190039802380390F4F789FC01467E
:103350000198F6F751F9ECE702990498486006B035
:1033600080BD00000000000080B584B00390039889
:103370000190F2F721FF01460198029100F044F814
:1033800001980299F2F708FF04B080BD0000000028
:1033900080B586B005900491039205980290049838
:1033A00000900399019102F073FB0099019A034682
:1033B0000298FFF785FE06B080BD00000000000007
:1033C00080B586B005900491039205980290049808
:1033D00000900399019102F07FFB0099019A034646
:1033E0000298FFF7D1FE06B080BD0000000000008B
:1033F00080B582B0019001980830F6F7BDFE02B0AA
:1034000080BD00000000000080B582B001900198EE
:103410000168FFF785FF02B080BD000000000000DA
:1034200080B582B0019001980830F6F79DFE02B099
:1034300080BD00000000000080B584B003900398B8
:1034400000900021016041600830029102A90DF155
:103450000702F6F799FE009804B080BD0000000056
:1034600080B584B003900399019102A80090FFF702
:10347000E3FD0098FFF7E8FD019804B080BD00006F
:1034800080B584B00390029103980190029988421C
:103490000BD0FFE701980299FFF712FF0198029AFB
:1034A00011685268FFF78CFFFFE7019804B080BDF8
:1034B00080B586B00592049103900398029004A809
:1034C0000090F1F7ADF9014600980191F1F79CF9F0
:1034D000019902460298FFF75BFF029806B080BD93
:1034E00082B00190009101980068009900EB4100C2
:1034F00002B070470000000080B584B002900191D6
:10350000019903A8F4F7E0FA039804B080BD000025
:1035100080B588B0079006910798029006990391AC
:10352000F2F70EFF01460398884203D9FFE702989D
:10353000F2F7D6FE029800F03BFA0146069A04A87C
:10354000F7F7A6FD029804990160049941600168AB
:10355000059A01EB8201019100F042FA01990246BD
:10356000029811600021F2F7A7FE08B080BD0000AC
:1035700080B584B00390039802900068F8B1FFE72B
:10358000029800F0D1F90298F2F79EFE029800F03E
:103590000FFA01460298019101680091F2F7C0FE0E
:1035A000009902460198F6F747F8029800F018FAD9
:1035B000029902460020106048600860FFE704B0EE
:1035C00080BD00000000000082B0019000910198D1
:1035D0000099016002B0704780B584B003900398F1
:1035E000029000680068D0B1FFE70298006800F020
:1035F000EBF902980068F2F767FE0298006800F0A5
:10360000D7F9014602980191006801680091F2F72C
:1036100087FE009902460198F6F70EF8FFE704B01E
:1036200080BD00000000000080B584B003900291CE
:1036300003980090F2F75CFE014600980191029910
:1036400000F036F900980199F2F742FE04B080BD0F
:1036500080B590B00F900E910D920C930F9805903D
:103660000C990B910B990691F2F75AFE01460698B8
:1036700088423CD8FFE705980B990491F2F738FE91
:1036800001460498884223D9FFE705980E990091D6
:10369000F2F72EFE01460098FAF73AFE059A0A90D4
:1036A0000E980A991268FAF73FFC05980A99029158
:1036B0000D9903910B990191F2F71AFE019B029962
:1036C000039A84460598A3EB0C0300F089F80DE0FB
:1036D00005980E990D9A036807A8FBF7A5FB0598B6
:1036E000089909910999FFF79FFFFFE711E00598F5
:1036F000FFF73EFF05980B99F2F7B2FD01460598DA
:10370000FFF706FF05980E990D9A0B9B00F068F8DD
:10371000FFE710B080BD000080B590B00F900E9113
:103720000D920C930F9805900C990B910B990691A3
:10373000F2F7F6FD0146069888423CD8FFE7059867
:103740000B990491F2F7D4FD01460498884223D9DD
:10375000FFE705980E990091F2F7CAFD014600981F
:10376000FAF7FAFD059A0A900E980A991268FAF784
:103770000BFC05980A9902910D9903910B990191FF
:10378000F2F7B6FD019B0299039A84460598A3EBD4
:103790000C0300F041F80DE005980E990D9A0368AE
:1037A00007A8FBF765FB0598089909910999FFF7A8
:1037B0003BFFFFE711E00598FFF7DAFE05980B994C
:1037C000F2F74EFD01460598FFF7A2FE05980E9907
:1037D0000D9A0B9B00F020F8FFE710B080BD0000B1
:1037E00080B58AB0099008910792069309990191D2
:1037F000069A03A8029000F03FF8019800F0D8F86C
:103800000899079A049BF9F77FFC014602980491F6
:1038100000F046F80AB080BD80B58AB009900891E2
:103820000792069309990191069A03A8029000F065
:1038300023F8019800F0BCF80899079A049BF9F75F
:1038400087FC01460298049100F02AF80AB080BD76
:1038500080B584B0039002910398029900F004F8B7
:1038600004B080BD0000000083B00190009103B05F
:10387000704700000000000083B0029001910092A8
:10388000029801990160019949684160019949686C
:10389000009A01EB8201816003B0704700000000D4
:1038A00081B00090009802684168516001B0704793
:1038B00080B586B005900491059802904068039009
:1038C000FFE70498039988420ED0FFE7029800F0C2
:1038D0006FF80190039804380390F4F7C9F9014692
:1038E0000198F5F7B5FEECE702990498486006B038
:1038F00080BD00000000000080B582B000900098FC
:103900004168FFF7F9FD0190019802B080BD000009
:1039100080B582B0009000980168FFF7EDFD01903E
:10392000019802B080BD000080B584B00390039878
:103930000190F2F7DDFC01460198029100F044F895
:1039400001980299F2F7C4FC04B080BD00000000A9
:1039500080B586B005900491039205980290049872
:1039600000900399019102F09FF80099019A034693
:103970000298FFF76DFE06B080BD00000000000059
:1039800080B586B005900491039205980290049842
:1039900000900399019102F0ABF80099019A034657
:1039A0000298FFF7B9FE06B080BD000000000000DD
:1039B00080B582B0019001980830F6F7FDFB02B0A7
:1039C00080BD00000000000080B582B00190019829
:1039D0000168FFF76DFF02B080BD0000000000002D
:1039E00080B582B0019001980830F6F7DDFB02B097
:1039F00080BD00000000000080B584B003900398F3
:103A000000900021016041600830029102A90DF18F
:103A10000702F6F7D9FB009804B080BD0000000053
:103A200080B584B003900399019102A80090FFF73C
:103A3000CBFD0098FFF7D0FD019804B080BD0000D9
:103A400080B584B003900291039801900299884256
:103A50000BD0FFE701980299FFF7FAFE0198029A4E
:103A600011685268FFF78CFFFFE7019804B080BD32
:103A700080B586B00592049103900398029004A843
:103A80000090F0F7E1FE014600980191F0F7D0FEBA
:103A9000019902460298FFF75BFF029806B080BDCD
:103AA00080B588B007900691079802900699039117
:103AB000F2F7B2FC01460398884203D9FFE7029867
:103AC000F2F772FC029800F087F90146069A04A802
:103AD000F7F7EEFA029804990160049941600168D1
:103AE000059AC2EBC20201EB8201019100F08CF950
:103AF00001990246029811600021F2F741FC08B0DA
:103B000080BD00000000000080B586B004900391E5
:103B10000498019000F024F80198039900F0ECF863
:103B2000019903980068086003984068486003980A
:103B300000F06AF9014601980968029100F064F901
:103B4000014602980860039800F05EF901460020E3
:103B50000860039948600399086006B080BD0000C2
:103B600080B584B00390039802900068F8B1FFE735
:103B7000029800F01DF90298F2F70AFC029800F092
:103B80002BF901460298019101680091F2F730FC8F
:103B9000009902460198F5F77BFD029800F034F990
:103BA000029902460020106048600860FFE704B0F8
:103BB00080BD00000000000082B0019000910198DB
:103BC0000099016002B0704780B584B003900398FB
:103BD000029000680068D0B1FFE70298006800F02A
:103BE00007F902980068F2F7D3FB0298006800F02A
:103BF000F3F8014602980191006801680091F2F71C
:103C0000F7FB009902460198F5F742FDFFE704B083
:103C100080BD00000000000080B588B007900691CC
:103C2000059204930799019102A8FFF7C5FF029935
:103C30000DF10F00F8F738FB049858B1FFE7019831
:103C40000499FFF72DFF01980699059A049B00F04F
:103C500037F8FFE70DF10F000090F9F7C5F900986C
:103C6000F9F7D2F908B080BD80B58AB00990089103
:103C700009990291089A05A800F05AF8079804904B
:103C800006980390FFE703980499884211D0FFE754
:103C9000029800F0A1F801900398F3F7F1FF0146B4
:103CA0000198F5F719FDFFE703981C300390069083
:103CB000E9E705A800F050F80AB080BD0000000058
:103CC00080B58AB0099008910792069309990191ED
:103CD000069A03A8029000F02BF8019800F07CF8F7
:103CE0000899079A049BF9F757FA0146029804913C
:103CF00000F032F80AB080BD80B584B00390029124
:103D00000398029900F004F804B080BD00000000A0
:103D100080B584B00290019102980090019800F063
:103D20005BF8009800F058F804B080BD0000000077
:103D300083B002900191009202980199016001996B
:103D40004968416001994968009AC2EBC20201EBDF
:103D50008201816003B0704781B0009000980268D2
:103D60004168516001B0704780B586B005900491FC
:103D70000598029040680390FFE7049803998842F1
:103D80000ED0FFE7029800F027F8019003981C3846
:103D90000390F3F775FF01460198F5F789FCECE70E
:103DA00002990498486006B080BD00000000000041
:103DB00080B584B0039003980190F2F7FDFA0146B4
:103DC0000198029100F014F801980299F2F7E4FAD0
:103DD00004B080BD0000000080B582B00190019861
:103DE0000830F6F709FA02B080BD000000000000BC
:103DF00080B582B0019001980168FFF7B5FF02B06D
:103E000080BD00000000000080B582B001900198E4
:103E10000830F6F7E9F902B080BD000000000000AC
:103E200080B588B006900591069801900790002112
:103E3000016041600830049104A90DF10F02F6F70A
:103E4000E3F9019902A8FFF7B7FE02990DF10E0000
:103E5000F8F72AFA059848B1FFE701980599FFF7A6
:103E60001FFE01980599FFF7FFFEFFE70DF10E0019
:103E70000090F9F7B9F80098F9F7C6F8079808B074
:103E800080BD00000000000080B584B0039003985E
:103E900000900021016041600830029102A90DF1FB
:103EA0000702F6F7B1F9009804B080BD00000000E9
:103EB00080B588B0079006910799039100200860AB
:103EC00048600831009105900698F2F785FAF5F7F9
:103ED000EBFB009805A90DF11302F6F7A5F906987A
:103EE0000168019141680291F2F766FA0199029A1C
:103EF00003460398FFF790FE039808B080BD0000CA
:103F000080B584B003900399019102A80090FFF757
:103F100053FE0098FFF758FE019804B080BD0000E2
:103F200080B584B003900291039800900299FFF746
:103F3000EBFD009804B080BD82B001900091019823
:103F400000680099C1EBC10100EB810002B070472D
:103F500080B584B002900191019903A8F3F7C8FDE0
:103F6000039804B080BD000082B0019000910198D8
:103F70000099016002B0704780B584B00390039847
:103F8000029000680068D0B1FFE70298006800F076
:103F900047F902980068F2F793FA0298006800F077
:103FA00033F9014602980191006801680091F2F727
:103FB000B7FA009902460198F5F772FEFFE704B0E0
:103FC00080BD00000000000080B584B00390029125
:103FD00003980090F2F788FA01460098019102993F
:103FE00000F04EF800980199F2F76EFA04B080BD27
:103FF00080B58AB009900891079209990191089AB1
:1040000004A800F021F80698039005980290FFE7B5
:1040100002980399884212D0FFE7019800F0F4F863
:1040200000900298F3F74CFE01460098079AF5F7C6
:1040300057FEFFE702980C3002900590E8E704A8CD
:1040400000F016F80AB080BD83B002900191009292
:104050000298019901600199496841600199496894
:10406000009A02EB420201EB8201816003B07047CB
:1040700081B00090009802684168516001B07047BB
:1040800080B586B005900491059802904068039031
:10409000FFE70498039988420ED0FFE7029800F0EA
:1040A000B3F8019003980C380390F3F709FE01462A
:1040B0000198F5F701FEECE702990498486006B014
:1040C00080BD00000000000080B58AB00990089112
:1040D00009980690F2F7F4F906980899496803469A
:1040E00053F8042F04930368D21A92084AF6AB23BC
:1040F000CAF6AA235A43524202EB420201EB820162
:10410000079100F081F80146069803910068F3F7E3
:10411000D7FD0146049801910068F3F7D1FD0290A4
:104120000798F3F7CDFD0199029A03460398F9F732
:10413000C3F8049A06980799089B596001681160B2
:1041400008990431FAF734FD049808990831FAF710
:104150002FFD069800F0B8F805900898F4F7F8FAE3
:1041600001460598FAF724FD0698089A51681160EF
:10417000F2F7BAF901460698F2F79AF90AB080BD4B
:1041800080B582B0009000984168FFF7E1FE019091
:10419000019802B080BD000080B582B00090009808
:1041A0000168FFF7D5FE0190019802B080BD0000C4
:1041B00080B586B005900491039205980190F2F7BE
:1041C00093F9029002980499884208D2FFE7019877
:1041D0000499029A891A039A00F02EF80FE00298C7
:1041E000049988420AD9FFE701980168049A02EB12
:1041F000420201EB8201FFF7E7FEFFE7FFE706B0AF
:1042000080BD00000000000080B582B001900198E0
:104210000830F6F7DDF902B080BD000000000000B4
:1042200080B582B0019001980168FFF729FF02B0C4
:1042300080BD00000000000080B58CB00B900A919A
:1042400009920B98029000F03FF8029900684968C3
:10425000401A80104AF6AB21CAF6AA2148430A99AF
:10426000884206D3FFE702980A99099AFFF7C0FE31
:1042700026E00298FFF7C8FF014602980891F2F77E
:1042800033F9014602980A9A1144F2F7E5F801461B
:1042900002980091F2F728F900990246089B03A8BA
:1042A0000190F4F761FA01980A99099AF4F7F0F984
:1042B00002980199FFF708FF0198F4F795FAFFE7D4
:1042C0000CB080BD0000000080B582B00190019864
:1042D0000830F6F775F902B080BD0000000000005C
:1042E00080B584B003900398009000210160416084
:1042F0000830029102A90DF10702F6F771F9009852
:1043000004B080BD0000000080B584B00390039924
:10431000019102A80090FFF727FE0098FFF72CFEFE
:10432000019804B080BD000080B584B00290019176
:10433000019903A8F3F7F4FB039804B080BD0000D3
:1043400082B00190009101980099016002B070471D
:1043500080B584B003900398029000680068D0B1E3
:10436000FFE70298006800F077F802980068F2F71B
:104370000BF90298006800F063F801460298019179
:10438000006801680091F2F717F900990246019858
:10439000F5F7B2FCFFE704B080BD000000000000AC
:1043A00080B586B00590049105980290406803900E
:1043B000FFE70498039988420ED0FFE7029800F0C7
:1043C0003FF80190039810380390F3F781FC014601
:1043D0000198F5F79DFCECE702990498486006B057
:1043E00080BD00000000000080B582B00090009801
:1043F0004168FFF799FF0190019802B080BD00006D
:1044000080B582B0009000980168FFF78DFF0190A1
:10441000019802B080BD000080B584B0039003987D
:104420000190F2F7BDF801460198029100F014F8EE
:1044300001980299F2F7ACF804B080BD00000000CA
:1044400080B582B0019001980830F6F701F902B00A
:1044500080BD00000000000080B582B0019001988E
:104460000168FFF79DFF02B080BD00000000000062
:1044700080B584B0039003980090002101604160F2
:104480000830029102A90DF10702F6F7E9F8009849
:1044900004B080BD0000000080B584B00390039993
:1044A000019102A80090FFF74BFF0098FFF750FF23
:1044B000019804B080BD000080B584B002900191E5
:1044C000019903A8F3F73CFB039804B080BD0000FA
:1044D00082B00190009101980099016002B070478C
:1044E00080B584B003900398029000680068D0B152
:1044F000FFE70298006800F03FF902980068F2F7C1
:10450000ABF80298006800F02BF90146029801917F
:10451000006801680091F2F7CBF800990246019813
:10452000F5F702FCFFE704B080BD000000000000CA
:1045300083B0029001910092029801990160019963
:104540004968416001994968009A01EB0211816054
:1045500003B070470000000081B00090009802682E
:104560004168516001B0704780B58EB00D900C91DC
:104570000D98039000F0F4F8014603980B91F2F7C0
:104580007FF8014603980131F2F732F801460398AB
:104590000191F2F775F8019902460B9B06A8049069
:1045A000F4F792F90B9802900898F3F799FB0146FB
:1045B00002980C9AF5F7D8FB03980499089A1032E0
:1045C000089200F04DF80399049849680591F4F7B2
:1045D000B7F905980EB080BD80B586B005900491FE
:1045E0000598029040680390FFE704980399884279
:1045F0000ED0FFE7029800F0B3F80190039810384E
:104600000390F3F76DFB01460198F5F799FBECE792
:1046100002990498486006B080BD000000000000C8
:1046200080B588B0079006910799009103A8029081
:104630000122FFF77DFF009800F092F801900498A6
:10464000F3F74EFB01460198069AF5F78DFB0298A9
:10465000049910310491FFF77FFF08B080BD00007E
:1046600080B58AB00990089109980690F1F7F4FF97
:10467000069808994968024652F8043F0492026875
:10468000D21A1144079100F06BF801460698039185
:104690000068F3F725FB0146049801910068F3F7E1
:1046A0001FFB02900798F3F71BFB0199029A034640
:1046B0000398F8F711FE049A06980799089B596029
:1046C0000168116008990431FAF782FA0498089990
:1046D0000831FAF77DFA069800F05AF80590089824
:1046E000F4F7E6F801460598FAF772FA0698089A80
:1046F00051681160F1F7C4FF01460698F1F7A4FF75
:104700000AB080BD0000000080B582B00090009823
:104710004168FFF7D1FE0190019802B080BD000012
:1047200080B582B0009000980168FFF7C5FE019047
:10473000019802B080BD000080B584B0039003985A
:104740000190F1F79DFF01460198029100F014F8E5
:1047500001980299F1F784FF04B080BD00000000C9
:1047600080B582B0019001980830F5F791FF02B052
:1047700080BD00000000000080B582B0019001986B
:104780000168FFF729FF02B080BD000000000000B3
:1047900080B582B0019001980830F5F771FF02B042
:1047A00080BD00000000000080B586B00590049137
:1047B000059801904168039103990291FFF7E8FF82
:1047C000014602980968884208D2FFE701980499D7
:1047D000FFF726FF03981030039005E00198049935
:1047E000FFF7C2FE0390FFE701990398486006B007
:1047F00080BD00000000000080B584B003900398E5
:1048000000900021016041600830029102A90DF181
:104810000702F5F745FF009804B080BD00000000D6
:1048200080B584B003900399019102A80090FFF72E
:104830004FFE0098FFF754FE019804B080BD0000C1
:1048400080B588B007900691079802900699039169
:10485000F1F79AFF01460398884203D9FFE70298CF
:10486000F1F762FF029800F0D3F80146069A04A817
:10487000F6F74EFC029804990160049941600168C2
:10488000059A01EB8201019100F0DAF801990246E4
:10489000029811600021F1F73BFF08B080BD0000D5
:1048A00082B00190009101980099016002B07047B8
:1048B00080B584B003900398029000680068D0B17E
:1048C000FFE70298006800F0AFF802980068F1F77F
:1048D00027FF0298006800F09BF8014602980191BA
:1048E000006801680091F1F73FFF009902460198C6
:1048F000F5F752FAFFE704B080BD000000000000A9
:1049000080B58AB009900891079209990191089A97
:1049100004A800F03DF80698039005980290FFE780
:1049200002980399884212D0FFE7019800F070F8CE
:1049300000900298F3F7DCF901460098079AF5F722
:104940004BFAFFE70298043002900590E8E704A8CC
:1049500000F032F80AB080BD80B58AB009900891A5
:104960000792069309990191069A03A8029000F014
:104970000FF8019800F04CF80899079A049BF8F793
:104980002FFC01460298049100F016F80AB080BD91
:1049900083B00290019100920298019901600199FF
:1049A0004968416001994968009A01EB8201816080
:1049B00003B070470000000081B0009000980268CA
:1049C0004168516001B0704780B586B00590049190
:1049D0000598029040680390FFE704980399884285
:1049E0000ED0FFE7029800F013F801900398043806
:1049F0000390F3F77DF901460198F5F7D9F9ECE753
:104A000002990498486006B080BD000000000000D4
:104A100080B582B0019001980830F5F781FE02B0B0
:104A200080BD00000000000080B582B001900198B8
:104A30000168FFF7C9FF02B080BD00000000000060
:104A400080B582B0019001980830F5F761FE02B0A0
:104A500080BD00000000000080B58CB00A92099172
:104A60000890089804900B90002101604160083084
:104A7000079107A90DF11B02F5F75AFE049905A845
:104A8000FFF70EFF05990DF11A00F7F719FC09A8B9
:104A9000EFF7EEFEE0B1FFE709A80190EFF7E8FEBF
:104AA00001460498FFF7CCFE0198EFF7E9FE0146B6
:104AB00001980291EFF7D0FE014601980391EFF7BC
:104AC000D7FE0299039A03460498FFF745FFFFE7D4
:104AD0000DF11A000090F8F79FFA0098F8F7ACFA79
:104AE0000B980CB080BD000080B58AB0089007918B
:104AF00006920898029009900021016041600830F8
:104B0000059105A90DF11302F5F712FE029903A80C
:104B1000FFF7C6FE03990DF11200F7F7D1FB0798D6
:104B200050B1FFE702980799FFF78AFE02980799AC
:104B3000069AFFF7E5FEFFE70DF112000190F8F786
:104B40006BFA0198F8F778FA09980AB080BD00006E
:104B500080B584B003900399019102A80090FFF7FB
:104B60009FFE0098FFF7A4FE019804B080BD0000EE
:104B700082B00190009101980068009900EB8100DB
:104B800002B070470000000080B584B0029001912F
:104B9000019903A8F2F7E4FF039804B080BD000078
:104BA00080B588B007900691079802900699039106
:104BB000F1F7A6FE01460398884203D9FFE7029861
:104BC000F1F75AFE029800F087FA0146069A04A807
:104BD000F6F7AEFA02980499016004994160016801
:104BE000059A1144019100F0CFFA0199024602980A
:104BF00011600021F1F72CFE08B080BD000000001C
:104C000080B584B00390039802900068F8B1FFE784
:104C1000029800F00DFA0298F1F722FE029800F0D7
:104C20005BFA01460298019101680091F1F758FE84
:104C3000009902460198F5F7DBF8029800F0A4FA13
:104C4000029902460020106048600860FFE704B047
:104C500080BD00000000000082B00190009101982A
:104C60000099016002B0704780B584B0039003984A
:104C7000029000680068D0B1FFE70298006800F079
:104C800037FA02980068F1F7EBFD0298006800F02F
:104C900023FA014602980191006801680091F1F73A
:104CA0001FFE009902460198F5F7A2F8FFE704B04D
:104CB00080BD00000000000080B588B0079006911C
:104CC000059204930799019102A8FFF7C5FF029985
:104CD0000DF10F00F7F700FB049858B1FFE70198BA
:104CE0000499FFF75DFF01980699059A049B00F06F
:104CF000CBF8FFE70DF10F000090F8F7A5F9009849
:104D0000F8F7B2F908B080BD80B584B00390029185
:104D100003980090F1F7C4FD0146009801910299B3
:104D200000F0EAF800980199F1F79EFD04B080BD0B
:104D300080B590B00F900E910D920C930F98059046
:104D40000C990B910B990691F1F7CAFD0146069853
:104D500088423CD8FFE705980B990491F1F7A0FD34
:104D600001460498884223D9FFE705980E990091DF
:104D7000F1F796FD01460098F9F7D6FA059A0A90E0
:104D80000E980A991268F9F7DFF805980A990291C6
:104D90000D9903910B990191F1F782FD019B029905
:104DA000039A84460598A3EB0C0300F051F80DE03C
:104DB00005980E990D9A036807A8FAF741F8059827
:104DC000089909910999FFF79FFFFFE711E00598FE
:104DD000FFF716FF05980B99F1F70EFD01460598B0
:104DE000FFF7DEFE05980E990D9A0B9B00F030F848
:104DF000FFE710B080BD000080B58AB0099008912F
:104E0000079209990191089A04A800F059F80698A8
:104E1000039005980290FFE702980399884212D008
:104E2000FFE7019800F058F900900298F2F768FF48
:104E300001460098079AF4F7FFFFFFE70298013058
:104E400002900590E8E704A800F04EF80AB080BD93
:104E500080B58AB00990089107920693099901914B
:104E6000069A03A8029000F02BF8019800F034F99C
:104E70000899079A049BF8F7D7F90146029804911C
:104E800000F032F80AB080BD80B58AB00990089170
:104E90000792069309990191069A03A8029000F0DF
:104EA0000FF8019800F018F90899079A049BF8F791
:104EB000DFF901460298049100F016F80AB080BDAF
:104EC00083B00290019100920298019901600199CA
:104ED0004968416001994968009A1144816003B0B2
:104EE000704700000000000081B000900098026848
:104EF0004168516001B0704780B586B0059004915B
:104F00000598029040680390FFE70498039988424F
:104F10000ED0FFE7029800F0DFF801900398013807
:104F20000390F2F7EDFE01460198F4F771FFECE70C
:104F300002990498486006B080BD0000000000009F
:104F400080B58AB00990089109980690F1F788FC1D
:104F5000069808994968024652F8043F049202688C
:104F6000D21A1144079100F0B7F801460698039150
:104F70000068F2F7C5FE0146049801910068F2F757
:104F8000BFFE02900798F2F7BBFE0199029A034612
:104F90000398F8F7D9F9049A06980799089B59607D
:104FA0000168116008990431F9F722FE0498089904
:104FB0000831F9F71DFE069800F0E6F8059008980C
:104FC000F3F76AFD01460598F9F712FE0698089A6C
:104FD00051681160F1F764FC01460698F1F738FC5E
:104FE0000AB080BD0000000080B582B0009000983B
:104FF0004168FFF7C9FD0190019802B080BD000033
:1050000080B582B0019001980068F2F779FE02B095
:1050100080BD00000000000080B582B000900098C4
:105020000168FFF7B1FD0190019802B080BD00005A
:1050300080B584B0039003980190F1F731FC0146EC
:105040000198029100F054F801980299F1F70CFCD4
:1050500004B080BD0000000080B586B005900491CA
:10506000039205980290049800900399019100F032
:1050700027FD0099019A03460298FFF759FE06B0F2
:1050800080BD00000000000080B586B0059004914E
:10509000039205980190F1F703FC0290029804999D
:1050A000884208D2FFE701980499029A891A039A64
:1050B00000F02AF80CE002980499884207D9FFE72B
:1050C00001980168049A1144FFF71EFEFFE7FFE70D
:1050D00006B080BD0000000080B582B0019001984C
:1050E0000830F5F73DFB02B080BD00000000000075
:1050F00080B582B0019001980168FFF7FDFE02B013
:1051000080BD00000000000080B58CB00B900A91BB
:1051100009920B98029000F037F8029900684968EC
:10512000401A0A99884206D3FFE702980A99099A19
:10513000FFF762FE26E00298FFF7CEFF01460298D5
:105140000891F1F7ADFB014602980A9A1144F1F774
:1051500053FB014602980091F1F7A2FB0099024629
:10516000089B03A80190F3F7A3FC01980A99099AF8
:10517000F3F732FC02980199FFF7E2FE0198F3F78A
:10518000CFFCFFE70CB080BD80B582B001900198E4
:105190000830F5F7DDFA02B080BD00000000000025
:1051A00080B58CB00A9209910890089804900B90F1
:1051B0000021016041600830079107A90DF11B0231
:1051C000F5F7D6FA049905A8FFF746FD05990DF104
:1051D0001A00F7F781F809A8EFF762FBE0B1FFE7E3
:1051E00009A80190EFF75CFB01460498FFF7D8FC93
:1051F0000198EFF75DFB014601980291EFF748FB3C
:10520000014601980391EFF74BFB0299039A03467D
:105210000498FFF71DFEFFE70DF11A000090F7F765
:1052200013FF0098F7F720FF0B980CB080BD00002B
:1052300080B58AB00890079106920898029009906C
:105240000021016041600830059105A90DF11302AC
:10525000F5F78EFA029903A8FFF7FEFC03990DF10A
:105260001200F7F739F8079850B1FFE7029807994D
:10527000FFF796FC02980799069AFFF7BDFDFFE736
:105280000DF112000190F7F7DFFE0198F7F7ECFE41
:1052900009980AB080BD000080B584B003900398DF
:1052A00000900021016041600830029102A90DF1D7
:1052B0000702F5F75DFA009804B080BD0000000019
:1052C00080B588B007900691079903910020086087
:1052D00048600831009105900698F1F7F5FAF4F767
:1052E00093FD009805A90DF11302F5F751FA069800
:1052F0000168019141680291F1F7D2FA0199029A8D
:1053000003460398FFF7D8FC039808B080BD00005F
:1053100080B584B003900399019102A80090FFF733
:105320009BFC0098FFF7A0FC019804B080BD000032
:1053300082B001900091019800680099084402B081
:10534000704700000000000082B0019000910198B9
:105350000099016002B0704780B584B00390039853
:10536000029000680068D0B1FFE70298006800F082
:105370002FF902980068F1F717FB0298006800F017
:105380001BF9014602980191006801680091F1F74C
:1053900037FB009902460198F4F75AFDFFE704B085
:1053A00080BD00000000000080B584B00390029131
:1053B00003980090F1F70CFB0146009801910299C7
:1053C00000F04EF800980199F1F7F2FA04B080BDB0
:1053D00080B58AB009900891079209990191089ABD
:1053E00004A800F021F80698039005980290FFE7C2
:1053F00002980399884212D0FFE7019800F0DCF888
:1054000000900298F2F784FC01460098079AF4F79E
:105410003FFDFFE70298023002900590E8E704A8FC
:1054200000F016F80AB080BD83B00290019100929E
:1054300002980199016001994968416001994968A0
:10544000009A01EB4201816003B070470000000048
:1054500081B00090009802684168516001B07047C7
:1054600080B586B00590049105980290406803903D
:10547000FFE70498039988420ED0FFE7029800F0F6
:105480009BF80190039802380390F2F741FC014623
:105490000198F4F7E9FCECE702990498486006B03B
:1054A00080BD00000000000080B58AB0099008911E
:1054B00009980690F1F778FA069808994968024623
:1054C00052F8043F04920268D21A1144079100F086
:1054D00073F80146069803910068F2F719FC01463B
:1054E000049801910068F2F713FC02900798F2F714
:1054F0000FFC0199029A03460398F7F735FF049AC7
:1055000006980799089B5960016811600899043151
:10551000F9F77EFB049808990831F9F779FB0698AA
:1055200000F0A6F805900898F3F7A6FB0146059849
:10553000F9F76EFB0698089A51681160F1F748FA7E
:1055400001460698F1F728FA0AB080BD0000000075
:1055500080B582B0019001980068F2F7D9FB02B0E3
:1055600080BD00000000000080B586B00590049169
:10557000039205980190F1F72BFA02900298049992
:10558000884208D2FFE701980499029A891A039A7F
:1055900000F02AF80DE002980499884208D9FFE744
:1055A00001980168049A01EB4201FFF7FDFEFFE755
:1055B000FFE706B080BD000080B582B00190019881
:1055C0000830F5F729F902B080BD000000000000A6
:1055D00080B582B0019001980168FFF741FF02B0E9
:1055E00080BD00000000000080B58CB00B900A91D7
:1055F00009920B98029000F03BF802990068496804
:10560000411A0A98B0EB610F06D8FFE702980A9991
:10561000099AFFF7DDFE26E00298FFF7CDFF01466D
:1056200002980891F1F7D4F9014602980A9A1144B8
:10563000F1F786F9014602980091F1F7C9F900994E
:105640000246089B03A80190F3F722FB01980A99F0
:10565000099AF3F7B1FA02980199FFF725FF01982B
:10566000F3F752FBFFE70CB080BD00000000000024
:1056700080B582B0019001980830F5F7C5F802B006
:1056800080BD00000000000080B584B00390039846
:1056900000900021016041600830029102A90DF1E3
:1056A0000702F5F7C1F8009804B080BD00000000C3
:1056B00080B584B003900399019102A80090FFF790
:1056C00043FE0098FFF748FE019804B080BD00003B
:1056D00082B00190009101980068009900EB4100B0
:1056E00002B070470000000080B584B003900291C2
:1056F0000298F5F7D5FF01900398019900F040FA60
:1057000004B080BD0000000080B584B00390029119
:105710000298F5F7C5FF01900398019900F03CFA53
:1057200004B080BD0000000080B584B003900291F9
:105730000298F5F7B5FF01900398019900F038FA47
:1057400004B080BD0000000080B584B003900291D9
:105750000298F5F7A5FF01900398019900F034FA3B
:1057600004B080BD0000000080B584B003900291B9
:105770000298F5F795FF01900398019900F030FA2F
:1057800004B080BD0000000080B582B00190019897
:1057900000F032FA02B080BD80B582B0019001986D
:1057A00000F032FA02B080BD80B582B0019001985D
:1057B00000F032FA02B080BD80B582B0019001984D
:1057C00000F032FA02B080BD80B582B0019001983D
:1057D00000F032FA02B080BD80B582B0019001982D
:1057E00000F032FA02B080BD80B582B0019001981D
:1057F00000F032FA02B080BD80B582B0019001980D
:1058000000F032FA02B080BD80B582B001900198FC
:1058100000F032FA02B080BD80B582B001900198EC
:1058200000F032FA02B080BD80B582B001900198DC
:1058300000F032FA02B080BD80B582B001900198CC
:1058400000F032FA02B080BD80B582B001900198BC
:1058500000F032FA02B080BD80B582B001900198AC
:1058600000F032FA02B080BD80B582B0019001989C
:1058700000F032FA02B080BD80B582B0019001988C
:1058800000F032FA02B080BD80B582B0019001987C
:1058900000F032FA02B080BD80B582B0019001986C
:1058A00000F032FA02B080BD80B582B0019001985C
:1058B00000F032FA02B080BD80B582B0019001984C
:1058C00000F032FA02B080BD80B582B0019001983C
:1058D00000F032FA02B080BD80B582B0019001982C
:1058E00000F032FA02B080BD80B586B0049003911A
:1058F0000292FFE70398012811DBFFE70298006896
:10590000019004A8EFF758FA014601980870FFE7E4
:1059100004A8F2F739F9039801380390EAE70498EC
:105920000590059806B080BD83B002900191009269
:10593000FFE7019801280CDBFFE700980068029957
:105940000860FFE702980430029001980138019046
:10595000EFE7029803B0704783B002900191009284
:10596000FFE7019801280CDBFFE700980068029927
:105970000870FFE702980130029001980138019009
:10598000EFE7029803B0704783B002900191009254
:10599000FFE7019860B1FFE700980078029908706E
:1059A000FFE7029801300290019801380190F0E77A
:1059B000029803B07047000083B0029001910092FA
:1059C000FFE7019860B1FFE700980088029908801E
:1059D000FFE7029802300290019801380190F0E749
:1059E000029803B07047000080B582B0019000912A
:1059F00001980099EEF784FF02B080BD000000001E
:105A000080B582B00190009101980099EEF780FF77
:105A100002B080BD0000000080B582B0019000910E
:105A200001980099EEF77CFF02B080BD00000000F5
:105A300080B584B003900291019203980299019A73
:105A4000126801F091FB04B080BD0000000000006E
:105A500080B586B005900491059803900498029053
:105A600003980299F1F7BCF806B080BD0000000071
:105A700080B586B005900491059803900498029033
:105A800003980299F1F7B8F806B080BD0000000055
:105A900080B584B00390029103980299F1F7B8F8A9
:105AA00004B080BD0000000080B584B00390029176
:105AB00003980299F1F7B8F804B080BD0000000027
:105AC00080B584B00390029103980299F1F7B8F879
:105AD00004B080BD0000000080B584B00390029146
:105AE00003980299F1F7B4F804B080BD00000000FB
:105AF00080B584B00390029103980299F1F7B4F84D
:105B000004B080BD0000000080B582B00190019813
:105B10000090F1F7BDF8009802B080BD00000000D1
:105B200080B584B003900291039801900299F1F737
:105B3000C3F8019804B080BD80B584B00390029191
:105B4000039801900299F1F7DBF8019804B080BD49
:105B500080B584B0039102900298019003A9F1F7F7
:105B6000F3F8019804B080BD80B582B0019001982F
:105B70000090F1F711F9009802B080BD000000001C
:105B800083B001900091009A0199086800EB4200EF
:105B9000086003B07047000083B001900091009A44
:105BA0000199086800EB8200086003B070470000AC
:105BB00083B001900091009A019908681044086030
:105BC00003B070470000000083B001900091009A7C
:105BD0000199086800EB4200086003B070470000BC
:105BE00083B001900091009A0199086800EB82004F
:105BF000086003B07047000081B00090009801B0C9
:105C0000704700000000000081B00090009801B0D3
:105C1000704700000000000081B00090009801B0C3
:105C2000704700000000000081B00090009801B0B3
:105C3000704700000000000081B00090009801B0A3
:105C4000704700000000000081B00090009801B093
:105C5000704700000000000081B00090009801B083
:105C6000704700000000000081B00090009801B073
:105C7000704700000000000081B00090009801B063
:105C8000704700000000000081B00090009801B053
:105C9000704700000000000081B00090009801B043
:105CA000704700000000000081B00090009801B033
:105CB000704700000000000081B00090009801B023
:105CC000704700000000000081B00090009801B013
:105CD000704700000000000081B00090009801B003
:105CE000704700000000000081B00090009801B0F3
:105CF000704700000000000081B00090009801B0E3
:105D0000704700000000000081B00090009801B0D2
:105D1000704700000000000081B00090009801B0C2
:105D2000704700000000000081B00090009801B0B2
:105D3000704700000000000081B00090009801B0A2
:105D4000704700000000000081B00090009801B092
:105D5000704700000000000080B584B003900291FD
:105D600001920298019949000122F5F7A9FB04B0BC
:105D700080BD00000000000082B00190009102B0E0
:105D8000704700000000000080B584B003900291CD
:105D9000039802990191F3F73BFC01460198884270
:105DA00002D9FFE701F0D8F9029840000121F4F789
:105DB0003FFF04B080BD000083B0029001910092CB
:105DC000019900980088088003B070470000000027
:105DD00080B582B0019001980090F3F729FB0098FC
:105DE00002B080BD0000000080B584B00390029135
:105DF00001920298019989000422F5F761FB04B031
:105E000080BD00000000000082B00190009102B04F
:105E1000704700000000000080B584B0039002913C
:105E2000039802990191F3F71FFC014601988842FB
:105E300002D9FFE701F090F9029880000421F4F7FD
:105E4000F7FE04B080BD000083B002900191009283
:105E5000019900980068086003B0704700000000D6
:105E600080B582B0019001980090F3F7E9FA0098AC
:105E700002B080BD0000000080B584B003900291A4
:105E8000019202980199C1EBC10189000422F5F742
:105E900017FB04B080BD000082B00190009102B0F9
:105EA000704700000000000080B584B003900291AC
:105EB000039802990191F3F707FC01460198884283
:105EC00002D9FFE701F048F90298C0EBC00080005A
:105ED0000421F4F7ADFE04B080BD00000000000016
:105EE00080B582B0019000910098002181614161EC
:105EF0000161C160816041600160ECF785FD02B025
:105F000080BD00000000000080B582B001900198C3
:105F10000090F3F79DFA009802B080BD00000000E9
:105F200080B584B00390029101920298019901EB2F
:105F3000410189000422F5F7C3FA04B080BD0000D6
:105F400080B584B003900291039802990191F3F710
:105F5000F3FB01460198884202D9FFE701F0FCF803
:105F6000029800EB400080000421F4F761FE04B0C9
:105F700080BD00000000000083B0029001910092FB
:105F8000019900980068086003B0704700000000A5
:105F900080B582B0019001980090F3F761FA009803
:105FA00002B080BD0000000080B584B00390029173
:105FB00001920298019901EB410189000422F5F751
:105FC0007FFA04B080BD000080B584B003900291D8
:105FD000039802990191F3F7E7FB01460198884283
:105FE00002D9FFE701F0B8F8029800EB400080000A
:105FF0000421F4F71DFE04B080BD00000000000085
:1060000083B00290019100920199009800680860A5
:1060100003B070470000000080B582B00190019885
:106020000090F3F725FA009802B080BD0000000050
:1060300080B584B00390029101920298019901EB1E
:106040004101C9000422F5F73BFA04B080BD00000D
:1060500080B584B003900291039802990191F3F7FF
:10606000DBFB01460198884202D9FFE701F074F892
:10607000029800EB4000C0000421F4F7D9FD04B001
:1060800080BD00000000000080B584B00390029144
:10609000019202980199F8F76BF904B080BD0000F5
:1060A00080B582B0019001980090F3F7E9F900986B
:1060B00002B080BD0000000080B584B00390029162
:1060C00001920298019901EB4101C9000422F5F700
:1060D000F7F904B080BD000080B584B00390029150
:1060E000039802990191F3F7CFFB0146019888428A
:1060F00002D9FFE701F030F8029800EB4000C00041
:106100000421F4F795FD04B080BD000000000000FC
:1061100080B584B003900291019202980199F8F73A
:1061200033F904B080BD000080B582B001900198C1
:106130000090F3F7ADF9009802B080BD00000000B8
:1061400080B584B00390029101920298019901EB0D
:106150004101C9000422F5F7B3F904B080BD000085
:1061600080B584B003900291039802990191F3F7EE
:10617000C3FB01460198884202D9FFE700F0ECFF1B
:10618000029800EB4000C0000421F4F751FD04B078
:1061900080BD00000000000080B584B00390029133
:1061A000019202980199F8F7FBF804B080BD000055
:1061B00080B582B0019001980090F3F771F90098D2
:1061C00002B080BD0000000080B584B00390029151
:1061D00001920298019901EB4101C9000422F5F7EF
:1061E0006FF904B080BD000080B584B003900291C7
:1061F000039802990191F3F7B7FB01460198884291
:1062000002D9FFE700F0A8FF029800EB4000C000B1
:106210000421F4F70DFD04B080BD00000000000073
:1062200080B584B003900291019202980199F8F729
:10623000C3F804B080BD000080B582B00190019821
:106240000090F3F735F9009802B080BD000000001F
:1062500080B584B00390029101920298019901EBFC
:106260004101C9000422F5F72BF904B080BD0000FC
:1062700080B584B003900291039802990191F3F7DD
:10628000ABFB01460198884202D9FFE700F064FFAA
:10629000029800EB4000C0000421F4F7C9FC04B0F0
:1062A00080BD00000000000080B584B00390029122
:1062B000019202980199F8F78BF804B080BD0000B4
:1062C00080B582B0019001980090F3F7F9F800983A
:1062D00002B080BD0000000080B584B00390029140
:1062E00001920298019901EB4101C9000422F5F7DE
:1062F000E7F804B080BD000080B584B0039002913F
:10630000039802990191F3F79FFB01460198884297
:1063100002D9FFE700F020FF029800EB4000C00028
:106320000421F4F785FC04B080BD000000000000EB
:1063300080B584B003900291019202980199F8F718
:1063400053F804B080BD000080B582B00190019880
:106350000090F3F7BDF8009802B080BD0000000087
:1063600080B584B00390029101920298019901EBEB
:106370004101C9000422F5F7A3F804B080BD000074
:1063800080B584B003900291039802990191F3F7CC
:1063900093FB01460198884202D9FFE700F0DCFE3A
:1063A000029800EB4000C0000421F4F741FC04B067
:1063B00080BD00000000000080B584B00390029111
:1063C000019202980199F8F71BF804B080BD000013
:1063D00080B582B0019001980090F3F781F80098A1
:1063E00002B080BD0000000080B584B0039002912F
:1063F00001920298019901EB4101C9000422F5F7CD
:106400005FF804B080BD000080B584B003900291B5
:10641000039802990191F3F787FB0146019888429E
:1064200002D9FFE700F098FE029800EB4000C000A0
:106430000421F4F7FDFB04B080BD00000000000063
:1064400080B584B003900291019202980199F7F708
:10645000E3FF04B080BD000080B582B001900198D8
:106460000090F3F745F8009802B080BD00000000EE
:1064700080B584B00390029101920298019901EBDA
:106480004101C9000422F5F71BF804B080BD0000EB
:1064900080B584B003900291039802990191F3F7BB
:1064A0007BFB01460198884202D9FFE700F054FEC9
:1064B000029800EB4000C0000421F4F7B9FB04B0DF
:1064C00080BD00000000000080B584B00390029100
:1064D000019202980199F7F7ABFF04B080BD00006C
:1064E00080B582B0019001980090F3F709F8009808
:1064F00002B080BD0000000080B584B0039002911E
:1065000001920298019901EB4101C9000422F4F7BC
:10651000D7FF04B080BD000080B584B00390029125
:10652000039802990191F3F76FFB014601988842A5
:1065300002D9FFE700F010FE029800EB4000C00017
:106540000421F4F775FB04B080BD000000000000DA
:1065500080B584B003900291019202980199F7F7F7
:1065600073FF04B080BD000080B582B00190019837
:106570000090F2F7CDFF009802B080BD000000004F
:1065800080B584B00390029101920298019901EBC9
:106590004101C9000422F4F793FF04B080BD00005C
:1065A00080B584B003900291039802990191F3F7AA
:1065B00063FB01460198884202D9FFE700F0CCFD59
:1065C000029800EB4000C0000421F4F731FB04B056
:1065D00080BD00000000000080B584B003900291EF
:1065E000019202980199F7F73BFF04B080BD0000CB
:1065F00080B582B0019001980090F2F791FF009869
:1066000002B080BD0000000080B584B0039002910C
:1066100001920298019901EB410189000422F4F7EB
:106620004FFF04B080BD000080B582B001900091A2
:106630000098FEF76DFE02B080BD00000000000073
:1066400080B584B003900291039802990191F3F709
:106650003FFB01460198884202D9FFE700F07CFD2C
:10666000029800EB400080000421F4F7E1FA04B046
:1066700080BD00000000000080B584B0039002914E
:10668000019202980199FEF71BFE04B080BD000044
:1066900080B582B0019001980090F2F749FF009810
:1066A00002B080BD0000000080B584B0039002916C
:1066B00001920298019909010422F4F701FF04B044
:1066C00080BD00000000000080B582B00190009104
:1066D0000098FFF719FA02B080BD0000000000002A
:1066E00080B582B0019001980090F2F729FF0098E0
:1066F00002B080BD0000000080B584B0039002911C
:1067000001920298019909010422F4F7D9FE04B01C
:1067100080BD00000000000080B582B001900091B3
:106720000098FFF721FA02B080BD000000000000D1
:1067300080B584B003900291039802990191F3F718
:106740000BFB01460198884202D9FFE700F004FDE7
:10675000029800010421F4F76BFA04B080BD000038
:1067600080B584B003900291019202980199FFF7DD
:10677000E3F904B080BD000080B584B003900291BD
:10678000019202980199FFF7CBF904B080BD000097
:1067900080B582B0019001980090F2F7D9FE009880
:1067A00002B080BD0000000080B584B0039002916B
:1067B00001920298019989000422F4F781FE04B045
:1067C00080BD00000000000082B00190009102B086
:1067D000704700000000000080B584B00390029173
:1067E000039802990191F3F7EFFA01460198884264
:1067F00002D9FFE700F0B0FC029880000421F4F712
:1068000017FA04B080BD000083B00290019100929D
:10681000019900980068086003B07047000000000C
:1068200080B582B0019001980090F2F799FE00982F
:1068300002B080BD0000000080B584B003900291DA
:106840000192029801990122F4F73AFE04B080BD4A
:1068500082B00190009102B070470000000000007B
:1068600080B584B003900291039802990191F3F7E7
:10687000DBFA01460198884202D9FFE700F06CFC80
:1068800002980121F4F7D4F904B080BD00000000A3
:1068900083B00290019100920199009800780870ED
:1068A00003B070470000000080B582B001900198ED
:1068B0000090F2F75DFE009802B080BD000000007D
:1068C00080B584B003900291019202980199490029
:1068D0000222F4F7F5FD04B080BD000000000000C6
:1068E00082B00190009102B07047000000000000EB
:1068F00080B584B003900291039802990191F3F757
:10690000BFFA01460198884202D9FFE700F024FC53
:10691000029840000221F4F78BF904B080BD00001A
:1069200083B002900191009201990098008808803C
:1069300003B070470000000080B582B0019001985C
:106940000090F2F71DFE009802B080BD000000002C
:1069500080B582B0019100920199009AF7F7ECFDA1
:1069600002B080BD0000000080B582B001910092AD
:106970000199009AF7F7DCFF02B080BD000000002B
:1069800080B582B0019100920199009AF7F7E0FF7B
:1069900002B080BD0000000080B582B0019100927D
:1069A0000199009AF7F7F4FF02B080BD00000000E3
:1069B00080B582B0019100920199009AF7F7F8FF33
:1069C00002B080BD0000000080B582B0019100924D
:1069D0000199009AF7F7FCFF02B080BD00000000AB
:1069E00080B582B0019100920199009AF8F710F8F1
:1069F00002B080BD0000000080B582B0019100921D
:106A00000199009AF8F714F802B080BD0000000068
:106A100080B582B0019100920199009AF8F728F8A8
:106A200002B080BD0000000080B582B001910092EC
:106A30000199009AF8F73CF802B080BD0000000010
:106A400080B582B0019100920199009AF8F750F850
:106A500002B080BD0000000080B582B001910092BC
:106A60000199009AF8F764F802B080BD00000000B8
:106A700080B582B0019100920199009AF8F768F808
:106A800002B080BD0000000080B582B0019100928C
:106A90000199009AF8F77CF802B080BD0000000070
:106AA00080B582B0019100920199009AF7F7E4FC59
:106AB00002B080BD0000000080B582B0019100925C
:106AC0000199009AF7F7E8FC02B080BD00000000D1
:106AD00080B582B0019100920199009AF7F7ECFC21
:106AE00002B080BD0000000080B582B0019100922C
:106AF0000199009AF7F7F0FC02B080BD0000000099
:106B000080B582B0019100920199009AF7F7F4FCE8
:106B100002B080BD0000000080B582B001910092FB
:106B20000199009AF7F7F8FC02B080BD0000000060
:106B300080B582B0019100920199009AF7F798FE12
:106B400002B080BD0000000080B582B001910092CB
:106B50000199009AF7F79CFE02B080BD000000008A
:106B600080B582B0019100920199009AF7F7A0FEDA
:106B700002B080BD0000000080B582B0019100929B
:106B80000199009AF7F7A4FE02B080BD0000000052
:106B900080B582B0019100920199009AF7F7A8FEA2
:106BA00002B080BD0000000080B582B0019100926B
:106BB0000199009AF7F7ACFE02B080BD000000001A
:106BC00080B582B0019100920199009AF7F7D0FE4A
:106BD00002B080BD0000000080B582B0019100923B
:106BE0000199009AF7F704FF02B080BD0000000091
:106BF00080B582B0019100920199009AF7F728FFC1
:106C000002B080BD0000000080B582B0019100920A
:106C10000199009AF7F73CFF02B080BD0000000028
:106C200080B582B0019100920199009AF7F750FF68
:106C300002B080BD0000000080B582B001910092DA
:106C40000199009AF7F764FF02B080BD00000000D0
:106C500080B582B0019100920199009AF7F788FF00
:106C600002B080BD0000000082B001900091019848
:106C7000006800990968401AB0FA80F0400902B033
:106C8000704700000000000082B001900091019860
:106C9000006800990968401AB0FA80F0400902B013
:106CA000704700000000000082B001900091019840
:106CB000006800990968401AB0FA80F0400902B0F3
:106CC000704700000000000082B001900091019820
:106CD000006800990968401AB0FA80F0400902B0D3
:106CE000704700000000000082B001900091019800
:106CF000006800990968401AB0FA80F0400902B0B3
:106D0000704700000000000082B0019000910198DF
:106D1000006800990968401AB0FA80F0400902B092
:106D2000704700000000000082B0019000910198BF
:106D3000006800990968401AB0FA80F0400902B072
:106D4000704700000000000082B00190009101989F
:106D5000006800990968401AB0FA80F0400902B052
:106D6000704700000000000082B00190009101987F
:106D7000006800990968401AB0FA80F0400902B032
:106D8000704700000000000082B00190009101985F
:106D9000006800990968401AB0FA80F0400902B012
:106DA000704700000000000082B00190009101983F
:106DB000006800990968401AB0FA80F0400902B0F2
:106DC000704700000000000082B00190009101981F
:106DD000006800990968401AB0FA80F0400902B0D2
:106DE000704700000000000080B584B0039002915D
:106DF0000398EDF785FF01900298EDF781FF0146BA
:106E00000198401AB0FA80F0400904B080BD00003B
:106E100080B584B0039002910398EDF789FF01904B
:106E20000298EDF785FF01460198401AB0FA80F00C
:106E3000400904B080BD000080B584B00390029189
:106E40000398EDF791FF01900298EDF78DFF014651
:106E50000198401AB0FA80F0400904B080BD0000EB
:106E600080B584B0039002910398EDF78DFF0190F7
:106E70000298EDF789FF01460198401AB0FA80F0B8
:106E8000400904B080BD000080B584B00390029139
:106E90000398EDF735FF01900298EDF731FF0146B9
:106EA0000198401A801004B080BD0000000000006E
:106EB00080B584B0039002910398EDF739FF0190FB
:106EC0000298EDF735FF01460198401A80104AF606
:106ED000AB21CAF6AA21484304B080BD00000000DF
:106EE00080B584B0039002910398EDF75DFF0190A7
:106EF0000298EDF759FF01460198401A04B080BD91
:106F000080B582B0019000910198009900F070F86E
:106F100002B080BD0000000080B582B001900091F9
:106F20000198009900F07CF802B080BD00000000DC
:106F300080B582B0019000910198009900F07CF832
:106F400002B080BD0000000080B582B001900091C9
:106F50000198009900F07CF802B080BD00000000AC
:106F600080B582B0019000910198009900F07CF802
:106F700002B080BD0000000080B582B00190009199
:106F80000198009900F07CF802B080BD000000007C
:106F900080B582B0019000910198009900F07CF8D2
:106FA00002B080BD0000000080B582B00190009169
:106FB0000198009900F088F802B080BD0000000040
:106FC00080B582B00190009101980099FFF74CFEC6
:106FD00080F0010002B080BD80B582B001900091C8
:106FE00001980099FFF750FE80F0010002B080BDCB
:106FF00080B582B00190009101980099FFF754FE8E
:1070000080F0010002B080BD80B582B00190009197
:1070100001980099FFF758FE80F0010002B080BD92
:1070200080B582B00190009101980099FFF75CFE55
:1070300080F0010002B080BD80B582B00190009167
:1070400001980099FFF760FE80F0010002B080BD5A
:1070500080B582B00190009101980099FFF764FE1D
:1070600080F0010002B080BD80B582B00190009137
:1070700001980099FFF768FE80F0010002B080BD22
:1070800080B582B00190009101980099FFF76CFEE5
:1070900080F0010002B080BD80B582B00190009107
:1070A00001980099FFF770FE80F0010002B080BDEA
:1070B00080B582B00190009101980099FFF774FEAD
:1070C00080F0010002B080BD80B582B001900091D7
:1070D00001980099FFF778FE80F0010002B080BDB2
:1070E00080B582B00190009101980099FFF7A4FE4D
:1070F00080F0010002B080BD80B582B001900091A7
:1071000001980099FFF7ACFE80F0010002B080BD4D
:1071100042F67C50C2F200400068704701A0F5F7CB
:1071200050F800BF6261645F616C6C6F63207761CF
:1071300073207468726F776E20696E202D666E6F93
:107140002D657863657074696F6E73206D6F64650B
:1071500000000000000000004DF22670C0F60300A1
:10716000F5F72FF80000000080B586B00590049177
:1071700003920598006802900398B0F5007F01D94A
:10718000FFE71AE00498FDF73BFF01900498FDF734
:1071900037FF01460298039A1144009100F5887068
:1071A000F7F76AFD009902460198F6F731FFD3F729
:1071B0001BF90299C1F81003FFE706B080BDC9F7BB
:1071C000CBBBC9F7C9BBFFF7FABF1146FFF7F9BF41
:1071D00082B041EC100B8DED000B0198C00F02B096
:1071E000704700000000000081B000EE100A00901F
:1071F0000098C00F01B0704781B0ADF80200BDF932
:10720000020000280ED4FFE7BDF9021001F01F02B2
:10721000012090404A094EF20011CEF2000141F8DF
:107220002200FFE701B070474EF60C50CEF200008E
:107230000068C0F30220704782B0ADF806000091EC
:10724000BDF9060000280AD4FFE700980001BDF947
:1072500006104EF20042CEF2000288540BE0009875
:107260000001BDF8061001F00F014EF61452CEF2E7
:1072700000028854FFE702B07047000000000000E1
:1072800083B00290029800F0070000904EF60C5177
:10729000CEF200010868019001984FF6FF021040FD
:1072A00001900198009A40EA02200022C0F2FA52AE
:1072B000104301900198086003B0704701A002F0EC
:1072C00070FB00BF50757265207669727475616CD1
:1072D0002066756E6374696F6E2063616C6C6564A3
:1072E000210000000000000080B582B041F6B4101B
:1072F000C2F200400190EAF70FFE019941F63170A9
:10730000C0F6020040F20002C0F60002C9F770F9B0
:1073100002B080BD0000000080B582B041F6FC00E4
:10732000C2F200400190F6F7AFFB01994DF6B12093
:10733000C0F6020040F20002C0F60002C9F758F998
:1073400002B080BD0000000080B541F20950C0F6D7
:10735000020040F20821C2F2004140F20002C0F6F1
:107360000002C9F745F980BD80B582B041F6D00072
:10737000C2F200400190F6F727FB01994DF6F1109B
:10738000C0F6020040F20002C0F60002C9F730F970
:1073900002B080BD0000000080B582B041F6C4009C
:1073A000C2F200400190F6F76BFA01994DF6A90080
:1073B000C0F6020040F20002C0F60002C9F718F958
:1073C00002B080BD0000000080B582B041F67800B8
:1073D000C2F200400190F6F7C7F901994DF29170A1
:1073E000C0F6020040F20002C0F60002C9F700F940
:1073F00002B080BD0000000080B582B041F6F440CC
:10740000C2F200400190F6F76FFA01994DF61110A3
:10741000C0F6020040F20002C0F60002C9F7E8F828
:1074200002B080BD0000000080B582B041F630108F
:10743000C2F200400190EAF717FA019941F699006B
:10744000C0F6020040F20002C0F60002C9F7D0F810
:1074500002B080BD0000000080B582B041F614107B
:10746000C2F200400190F6F7CFFB01994DF6314092
:10747000C0F6020040F20002C0F60002C9F7B8F8F8
:1074800002B080BD0000000080B582B041F620103F
:10749000C2F200400190F6F757FC01994DF6715089
:1074A000C0F6020040F20002C0F60002C9F7A0F8E0
:1074B00002B080BD0000000080B582B041F65010DF
:1074C000C2F200400190F6F79FFC01994DF6316041
:1074D000C0F6020040F20002C0F60002C9F788F8C8
:1074E00002B080BD0000000080B582B041F664109B
:1074F000C2F200400190F6F7DBF801994DF2D96035
:10750000C0F6020040F20002C0F60002C9F770F8AF
:1075100002B080BD0000000080B582B041F60810C6
:10752000C2F200400190F6F70FFB01994DF6713061
:10753000C0F6020040F20002C0F60002C9F758F897
:1075400002B080BD0000000080B582B041F640303E
:10755000C2F200400190F6F7B7FB01994DF6F140F9
:10756000C0F6020040F20002C0F60002C9F740F87F
:1075700002B080BD0000000080B582B041F69010DE
:10758000C2F200400190EAF7C7FC019941F6317060
:10759000C0F6020040F20002C0F60002C9F728F867
:1075A00002B080BD0000000080B582B041F67010CE
:1075B000C2F200400190EAF757F9019941F69900AB
:1075C000C0F6020040F20002C0F60002C9F710F84F
:1075D00002B080BD0000000080B582B041F61C30D2
:1075E000C2F200400190EAF797FC019941F6317030
:1075F000C0F6020040F20002C0F60002C8F7F8FF31
:1076000002B080BD0000000080B582B041F6F820D5
:10761000C2F200400190EAF77FFC019941F6317017
:10762000C0F6020040F20002C0F60002C8F7E0FF18
:1076300002B080BD0000000080B582B041F660302D
:10764000C2F200400190EAF767FC019941F63170FF
:10765000C0F6020040F20002C0F60002C8F7C8FF00
:1076600002B080BD0000000080B582B041F68430D9
:10767000C2F200400190EAF74FFC019941F63170E7
:10768000C0F6020040F20002C0F60002C8F7B0FFE8
:1076900002B080BD0000000080B582B041F6A83085
:1076A000C2F200400190EAF737FC019941F63170CF
:1076B000C0F6020040F20002C0F60002C8F798FFD0
:1076C00002B080BD0000000080B582B041F6CC3031
:1076D000C2F200400190EAF71FFC019941F63170B7
:1076E000C0F6020040F20002C0F60002C8F780FFB8
:1076F00002B080BD0000000080B582B041F6384085
:10770000C2F200400190EAF707FC019941F631709E
:10771000C0F6020040F20002C0F60002C8F768FF9F
:1077200002B080BD0000000080B582B041F65C4030
:10773000C2F200400190EAF7EFFB019941F6317087
:10774000C0F6020040F20002C0F60002C8F750FF87
:1077500002B080BD0000000080B582B041F6F0307C
:10776000C2F200400190EAF7D7FB019941F631706F
:10777000C0F6020040F20002C0F60002C8F738FF6F
:1077800002B080BD0000000080B582B041F6144018
:10779000C2F200400190EAF7BFFB019941F6317057
:1077A000C0F6020040F20002C0F60002C8F720FF57
:1077B00002B080BD0000000080B582B041F6FC1030
:1077C000C2F200400190EAF7A7FB019941F631703F
:1077D000C0F6020040F20002C0F60002C8F708FF3F
:1077E00002B080BD0000000080B582B041F6A40068
:1077F000C2F200400190EAF737F8019941F699008A
:10780000C0F6020040F20002C0F60002C8F7F0FE27
:1078100002B080BD0000000080B582B041F680401B
:10782000C2F200400190EAF777FB019941F631700E
:10783000C0F6020040F20002C0F60002C8F7D8FE0F
:1078400002B080BD0000000080B582B041F6A440C7
:10785000C2F200400190EAF75FFB019941F63170F6
:10786000C0F6020040F20002C0F60002C8F7C0FEF7
:1078700002B080BD0000000080B582B041F6D81093
:10788000C2F200400190EAF747FB019941F63170DE
:10789000C0F6020040F20002C0F60002C8F7A8FEDF
:1078A00002B080BD0000000080B582B041F6DC006F
:1078B000C2F200400190E9F7D7FF019941F6990023
:1078C000C0F6020040F20002C0F60002C8F790FEC7
:1078D00002B080BD0000000080B582B041F64420B7
:1078E000C2F200400190EAF717FB019941F63170AE
:1078F000C0F6020040F20002C0F60002C8F778FEAF
:1079000002B080BD0000000080B582B041F6D440D6
:10791000C2F200400190E9F7A7FF019941F69900F2
:10792000C0F6020040F20002C0F60002C8F760FE96
:1079300002B080BD0000000080B582B041F620207A
:10794000C2F200400190EAF7E7FA019941F631707E
:10795000C0F6020040F20002C0F60002C8F748FE7E
:1079600002B080BD0000000080B582B041F6840006
:10797000C2F200400190E9F777FF019941F69900C2
:10798000C0F6020040F20002C0F60002C8F730FE66
:1079900002B080BD0000000080B582B041F68C20AE
:1079A000C2F200400190EAF7B7FA019941F631704E
:1079B000C0F6020040F20002C0F60002C8F718FE4E
:1079C00002B080BD0000000080B582B041F66820A2
:1079D000C2F200400190EAF79FFA019941F6317036
:1079E000C0F6020040F20002C0F60002C8F700FE36
:1079F00002B080BD0000000080B582B041F6D42006
:107A0000C2F200400190EAF787FA019941F631701D
:107A1000C0F6020040F20002C0F60002C8F7E8FD1E
:107A200002B080BD0000000080B582B041F6B020F9
:107A3000C2F200400190EAF76FFA019941F6317005
:107A4000C0F6020040F20002C0F60002C8F7D0FD06
:107A500002B080BD0000000082B08DED000A0098E9
:107A600001909DED010AB1EEC00A8DED010A9DED78
:107A7000010A02B07047000081B00090FFE7FEE706
:107A800081B0009001B0704780B5A0B08DED030AC1
:107A9000CDED020A01909DED020AB5EE400AF1EE2D
:107AA00010FA40F39E80FFE79DED030A9DED021A58
:107AB00080EE010A8DED0D0A00200C900B909DEDDB
:107AC0000D0AB5EE400AF1EE10FA09DAFFE70120DF
:107AD0000C909DED0D0AB1EE400A8DED0D0AFFE709
:107AE0009DED0D0AB7EE001AB4EE410AF1EE10FA60
:107AF00037DDFFE79DED0D1AB7EE000A80EE010AB3
:107B00008DED0D0A0D98109049F2A520CBF604508A
:107B10000F9001200E900E90FFE70E98092817DCB9
:107B2000FFE79DED101A9DED0F2A0E98C0F1090197
:107B30004CF6B860C0F6030000EB810090ED000A3F
:107B4000A1EE020A8DED0F0A0E9801300E90E4E7C7
:107B50009DED0F1A9FEDDD0A30EE410A8DED0B0A07
:107B60002EE00D98139049F2A520CBF60450129008
:107B7000012011901190FFE71198092817DCFFE709
:107B80009DED131A9DED122A1198C0F109014CF6D2
:107B9000B860C0F6030000EB810090ED000AA1EE92
:107BA000020A8DED120A119801301190E4E79DED63
:107BB000121A9DED0B0A30EE010A8DED0B0AFFE75C
:107BC0000C9838B1FFE79DED0B0AB1EE400A8DED40
:107BD0000B0AFFE70B980199086000208DF813004D
:107BE000B4E19DED020AB5EE400AF1EE10FA80F222
:107BF0007C81FFE79DED030AB5EE400AF1EE10FA35
:107C000040F3A180FFE79DED030A9DED021A80EE8F
:107C1000010A8DED0A0A0020099008909DED0A0ADC
:107C2000B5EE400AF1EE10FA09DAFFE701200990FB
:107C30009DED0A0AB1EE400A8DED0A0AFFE79DEDBF
:107C40000A0AB7EE001AB4EE410AF1EE10FA37DD77
:107C5000FFE79DED0A1AB7EE000A80EE010A8DEDEE
:107C60000A0A0A98169049F2A520CBF604501590FE
:107C7000012014901490FFE71498092817DCFFE7FF
:107C80009DED161A9DED152A1498C0F109014CF6C8
:107C9000B860C0F6030000EB810090ED000AA1EE91
:107CA000020A8DED150A149801301490E4E79DED59
:107CB000151A9FEDA80A30EE410A8DED080A2EE054
:107CC0000A98199049F2A520CBF60450189001208B
:107CD00017901790FFE71798092817DCFFE79DED2D
:107CE000191A9DED182A1798C0F109014CF6B860D1
:107CF000C0F6030000EB810090ED000AA1EE020A3D
:107D00008DED180A179801301790E4E79DED181AC9
:107D10009DED080A30EE010A8DED080AFFE709988B
:107D200038B1FFE79DED080AB1EE400A8DED080A73
:107D3000FFE79DED080A9FED891A30EE010A0198D0
:107D400080ED000ACDE09DED030AB5EE400AF1EEAC
:107D500010FA80F2A180FFE79DED030A9DED021A63
:107D600080EE010A8DED070A0020069005909DED3A
:107D7000070AB5EE400AF1EE10FA09DAFFE7012032
:107D800006909DED070AB1EE400A8DED070AFFE768
:107D90009DED070AB7EE001AB4EE410AF1EE10FAB3
:107DA00037DDFFE79DED071AB7EE000A80EE010A06
:107DB0008DED070A07981C9049F2A520CBF60450D8
:107DC0001B9001201A901A90FFE71A98092817DCD7
:107DD000FFE79DED1C1A9DED1B2A1A98C0F10901C1
:107DE0004CF6B860C0F6030000EB810090ED000A8D
:107DF000A1EE020A8DED1B0A1A9801301A90E4E7F1
:107E00009DED1B1A9FED530A30EE410A8DED050AD8
:107E10002EE007981F9049F2A520CBF604501E9043
:107E200001201D901D90FFE71D98092817DCFFE732
:107E30009DED1F1A9DED1E2A1D98C0F109014CF6FB
:107E4000B860C0F6030000EB810090ED000AA1EEDF
:107E5000020A8DED1E0A1D9801301D90E4E79DED8C
:107E60001E1A9DED050A30EE010A8DED050AFFE7A9
:107E7000069838B1FFE79DED050AB1EE400A8DED99
:107E8000050AFFE79DED050A9FED331A30EE010A62
:107E9000019880ED000A23E0002028B9FFE703984D
:107EA000FFF7A2F950B913E09DED030AB7EEC00A3F
:107EB00051EC100BFFF78CF950B1FFE7019940F638
:107EC000DB70CCF24900086009E000BFDB0FC93F5E
:107ED000019940F6DB70C4F249000860FFE7FFE754
:107EE000FFE700208DF8130030E09DED020AB5EEAB
:107EF000400AF1EE10FA25D1FFE79DED030AB5EE39
:107F0000400AF1EE10FA0ADDFFE7019940F6DB7056
:107F1000C3F6C970086000208DF8130016E09DEDCF
:107F2000030AB5EE400AF1EE10FA0ADAFFE701990A
:107F300040F6DB70CBF6C970086000208DF81300A6
:107F400004E0FFE7FC208DF81300FFE79DF9130024
:107F500020B080BDDB0FC93FDB0F49C0DB0F4940BC
:107F600089B08DED080A9DED081A9FED3A2AB5EE0D
:107F7000000AA1EE020A8DED050A9DED050ABDEE8F
:107F8000C00A8DED010A9DED050AB5EE400AF1EE3D
:107F900010FA04DAFFE7019801380190FFE79DED40
:107FA000050A9DED011AB8EEC11A30EE410A8DEDB9
:107FB000050A9DED050A9FED281A20EE010A8DEDB8
:107FC000000A9DED000ABCEEC00A10EE100AADF8E2
:107FD0001200BDF81200B0F5007F0CDBFFE70020B7
:107FE000ADF812009DED000A9FED1C1A30EE010A5B
:107FF0008DED000AFFE79DED000ABDF8120001EECD
:10800000100AB8EE411A30EE410A8DED060ABDF8AD
:1080100012104CF6E060C0F6030050F821100391F6
:10802000BDF8121000EB8100406802909DED060A39
:10803000B7EE001A31EE401A9DED032A9DED023A8B
:1080400020EE030AA1EE020A8DED070A9DED070A54
:1080500009B0704783F9223E00000044000000C4CC
:1080600083B00290ADF80610ADF804200093BDF87F
:10807000060002990880BDF8040002994880009823
:108080000299486003B07047BBB039903891399875
:108090004068379038984068369039980088349016
:1080A0003998408833900020329031902B90369848
:1080B000359034982C90FFE72C9858B3FFE734980C
:1080C0002C99401A2A90FFE72A9848B1FFE7359982
:1080D000081D3590002008602A9801382A90F3E79F
:1080E0003599081D35904FF07E5008602C98013866
:1080F0002A90FFE72A9848B1FFE73599081D359087
:10810000002008602A9801382A90F3E72C9801385B
:108110002C90D1E700202990FFE7299833998842D5
:1081200080F04B82FFE729982F9039994868498859
:10813000299A01FB022100EB8100359035980068F7
:10814000329029983090299801302D90FFE72D9892
:108150003499884225D2FFE73999486849882D9A91
:10816000299B01FB023100EB8100359035980068B6
:1081700031909DED310AB0EEC00A9DED321AB0EE9D
:10818000C11AB4EE410AF1EE10FA05DDFFE72D98B1
:10819000309031983290FFE7FFE72D9801302D9015
:1081A000D5E79DED320AB5EE400AF1EE10FA76D031
:1081B000FFE730982999884271D0FFE739984068E5
:1081C00025903998406824903998408823902398C6
:1081D0002999401A22902F982399299A00FB01216E
:1081E000259800EB8100259030982399299A00FB6F
:1081F0000121249800EB8100249000202790FFE7C4
:1082000027982299884213DAFFE72598006826907C
:108210002498006825990A1D2592086026982499BB
:108220000A1D24920860FFE7279801302790E7E7AE
:10823000389840681F90389840681E903898408859
:108240001D901D981C902F981D9941431F9800EB7D
:1082500081001F9030981D9941431E9800EB8100CA
:108260001E9000202190FFE721981C99884213DA84
:10827000FFE71F98006820901E9800681F990A1D4C
:108280001F92086020981E990A1D1E920860FFE741
:10829000219801302190E7E701202B90FFE72B98F0
:1082A00001280CD0FFE79DED320AB5EE400AF1EE51
:1082B00010FA04D1FFE7FB208DF8EB00BCE19DED47
:1082C000321AB7EE000A80EE010A8DED320A3998B3
:1082D00040681A9039984088199019982999401A3D
:1082E00018902F981999299A00FB01211A9800EBF0
:1082F00081001A9000201B90FFE71B981899884274
:1083000010DAFFE79DED321A1A98011D1A9190EDCF
:10831000000A20EE010A80ED000AFFE71B980130F9
:108320001B90EAE738984068169038984088159076
:10833000159814902F9815994143169800EB8100D9
:10834000169000201790FFE717981499884210DACA
:10835000FFE79DED321A1698011D169190ED000A67
:1083600020EE010A80ED000AFFE717980130179010
:10837000EAE700202D90FFE72D982F99884280F0A2
:108380008780FFE73999486849882D9A299B01FB26
:10839000023100EB810035903598006832903998B1
:1083A0004068129039984068119039984088109030
:1083B00010982999401A0F9012982D99109A5143AC
:1083C00000EB8100299900EB8100129011982F9900
:1083D000109A514300EB8100299900EB8100119024
:1083E00000201390FFE713980F99884215DAFFE7F2
:1083F0009DED321A1198011D119190ED002A1298ED
:10840000011D129190ED000AA1EE420A80ED000AD2
:10841000FFE7139801301390E5E7389840680D9016
:10842000389840680C90389840880B900B980A90C8
:108430000D982D990B9A514300EB81000D900C98EB
:108440002F990B9A514300EB81000C9000200E9065
:10845000FFE70E980A99884215DAFFE79DED321A78
:108460000C98011D0C9190ED002A0D98011D0D91A5
:1084700090ED000AA1EE420A80ED000AFFE70E9897
:1084800001300E90E5E7FFE72D9801302D9073E75E
:108490002F9801302D90FFE72D983499884280F075
:1084A0008780FFE73999486849882D9A299B01FB05
:1084B000023100EB81003590359800683290399890
:1084C000406808903998406807903998408806902D
:1084D00006982999401A059008982D99069A5143B3
:1084E00000EB8100299900EB8100089007982F99F3
:1084F000069A514300EB8100299900EB8100079017
:1085000000200990FFE709980599884215DAFFE7EE
:108510009DED321A0798011D079190ED002A0898E9
:10852000011D089190ED000AA1EE420A80ED000ABB
:10853000FFE7099801300990E5E738984068039013
:1085400038984068029038984088019001980090CF
:1085500003982D99019A514300EB810003900298F2
:108560002F99019A514300EB810002900020049062
:10857000FFE704980099884215DAFFE79DED321A6B
:108580000298011D029190ED002A0398011D0391AC
:1085900090ED000AA1EE420A80ED000AFFE7049880
:1085A00001300490E5E7FFE72D9801302D9073E747
:1085B000FFE7299801302990AFE500208DF8A3004E
:1085C0002B98012833D0FFE79DED320AB5EE400A23
:1085D000F1EE10FA2BD1FFE7399840683790002070
:1085E0002E90FFE72E983499339A5143884212D245
:1085F000FFE737982E9900EB810090ED000AB5EE69
:10860000400AF1EE10FA01D0FFE704E0FFE72E98F0
:1086100001302E90E6E72E983499339A51438842E0
:1086200004D1FFE7FB208DF8A300FFE7FFE79DF8EB
:10863000A3008DF8EB00FFE79DF9EB003BB070471E
:1086400092B008AB0093119010910F92119840686E
:108650000E90109840680D90119840680C901098FA
:1086600040680B900F9840680A9011980088ADF808
:108670001E0010984088ADF81C0011984088ADF895
:108680001A0000200490BDF81E000390FFE70A982E
:10869000049900EB81000990BDF81C00059010982A
:1086A00040680D90FFE7002008900C980E90BDF8F0
:1086B0001A000290FFE70298C8B1FFE700980E99F0
:1086C0000A1D0E9291ED001A0D9991ED002A90ED80
:1086D000000AA1EE020A80ED000ABDF81C100D98F8
:1086E00000EB81000D90029801380290E3E70898B2
:1086F00009990A1D099208600598013805900B98A0
:10870000BDF81C10059A891A00EB81000D90FFE757
:1087100005980028C7D1FFE70498BDF81C1008444D
:1087200004900C98BDF81A1000EB81000C9003988F
:1087300001380390FFE703980028A8D1FFE7002045
:108740008DF807009DF9070012B070470000000087
:1087500089B08DED080A9DED080A9FED391A20EECB
:10876000010A8DED050A9DED050ABDEEC00A8DEDED
:10877000010A9DED050AB5EE400AF1EE10FA04DAA1
:10878000FFE7019801380190FFE79DED050A9DED97
:10879000011AB8EEC11A30EE410A8DED050A9DEDC1
:1087A000050A9FED281A20EE010A8DED000A9DEDC5
:1087B000000ABCEEC00A10EE100AADF81200BDF8B7
:1087C0001200B0F5007F0CDBFFE70020ADF81200CF
:1087D0009DED000A9FED1C1A30EE010A8DED000A96
:1087E000FFE79DED000ABDF8120001EE100AB8EE99
:1087F000411A30EE410A8DED060ABDF812104CF612
:10880000E060C0F6030050F821100391BDF812108B
:1088100000EB8100406802909DED060AB7EE001A59
:1088200031EE401A9DED032A9DED023A20EE030A37
:10883000A1EE020A8DED070A9DED070A09B0704707
:1088400083F9223E00000044000000C40000000044
:1088500080B5D1F7C9FD43F60C61C2F20041096849
:108860004A6A4FF47A7100FB012040F20001C2F223
:10887000000100224A60086080BD00000000000086
:1088800082B001900091019802B070470000000092
:1088900080B582B0D1F7A8FD43F60C61C2F2004169
:1088A00009684A6A4FF47A7100FB012000210191A6
:1088B0000090009840F20001C2F200010968401ADD
:1088C00002B080BD0000000080B582B000200190A1
:1088D0004EF61450CEF2000000688003002801D547
:1088E000FFE71AE0BFF34F8FBFF36F8F4EF6507163
:1088F000CEF2000100200860BFF34F8FBFF36F8FEF
:108900004EF61451CEF20001086840F400300860C1
:10891000BFF34F8FBFF36F8FFFE7D1F789FDDBF711
:108920006FFDDBF721FADAF793FCDAF759FBDAF798
:1089300067FADAF701FBDAF7EFFDDAF73DFEDAF76F
:1089400097FDDAF759FDDAF767FEDAF7B1FEDAF7E5
:108950003FFFDAF7F5FEDAF7CBFBDAF701FCDAF7DF
:108960003BFCDAF77DFFE8F72BFBCAF7C5FE4FF0BB
:10897000FF3002B080BD000080B586B00590049144
:1089800044F2EC50C2F200400068029044F23420FD
:10899000C2F200400068043001F006F888B9FFE731
:1089A00044F23420C2F200400068C16A012000FA9B
:1089B00001F244F2F041C2F20041086890430860BD
:1089C00000E0FFE70598013018BBFFE7049800B30B
:1089D000FFE744F2C451C2F2004148680190019A95
:1089E00044F23420C2F2004003689A60019A92680F
:1089F0000368DA6002680432019B9B685A6002686F
:108A00000432019B9A600068416108680130086087
:108A10003DE00298059908440390039844F23421FC
:108A2000C2F20041096848600398029988420ED258
:108A3000FFE744F24420C2F20040006844F23421CF
:108A4000C2F200410968043101F022F81EE044F24C
:108A50003C20C2F20040006844F23421C2F20041DE
:108A60000968043101F014F8039844F25051C2F23D
:108A700000410968884207D2FFE7039844F2505149
:108A8000C2F20041086000E0FFE7FFE7FFE706B041
:108A900080BD00000000000080B582B0019001F0B0
:108AA0005BF844F2E041C2F200410868013008601E
:108AB00044F23420C2F20040006898B9FFE7019800
:108AC00044F23421C2F20041086044F2E040C2F2B4
:108AD00000400068012803D1FFE700F0B9FA00E088
:108AE000FFE71CE044F2B850C2F200400068A0B9B1
:108AF000FFE744F23420C2F200400068C06A0199E6
:108B0000C96A884207D8FFE7019844F23421C2F2CB
:108B10000041086000E0FFE700E0FFE7FFE744F204
:108B2000EC40C2F200400168013101600068019927
:108B300088650198C16A012000FA01F244F2F0410F
:108B4000C2F200410868104308600198C06A00EB57
:108B5000800044F24C21C2F2004101EB80004068E9
:108B600000900098019A906000988068019AD06007
:108B700001980430009A9268506001980430009A7D
:108B80009060019AD06A00EB800001EB8000506198
:108B90000198C06A00EB800251F82200013041F8D0
:108BA000220001F009F844F2B850C2F20040006817
:108BB000C8B1FFE744F23420C2F200400068C06A46
:108BC0000199C96A88420CD2FFE74EF60451CEF2F1
:108BD00000014FF080500860BFF34F8FBFF36F8FDD
:108BE00000E0FFE700E0FFE702B080BD000000000A
:108BF00080B584B000F0B0FF44F2F050C2F2004003
:108C00000068002840D1FFE744F2F440C2F200407F
:108C1000029000F01DFF44F20850C2F200400390A1
:108C200000F016FF0299039844F23822C2F2004283
:108C3000116044F24821C2F20041086069460020F8
:108C4000086044F24012C2F2004244F2E013C2F261
:108C500000430A20102101F0F3FB014644F2F050DA
:108C6000C2F200400160006860B1FFE744F2F050DA
:108C7000C2F2004000684DF66411C0F6030101F035
:108C80004FF800E0FFE700E0FFE700F095FF04B0D9
:108C900080BD00000000000080B582B0FFE744F214
:108CA000E440C2F20040006808B3FFE700F054FF60
:108CB00044F2D850C2F20040C068C06801900198E8
:108CC000043000F071FE44F2E041C2F20041086855
:108CD0000138086044F2E441C2F2004108680138FA
:108CE000086000F069FF019800F02AF8D7E702B0A9
:108CF00080BD00000000000080B582B001900091AE
:108D00000198006CB8B1FFE70199C8680A6C10447B
:108D1000C86001988168C068884204D3FFE7019960
:108D20000868C86000E0FFE70098019AD168126CFB
:108D3000C7F782FCFFE702B080BD00000000000022
:108D400080B582B00090009890F8710040B9FFE7BC
:108D50000098006B00F058FF009800F055FF1EE0EF
:108D6000009890F87100012804D1FFE7009800F006
:108D70004BFF13E0009890F8710002280DD0FFE738
:108D80004FF0500072B680F31188BFF36F8FBFF3BE
:108D90004F8F62B60190FFE7FEE7FFE7FFE702B003
:108DA00080BD00000000000082B0019044F2382035
:108DB000C2F2004000680068B0FA80F040090199F2
:108DC00008600198006848B9FFE744F23820C2F211
:108DD00000400068C0680068009002E00020009039
:108DE000FFE7009802B0704784B04FF4C0300090A5
:108DF00040F20800C2F2000001909DF80400400714
:108E000088B1FFE7019807300190019820F0070032
:108E10000190019A40F20801C2F200010098891AFB
:108E200008440090FFE701980290029944F2BC5078
:108E3000C2F200400160002141600298009A104493
:108E40000190019808380190019820F007000190E6
:108E5000019A44F24020C2F2004002600268516070
:108E600002681160029903910199039A891A51606D
:108E70000068039908600398406844F24C51C2F2BC
:108E8000004108600398406844F24451C2F2004136
:108E9000086004B07047000080B582B00190FFE721
:108EA000FFF7FAFE44F24C20C2F2004000680228AC
:108EB0000CD3FFE74EF60451CEF200014FF0805084
:108EC0000860BFF34F8FBFF36F8F00E0FFE7E7E766
:108ED00080B584B0DDF818C00390029101928DF83E
:108EE0000330029818B9FFE70698006003E0019884
:108EF00006990860FFE703980699C86302980699E7
:108F000008640698012101F007FB9DF8030006990B
:108F100081F84C0004B080BD80B588B0DDF834C065
:108F2000DDF830C0DDF82CC0DDF828C005900491D4
:108F3000039202930C98006B03998900A522C7F74E
:108F400071FC0C98006B039900EB810004380190D0
:108F5000019820F0070001909DF80400400768B1D7
:108F6000FFE74FF0500072B680F31188BFF36F8FA8
:108F7000BFF34F8F62B60790FFE7FEE701980C99A9
:108F800048650498F8B1FFE700200090FFE70098DB
:108F90001F2813D8FFE70498009A805C0C991144AD
:108FA00081F8340004980099405C08B9FFE705E0B7
:108FB000FFE7FFE7009801300090E8E70C990020F8
:108FC00081F8530000E0FFE70A9820280DD3FFE75F
:108FD0004FF0500072B680F31188BFF36F8FBFF36C
:108FE0004F8F62B60690FFE7FEE70A98202803D36A
:108FF000FFE71F200A9000E0FFE70A980C99C8627B
:109000000A980C9908660C98043000F039FD0C9809
:10901000183000F035FD0C9800610A98C0F120006E
:109020000C9988610C98406201980599029A00F0A9
:109030006FFC0C9908600B9820B1FFE70C980B9916
:10904000086000E0FFE708B080BD000000000000FD
:1090500080B584B000200390FFE703981F2810D844
:10906000FFE7039800EB800144F24C20C2F200407D
:1090700000EB810000F0ECFCFFE703980130039067
:10908000EBE744F21C50C2F20040019000F0E0FC1B
:1090900044F23050C2F20040029000F0D9FC44F299
:1090A0006450C2F2004000F0D3FC44F2D850C2F247
:1090B000004000F0CDFC44F2C450C2F2004000F089
:1090C000C7FC0199029844F23C22C2F200421160AE
:1090D00044F24421C2F20041086004B080BD0000A7
:1090E00083B0029044F2BC50C2F200400190FFE70E
:1090F000019800680299884205D2FFE7FFE70198CE
:1091000000680190F4E7019800900098019949687F
:1091100008440299884209D1FFE702984268019900
:109120004868104448600198029000E0FFE7029808
:10913000009000980299496808440199096888429A
:1091400020D1FFE70198006844F24021C2F20041BB
:10915000096888420DD0FFE70198006842680299CB
:1091600048681044486001980068006802990860E7
:1091700007E044F24020C2F2004000680299086013
:10918000FFE704E00198006802990860FFE7019892
:109190000299884204D0FFE702980199086000E034
:1091A000FFE703B07047000080B586B005900491DA
:1091B0000392029300200190049805994860059855
:1091C000006104980399884216D8FFE70398029932
:1091D000401A05998969884203D3FFE7012001906D
:1091E00009E044F24820C2F20040006805990431C9
:1091F00000F04EFCFFE717E003980299884208D27E
:10920000FFE704980299884203D3FFE70120019009
:1092100009E044F23820C2F20040006805990431A8
:1092200000F036FCFFE7FFE7019806B080BD0000C4
:1092300080B582B0019000F08FFC0198806B18B966
:10924000FFE70120009002E000200090FFE700F01F
:10925000B3FC009802B080BD08480068006880F345
:1092600008884FF0000080F3148862B661B6BFF33F
:109270004F8FBFF36F8F00DF00BF000008ED00E0ED
:1092800080B584B00390029144F23820C2F20040CD
:109290000068C068C06801900198043000F084FB49
:1092A000019890F828004007002806D5FFE70198AC
:1092B0000399029A00F024F907E0019991F8280037
:1092C00000F0FE0081F82800FFE70198016A884756
:1092D00004B080BD0000000080B58CB0FFE744F210
:1092E000F050C2F20040006806A9002201F09CF98B
:1092F000002800F0B380FFE70698B0F1FF3F19DCCB
:10930000FFE706A804300290029868B9FFE74FF023
:10931000500072B680F31188BFF36F8FBFF34F8F89
:1093200062B60B90FFE7FEE702990A684868896811
:10933000904700E0FFE70698002800F18E80FFE7E5
:10934000089805900598406928B1FFE70598043012
:1093500000F02AFB00E0FFE704A800F00DF90390FD
:109360000698013801460191082800F2748001999D
:10937000DFE801F00505323A5D0505323A0005994E
:1093800091F8280040F0010081F828000598079B1B
:1093900081691944039AFFF707FFD8B1FFE70598E1
:1093A00090F828004007002808D5FFE7059807999E
:1093B00082691144039A00F0A3F807E0059991F837
:1093C000280000F0FE0081F82800FFE70598016AF8
:1093D000884700E0FFE73FE0059991F8280000F09A
:1093E000FE0081F8280037E0059991F8280040F048
:1093F000010081F82800079805998861059880691F
:1094000068B9FFE74FF0500072B680F31188BFF3E0
:109410006F8FBFF34F8F62B60A90FFE7FEE70598A4
:10942000039B816919441A46FFF7BEFE14E00598B4
:1094300090F828008007002804D4FFE7059800F082
:10944000E3FB07E0059991F8280000F0FE0081F8A1
:109450002800FFE700E0FFE7FFE740E70CB080BD32
:1094600080B584B00390029100F0CEFE684600F013
:1094700083F801900098D8BBFFE7029860B9FFE736
:1094800003980199884207D8FFE701F01DFD039872
:109490000199FFF7F5FE2AE0029858B1FFE744F280
:1094A0004820C2F2004000680068B0FA80F040092D
:1094B0000290FFE744F2F050C2F2004000680399C6
:1094C000019A891A029A00F08BFC01F0FDFC60B948
:1094D000FFE74EF60451CEF200014FF080500860D5
:1094E000BFF34F8FBFF36F8F00E0FFE7FFE702E0AE
:1094F00001F0EAFCFFE704B080BD000000000000BE
:1095000080B584B0039002910192FFE70398029B1B
:1095100081691944019AFFF747FE48B1FFE70398B4
:1095200081690298084402900398016A8847EDE730
:1095300004B080BD0000000044F23C20C2F20040B4
:109540000068006840B9FFE744F25051C2F20041A0
:109550004FF0FF3008600CE044F23C20C2F20040C3
:109560000068C068006844F25051C2F200410860CF
:10957000FFE770470000000080B582B0019001F065
:109580009BFA0090009844F23021C2F20041096831
:10959000884206D2FFE700F013F801990120086025
:1095A00003E0019900200860FFE7009844F23021B1
:1095B000C2F200410860009802B080BD00000000C7
:1095C00080B582B0FFE744F23820C2F20040006864
:1095D000006870B1FFE744F23820C2F20040006832
:1095E000C0680068019001984FF0FF31FFF748FE16
:1095F000E9E744F23822C2F200421068009044F2D7
:109600004821C2F20041086810600098086002B06A
:1096100080BD00000000000083B00020009040F2F8
:109620008C20C2F200400068013068B1FFE74FF0C3
:10963000500072B680F31188BFF36F8FBFF34F8F66
:1096400062B60290FFE7FEE74FF0500072B680F37B
:109650001188BFF36F8FBFF34F8F62B60190FFE7A2
:10966000009808B9FFE7FBE703B07047000000006F
:1096700080B584B00390FFE701A8FFF795FB029047
:1096800002980199FFF7ECFEFFF726FEF4E70000D1
:1096900080B582B0019000F05FFA019890F8450023
:1096A0008DF80300FFE79DF90300012816DBFFE7B3
:1096B0000198406A58B1FFE70198243001F03CFB63
:1096C00018B1FFE700F0BCFC00E0FFE700E005E0B8
:1096D0009DF8030001388DF80300E4E70199FF20AD
:1096E00081F8450000F068FA00F036FA019890F829
:1096F00044008DF80200FFE79DF90200012816DB07
:10970000FFE70198006980B1FFE70198103001F090
:1097100013FB18B1FFE700F093FC00E0FFE79DF8B2
:10972000020001388DF8020000E000E0E4E7019952
:10973000FF2081F8440000F03FFA02B080BD000035
:1097400080B58AB007900020039000F05DFD44F2E0
:109750004020C2F20040006818B9FFE7FFF744FB61
:1097600000E0FFE70798A8B1FFE7079800F00700BF
:10977000C0F11000029007980299C943884205D8A9
:10978000FFE7029907980844079002E0002007903D
:10979000FFE700E0FFE79DF81F000006002800F14A
:1097A0009F80FFE70798002800F09880FFE7079860
:1097B00044F24451C2F200410968884200F28E80AE
:1097C000FFE744F2BC50C2F20040059000680690EA
:1097D000FFE706984168079A00209142019007D25E
:1097E000FFE706980068002818BF01200190FFE7F6
:1097F0000198C00730B1FFE7069805900698006809
:109800000690E6E7069844F24021C2F2004109685A
:10981000884261D0FFE705980068083003900698F9
:10982000006805990860069840680799401A112851
:1098300023D3FFE706980799084404909DF8100089
:10984000400768B1FFE74FF0500072B680F311880F
:10985000BFF36F8FBFF34F8F62B60990FFE7FEE74C
:10986000069840680799401A049948600798069935
:1098700048600498FFF734FC00E0FFE70698426870
:1098800044F24450C2F200400168891A0160006845
:1098900044F24C51C2F20041096888420BD2FFE702
:1098A00044F24450C2F20040006844F24C51C2F20B
:1098B0000041086000E0FFE70699486840F000407A
:1098C000486006990020086044F25851C2F20041F5
:1098D00008680130086000E0FFE700E0FFE700E013
:1098E000FFE701F0F1FA9DF80C00400768B1FFE7CF
:1098F0004FF0500072B680F31188BFF36F8FBFF343
:109900004F8F62B60890FFE7FEE703980AB080BD6C
:1099100083B002900191009202980438029002995B
:109920004FF080700860029804380290019820F08F
:10993000010002990860029804380290029949F2E5
:109940001960C0F60300086002981438029000986D
:109950000299086002980438029002996FF00200A0
:109960000860029820380290029803B0704701788E
:1099700009B1002070474178012903D08A0705D436
:1099800002224270481E18BF0120704780B54DF674
:10999000B310C0F6030000F004F80121017041701B
:1099A0007047C7F71BFB000082B001900198006967
:1099B00000900198416880688860019948688968CA
:1099C0004860009840680199884205D1FFE70198F6
:1099D00080680099486000E0FFE701990020086175
:1099E00000990868013808600098006802B0704764
:1099F00083B0029001910092029948F20820C2F2CD
:109A000001000860019948F20800C2F201000860F4
:109A100000998020086003B070470000000000003B
:109A200083B0029001910092029948F27C60C2F2E8
:109A300001000860019948F27C20C2F20100086030
:109A400000994FF48070086003B070470000000078
:109A500081B00090009901F10800486000994FF032
:109A6000FF308860009901F10800C860009901F199
:109A70000800086100990020086001B070470000EC
:109A800081B0009000990020086101B0704700008B
:109A900084B0039002910298006800900098013011
:109AA00020B9FFE703980069019010E0039808309F
:109AB0000190FFE70198406800680099884205D846
:109AC000FFE7FFE7019840680190F3E7FFE701989F
:109AD000406802994860029841688860019802993C
:109AE0008860029801994860039802990861039977
:109AF00008680130086004B07047000000000000F2
:109B000083B00290019102984068009000980199FA
:109B10004860009880680199886001980099896878
:109B2000486001980099886002980199086102993B
:109B300008680130086003B07047000000000000B2
:109B4000DFF80C00016841F470010160704700000B
:109B500088ED00E00000000082B04FF0500072B6C7
:109B600080F31188BFF36F8FBFF34F8F62B6019000
:109B700040F28C20C2F200400168013101600068AF
:109B8000012816D1FFE74EF60450CEF2000000681F
:109B9000000668B1FFE74FF0500072B680F31188FD
:109BA000BFF36F8FBFF34F8F62B60090FFE7FEE702
:109BB000FFE702B07047000082B040F28C20C2F292
:109BC0000040006868B9FFE74FF0500072B680F3BC
:109BD0001188BFF36F8FBFF34F8F62B60090FFE71E
:109BE000FEE740F28C20C2F20040016801390160BA
:109BF000006830B9FFE700200190019880F31188D8
:109C0000FFE702B07047000080B586B0039003986C
:109C10000290039800285DD0FFE702980838029070
:109C2000029801900198C1790020B0EBD11F0DD1AD
:109C3000FFE74FF0500072B680F31188BFF36F8FCB
:109C4000BFF34F8F62B60590FFE7FEE7019800680B
:109C500068B1FFE74FF0500072B680F31188BFF390
:109C60006F8FBFF34F8F62B60490FFE7FEE7019856
:109C7000C1790020B0EBD11F2AD0FFE7019800681E
:109C800020BBFFE70199486820F000404860029837
:109C90000830019949680839C6F7CCFD00F0B4FADC
:109CA0000198426844F24451C2F2004108681044ED
:109CB00008600198FFF714FA44F25C51C2F20041C7
:109CC00008680130086001F0FFF800E0FFE700E0FD
:109CD000FFE7FFE706B080BD4EF21001CEF20001B3
:109CE000002008604EF21802CEF20002106040F22E
:109CF0003C00C2F20040006844F6D352C1F2620256
:109D0000A0FB02024FF0FF3000EB92104EF2140263
:109D1000CEF20002106007200860704700000000CB
:109D200085B00390029100200090039868B9FFE786
:109D30004FF0500072B680F31188BFF36F8FBFF3FE
:109D40004F8F62B60490FFE7FEE70298C8B3FFE7C3
:109D500000200190FFE70198072831D8FFE703981A
:109D6000019A44F27851C2F2004101EBC201496804
:109D7000884209D1FFE7019944F27850C2F20040CD
:109D800000EBC10000901BE0009890B9FFE701993B
:109D900044F27850C2F2004050F8310048B9FFE771
:109DA000019944F27850C2F2004000EBC1000090EB
:109DB00000E0FFE7FFE7FFE7019801300190CAE705
:109DC000FFE7009838B1FFE7029800990860039810
:109DD00000994860FFE705B07047000000000000F0
:109DE00080B584B003900291019203980090FFF730
:109DF000B3FE009890F94400013028B9FFE70099BC
:109E0000002081F84400FFE7009890F945000130F8
:109E100028B9FFE70099002081F84500FFE7FFF728
:109E2000CBFE0098806B38B9FFE700982430029988
:109E3000019A00F031F900E0FFE70098FFF728FCF5
:109E400004B080BD0000000080B584B00290002006
:109E500001900298F0B1FFE744F2E840C2F20040FE
:109E6000006868B1FFE74FF0500072B680F31188C8
:109E7000BFF36F8FBFF34F8F62B60390FFE7FEE72C
:109E800000F0C2F902980021FEF776FD01F01CF8FF
:109E9000019000E0FFE7019860B9FFE74EF604513A
:109EA000CEF200014FF080500860BFF34F8FBFF338
:109EB0006F8F00E0FFE704B080BD000000000000ED
:109EC00080B584B00290FFF747FE029838B9FFE7EB
:109ED00044F23420C2F200400068009002E0029890
:109EE0000090FFE70098019001980430FFF75CFDB7
:109EF000D0B9FFE70198C06A00EB800144F24C2022
:109F0000C2F2004050F8210068B9FFE70198C16A29
:109F1000012000FA01F244F2F041C2F20041086867
:109F200090430860FFE700E0FFE70198806A28B1EE
:109F3000FFE701981830FFF737FD00E0FFE744F234
:109F4000EC41C2F20041086801300860019844F217
:109F50003421C2F200410968884210D1FFE701981C
:109F6000011D44F2D850C2F20040FFF7C9FD44F28F
:109F7000E441C2F2004108680130086009E044F29F
:109F8000E041C2F20041086801380860FFF7D4FAE6
:109F9000FFE7FFF711FE019844F23421C2F20041BD
:109FA0000968884204D0FFE70198FEF7C9FEFFE781
:109FB00044F2B850C2F20040006858B3FFE701987D
:109FC00044F23421C2F200410968884220D1FFE7FF
:109FD00044F2E840C2F20040006868B1FFE74FF089
:109FE000500072B680F31188BFF36F8FBFF34F8FAD
:109FF00062B60390FFE7FEE74EF60451CEF2000191
:10A000004FF080500860BFF34F8FBFF36F8F00E0B9
:10A01000FFE7FFE704B080BD81B0009044F25450E8
:10A02000C2F2004000680099086044F2EC50C2F2AD
:10A03000004000680099486001B0704700000000CF
:10A0400044F2F851C2F2004101200860704700005C
:10A0500080B584B002900191029868B9FFE74FF093
:10A06000500072B680F31188BFF36F8FBFF34F8F2C
:10A0700062B60390FFE7FEE7029844F23421C2F291
:10A08000004109681831FFF703FD01980121FEF72F
:10A0900073FC04B080BD000080B586B004900391CD
:10A0A0000292049868B9FFE74FF0500072B680F34F
:10A0B0001188BFF36F8FBFF34F8F62B60590FFE734
:10A0C000FEE7049840680190019844F23421C2F2FE
:10A0D00000410A68D061019880680A6810620868C7
:10A0E0001830019A9268506008681830019A9060A0
:10A0F0000498096888620499086801300860029829
:10A1000020B1FFE74FF0FF300390FFE7039802997B
:10A11000FEF732FC06B080BD80B58AB00020039007
:10A120000690059006A805A904AAFFF761FC039B09
:10A13000049A0599DDF818C06846C0F808C0416067
:10A14000036048F69960C0F603004DF65F11C0F653
:10A15000030100F021FC014644F24850C2F20040E5
:10A160000160006818B1FFE70120079002E00020BD
:10A170000790FFE70798012804D1FFE700F0B8FF38
:10A18000079000E0FFE70798012823D1FFE74FF091
:10A19000500072B680F31188BFF36F8FBFF34F8FFB
:10A1A00062B6099044F25051C2F200414FF0FF30C4
:10A1B000086044F2B851C2F200410120086044F244
:10A1C000EC51C2F2004100200860FEF741FB00F0B4
:10A1D000B7F811E00798013068B9FFE74FF0500079
:10A1E00072B680F31188BFF36F8FBFF34F8F62B6E3
:10A1F0000890FFE7FEE7FFE74DF64820C0F60300B2
:10A2000000680AB080BD000044F2E841C2F200419B
:10A21000086801300860704780B586B044F2E840B5
:10A22000C2F20040006838B1FFE744F2F851C2F2D0
:10A230000041012008607FE044F2F851C2F2004181
:10A2400000200860FEF724FB014644F2D840C2F229
:10A2500000400160006844F2D441C2F20041096844
:10A26000884214D9FFE744F2D840C2F200400068A7
:10A2700044F2D441C2F200410968421A44F2342047
:10A28000C2F200400168886E1044886600E0FFE773
:10A2900044F2D840C2F20040006844F2D441C2F215
:10A2A0000041086044F2F040C2F2004000680590AE
:10A2B0000598B0FA80F08DF813009DF81300C0F1F6
:10A2C0001F000290029800EB800144F24C20C2F281
:10A2D000004050F8210068B9FFE74FF0500072B617
:10A2E00080F31188BFF36F8FBFF34F8F62B6039077
:10A2F000FFE7FEE7029800EB800144F24C20C2F237
:10A30000004000EB81000190019948684068486076
:10A31000019948680831884205D1FFE701994868EA
:10A3200040684860FFE701984068C06844F2342103
:10A33000C2F200410860FFE706B080BD00000000E7
:10A3400080B586B04EF20040CEF200000390017856
:10A350000491FF21017000788DF80B009DF80B002F
:10A3600000F0500044F2CC41C2F20041087044F2C7
:10A37000D041C2F2004107200860FFE79DF80B00C2
:10A38000000600280DD5FFE744F2D041C2F200419B
:10A390000868013808609DF80B0040008DF80B003C
:10A3A000ECE744F2D040C2F20040006803280DD030
:10A3B000FFE74FF0500072B680F31188BFF36F8F44
:10A3C000BFF34F8F62B60590FFE7FEE744F2D0413E
:10A3D000C2F20041086800020860086800F4E0600A
:10A3E000086004984EF20041CEF2000108704EF66B
:10A3F0002051CEF20001086840F47000086008683F
:10A4000040F070400860FFF767FC40F28C21C2F218
:10A410000041002001900860FFF792FB4EF6347176
:10A42000CEF20001086840F040400860FEF714FFDB
:10A43000FFF7F2FEFFF7F0F8019806B080BD0000CC
:10A4400080B58CB084460E98CDF820C00791069256
:10A4500005938DF8130000200390059868B9FFE775
:10A460004FF0500072B680F31188BFF36F8FBFF3C7
:10A470004F8F62B60B90FFE7FEE70898002836D0B2
:10A48000FFE7059898B3FFE7069818B1FFE707982C
:10A4900068B3FFE7069818B9FFE7079838BBFFE7EE
:10A4A00050200290029850280DD0FFE74FF0500046
:10A4B00072B680F31188BFF36F8FBFF34F8F62B610
:10A4C0000A90FFE7FEE702980598039003990120A0
:10A4D00081F8460008980799069A9DF81330DDF830
:10A4E0000CC0EE46CEF800C0FEF7F2FC10E0039878
:10A4F00068B9FFE74FF0500072B680F31188BFF3E0
:10A500006F8FBFF34F8F62B60990FFE7FEE7FFE75B
:10A5100003980CB080BD000080B586B00390029116
:10A520000120019003980090009868B9FFE74FF070
:10A53000500072B680F31188BFF36F8FBFF34F8F57
:10A5400062B60590FFE7FEE70098002856D0FFE7C7
:10A550000098C06B002851D0FFE70098C26B016CD7
:10A560004FF0FF30B0FBF2F0884247D3FFE7FFF730
:10A57000F3FA00990B68C86B0A6C00FB0230886024
:10A5800000990020886300990868486000990B686A
:10A59000C86B0A6C013800FB0230C8600099FF20CC
:10A5A00081F84400009981F845000298D0B9FFE78E
:10A5B00000980069A0B1FFE70098103000F0BCFBE4
:10A5C00060B1FFE74EF60451CEF200014FF080502B
:10A5D0000860BFF34F8FBFF36F8F00E0FFE700E02D
:10A5E000FFE708E000981030FFF732FA00982430B7
:10A5F000FFF72EFAFFE7FFF7DFFA02E000200190F5
:10A60000FFE7019868B9FFE74FF0500072B680F39A
:10A610001188BFF36F8FBFF34F8F62B60490FFE7CF
:10A62000FEE7019806B080BD80B58EB00990089114
:10A6300007920020069009980390039868B9FFE7F5
:10A640004FF0500072B680F31188BFF36F8FBFF3E5
:10A650004F8F62B60D90FFE7FEE70899002001904A
:10A6600039B9FFE70398006C002818BF012001905A
:10A67000FFE70198C00768B1FFE74FF0500072B6DE
:10A6800080F31188BFF36F8FBFF34F8F62B60C90CA
:10A69000FFE7FEE700F0F4F901460020009031B931
:10A6A000FFE70798002818BF01200090FFE70098F7
:10A6B000C00768B1FFE74FF0500072B680F3118811
:10A6C000BFF36F8FBFF34F8F62B60B90FFE7FEE7CC
:10A6D000FFE7FFF741FA0398806B0290029830B3CE
:10A6E000FFE703980899FEF707FB029801380399E2
:10A6F000886303980069A0B1FFE70398103000F069
:10A700001BFB60B1FFE74EF60451CEF200014FF0A3
:10A7100080500860BFF34F8FBFF36F8F00E0FFE7FB
:10A7200000E0FFE7FFF748FA01200A906DE0079884
:10A7300028B9FFE7FFF740FA00200A9065E0069885
:10A7400030B9FFE704A8FFF767FC0120069000E09E
:10A75000FFE7FFE7FFE7FFF72FFAFFF755FDFFF7EA
:10A76000FBF9039890F94400013028B9FFE70399F9
:10A77000002081F84400FFE7039890F9450001307C
:10A7800028B9FFE70399002081F84500FFE7FFF7AC
:10A7900013FA04A807A900F03BF830BBFFE70398C1
:10A7A000FEF746FDD0B1FFE7039824300799FFF785
:10A7B0004FFC0398FEF76CFF00F086FB60B9FFE7E3
:10A7C0004EF60451CEF200014FF080500860BFF306
:10A7D0004F8FBFF36F8F00E0FFE705E00398FEF7B0
:10A7E00057FF00F071FBFFE70EE00398FEF750FF04
:10A7F00000F06AFB0398FEF71BFD18B1FFE700208D
:10A800000A9002E0FFE7FFE763E70A980EB080BD19
:10A8100080B588B005900491059868B9FFE74FF0BE
:10A82000500072B680F31188BFF36F8FBFF34F8F64
:10A8300062B60790FFE7FEE7049868B9FFE74FF0BC
:10A84000500072B680F31188BFF36F8FBFF34F8F44
:10A8500062B60690FFE7FEE7FFF77EF944F2EC50A0
:10A86000C2F2004000680290029805994968401AB7
:10A87000019004980068013018B9FFE700200390A8
:10A880002EE044F25450C2F2004000680599096875
:10A8900088420CD0FFE7029805994968884206D3A0
:10A8A000FFE70120039004990020086017E0019859
:10A8B0000499096888420BD2FFE7019A0499086855
:10A8C000801A08600598FFF7A7FB0020039005E0B9
:10A8D00004990020086001200390FFE7FFE7FFE7ED
:10A8E000FFF76AF9039808B080BD0000000000007F
:10A8F00070B58CB0DDF844C0DDF840C00B900A9113
:10A90000ADF826200893BDF826008000FEF718FF5A
:10A9100005900598A0B1FFE77420FEF711FF07909E
:10A92000079840B1FFE707987421C5F783FF0598A2
:10A930000799086303E00598FFF766F9FFE702E06F
:10A9400000200790FFE70798F0B1FFE7079800267F
:10A9500080F871600B980A99BDF82620089BDDF8F5
:10A9600040C0119C079DEE46CEF80C60CEF8085012
:10A97000CEF80440CEF800C0FEF7CEFA0798FEF7F6
:10A980008BF80120069003E04FF0FF300690FFE7C0
:10A9900006980CB070BD0000B0B58EB0DDF850C0A8
:10A9A000DDF84CC0DDF848C00A9009910892079381
:10A9B000139868B9FFE74FF0500072B680F3118822
:10A9C000BFF36F8FBFF34F8F62B60D90FFE7FEE7C7
:10A9D000149868B9FFE74FF0500072B680F3118801
:10A9E000BFF36F8FBFF34F8F62B60C90FFE7FEE7A8
:10A9F00074200490049874280DD0FFE74FF05000A5
:10AA000072B680F31188BFF36F8FBFF34F8F62B6BA
:10AA10000B90FFE7FEE70498149840B3FFE7139804
:10AA200028B3FFE71498069006987421C5F702FF33
:10AA30001398069908630699022081F871000A9814
:10AA40000999089A079BDDF848C0069CEE46002548
:10AA5000CEF80C50CEF8084005ACCEF80440CEF845
:10AA600000C0FEF759FA0698FEF716F802E000203B
:10AA70000590FFE705980EB0B0BD00000000000093
:10AA800081B044F2B850C2F20040006818B9FFE744
:10AA9000012000900DE044F2E840C2F2004000685E
:10AAA00018B9FFE70220009002E000200090FFE7C5
:10AAB000FFE7009801B0704781B044F2EC50C2F259
:10AAC000004000680090009801B07047000000004E
:10AAD00080B58AB00020069044F2E840C2F20040FF
:10AAE0000068002840F01B81FFE744F2EC51C2F2FD
:10AAF000004108680130059005980860059868BB1A
:10AB0000FFE744F23C20C2F200400068006868B1F0
:10AB1000FFE74FF0500072B680F31188BFF36F8FDC
:10AB2000BFF34F8F62B60990FFE7FEE744F23C2285
:10AB3000C2F200421068049044F24421C2F2004183
:10AB4000086810600498086044F25451C2F2004151
:10AB5000086801300860FEF7EFFC00E0FFE70598A9
:10AB600044F25051C2F2004109688842C0F0B680F8
:10AB7000FFE7FFE744F23C20C2F2004000680068B3
:10AB800040B9FFE744F25051C2F200414FF0FF30AC
:10AB90000860A2E044F23C20C2F200400068C068B5
:10ABA000C0680890089840680790059807998842FF
:10ABB00007D2FFE7079844F25051C2F20041086003
:10ABC0008BE0FFE708984069039008988168C068A7
:10ABD000886008998868C96848600398406808993F
:10ABE0000431884205D1FFE70898C068039948609E
:10ABF000FFE7089900204861039908680138086058
:10AC00000898806AF8B1FFE70898806A029008986F
:10AC1000C169006A88600899C869096A4860029831
:10AC2000406808991831884205D1FFE70898006A02
:10AC300002994860FFE70899002088620299086835
:10AC40000138086000E0FFE70898C16A012000FAB7
:10AC500001F244F2F041C2F200410868104308607A
:10AC60000898C06A00EB800044F24C21C2F2004117
:10AC700001EB8000406801900198089A906001986B
:10AC80008068089AD06008980430019A92685060F1
:10AC900008980430019A9060089AD06A00EB80000E
:10ACA00001EB800050610898C06A00EB800251F807
:10ACB0002200013041F822000898C06A44F2342191
:10ACC000C2F200410968C96A884203D9FFE701203E
:10ACD000069000E0FFE7FFE74CE7FFE744F234208F
:10ACE000C2F200400068C06A00EB800144F24C20D0
:10ACF000C2F2004050F82100022803D3FFE70120F0
:10AD0000069000E0FFE744F2F850C2F2004000680D
:10AD100018B1FFE70120069000E0FFE707E044F2EA
:10AD20006051C2F20041086801300860FFE70698F0
:10AD30000AB080BD0000000088B006900698C06888
:10AD4000C0680590059868B9FFE74FF0500072B6EB
:10AD500080F31188BFF36F8FBFF34F8F62B60790F8
:10AD6000FFE7FEE70598806A03900598C169006ACD
:10AD700088600599C869096A486003984068059920
:10AD80001831884205D1FFE70598006A03994860A9
:10AD9000FFE7059900208862039908680138086078
:10ADA00044F2E840C2F200400068002857D1FFE7B3
:10ADB00005984069029005988168C0688860059987
:10ADC0008868C968486002984068059904318842DB
:10ADD00005D1FFE70598C06802994860FFE705992B
:10ADE0000020486102990868013808600598C16A26
:10ADF000012000FA01F244F2F041C2F20041086879
:10AE0000104308600598C06A00EB800044F24C21B2
:10AE1000C2F2004101EB8000406801900198059A60
:10AE2000906001988068059AD06005980430019A76
:10AE30009268506005980430019A9060059AD06A33
:10AE400000EB800001EB800050610598C06A00EBC8
:10AE5000800251F82200013041F822001BE044F248
:10AE60006451C2F20041486800900098059AD06190
:10AE700000988068059A106205981830009A9268C8
:10AE8000506005981830009A9060059881620868B3
:10AE900001300860FFE70598C06A44F23421C2F22D
:10AEA00000410968C96A884208D9FFE70120049077
:10AEB00044F2F851C2F20041086002E00020049020
:10AEC000FFE7049808B0704780B588B0002006906E
:10AED000059044F2E840C2F20040006868B9FFE71C
:10AEE0004FF0500072B680F31188BFF36F8FBFF33D
:10AEF0004F8F62B60790FFE7FEE7FEF72DFE44F2A4
:10AF0000E840C2F200400168013901600068002891
:10AF100040F0E780FFE744F2E040C2F20040006802
:10AF2000002800F0DD80FFE7FFE744F26450C2F242
:10AF300000400068002800F09080FFE744F2645071
:10AF4000C2F20040C068C06806900698806A04900B
:10AF50000698C169006A88600699C869096A4860EC
:10AF60000498406806991831884205D1FFE7069891
:10AF7000006A04994860FFE70699002088620499F6
:10AF8000086801380860069840690390069881684F
:10AF9000C068886006998868C968486003984068F6
:10AFA00006990431884205D1FFE70698C0680399E5
:10AFB0004860FFE706990020486103990868013856
:10AFC00008600698C16A012000FA01F244F2F041DB
:10AFD000C2F200410868104308600698C06A00EB9E
:10AFE000800044F24C21C2F2004101EB8000406835
:10AFF00002900298069A906002988068069AD06043
:10B0000006980430029A9268506006980430029ABA
:10B010009060069AD06A00EB800001EB80005061DE
:10B020000698C06A00EB800251F82200013041F816
:10B0300022000698C06A44F23421C2F20041096835
:10B04000C96A884207D3FFE744F2F851C2F20041CF
:10B050000120086000E0FFE767E7069818B1FFE706
:10B06000FEF76AFAFFE744F26050C2F2004000685F
:10B0700001900198E0B1FFE7FFE7FFF729FD38B144
:10B08000FFE744F2F851C2F200410120086000E0FD
:10B09000FFE7019801380190FFE701980028ECD103
:10B0A000FFE744F26051C2F200410020086000E076
:10B0B000FFE744F2F850C2F20040006870B1FFE7C9
:10B0C000012005904EF60451CEF200014FF0805061
:10B0D0000860BFF34F8FBFF36F8F00E0FFE7FFE71C
:10B0E00000E0FFE7FEF768FD059808B080BD0000AE
:10B0F00080B58AB000200890FDF77AFD44F2F05048
:10B10000C2F20040006858B3FFE7002004900790A7
:10B11000069007A806A905AAFEF782FC049B059ADB
:10B120000698DDF81CC06946C1F808C048600220D6
:10B13000086049F27160C0F603004DF66911C0F66F
:10B140000301FFF729FC014644F2F450C2F200402B
:10B150000160006818B1FFE701200890FFE700E0F8
:10B16000FFE7089868B9FFE74FF0500072B680F328
:10B170001188BFF36F8FBFF34F8F62B60990FFE75F
:10B18000FEE708980AB080BD5FEA400C08BF91F066
:10B19000000F4FEA8C234FEAC12243EA51514FEA94
:10B1A0001C5018BF00F5F0404FEA300018BF41F0C6
:10B1B00000415FEA6C5C00F02980BCF1FF3F08BFF2
:10B1C00040F080407047130C06BF12044FF0100C83
:10B1D0004FF0000C130E04BF12020CF1080C130FF9
:10B1E00004BF12010CF1040C930F04BF92000CF188
:10B1F000020CD30F04BF52000CF1010C11464FF0AA
:10B200000002A0F11F00A0EB0C00704711F0004FEE
:10B2100008BF704731F000413FF4D5AF0B0C06BFBB
:10B2200009044FF0100C4FF0000C0B0E04BF090284
:10B230000CF1080C0B0F04BF09010CF1040C8B0F6F
:10B2400004BF89000CF1020CCB0F04BF49000CF1C4
:10B25000010CCCF1200322FA03F341EA030102FAC4
:10B260000CF2A0EB0C0000F10100704723F07F47C7
:10B2700020F07F4C80EA030000F00040ACEB0703B5
:10B2800003F57C5303F1FF032DE9804909B44FEA2C
:10B29000144324EA03484FEA154B25EA0B4E0FF2FC
:10B2A000042606EB13273E7803FB0667C7F5000765
:10B2B00007FB06F64FEAD64606F102064FEA543778
:10B2C00007FB066CCCF1005C4FEA1C472CEA074CEC
:10B2D0000CFB06F507FB06F404EB15464FEA961641
:10B2E00049085FEA320234BF00204FF000404FEAC5
:10B2F000D13706FB07FC4FEA1C4C0CFB0BF7D21BAB
:10B3000003FB0CF761EB07010CFB0EF7B0EB0740FA
:10B3100072EB17420CFB08F734BFA2EB0742B2EB0B
:10B32000074261EB17414FEA0C444FEA910706FBD5
:10B3300007FC4FEA1C4C0CFB0BF7B0EBC74072EB61
:10B34000573203FB0CF734BFA2EBC742B2EBC74244
:10B3500061EB57310CFB0EF7B0EBC70072EB577285
:10B360000CFB08F734BFA2EBC702B2EBC70261EBDC
:10B3700057714FEA816141EA92114FEA826242EAD3
:10B3800090124FEA806004EBCC04039F4FEAD13760
:10B3900006FB07FC4FEA1C4C0CFB0BF7D21B03FB14
:10B3A0000CF761EB07010CFB0EF7B0EB074072EBFB
:10B3B00017420CFB08F734BFA2EB0742B2EB07427F
:10B3C00061EB17414FEA8C5504EB9C244FEA91073F
:10B3D00006FB07FC4FEA1C4C0CFB0BF7B0EBC7401D
:10B3E00072EB573203FB0CF734BFA2EBC742B2EB50
:10B3F000C74261EB57310CFB0EF7B0EBC70072EBA5
:10B4000057720CFB08F734BFA2EBC702B2EBC702BE
:10B4100061EB57714FEA816141EA92114FEA826212
:10B4200042EA90124FEA806015EB4C2544F100048B
:10B430004FEAD13706FB07FC4FEA1C4C0CFB0BF71D
:10B44000D21B03FB0CF761EB07010CFB0EF7B0EB13
:10B45000074072EB17420CFB08F734BFA2EB074220
:10B46000B2EB074261EB17414FEA813141EA924169
:10B470004FEA823242EA90424FEA80304FEA0C763D
:10B4800015EB1C1544F1000448EA03434EEA0B484F
:10B490004FF0000EB2EB080C71EB030724BF6246BD
:10B4A00039464EEB0E0E4FF0000B00185241494149
:10B4B0004BEB0B0BB2EB080C71EB03077BF1000BB2
:10B4C00024BF624639464EEB0E0E4FF0000B0018BB
:10B4D000524149414BEB0B0BB2EB080C71EB0307EC
:10B4E0007BF1000B24BF624639464EEB0E0E51EA4B
:10B4F000020718BF46F0010616EB0E7655F1000262
:10B5000054F1000103D5BDE88901BDE80088BDE81C
:10B510008901BDE80048B619524141EB0101A3F190
:10B520000103704780807F7E7D7C7B7A7978777697
:10B5300076757473727171706F6E6E6D6C6C6B6A10
:10B540006A696868676666656464636362616160AE
:10B55000605F5F5E5E5D5D5C5C5B5B5A5A5959582B
:10B560005857575656555555545453535252525195
:10B57000515050504F4F4F4E4E4D4D4D4C4C4C4BEB
:10B580004B4B4A4A4A494949484848474747474632
:10B59000464645454544444444434343434242426E
:10B5A000424141419C46002B30D477002BD04FEADA
:10B5B00037071CB503B44FF010004FF01001BAF17B
:10B5C000000F06D0BCF1000FDCBF40F0080040F0D7
:10B5D00008014FF000000FBCBDE810400BF1010B5B
:10B5E000BBF1010F08BF5FEA170722BF12F101028A
:10B5F00011F101014FF0004143F1000300F0004060
:10B6000043EA00007047F9D35708D0E746EA0646F8
:10B610004FEA164613F1400F1FDD13F1200FDFBF75
:10B6200016430A46002120335B42BED0C3F12007F7
:10B6300046EA06464FEA164602FA07F746EA0706C2
:10B6400022FA03F2C3F1200701FA07F742EA0702E0
:10B6500021FA03F14FF00003A7E746EA020646EAA3
:10B6600006464FEA164646EA0106BCBF46EA0646CB
:10B67000360C4FF000034FF000024FF0000194E74A
:10B680002DE9804C70B49A46934691E8380007C87B
:10B6900031EA400C48BF34EA430C03D5FFF7E6FD1E
:10B6A000FFF780FFF0BCBDE8008C2DE9804C70B442
:10B6B0009A46934691E8380007C810F0804F08BFBB
:10B6C00013F0804F03D100F005F8FFF76BFFF0BCDB
:10B6D000BDE8008C20F07F4723F07F4C80EA030018
:10B6E00000F0004007EB0C03A3F57C53A3F1FE032D
:10B6F00092F0000F00F0B38095F0000F00F077801B
:10B700002DE901494FEA114021EA00484FEA144669
:10B7100024EA064700FB06FC08FB06F607FB08F8D0
:10B7200018EB06484CEB164C00FB07F718EB0748E4
:10B730004CEB17404FEA124B22EA0B4E4FEA1546EC
:10B7400025EA06470BFB06FC0EFB06F607FB0EFE82
:10B750001EEB064E4CEB164C0BFB07F71EEB074E91
:10B760004CEB174B18EB0B0840F1000018EB0E0BDD
:10B7700058EB000840F100008F1A4FF000014FF025
:10B7800000063CBFC943661B14BFB5EB040C002187
:10B790003CBFC943F61B4FEA174427EA04454FEA6A
:10B7A0001C472CEA074C04FB076205FB07F70CFB60
:10B7B00005F616EB074642EB174204FB0CFC16EBB2
:10B7C0000C4642EB1C421BEB060658EB02024141C1
:10B7D0004EEA8E0E46EA9E0601D5BDE80189B619ED
:10B7E000524141EB0101A3F10103BDE801894FEA98
:10B7F000144524EA05464FEA114721EA074C05FBA8
:10B8000007F406FB07F70CFB06F111EB074144EBCD
:10B81000174405FB0CFC11EB0C4144EB1C444FEAB4
:10B82000124722EA074C05FB07F206FB07F70CFB61
:10B8300006F616EB074642EB174205FB0CFC16EB2F
:10B840000C4642EB1C456A1854F1000148BF704792
:10B85000B619524141EB0101A3F10103704795F084
:10B86000000F37D04FEA114221EA02464FEA14474F
:10B8700024EA074C02FB07F106FB07F70CFB06F472
:10B8800014EB074441EB174102FB0CFC14EB0C4496
:10B8900041EB1C414FEA154725EA074C02FB07F52F
:10B8A00006FB07F70CFB06F616EB074645EB1745BC
:10B8B00002FB0CFC16EB0C4645EB1C42121951F135
:10B8C000000148BF7047B619524141EB0101A3F195
:10B8D000010370474FEA144524EA05464FEA114731
:10B8E00021EA074C05FB07F106FB07F70CFB06F204
:10B8F00012EB074241EB174105FB0CFC12EB0C422B
:10B9000051EB1C414FF0000648BF7047921841EBC5
:10B910000101A3F10103704780B5DEF7E3FA00B13E
:10B9200080BDFBF7FBFBFFF7F7BF80B5DEF704FB3D
:10B9300000B180BDFBF7F2FBFFF7F7BF03B401983E
:10B940004100009850EAC12018BF04204A0D18BFDA
:10B9500040F0010040F2FF72B2EB515F08BF40F0CF
:10B960000200012808BF052002B070470000000057
:10B970002DE9F04D2DED040B2DED0A8B9AB0DDE98C
:10B980002550279CDDF890A025F0004624F00048C3
:10B99000BAF1000F14BF0121002101EB4502F84963
:10B9A00053184A10934228D3002814BF01230023C0
:10B9B00003EB44030B44F3498B421ED358EA0001C6
:10B9C00072D0DFF8C4B35D4503D1BAF1000F05D1E1
:10B9D00086E0BAF1000F08BF002100D0012101EB81
:10B9E000450111F5001F08D8002814BF01210021CE
:10B9F00001EB440111F5001F0BD99DED261B9DEDB8
:10BA0000240B1AB0BDEC0A8B04B0BDE8F04D00F079
:10BA100057BC0027002DBCBFDC49884521DADC4932
:10BA20008845A8BF02271CDAC3451ADCD94901EBB7
:10BA30002851142908DDC1F1340220FA02F101FA7B
:10BA400002F282420DD108E058B9C1F1140228FA7D
:10BA500002F101FA02F2424503D101F00101C1F104
:10BA6000020756EA0A0120D1002C1EDA002D18BF69
:10BA7000022F01D0012F0AD00220C4F7F0FF1AB024
:10BA8000BDEC0A8B04B0BDE8F04D00F00DBC022007
:10BA9000C4F7E5FF00F008FCB1EE400B1AB0BDECB6
:10BAA0000A8B04B0BDE8F08D1AE09FEDBB9B9FEDC3
:10BAB000BC8BB7EE00AB00287DD1B44880451CD1CB
:10BAC00005F1804010F5801008BFBAF1000F07D0D3
:10BAD000B34508DC002CA8BF9DED260BDEDA07E09D
:10BAE000B7EE000BDAE7002CB8BF9DED260BD3DBD9
:10BAF000AD48784490ED000BD0E7D84548D1002CF4
:10BB000043DA2EB186423AD1BAF1000F3DD126E098
:10BB1000BAF1000F13D00220C4F7A1FF00F0E0FB40
:10BB20008DED020B9DED240B8DED000B10EE900AB8
:10BB3000039961F31E0003909DED020BAEE78DEDBE
:10BB4000029B9DED240B19EE901A10EE900A8DEDDC
:10BB5000000B61F31E0003909DED020B9EE78DED3F
:10BB6000028B9DED240B18EE901A10EE900A8DEDCD
:10BB7000000B61F31E0003909DED020B8EE704DACB
:10BB80009DED241B8AEE010B88E79DED240B85E7D4
:10BB900086421ADAB4F1804F04BF9DED240B20EEEB
:10BBA000000B3FF47BAFA4F10050B0F1FF500CD17B
:10BBB000002D0ADB00E008E09DED240B51EC100B9A
:10BBC00000F0B9FB41EC100B68E79DED240B51EC44
:10BBD000100B00F0A4FBBAF1000FCDE90E0140D12B
:10BBE0009FED730B46B3A6F1E040B0F17F600ED03D
:10BBF0005E4536D1002D00DA97B3022F0CBF01202D
:10BC00004FF0FF3000EE100AB8EEC00B46E7002DF3
:10BC100001DD002C0DDA002D01DD002C1DDB002DD7
:10BC200014DA002C12DB012F08BF9FED630B3FF4E9
:10BC300035AFB0EE490B31E7022F18BF002D0CD005
:10BC4000012F0AD1002DFFF629AF06E0002DB8BF65
:10BC5000002C06DA012F3FF421AFB0EE480B1DE7B0
:10BC600019E0012000EBE57050EA070113D0B0EEB7
:10BC70004A8B791E084308BFBFEE008B5048002551
:10BC800080457ADD4F495048884514DDB0420DDBD0
:10BC9000002C19DB2CE00120C4F7E1FE1AB0BDEC4A
:10BCA0000A8B04B0BDE8F04D00F00EBBB34502DCDA
:10BCB000002C09DC1CE0864202DA002C18DA03E0D2
:10BCC0005E4528DD002C13DD0220C4F7C8FE00F01D
:10BCD00007FB8DED020B28EE090B8DED000B10EE2E
:10BCE000900A039961F31E0003909DED020BD5E6C7
:10BCF0000220C4F7B4FE00F0FFFA10EE901A18EE1E
:10BD0000900A8DED020B8DED008B61F31E00039008
:10BD10009DED020BC2E69DED0E0B30EE4A0B8DED54
:10BD2000040B20EE002B9DED041B9FED290BB5EEBF
:10BD3000003B01EE430B9DED043BB6EE001B03EE12
:10BD4000401B22EE012B9DED040B9FED231B20EEEB
:10BD5000011B9FED233B20EE030B9FED233B02EEE7
:10BD6000430B31EE002B8DED022B02959DED022B46
:10BD700032EE411B30EE411B11E139E000000000C2
:10BD8000FFFF1F00FFFF0F000000F03F0000F07FEB
:10BD90000000404301FCFFFF000000000000F07FB6
:10BDA0000000000000000000FA0A0000000000008F
:10BDB0000000000000000080000000000000F0FF14
:10BDC0000000E0410000F043FFFFEF3F00000000F3
:10BDD000555555555555D53F000000604715F73F5F
:10BDE00044DF5DF80BAE543EFE822B654715F73FEE
:10BDF0000020B6F5801F0BDA9DED0E0B9FEDEC1BBE
:10BE000020EE010B10EE906A8DED0E0B6FF03400FA
:10BE100000EB2650C6F31301A0F2FF37E64A41F0CB
:10BE20007F6040F040509142D8BF002408DDE34AD3
:10BE30008A42C8BF012403DC0024A0F580107F1CC7
:10BE4000DF49794401EBC4010F9091ED001B9DED9A
:10BE50000E0B30EE410B9DED0E2B31EE023B8AEEC8
:10BE6000032B20EE029BD7498DED029B794402956E
:10BE700091ED003B4FF0005141EA600000EB84403F
:10BE80008DED043B00F5002005909DED043B33EE65
:10BE9000411B9DED0E3B33EE411B9DED023B9DEDA5
:10BEA000044B03EE440B03EE410B20EE02BB29EEE4
:10BEB00009CBB0EE4C0BC4480621784400F0BAF927
:10BEC0002CEE0C1B20EE010B9DED021B31EE091B2D
:10BED0000BEE010B9DED021B21EE011BB0EE082BBA
:10BEE00031EE023B33EE003B8DED043B04959DEDBE
:10BEF000043B33EE422B32EE411B30EE412B9DEDE5
:10BF0000020B9DED041B20EE011B9DED040B2BEE9F
:10BF1000000B02EE090B31EE002B8DED022B02958A
:10BF20009DED022B32EE411B30EE411B9DED020BCD
:10BF30009FEDA72B20EE020B9DED022B9FEDA63B64
:10BF400022EE032B9FEDA63B01EE032BA64878447F
:10BF500000EBC40090ED001B32EE011B02EE107AE4
:10BF6000B8EEC22B8DED042B30EE013B9F48784498
:10BF700000EBC40090ED002B33EE023B9DED044B33
:10BF800033EE043B8DED023B02959DED023B33EE1B
:10BF9000443B33EE422B32EE400B31EE401B9DED25
:10BFA000260B8DED000B00959DED260B9DED002BD6
:10BFB00030EE420B9DED022B20EE020B9DED262B69
:10BFC00002EE010B9DED001B9DED022B21EE021BED
:10BFD0008DED021B30EE011B11EE900A11EE101ACE
:10BFE000834A8DED001B904224DB821A11430ED14F
:10BFF0009FED811B30EE011B9DED002B9DED023B63
:10C0000032EE432BB4EEC21BF1EE10FA26DD022015
:10C01000C4F725FD00F064F910EE901A18EE900AAE
:10C020008DED020B8DED008B61F31E0003909DEDF5
:10C03000020B33E5724B20F000429A420ED3714A54
:10C04000024411437FF454AE9DED022B31EE421BAE
:10C05000B4EEC01BF1EE10FABFF64AAE20F000417C
:10C06000694A6A4B002402EB21529942D8BF9DEDE8
:10C07000021B27DD511C4FF4801222FA01F101440A
:10C08000634BC1F30A527B44A2F2FF3293ED001BD3
:10C09000604B8DED041BD34021EA0303C1F3130170
:10C0A00041F48011C2F1140221FA02F40593002830
:10C0B000B8BF64429DED021B9DED042B31EE421B87
:10C0C0008DED021B30EE011B8DED041B04959DEDE3
:10C0D000041B9FED512B21EE021B9DED042B9DEDCA
:10C0E000023B32EE432B30EE420B9FED4D2B20EE08
:10C0F000020B9DED042B9FED4C3B02EE030B31EE4A
:10C10000002B8DED002B32EE411B30EE419B9DED5F
:10C11000000B20EE000B46488DED040B0521784402
:10C1200000F088F89DED001B9DED042B02EE401BF6
:10C130008DED021B9DED000B20EE010BB0EE002BF0
:10C1400031EE422B80EE021B9DED002BB0EE490B31
:10C1500002EE090B31EE400B9DED001B30EE410B62
:10C160003AEE400B10EE900A8DED000B00EB045000
:10C1700001150029C8BF019013DC224651EC100BB9
:10C1800000F085F9FFF7DAFB042808BF00F0B4F8E7
:10C1900022469DED000B51EC100B00F078F9CDE933
:10C1A00000019DED000B28EE000B77E4000000007D
:10C1B00000000000000040438E9803007AB60B0098
:10C1C000DA06000080070000920600000000000070
:10C1D000000000E009C7EE3FF5015B14E02F3EBE12
:10C1E000FD033ADC09C7EE3FEE050000BE05000086
:10C1F0000000904000000000FE822B654715973C30
:10C2000000CC904000346F3F01FCFFFF0000E03F96
:10C2100066050000FFFF0F0000000000432EE63F10
:10C22000EF39FAFE422EE63F396CA80C615C20BE65
:10C230005E040000B0EE401B491E00EBC10292ED0F
:10C24000000B31F006020DD0491E00EBC10292ED49
:10C25000002BB0EE403BB0EE420B03EE010B31F091
:10C260000602F1D1022914D004290AD0062918BFE8
:10C27000704790ED0A2B00EE012B90ED080B02EEBB
:10C28000010B90ED062B00EE012B90ED040B02EE5E
:10C29000010B90ED022B00EE012B90ED000B02EE56
:10C2A000010B7047000000009FED031BB7EE002B51
:10C2B00082EE010B7047000000000000000000004B
:10C2C00030EE010B704700009FED031B81EE010B68
:10C2D00070470000000000000000000000000000A7
:10C2E0009FED030B20EE000B7047000000000000E4
:10C2F00000000000000000709FED030B20EE000B1B
:10C300007047000000000000000000000000001066
:10C3100030380A2801D2012070470020704782B0CF
:10C32000CDE9000121F0004001909DED000B02B02D
:10C3300051EC100B704700B541EC100B2DED028B4A
:10C3400083B0B1EEC08B18EE100A18EE901A8DED86
:10C35000008B002818BF0120084320F00040C0F1E6
:10C360007F6000F1E040C00F14D010EE101A10EE04
:10C37000900A8DED000B002918BF0121084320F021
:10C380000040C0F17F6000F1E040C00F04BF012019
:10C39000C4F765FB51EC180B03B0BDEC028B00BD7C
:10C3A00010B500290AD00878002807D0054878443D
:10C3B000C5F796FF002801D0002010BD0248784440
:10C3C00010BD0000CE160000C616000010B50029F2
:10C3D0000AD00878002807D005487844C5F780FFC0
:10C3E000002801D0002010BD0248784410BD000094
:10C3F000BE160000B616000002494FF0000000F023
:10C4000014B800BF0000F87FF1EE100A4FF6FF717C
:10C41000C0F2C03120EA010040F04070E1EE100AA5
:10C420007047C4F7DCBFC5F711B90CF00F03092B37
:10C4300008BF082000F059800A2B0BD0082B18BF2A
:10C44000704708BF1CF0400F0AD04FF000004FF0BB
:10C45000000170471CF0400F18BF4FF000407047BC
:10C460001CF0100F08D000F07F4220F0704342EA29
:10C47000D3014FEA4370704700F0604021F07F42E3
:10C4800042EA000201F07F4040EA727070474FF0CC
:10C49000FF0C4CF4E06C1CEA11531CBF9CEA030C2B
:10C4A0009445C2BFDA4201EB02517047002B0DD018
:10C4B000BCF1000F0FD001F00041002AA4BF41F0F1
:10C4C000E04141F07F614FF00000704701F0004112
:10C4D0004FF00000704750EA01334FF09B0C18BF3B
:10C4E0004CF0806C7FF488AF70471CF4801F11D033
:10C4F0001CF4E02F03D06FEACC31490070474FF0B5
:10C500004050EFF3008222F0704242EA000282F3D0
:10C51000008870474FF000007047000000000000E6
:10C52000000000000000F03F000000000000F83FA5
:10C5300000000000000000000000004003B8E23FDF
:10C54000000000000000000006D0CF43EBFD4C3E91
:10C55000033333333333E33FFFAB6FDBB66DDB3F86
:10C560004D268F515555D53F01411DA96074D13FCE
:10C5700065DBC9934A86CD3FEF4E454A287ECA3FC8
:10C580003E5555555555C53F93BDBE166CC166BF4A
:10C590002CDE25AF6A56113FF16BD2C541BDBBBE43
:10C5A000D0A4BE726937663E0000000000000000A3
:10C5B00030313233343536373839414243444546D9
:10C5C00040305800303132333435363738396162D3
:10C5D00063646566403078000400000800000000D5
:10C5E0000000000200010000100000000000000038
:10C5F000000000000000000030313233343536379F
:10C600003839616263646566787000303132333482
:10C6100035363738394142434445465850003A741C
:10C6200074003A7474003A74740000000240000010
:10C63000000000A00000000005400000000000C84D
:10C64000000000000C4000000000409C00000000C2
:10C65000194000000020BCBE000000003440000073
:10C66000BFC91B8E00000004B5400000504BCFD066
:10C670006607E2CF010000006C4100003E8251AA33
:10C68000DFEEA73401000000D9420000DCB5A0E2D3
:10C690003A301F97FFFFFFFFB4450000FD25A0C8FB
:10C6A000E9A3C14FFFFFFFFFFF3F00000000008034
:10C6B00000000000FF3F00000000008000000000BC
:10C6C000000000000000000000000000000000006A
:10C6D0000000000001000000020000000300000054
:10C6E0000400000000000000050000000000000041
:10C6F0000000000000000000060000000000000034
:10C7000000000000000000000700000025040008F1
:10C71000290400082C040008310431080008000036
:10C7200000000102030401020304060708090001D6
:10C73000020304050607080C1014182030400006F8
:10C740001016000610160804020408010101010178
:10C7500001030701000001000200040006000800B8
:10C760000A000C00100020004000800000010000C2
:10C77000891112239B322446AD573665BF74488C0D
:10C78000C19D5AAFD3BE6CCAE5DB7EE9F7F88110D4
:10C79000080193331A22A5562C47B7753E64C99CED
:10C7A000408DDBBF52AEEDDA64CBFFF976E80221B3
:10C7B0008B30100299132667AF763444BD554AADCD
:10C7C000C3BC588ED19F6EEBE7FA7CC8F5D9833194
:10C7D0000A2091121803A7772E66B5543C45CBBDAD
:10C7E00042ACD99E508FEFFB66EAFDD874C9044273
:10C7F0008D5316619F702004A9153227BB364CCE8D
:10C80000C5DF5EEDD7FC6888E1997AABF3BA855253
:10C810000C4397711E60A1142805B3373A26CDDE6C
:10C8200044CFDFFD56ECE9986089FBBB72AA066332
:10C830008F7214409D512225AB343006B9174EEF4C
:10C84000C7FE5CCCD5DD6AA9E3B8788AF19B877313
:10C850000E6295501C41A3352A24B1163807CFFF2C
:10C8600046EEDDDC54CDEBB962A8F99A708B0884F2
:10C8700081951AA793B62CC2A5D33EE1B7F0400824
:10C88000C919522BDB3A644EED5F766DFF7C8994BB
:10C8900000859BB712A6ADD224C3BFF136E0C11804
:10C8A0004809D33B5A2AE55E6C4FF77D7E6C0AA59A
:10C8B00083B4188691972EE3A7F23CC0B5D14229E4
:10C8C000CB38500AD91B666FEF7E744CFD5D8BB57B
:10C8D00002A499961087AFF326E2BDD034C1C339C4
:10C8E0004A28D11A580BE77F6E6EF55C7C4D0CC65A
:10C8F00085D71EE597F42880A1913AA3B3B2444AA4
:10C90000CD5B5669DF78600CE91D722FFB3E8DD63A
:10C9100004C79FF516E4A9902081BBB332A2C55A83
:10C920004C4BD7795E68E11C680DF33F7A2E0EE719
:10C9300087F61CC495D52AA1A3B03882B193466B63
:10C94000CF7A5448DD59622DEB3C700EF91F8FF7FA
:10C9500006E69DD414C5ABB122A0B9923083C77B43
:10C960004E6AD5585C49E33D6A2CF11E780F005E93
:10C97000BCE2613FDD83C29C7E20A3FD1F419DC3BD
:10C98000217FFCA2401E5F01E3BD3E6082DC237D6F
:10C990009FC1421CFEA0E1BF5D0380DE3C62BEE0A1
:10C9A000025CDF81633D7C22C09E1D43A1FF4618CF
:10C9B000FAA427799BC584DA3866E5BB5907DB857D
:10C9C0006739BAE406581947A5FB7826C49A653B2F
:10C9D000D987045AB8E6A7F91B45C6987A24F8A661
:10C9E000441A99C7257B3A6486D85B05E7B98CD28F
:10C9F000306EEDB3510F4E10F2AC2F7193CD114F3D
:10CA0000ADF3702ECC92D38D6F31B2EC0E50AFF1EE
:10CA1000134DCE90722C6D33D18F0C52B0EE326C20
:10CA20008ED0530DEFB1F0AE4C1291CF2D73CA944E
:10CA30007628ABF517490856B4EA6937D58B5709FC
:10CA4000EBB536688AD495CB2977F4AA4816E9B7AE
:10CA5000550B88D6346A2B7597C94A14F6A8742AE0
:10CA6000C896154BA9F7B6E80A54D7896B3500006C
:10CA7000000000000000000049A40108D9A401083A
:10CA800051A5010831A50108899F0108092D020857
:10CA9000F92C02080000000000000000192D020817
:10CAA00081A8010821AA010801AA010869A50108B5
:10CAB000092D0208F92C02080119020800000000E3
:10CAC00000000000D9AA010891AB010821AC0108BF
:10CAD00001AC010849AA0108092D0208F92C020835
:10CAE0000000000000000000A1AD010851AE0108E7
:10CAF00031AE010881AC010809AD010839AC01086B
:10CB00000000000000000000E1B3010831B401089A
:10CB1000C9C40108A9C40108A1AE0108C9AF010830
:10CB200089AF01080000000000000000F1C4010806
:10CB300049C50108A9C50108A1C50108BD720308BE
:10CB40000000000000000000E9C9010881A80108F8
:10CB500059CB010839CB010869A50108092D020844
:10CB6000F92C020801190208000000000000000072
:10CB700001DA01083100020801DC0108E1DB0108EB
:10CB8000B9D70108092D0208F92C0208000000009D
:10CB90000000000089DD010869DD010839DC0108B9
:10CBA000C13602089136020891DC010801370208FB
:10CBB000000000000000000001E20108E1E10108BE
:10CBC000E9DD0108C136020891360208D9DE010804
:10CBD00001370208000000000000000079E60108AB
:10CBE00059E6010861E20108C136020891360208DF
:10CBF00051E30108013702080000000000000000B6
:10CC0000B1E8010891E80108A9E60108C136020867
:10CC10009136020801E70108013702080000000010
:10CC200000000000D9ED0108B9ED0108B1E90108E3
:10CC3000C136020891360208B1EA0108013702083C
:10CC4000000000000000000089F8010869F80108F0
:10CC500051F30108C136020891360208F9F40108BF
:10CC6000013702080000000000000000F1FC01088C
:10CC7000D1FC0108C1F80108C1360208913602084A
:10CC8000B1F90108013702080000000000000000AF
:10CC900011EE010861EF010819EF0108A1FE01087A
:10CCA00081FE0108C9E80108613602082936020838
:10CCB0000000000000000000290002083100020806
:10CCC000990002087900020801FF0108092D0208F5
:10CCD000F92C02080000000000000000890A020888
:10CCE000E10A0208690E0208490E020881080208DA
:10CCF000092D0208F92C02080000000000000000C5
:10CD0000E11002081912020809150208E9140208C4
:10CD1000D90F02080000000000000000192D0208D1
:10CD2000712D0208C1190208B9190208BD72030861
:10CD3000092D0208F92C0208011902080000000060
:10CD400000000000C11B0208791D0208591D0208DD
:10CD5000591A0208311B0208E919020800000000F4
:10CD6000000000008121020809240208E9230208CA
:10CD7000A11F020839210208491F02080000000013
:10CD8000000000004125020801260208E1250208F2
:10CD900061240208292E0208192E02080000000052
:10CDA00000000000192D0208712D0208F92D02085B
:10CDB000F12D0208BD720308092D0208F92C0208A2
:10CDC0000000000000000000392E0208112F0208A8
:10CDD000092F0208BD720308292E0208192E020825
:10CDE000000000000000000079310208C935020887
:10CDF000A9350208892F0208B9300208312F02082C
:10CE000000000000000000005937020851370208F6
:10CE1000BD720308C136020891360208F1360208D5
:10CE20000137020800000000000000006937020816
:10CE3000D1370208C1370208913802088938020840
:10CE4000BD7203086136020829360208000000009E
:10CE500000000000F13B0208D93E020859420208D6
:10CE600039420208B1380208092D0208F92C0208DB
:10CE7000011902080000000000000000192D02083E
:10CE8000712D020801440208F9430208BD7203082B
:10CE9000092D0208F92C0208000000000000000023
:10CEA0000100000000000000000000000000000081
:10CEB0000000000000000000000000000100803FB2
:10CEC000C90CC0B7E565AABE435690BB3C695D3E40
:10CED000EBFCA9BC08B732BEE745093EA59204BDEC
:10CEE00000000000920E493CB10AC93C2BC3163D1C
:10CEF0002EFB483D752B7B3D04A9963D80B6AF3D8A
:10CF000036BDC83D2FBCE13D73B2FA3D87CF093E27
:10CF10008340163EB5AB223EA2102F3ECF6E3B3E65
:10CF2000C2C5473E0115543E135C603E7F9A6C3E7D
:10CF3000CCCF783EC07D823E938E883E229A8E3E34
:10CF400032A0943E86A09A3EE59AA03E128FA63E5D
:10CF5000D47CAC3EEF63B23E2A44B83E491DBE3E8F
:10CF600015EFC33E53B9C93ECA7BCF3E4136D53ECD
:10CF700080E8DA3E4F92E03E7533E63EBBCBEB3EB7
:10CF8000EA5AF13ECBE0F63E275DFC3EE4E7003F87
:10CF90003D9C033F824B063F9BF5083F6B9A0B3F3E
:10CFA000DA390E3FCDD3103F2A68133FD9F6153F2B
:10CFB000C07F183FC6021B3FD17F1D3FCBF61F3FEE
:10CFC0009967223F25D2243F5636273F1594293FA3
:10CFD0004AEB2B3FDE3B2E3FBB85303FC9C8323F7B
:10CFE000F304353F233A373F4268393F3B8F3B3F9D
:10CFF000F9AE3D3F67C73F3F70D8413F01E2433F35
:10D0000003E4453F65DE473F12D1493FF8BB4B3F44
:10D01000029F4D3F207A4F3F3D4D513F4918533FAE
:10D0200031DB543FE595563F5348583F6AF2593F2C
:10D030001A945B3F532D5D3F05BE5E3F2146603F26
:10D0400097C5613F5A3C633F59AA643F880F663FCA
:10D05000D86B673F3CBF683FA7096A3F0C4B6B3FEB
:10D060005E836C3F93B26D3F9ED86E3F73F56F3F0A
:10D070000809713F5213723F4714733FDD0B743F31
:10D080000BFA743FC6DE753F07BA763FC58B773F14
:10D09000F853783F9812793F9DC7793F02737A3FE2
:10D0A000BE147B3FCDAC7B3F283B7C3FC9BF7C3F60
:10D0B000AC3A7D3FCCAB7D3F23137E3FB0707E3FCB
:10D0C0006DC47E3F580E7F3F6D4E7F3FAB847F3FE8
:10D0D0000FB17F3F97D37F3F43EC7F3F11FB7F3FF3
:10D0E0000000803F11FB7F3F43EC7F3F97D37F3FA2
:10D0F0000FB17F3FAB847F3F6D4E7F3F580E7F3F28
:10D100006DC47E3FB0707E3F23137E3FCCAB7D3F2E
:10D11000AC3A7D3FC9BF7C3F283B7C3FCDAC7B3FD9
:10D12000BE147B3F02737A3F9DC7793F9812793FC7
:10D13000F853783FC58B773F07BA763FC6DE753F19
:10D140000BFA743FDD0B743F4714733F5213723F69
:10D150000809713F73F56F3F9ED86E3F93B26D3FE4
:10D160005E836C3F0C4B6B3FA7096A3F3CBF683F37
:10D17000D86B673F880F663F59AA643F5A3C633FAC
:10D1800097C5613F2146603F05BE5E3F532D5D3F21
:10D190001A945B3F6AF2593F5348583FE595563F12
:10D1A00031DB543F4918533F3D4D513F207A4F3FAB
:10D1B000029F4D3FF8BB4B3F12D1493F65DE473FD1
:10D1C00003E4453F01E2433F70D8413F67C73F3F1B
:10D1D000F9AE3D3F3B8F3B3F4268393F233A373FF3
:10D1E000F304353FC9C8323FBB85303FDE3B2E3F9D
:10D1F0004AEB2B3F1594293F5636273F25D2243F33
:10D200009967223FCBF61F3FD17F1D3FC6021B3FD0
:10D21000C07F183FD9F6153F2A68133FCDD3103F82
:10D22000DA390E3F6B9A0B3F9BF5083F824B063F66
:10D230003D9C033FE4E7003F275DFC3ECBE0F63E2C
:10D24000EA5AF13EBBCBEB3E7533E63E4F92E03EF1
:10D2500080E8DA3E4136D53ECA7BCF3E53B9C93E5F
:10D2600015EFC33E491DBE3E2A44B83EEF63B23EB1
:10D27000D47CAC3E128FA63EE59AA03E86A09A3E94
:10D2800032A0943E229A8E3E938E883EC07D823E8E
:10D29000CCCF783E7F9A6C3E135C603E0115543EC5
:10D2A000C2C5473ECF6E3B3EA2102F3EB5AB223EDD
:10D2B0008340163E87CF093E73B2FA3D2FBCE13D55
:10D2C00036BDC83D80B6AF3D04A9963D752B7B3D6C
:10D2D0002EFB483D2BC3163DB10AC93C920E493C7A
:10D2E00000000000920E49BCB10AC9BC2BC316BD98
:10D2F0002EFB48BD752B7BBD04A996BD80B6AFBD86
:10D3000036BDC8BD2FBCE1BD73B2FABD87CF09BE23
:10D31000834016BEB5AB22BEA2102FBECF6E3BBE61
:10D32000C2C547BE011554BE135C60BE7F9A6CBE79
:10D33000CCCF78BEC07D82BE938E88BE229A8EBE30
:10D3400032A094BE86A09ABEE59AA0BE128FA6BE59
:10D35000D47CACBEEF63B2BE2A44B8BE491DBEBE8B
:10D3600015EFC3BE53B9C9BECA7BCFBE4136D5BEC9
:10D3700080E8DABE4F92E0BE7533E6BEBBCBEBBEB3
:10D38000EA5AF1BECBE0F6BE275DFCBEE4E700BF83
:10D390003D9C03BF824B06BF9BF508BF6B9A0BBF3A
:10D3A000DA390EBFCDD310BF2A6813BFD9F615BF27
:10D3B000C07F18BFC6021BBFD17F1DBFCBF61FBFEA
:10D3C000996722BF25D224BF563627BF159429BF9F
:10D3D0004AEB2BBFDE3B2EBFBB8530BFC9C832BF77
:10D3E000F30435BF233A37BF426839BF3B8F3BBF99
:10D3F000F9AE3DBF67C73FBF70D841BF01E243BF31
:10D4000003E445BF65DE47BF12D149BFF8BB4BBF40
:10D41000029F4DBF207A4FBF3D4D51BF491853BFAA
:10D4200031DB54BFE59556BF534858BF6AF259BF28
:10D430001A945BBF532D5DBF05BE5EBF214660BF22
:10D4400097C561BF5A3C63BF59AA64BF880F66BFC6
:10D45000D86B67BF3CBF68BFA7096ABF0C4B6BBFE7
:10D460005E836CBF93B26DBF9ED86EBF73F56FBF06
:10D47000080971BF521372BF471473BFDD0B74BF2D
:10D480000BFA74BFC6DE75BF07BA76BFC58B77BF10
:10D49000F85378BF981279BF9DC779BF02737ABFDE
:10D4A000BE147BBFCDAC7BBF283B7CBFC9BF7CBF5C
:10D4B000AC3A7DBFCCAB7DBF23137EBFB0707EBFC7
:10D4C0006DC47EBF580E7FBF6D4E7FBFAB847FBFE4
:10D4D0000FB17FBF97D37FBF43EC7FBF11FB7FBFEF
:10D4E000000080BF11FB7FBF43EC7FBF97D37FBF9E
:10D4F0000FB17FBFAB847FBF6D4E7FBF580E7FBF24
:10D500006DC47EBFB0707EBF23137EBFCCAB7DBF2A
:10D51000AC3A7DBFC9BF7CBF283B7CBFCDAC7BBFD5
:10D52000BE147BBF02737ABF9DC779BF981279BFC3
:10D53000F85378BFC58B77BF07BA76BFC6DE75BF15
:10D540000BFA74BFDD0B74BF471473BF521372BF65
:10D55000080971BF73F56FBF9ED86EBF93B26DBFE0
:10D560005E836CBF0C4B6BBFA7096ABF3CBF68BF33
:10D57000D86B67BF880F66BF59AA64BF5A3C63BFA8
:10D5800097C561BF214660BF05BE5EBF532D5DBF1D
:10D590001A945BBF6AF259BF534858BFE59556BF0E
:10D5A00031DB54BF491853BF3D4D51BF207A4FBFA7
:10D5B000029F4DBFF8BB4BBF12D149BF65DE47BFCD
:10D5C00003E445BF01E243BF70D841BF67C73FBF17
:10D5D000F9AE3DBF3B8F3BBF426839BF233A37BFEF
:10D5E000F30435BFC9C832BFBB8530BFDE3B2EBF99
:10D5F0004AEB2BBF159429BF563627BF25D224BF2F
:10D60000996722BFCBF61FBFD17F1DBFC6021BBFCC
:10D61000C07F18BFD9F615BF2A6813BFCDD310BF7E
:10D62000DA390EBF6B9A0BBF9BF508BF824B06BF62
:10D630003D9C03BFE4E700BF275DFCBECBE0F6BE28
:10D64000EA5AF1BEBBCBEBBE7533E6BE4F92E0BEED
:10D6500080E8DABE4136D5BECA7BCFBE53B9C9BE5B
:10D6600015EFC3BE491DBEBE2A44B8BEEF63B2BEAD
:10D67000D47CACBE128FA6BEE59AA0BE86A09ABE90
:10D6800032A094BE229A8EBE938E88BEC07D82BE8A
:10D69000CCCF78BE7F9A6CBE135C60BE011554BEC1
:10D6A000C2C547BECF6E3BBEA2102FBEB5AB22BED9
:10D6B000834016BE87CF09BE73B2FABD2FBCE1BD51
:10D6C00036BDC8BD80B6AFBD04A996BD752B7BBD68
:10D6D0002EFB48BD2BC316BDB10AC9BC920E49BC76
:10D6E000000000806C656E6774685F6572726F72AF
:10D6F00020776173207468726F776E20696E202DB9
:10D70000666E6F2D657863657074696F6E73206DDA
:10D710006F64652077697468206D657373616765F0
:10D720002022257322006261645F61727261795FF9
:10D730006E65775F6C656E677468207761732074BF
:10D7400068726F776E20696E202D666E6F2D65781A
:10D7500063657074696F6E73206D6F6465007665C4
:10D7600063746F720053797374656D2055706461D2
:10D770007465205461736B004D6F6E69746F722015
:10D780005461736B00486561727462656174205402
:10D7900061736B002D2D2D2D2D2D2D2D2D2D2D2D2E
:10D7A0002D2D2D2D2D2D2D2D2D2D2D2D2D2D2D2DA9
:10D7B0002D2D2D2D2D2D2D2D2D2D2D2D2D2D2D2D99
:10D7C0002D0D0A5B4C6566742041726D5D20796198
:10D7D000773A252E32662070313A252E3266207037
:10D7E000323A252E326620726F6C6C3A252E3266E4
:10D7F00020705F656E643A252E32660D0A5B5269B1
:10D800006768742041726D5D207961773A252E3208
:10D81000662070313A252E32662070323A252E323B
:10D820006620726F6C6C3A252E326620705F656ED2
:10D83000643A252E32660D0A636F6E74726F6C6CDB
:10D8400065645F62795F636F6E74726F6C6C657232
:10D850003A2025640D0A746F67676C655F7377699A
:10D860007463683A256420677269707065725F4CF2
:10D870003A256420677269707065725F523A256458
:10D880000D0A006F75745F6F665F72616E67652069
:10D89000776173207468726F776E20696E202D66D1
:10D8A0006E6F2D657863657074696F6E73206D6F30
:10D8B00064652077697468206D657373616765209E
:10D8C00022257322006D61703A3A61743A20206B10
:10D8D0006579206E6F7420666F756E6400436F6E9D
:10D8E00074726F6C6C6572204D6F64756C6520543A
:10D8F00061736B00424D49303838496E6974546128
:10D90000736B006261645F66756E6374696F6E5FEE
:10D9100063616C6C20776173207468726F776E201E
:10D92000696E202D666E6F2D657863657074696F02
:10D930006E73206D6F64650009257509093C3125FA
:10D94000250D0A000925750909257525250D0A00EB
:10D950000925630925750925750925750D0A0049ED
:10D96000444C4500546D725100546D7220537663DF
:10D970000043444320496E746572666163650043E9
:10D98000444320436F6E6669670053544D69637268
:10D990006F656C656374726F6E6963730053544D89
:10D9A0003332205669727475616C20436F6D506F0D
:10D9B0007274005F5F6378615F67756172645F6155
:10D9C000637175697265206465746563746564204C
:10D9D00072656375727369766520696E69746961D1
:10D9E0006C697A6174696F6E3A20646F20796F7523
:10D9F000206861766520612066756E6374696F6E5C
:10DA00002D6C6F63616C207374617469632076613F
:10DA1000726961626C652077686F736520696E69F1
:10DA20007469616C697A6174696F6E206465706590
:10DA30006E6473206F6E20746861742066756E6307
:10DA400074696F6E3F0000001F000000E0DB0308F8
:10DA5000000000249002000030030008D8DC030816
:10DA6000900200247083040070030008D8DC0308CF
:10DA700000000020F0860100700300081C00000078
:10DA800043000000F8FFFFFF0C0000000E00000044
:10DA90000F0000002E0000001001000043000000F5
:10DAA000F8FFFFFF004040404040404040404141BF
:10DAB0004141414040404040404040404040404063
:10DAC00040404040400502020202020202020202FD
:10DAD00002020202022020202020202020202002FA
:10DAE000020202020202909090909090101010108A
:10DAF0001010101010101010101010101010101026
:10DB000002020202020288888888888808080808B9
:10DB10000808080808080808080808080808080885
:10DB200002020202400000000000000000000000AD
:10DB300000000000000000000000000000000000E5
:10DB400000000000000000000000000000000000D5
:10DB500000000000000000000000000000000000C5
:10DB600000000000000000000000000000000000B5
:10DB700000000000000000000000000000000000A5
:10DB80000000000000000000000000000000000095
:10DB90000000000000000000000000000000000085
:10DBA000000000000000000069C2FDFF5DC2FDFF33
:10DBB00019C3FDFF4DC2FDFF39C2FDFF05C3FDFFC7
:10DBC000F9C2FDFFADC2FDFFD1C2FDFFD5C2FDFF11
:10DBD000D9C2FDFF25C2FDFFB9C2FDFFD5C2FDFFC1
:10DBE00002180160218281010051740108C1740191
:10DBF00008E17401080975010859750108017401EB
:10DC00000871740108501490D0030090D003B166DD
:10DC10000108E1630108116A0108DDD16401087996
:10DC200062010871630108301CD16501086165015A
:10DC30000841660108496501080902430002010024
:10DC4000C03209042E010202010005240010010562
:10DC500024012901042402020524064F010705823C
:10DC60000308001009040100020A360705010240FA
:10DC7000460705810240450A0600024340012D1275
:10DC800001000202020040830440573602010203F1
:10DC9000012FC92A0008C12A0008612A0008012BA7
:10DCA0000C2508312B0008040309041A03937A4455
:10DCB0000238FF0238FF0238FF0239FF54CD030853
:10DCC000056FFFFFFFFF44803F01421015AAAAAA7B
:08DCD000AA00000000000000A2
:04000005080002CD20
:00000001FF
